section_uid,animal,slide,slide_serial,status,af568_file,af568_scene,af568_scene_uid,af488_file,af488_scene,af488_scene_uid,match_distance_um,center_x_um,center_y_um
LS22_sec001,LS22,1,1,unmatched_AF568,LS22_1a.czi,0,LS22_s01a_sc00,,,,,-49806.5,19457.6
LS22_sec002,LS22,1,2,matched,LS22_1a.czi,1,LS22_s01a_sc01,LS22_1b.czi,0,LS22_s01b_sc00,963.0,-45680.8,6884.4
LS22_sec003,LS22,1,3,matched,LS22_1a.czi,2,LS22_s01a_sc02,LS22_1b.czi,1,LS22_s01b_sc01,916.9,-43429.8,16016.3
LS22_sec004,LS22,1,4,matched,LS22_1a.czi,3,LS22_s01a_sc03,LS22_1b.czi,2,LS22_s01b_sc02,1712.5,-39766.8,6420.2
LS22_sec005,LS22,1,5,matched,LS22_1a.czi,4,LS22_s01a_sc04,LS22_1b.czi,3,LS22_s01b_sc03,533.3,-37816.3,15340.5
LS22_sec006,LS22,1,6,matched,LS22_1a.czi,5,LS22_s01a_sc05,LS22_1b.czi,4,LS22_s01b_sc04,1162.1,-32741.2,5871.9
LS22_sec007,LS22,1,7,matched,LS22_1a.czi,6,LS22_s01a_sc06,LS22_1b.czi,5,LS22_s01b_sc05,944.5,-33033.4,16390.1
LS22_sec008,LS22,1,8,matched,LS22_1a.czi,7,LS22_s01a_sc07,LS22_1b.czi,6,LS22_s01b_sc06,2121.2,-25396.7,5394.1
LS22_sec009,LS22,1,9,matched,LS22_1a.czi,8,LS22_s01a_sc08,LS22_1b.czi,7,LS22_s01b_sc07,948.1,-26148.7,16368.8
LS22_sec010,LS22,1,10,matched,LS22_1a.czi,9,LS22_s01a_sc09,LS22_1b.czi,9,LS22_s01b_sc09,1759.8,-19042.0,6165.3
LS22_sec011,LS22,1,11,matched,LS22_1a.czi,10,LS22_s01a_sc10,LS22_1b.czi,8,LS22_s01b_sc08,507.8,-19229.4,16525.9
LS22_sec012,LS22,1,12,matched,LS22_1a.czi,11,LS22_s01a_sc11,LS22_1b.czi,10,LS22_s01b_sc10,927.8,-12009.2,16366.2
LS22_sec013,LS22,1,13,matched,LS22_1a.czi,12,LS22_s01a_sc12,LS22_1b.czi,11,LS22_s01b_sc11,1661.8,-6846.1,7846.2
LS22_sec014,LS22,1,14,matched,LS22_1a.czi,13,LS22_s01a_sc13,LS22_1b.czi,12,LS22_s01b_sc12,1393.1,-5106.8,16343.8
LS22_sec015,LS22,2,1,matched,LS22_2a.czi,0,LS22_s02a_sc00,LS22_2b.czi,0,LS22_s02b_sc00,183.5,-50623.8,6663.5
LS22_sec016,LS22,2,2,matched,LS22_2a.czi,1,LS22_s02a_sc01,LS22_2b.czi,1,LS22_s02b_sc01,246.5,-50915.0,16090.9
LS22_sec017,LS22,2,3,matched,LS22_2a.czi,2,LS22_s02a_sc02,LS22_2b.czi,2,LS22_s02b_sc02,2846.6,-43582.1,8880.1
LS22_sec018,LS22,2,4,matched,LS22_2a.czi,3,LS22_s02a_sc03,LS22_2b.czi,3,LS22_s02b_sc03,435.6,-43767.2,17584.4
LS22_sec019,LS22,2,5,matched,LS22_2a.czi,4,LS22_s02a_sc04,LS22_2b.czi,4,LS22_s02b_sc04,2134.3,-35210.9,5691.4
LS22_sec020,LS22,2,6,matched,LS22_2a.czi,5,LS22_s02a_sc05,LS22_2b.czi,5,LS22_s02b_sc05,482.6,-36581.7,15996.2
LS22_sec021,LS22,2,7,matched,LS22_2a.czi,6,LS22_s02a_sc06,LS22_2b.czi,6,LS22_s02b_sc06,2088.1,-28347.0,7324.8
LS22_sec022,LS22,2,8,matched,LS22_2a.czi,7,LS22_s02a_sc07,LS22_2b.czi,7,LS22_s02b_sc07,287.4,-27614.7,17724.4
LS22_sec023,LS22,2,9,matched,LS22_2a.czi,8,LS22_s02a_sc08,LS22_2b.czi,8,LS22_s02b_sc08,1248.1,-20313.5,6848.4
LS22_sec024,LS22,2,10,matched,LS22_2a.czi,9,LS22_s02a_sc09,LS22_2b.czi,9,LS22_s02b_sc09,1218.8,-18258.0,16739.2
LS22_sec025,LS22,2,11,matched,LS22_2a.czi,10,LS22_s02a_sc10,LS22_2b.czi,10,LS22_s02b_sc10,546.9,-11840.4,6619.2
LS22_sec026,LS22,2,12,matched,LS22_2a.czi,11,LS22_s02a_sc11,LS22_2b.czi,11,LS22_s02b_sc11,1041.8,-12078.6,15608.2
LS22_sec027,LS22,3,1,matched,LS22_3a.czi,0,LS22_s03a_sc00,LS22_3b.czi,0,LS22_s03b_sc00,435.9,-49687.1,6136.8
LS22_sec028,LS22,3,2,matched,LS22_3a.czi,1,LS22_s03a_sc01,LS22_3b.czi,1,LS22_s03b_sc01,2633.6,-50175.0,17007.1
LS22_sec029,LS22,3,3,matched,LS22_3a.czi,2,LS22_s03a_sc02,LS22_3b.czi,2,LS22_s03b_sc02,487.6,-40703.6,7229.0
LS22_sec030,LS22,3,4,matched,LS22_3a.czi,3,LS22_s03a_sc03,LS22_3b.czi,3,LS22_s03b_sc03,1187.8,-39777.2,17223.9
LS22_sec031,LS22,3,5,matched,LS22_3a.czi,4,LS22_s03a_sc04,LS22_3b.czi,4,LS22_s03b_sc04,392.8,-30993.9,7004.4
LS22_sec032,LS22,3,6,matched,LS22_3a.czi,5,LS22_s03a_sc05,LS22_3b.czi,5,LS22_s03b_sc05,428.8,-29732.8,16397.0
LS22_sec033,LS22,3,7,matched,LS22_3a.czi,6,LS22_s03a_sc06,LS22_3b.czi,6,LS22_s03b_sc06,1104.9,-20773.4,6848.6
LS22_sec034,LS22,3,8,matched,LS22_3a.czi,7,LS22_s03a_sc07,LS22_3b.czi,7,LS22_s03b_sc07,1175.0,-18647.6,16527.3
LS22_sec035,LS22,3,9,matched,LS22_3a.czi,8,LS22_s03a_sc08,LS22_3b.czi,8,LS22_s03b_sc08,2502.0,-10815.7,6428.4
LS22_sec036,LS22,3,10,matched,LS22_3a.czi,9,LS22_s03a_sc09,LS22_3b.czi,9,LS22_s03b_sc09,1211.5,-10403.0,16789.8
LS22_sec037,LS22,4,1,matched,LS22_4a.czi,0,LS22_s04a_sc00,LS22_4b.czi,0,LS22_s04b_sc00,658.1,-50711.4,7086.9
LS22_sec038,LS22,4,2,matched,LS22_4a.czi,1,LS22_s04a_sc01,LS22_4b.czi,1,LS22_s04b_sc01,621.6,-50319.1,17573.3
LS22_sec039,LS22,4,3,matched,LS22_4a.czi,2,LS22_s04a_sc02,LS22_4b.czi,2,LS22_s04b_sc02,948.8,-42803.7,7171.4
LS22_sec040,LS22,4,4,matched,LS22_4a.czi,3,LS22_s04a_sc03,LS22_4b.czi,3,LS22_s04b_sc03,784.0,-41561.2,16974.9
LS22_sec041,LS22,4,5,matched,LS22_4a.czi,4,LS22_s04a_sc04,LS22_4b.czi,4,LS22_s04b_sc04,1175.8,-33519.5,5746.5
LS22_sec042,LS22,4,6,matched,LS22_4a.czi,5,LS22_s04a_sc05,LS22_4b.czi,5,LS22_s04b_sc05,680.5,-32470.3,16041.9
LS22_sec043,LS22,4,7,matched,LS22_4a.czi,6,LS22_s04a_sc06,LS22_4b.czi,6,LS22_s04b_sc06,1163.6,-23280.5,5697.1
LS22_sec044,LS22,4,8,matched,LS22_4a.czi,7,LS22_s04a_sc07,LS22_4b.czi,7,LS22_s04b_sc07,1706.0,-22056.2,16431.3
LS22_sec045,LS22,4,9,matched,LS22_4a.czi,8,LS22_s04a_sc08,LS22_4b.czi,8,LS22_s04b_sc08,1676.7,-13977.4,6299.5
LS22_sec046,LS22,4,10,matched,LS22_4a.czi,9,LS22_s04a_sc09,LS22_4b.czi,9,LS22_s04b_sc09,668.0,-12716.8,16539.7
LS22_sec047,LS22,4,11,matched,LS22_4a.czi,10,LS22_s04a_sc10,LS22_4b.czi,10,LS22_s04b_sc10,2582.1,-5223.2,7868.9
LS22_sec048,LS22,5,1,matched,LS22_5a.czi,0,LS22_s05a_sc00,LS22_5b.czi,0,LS22_s05b_sc00,870.7,-51015.3,6539.2
LS22_sec049,LS22,5,2,matched,LS22_5a.czi,1,LS22_s05a_sc01,LS22_5b.czi,1,LS22_s05b_sc01,1778.3,-50528.9,16356.7
LS22_sec050,LS22,5,3,matched,LS22_5a.czi,2,LS22_s05a_sc02,LS22_5b.czi,2,LS22_s05b_sc02,484.8,-42096.9,6502.9
LS22_sec051,LS22,5,4,matched,LS22_5a.czi,3,LS22_s05a_sc03,LS22_5b.czi,3,LS22_s05b_sc03,1201.7,-40413.2,16519.7
LS22_sec052,LS22,5,5,matched,LS22_5a.czi,4,LS22_s05a_sc04,LS22_5b.czi,4,LS22_s05b_sc04,509.7,-32247.1,6435.5
LS22_sec053,LS22,5,6,matched,LS22_5a.czi,5,LS22_s05a_sc05,LS22_5b.czi,5,LS22_s05b_sc05,512.5,-31109.1,16907.1
LS22_sec054,LS22,5,7,matched,LS22_5a.czi,6,LS22_s05a_sc06,LS22_5b.czi,6,LS22_s05b_sc06,479.1,-22786.0,5682.2
LS22_sec055,LS22,5,8,matched,LS22_5a.czi,7,LS22_s05a_sc07,LS22_5b.czi,7,LS22_s05b_sc07,1373.8,-21295.1,17086.3
LS22_sec056,LS22,5,9,matched,LS22_5a.czi,8,LS22_s05a_sc08,LS22_5b.czi,8,LS22_s05b_sc08,789.0,-13694.9,7109.1
LS22_sec057,LS22,5,10,matched,LS22_5a.czi,9,LS22_s05a_sc09,LS22_5b.czi,9,LS22_s05b_sc09,1185.8,-11074.3,17215.6
LS22_sec058,LS22,6,1,matched,LS22_6a.czi,0,LS22_s06a_sc00,LS22_6b.czi,0,LS22_s06b_sc00,480.0,-50023.3,6769.0
LS22_sec059,LS22,6,2,matched,LS22_6a.czi,1,LS22_s06a_sc01,LS22_6b.czi,1,LS22_s06b_sc01,187.1,-49415.6,17010.2
LS22_sec060,LS22,6,3,matched,LS22_6a.czi,2,LS22_s06a_sc02,LS22_6b.czi,2,LS22_s06b_sc02,794.3,-40895.8,5801.1
LS22_sec061,LS22,6,4,matched,LS22_6a.czi,3,LS22_s06a_sc03,LS22_6b.czi,3,LS22_s06b_sc03,1658.2,-40148.0,16185.4
LS22_sec062,LS22,6,5,matched,LS22_6a.czi,4,LS22_s06a_sc04,LS22_6b.czi,4,LS22_s06b_sc04,263.7,-30570.8,6615.2
LS22_sec063,LS22,6,6,matched,LS22_6a.czi,5,LS22_s06a_sc05,LS22_6b.czi,5,LS22_s06b_sc05,683.9,-30298.4,16451.1
LS22_sec064,LS22,6,7,matched,LS22_6a.czi,6,LS22_s06a_sc06,LS22_6b.czi,6,LS22_s06b_sc06,1304.3,-19924.6,6446.5
LS22_sec065,LS22,6,8,matched,LS22_6a.czi,7,LS22_s06a_sc07,LS22_6b.czi,7,LS22_s06b_sc07,1171.6,-20922.8,16877.4
LS22_sec066,LS22,6,9,matched,LS22_6a.czi,8,LS22_s06a_sc08,LS22_6b.czi,8,LS22_s06b_sc08,2327.7,-9776.1,6447.6
LS22_sec067,LS22,6,10,matched,LS22_6a.czi,9,LS22_s06a_sc09,LS22_6b.czi,9,LS22_s06b_sc09,598.1,-10349.6,16405.5
LS22_sec068,LS22,7,1,matched,LS22_7a.czi,0,LS22_s07a_sc00,LS22_7b.czi,0,LS22_s07b_sc00,768.4,-50288.8,6666.0
LS22_sec069,LS22,7,2,matched,LS22_7a.czi,1,LS22_s07a_sc01,LS22_7b.czi,1,LS22_s07b_sc01,417.8,-50087.0,16693.6
LS22_sec070,LS22,7,3,matched,LS22_7a.czi,2,LS22_s07a_sc02,LS22_7b.czi,2,LS22_s07b_sc02,1138.6,-40384.4,5769.2
LS22_sec071,LS22,7,4,matched,LS22_7a.czi,3,LS22_s07a_sc03,LS22_7b.czi,3,LS22_s07b_sc03,544.3,-40158.5,16003.0
LS22_sec072,LS22,7,5,matched,LS22_7a.czi,4,LS22_s07a_sc04,LS22_7b.czi,4,LS22_s07b_sc04,203.8,-30536.0,6196.2
LS22_sec073,LS22,7,6,matched,LS22_7a.czi,5,LS22_s07a_sc05,LS22_7b.czi,5,LS22_s07b_sc05,310.1,-30704.0,16205.6
LS22_sec074,LS22,7,7,matched,LS22_7a.czi,6,LS22_s07a_sc06,LS22_7b.czi,6,LS22_s07b_sc06,1123.6,-22061.0,5804.7
LS22_sec075,LS22,7,8,matched,LS22_7a.czi,7,LS22_s07a_sc07,LS22_7b.czi,7,LS22_s07b_sc07,754.9,-22370.5,15640.4
LS22_sec076,LS22,7,9,matched,LS22_7a.czi,8,LS22_s07a_sc08,LS22_7b.czi,8,LS22_s07b_sc08,1648.9,-14154.5,7601.8
LS22_sec077,LS22,7,10,matched,LS22_7a.czi,9,LS22_s07a_sc09,LS22_7b.czi,9,LS22_s07b_sc09,671.8,-13545.1,16942.5
LS22_sec078,LS22,7,11,matched,LS22_7a.czi,10,LS22_s07a_sc10,LS22_7b.czi,10,LS22_s07b_sc10,179.6,-6720.3,6859.4
LS22_sec079,LS22,7,12,unmatched_AF488,,,,LS22_7b.czi,11,LS22_s07b_sc11,,-6728.6,15743.4
LS22_sec080,LS22,8,1,matched,LS22_8a.czi,0,LS22_s08a_sc00,LS22_8b.czi,0,LS22_s08b_sc00,1997.4,-51613.6,7082.2
LS22_sec081,LS22,8,2,matched,LS22_8a.czi,1,LS22_s08a_sc01,LS22_8b.czi,1,LS22_s08b_sc01,2140.3,-50423.1,16885.4
LS22_sec082,LS22,8,3,matched,LS22_8a.czi,2,LS22_s08a_sc02,LS22_8b.czi,2,LS22_s08b_sc02,1126.9,-41480.1,6575.0
LS22_sec083,LS22,8,4,matched,LS22_8a.czi,3,LS22_s08a_sc03,LS22_8b.czi,3,LS22_s08b_sc03,1040.6,-40854.9,16552.8
LS22_sec084,LS22,8,5,matched,LS22_8a.czi,4,LS22_s08a_sc04,LS22_8b.czi,4,LS22_s08b_sc04,631.2,-31560.9,8306.7
LS22_sec085,LS22,8,6,matched,LS22_8a.czi,5,LS22_s08a_sc05,LS22_8b.czi,5,LS22_s08b_sc05,730.8,-31127.9,17682.0
LS22_sec086,LS22,8,7,matched,LS22_8a.czi,6,LS22_s08a_sc06,LS22_8b.czi,6,LS22_s08b_sc06,1957.3,-22820.9,6298.0
LS22_sec087,LS22,8,8,matched,LS22_8a.czi,7,LS22_s08a_sc07,LS22_8b.czi,7,LS22_s08b_sc07,1356.4,-21876.6,16310.2
LS22_sec088,LS22,8,9,matched,LS22_8a.czi,8,LS22_s08a_sc08,LS22_8b.czi,8,LS22_s08b_sc08,2046.2,-13977.4,7954.1
LS22_sec089,LS22,8,10,matched,LS22_8a.czi,9,LS22_s08a_sc09,LS22_8b.czi,9,LS22_s08b_sc09,761.6,-14092.9,17451.5
LS22_sec090,LS22,8,11,matched,LS22_8a.czi,10,LS22_s08a_sc10,LS22_8b.czi,10,LS22_s08b_sc10,1566.1,-6512.3,10560.1
LS22_sec091,LS22,8,12,unmatched_AF488,,,,LS22_8b.czi,11,LS22_s08b_sc11,,-9113.3,16071.6
LS22_sec092,LS22,9,1,matched,LS22_9a.czi,0,LS22_s09a_sc00,LS22_9b.czi,0,LS22_s09b_sc00,1555.6,-51277.5,6750.4
LS22_sec093,LS22,9,2,matched,LS22_9a.czi,1,LS22_s09a_sc01,LS22_9b.czi,1,LS22_s09b_sc01,574.0,-51922.7,15860.6
LS22_sec094,LS22,9,3,matched,LS22_9a.czi,2,LS22_s09a_sc02,LS22_9b.czi,2,LS22_s09b_sc02,1000.8,-43281.8,7931.2
LS22_sec095,LS22,9,4,matched,LS22_9a.czi,3,LS22_s09a_sc03,LS22_9b.czi,3,LS22_s09b_sc03,648.4,-43837.5,16616.5
LS22_sec096,LS22,9,5,matched,LS22_9a.czi,4,LS22_s09a_sc04,LS22_9b.czi,4,LS22_s09b_sc04,330.5,-33482.5,6293.5
LS22_sec097,LS22,9,6,matched,LS22_9a.czi,5,LS22_s09a_sc05,LS22_9b.czi,5,LS22_s09b_sc05,1014.4,-33984.8,14645.1
LS22_sec098,LS22,9,7,matched,LS22_9a.czi,6,LS22_s09a_sc06,LS22_9b.czi,6,LS22_s09b_sc06,1649.1,-24936.7,4761.8
LS22_sec099,LS22,9,8,matched,LS22_9a.czi,7,LS22_s09a_sc07,LS22_9b.czi,7,LS22_s09b_sc07,1642.5,-24433.7,13432.7
LS22_sec100,LS22,9,9,matched,LS22_9a.czi,8,LS22_s09a_sc08,LS22_9b.czi,8,LS22_s09b_sc08,641.5,-24758.6,20602.5
LS22_sec101,LS22,9,10,matched,LS22_9a.czi,9,LS22_s09a_sc09,LS22_9b.czi,9,LS22_s09b_sc09,1471.6,-16006.9,7210.8
LS22_sec102,LS22,9,11,matched,LS22_9a.czi,10,LS22_s09a_sc10,LS22_9b.czi,10,LS22_s09b_sc10,1691.7,-16525.8,14733.6
LS22_sec103,LS22,9,12,matched,LS22_9a.czi,11,LS22_s09a_sc11,LS22_9b.czi,11,LS22_s09b_sc11,1228.1,-7255.2,9978.7
LS22_sec104,LS22,9,13,unmatched_AF568,LS22_9a.czi,12,LS22_s09a_sc12,,,,,-7949.5,17869.8
LS37_sec001,LS37,1,1,matched,LS37_1a.czi,0,LS37_s01a_sc00,LS37_1b.czi,0,LS37_s01b_sc00,1191.6,-51705.1,5908.7
LS37_sec002,LS37,1,2,unmatched_AF568,LS37_1a.czi,1,LS37_s01a_sc01,,,,,-52854.2,12767.7
LS37_sec003,LS37,1,3,matched,LS37_1a.czi,2,LS37_s01a_sc02,LS37_1b.czi,1,LS37_s01b_sc01,1332.7,-52171.3,19365.7
LS37_sec004,LS37,1,4,matched,LS37_1a.czi,3,LS37_s01a_sc03,LS37_1b.czi,2,LS37_s01b_sc02,1321.8,-44641.2,6472.7
LS37_sec005,LS37,1,5,matched,LS37_1a.czi,4,LS37_s01a_sc04,LS37_1b.czi,3,LS37_s01b_sc03,1192.5,-43413.5,16740.9
LS37_sec006,LS37,1,6,matched,LS37_1a.czi,5,LS37_s01a_sc05,LS37_1b.czi,4,LS37_s01b_sc04,1037.2,-36942.5,7981.2
LS37_sec007,LS37,1,7,matched,LS37_1a.czi,6,LS37_s01a_sc06,LS37_1b.czi,5,LS37_s01b_sc05,482.9,-36211.2,17212.9
LS37_sec008,LS37,1,8,matched,LS37_1a.czi,7,LS37_s01a_sc07,LS37_1b.czi,6,LS37_s01b_sc06,1256.5,-28450.1,6233.8
LS37_sec009,LS37,1,9,matched,LS37_1a.czi,8,LS37_s01a_sc08,LS37_1b.czi,7,LS37_s01b_sc07,1247.7,-28848.2,15817.0
LS37_sec010,LS37,1,10,matched,LS37_1a.czi,9,LS37_s01a_sc09,LS37_1b.czi,8,LS37_s01b_sc08,249.4,-20984.2,6936.8
LS37_sec011,LS37,1,11,matched,LS37_1a.czi,10,LS37_s01a_sc10,LS37_1b.czi,9,LS37_s01b_sc09,911.9,-20164.3,17156.8
LS37_sec012,LS37,1,12,matched,LS37_1a.czi,11,LS37_s01a_sc11,LS37_1b.czi,10,LS37_s01b_sc10,1389.1,-12492.6,7235.3
LS37_sec013,LS37,1,13,matched,LS37_1a.czi,12,LS37_s01a_sc12,LS37_1b.czi,11,LS37_s01b_sc11,458.2,-11144.3,16718.3
LS37_sec014,LS37,2,1,matched,LS37_2a.czi,0,LS37_s02a_sc00,LS37_2b.czi,0,LS37_s02b_sc00,504.8,-51701.0,7331.7
LS37_sec015,LS37,2,2,matched,LS37_2a.czi,1,LS37_s02a_sc01,LS37_2b.czi,1,LS37_s02b_sc01,1232.4,-51727.2,16300.0
LS37_sec016,LS37,2,3,matched,LS37_2a.czi,2,LS37_s02a_sc02,LS37_2b.czi,2,LS37_s02b_sc02,919.2,-43862.6,6625.0
LS37_sec017,LS37,2,4,matched,LS37_2a.czi,3,LS37_s02a_sc03,LS37_2b.czi,3,LS37_s02b_sc03,689.7,-41454.0,16215.9
LS37_sec018,LS37,2,5,matched,LS37_2a.czi,4,LS37_s02a_sc04,LS37_2b.czi,4,LS37_s02b_sc04,874.6,-35052.4,5971.4
LS37_sec019,LS37,2,6,matched,LS37_2a.czi,5,LS37_s02a_sc05,LS37_2b.czi,5,LS37_s02b_sc05,645.6,-33896.9,15472.9
LS37_sec020,LS37,2,7,matched,LS37_2a.czi,6,LS37_s02a_sc06,LS37_2b.czi,6,LS37_s02b_sc06,1433.0,-26597.5,6134.0
LS37_sec021,LS37,2,8,matched,LS37_2a.czi,7,LS37_s02a_sc07,LS37_2b.czi,7,LS37_s02b_sc07,946.4,-25936.0,15333.4
LS37_sec022,LS37,2,9,matched,LS37_2a.czi,8,LS37_s02a_sc08,LS37_2b.czi,8,LS37_s02b_sc08,1533.8,-19341.9,5897.1
LS37_sec023,LS37,2,10,matched,LS37_2a.czi,9,LS37_s02a_sc09,LS37_2b.czi,9,LS37_s02b_sc09,813.9,-18434.9,16738.5
LS37_sec024,LS37,2,11,matched,LS37_2a.czi,10,LS37_s02a_sc10,LS37_2b.czi,10,LS37_s02b_sc10,645.1,-9845.2,6746.9
LS37_sec025,LS37,2,12,matched,LS37_2a.czi,11,LS37_s02a_sc11,LS37_2b.czi,11,LS37_s02b_sc11,853.3,-9608.1,16669.4
LS37_sec026,LS37,3,1,matched,LS37_3a.czi,0,LS37_s03a_sc00,LS37_3b.czi,0,LS37_s03b_sc00,1891.7,-52671.8,8014.8
LS37_sec027,LS37,3,2,matched,LS37_3a.czi,1,LS37_s03a_sc01,LS37_3b.czi,1,LS37_s03b_sc01,766.0,-50685.9,16954.2
LS37_sec028,LS37,3,3,matched,LS37_3a.czi,2,LS37_s03a_sc02,LS37_3b.czi,2,LS37_s03b_sc02,1902.0,-44992.8,7642.5
LS37_sec029,LS37,3,4,matched,LS37_3a.czi,3,LS37_s03a_sc03,LS37_3b.czi,3,LS37_s03b_sc03,1410.2,-41913.3,17341.1
LS37_sec030,LS37,3,5,matched,LS37_3a.czi,4,LS37_s03a_sc04,LS37_3b.czi,4,LS37_s03b_sc04,2409.1,-37930.2,6583.1
LS37_sec031,LS37,3,6,unmatched_AF488,,,,LS37_3b.czi,5,LS37_s03b_sc05,,-33157.6,17008.9
LS37_sec032,LS37,3,6,matched,LS37_3a.czi,5,LS37_s03a_sc05,LS37_3b.czi,6,LS37_s03b_sc06,569.5,-29280.6,6567.4
LS37_sec033,LS37,3,7,matched,LS37_3a.czi,6,LS37_s03a_sc06,LS37_3b.czi,8,LS37_s03b_sc08,1033.6,-25864.5,15454.1
LS37_sec034,LS37,3,8,matched,LS37_3a.czi,7,LS37_s03a_sc07,LS37_3b.czi,7,LS37_s03b_sc07,2621.9,-21089.1,5155.9
LS37_sec035,LS37,3,9,matched,LS37_3a.czi,8,LS37_s03a_sc08,LS37_3b.czi,9,LS37_s03b_sc09,853.7,-18503.2,14870.5
LS37_sec036,LS37,3,10,matched,LS37_3a.czi,9,LS37_s03a_sc09,LS37_3b.czi,10,LS37_s03b_sc10,3065.3,-11786.2,5476.3
LS37_sec037,LS37,3,11,matched,LS37_3a.czi,10,LS37_s03a_sc10,LS37_3b.czi,11,LS37_s03b_sc11,559.6,-10208.7,16313.7
LS37_sec038,LS37,4,1,matched,LS37_4a.czi,0,LS37_s04a_sc00,LS37_4b.czi,0,LS37_s04b_sc00,497.1,-51275.9,6219.6
LS37_sec039,LS37,4,2,matched,LS37_4a.czi,1,LS37_s04a_sc01,LS37_4b.czi,1,LS37_s04b_sc01,1068.9,-50880.8,16759.3
LS37_sec040,LS37,4,3,matched,LS37_4a.czi,2,LS37_s04a_sc02,LS37_4b.czi,2,LS37_s04b_sc02,693.3,-42979.7,6060.6
LS37_sec041,LS37,4,4,matched,LS37_4a.czi,3,LS37_s04a_sc03,LS37_4b.czi,3,LS37_s04b_sc03,1269.4,-41258.4,15723.3
LS37_sec042,LS37,4,5,matched,LS37_4a.czi,4,LS37_s04a_sc04,LS37_4b.czi,4,LS37_s04b_sc04,1138.3,-34647.6,6765.5
LS37_sec043,LS37,4,6,matched,LS37_4a.czi,5,LS37_s04a_sc05,LS37_4b.czi,5,LS37_s04b_sc05,754.2,-32575.5,17447.9
LS37_sec044,LS37,4,7,matched,LS37_4a.czi,6,LS37_s04a_sc06,LS37_4b.czi,6,LS37_s04b_sc06,531.8,-26791.1,6606.7
LS37_sec045,LS37,4,8,matched,LS37_4a.czi,7,LS37_s04a_sc07,LS37_4b.czi,7,LS37_s04b_sc07,1363.5,-24489.4,16745.6
LS37_sec046,LS37,4,9,matched,LS37_4a.czi,8,LS37_s04a_sc08,LS37_4b.czi,8,LS37_s04b_sc08,346.7,-18176.9,6625.5
LS37_sec047,LS37,4,10,matched,LS37_4a.czi,9,LS37_s04a_sc09,LS37_4b.czi,9,LS37_s04b_sc09,2200.2,-16969.1,16428.1
LS37_sec048,LS37,4,11,matched,LS37_4a.czi,10,LS37_s04a_sc10,LS37_4b.czi,10,LS37_s04b_sc10,620.6,-9632.2,6272.0
LS37_sec049,LS37,4,12,matched,LS37_4a.czi,11,LS37_s04a_sc11,LS37_4b.czi,11,LS37_s04b_sc11,1042.3,-7823.8,15878.8
LS37_sec050,LS37,5,1,unmatched_AF488,,,,LS37_5b.czi,0,LS37_s05b_sc00,,-51682.6,6307.0
LS37_sec051,LS37,5,1,matched,LS37_5a.czi,0,LS37_s05a_sc00,LS37_5b.czi,1,LS37_s05b_sc01,699.8,-49876.2,17045.4
LS37_sec052,LS37,5,2,matched,LS37_5a.czi,1,LS37_s05a_sc01,LS37_5b.czi,2,LS37_s05b_sc02,1229.6,-42890.4,5409.6
LS37_sec053,LS37,5,3,matched,LS37_5a.czi,2,LS37_s05a_sc02,LS37_5b.czi,3,LS37_s05b_sc03,722.6,-40712.3,16729.3
LS37_sec054,LS37,5,4,matched,LS37_5a.czi,3,LS37_s05a_sc03,LS37_5b.czi,4,LS37_s05b_sc04,642.8,-34630.3,6326.6
LS37_sec055,LS37,5,5,matched,LS37_5a.czi,4,LS37_s05a_sc04,LS37_5b.czi,5,LS37_s05b_sc05,1573.2,-31904.9,16869.6
LS37_sec056,LS37,5,6,matched,LS37_5a.czi,5,LS37_s05a_sc05,LS37_5b.czi,6,LS37_s05b_sc06,441.4,-25397.4,6522.2
LS37_sec057,LS37,5,7,matched,LS37_5a.czi,6,LS37_s05a_sc06,LS37_5b.czi,7,LS37_s05b_sc07,581.8,-23854.7,17168.5
LS37_sec058,LS37,5,8,matched,LS37_5a.czi,7,LS37_s05a_sc07,LS37_5b.czi,8,LS37_s05b_sc08,684.5,-16551.6,5394.3
LS37_sec059,LS37,5,9,matched,LS37_5a.czi,8,LS37_s05a_sc08,LS37_5b.czi,9,LS37_s05b_sc09,852.1,-14286.4,15973.7
LS37_sec060,LS37,5,10,matched,LS37_5a.czi,9,LS37_s05a_sc09,LS37_5b.czi,10,LS37_s05b_sc10,780.1,-8520.0,5374.9
LS37_sec061,LS37,5,11,matched,LS37_5a.czi,10,LS37_s05a_sc10,LS37_5b.czi,11,LS37_s05b_sc11,582.9,-6660.0,16235.5
LS37_sec062,LS37,6,1,matched,LS37_6a.czi,0,LS37_s06a_sc00,LS37_6b.czi,0,LS37_s06b_sc00,1045.4,-50852.2,5378.4
LS37_sec063,LS37,6,2,matched,LS37_6a.czi,1,LS37_s06a_sc01,LS37_6b.czi,1,LS37_s06b_sc01,164.6,-50634.3,17059.1
LS37_sec064,LS37,6,3,matched,LS37_6a.czi,2,LS37_s06a_sc02,LS37_6b.czi,2,LS37_s06b_sc02,180.7,-42362.4,6874.0
LS37_sec065,LS37,6,4,matched,LS37_6a.czi,3,LS37_s06a_sc03,LS37_6b.czi,3,LS37_s06b_sc03,352.7,-41772.6,17767.7
LS37_sec066,LS37,6,5,matched,LS37_6a.czi,4,LS37_s06a_sc04,LS37_6b.czi,4,LS37_s06b_sc04,1045.3,-34593.7,5463.1
LS37_sec067,LS37,6,6,matched,LS37_6a.czi,5,LS37_s06a_sc05,LS37_6b.czi,5,LS37_s06b_sc05,336.4,-33104.4,16956.8
LS37_sec068,LS37,6,7,matched,LS37_6a.czi,6,LS37_s06a_sc06,LS37_6b.czi,6,LS37_s06b_sc06,1022.4,-25503.7,7366.1
LS37_sec069,LS37,6,8,matched,LS37_6a.czi,7,LS37_s06a_sc07,LS37_6b.czi,7,LS37_s06b_sc07,771.8,-24613.4,16918.6
LS37_sec070,LS37,6,9,matched,LS37_6a.czi,8,LS37_s06a_sc08,LS37_6b.czi,8,LS37_s06b_sc08,735.1,-16164.0,5766.1
LS37_sec071,LS37,6,10,matched,LS37_6a.czi,9,LS37_s06a_sc09,LS37_6b.czi,9,LS37_s06b_sc09,377.6,-14762.9,16551.4
LS37_sec072,LS37,6,11,matched,LS37_6a.czi,10,LS37_s06a_sc10,LS37_6b.czi,10,LS37_s06b_sc10,42.6,-6948.4,5380.2
LS37_sec073,LS37,6,12,matched,LS37_6a.czi,11,LS37_s06a_sc11,LS37_6b.czi,11,LS37_s06b_sc11,988.8,-6235.7,16218.0
LS37_sec074,LS37,7,1,unmatched_AF568,LS37_7a.czi,0,LS37_s07a_sc00,,,,,-51206.1,6433.9
LS37_sec075,LS37,7,2,matched,LS37_7a.czi,1,LS37_s07a_sc01,LS37_7b.czi,0,LS37_s07b_sc00,4499.5,-50102.0,15893.9
LS37_sec076,LS37,7,3,matched,LS37_7a.czi,2,LS37_s07a_sc02,LS37_7b.czi,1,LS37_s07b_sc01,862.8,-41284.1,5536.9
LS37_sec077,LS37,7,4,matched,LS37_7a.czi,3,LS37_s07a_sc03,LS37_7b.czi,2,LS37_s07b_sc02,655.3,-40024.2,16223.2
LS37_sec078,LS37,7,5,matched,LS37_7a.czi,4,LS37_s07a_sc04,LS37_7b.czi,3,LS37_s07b_sc03,674.7,-32175.0,5149.4
LS37_sec079,LS37,7,6,matched,LS37_7a.czi,5,LS37_s07a_sc05,LS37_7b.czi,4,LS37_s07b_sc04,1476.9,-30050.8,17118.4
LS37_sec080,LS37,7,7,matched,LS37_7a.czi,6,LS37_s07a_sc06,LS37_7b.czi,5,LS37_s07b_sc05,386.5,-21794.7,6104.6
LS37_sec081,LS37,7,8,matched,LS37_7a.czi,7,LS37_s07a_sc07,LS37_7b.czi,6,LS37_s07b_sc06,522.5,-20358.9,16627.8
LS37_sec082,LS37,7,9,matched,LS37_7a.czi,8,LS37_s07a_sc08,LS37_7b.czi,7,LS37_s07b_sc07,1829.2,-11149.6,4914.0
LS37_sec083,LS37,7,10,matched,LS37_7a.czi,9,LS37_s07a_sc09,LS37_7b.czi,8,LS37_s07b_sc08,2487.6,-9305.4,15135.5
LS37_sec084,LS37,8,1,matched,LS37_8a.czi,0,LS37_s08a_sc00,LS37_8b.czi,0,LS37_s08b_sc00,1113.2,-50340.3,6132.4
LS37_sec085,LS37,8,2,matched,LS37_8a.czi,1,LS37_s08a_sc01,LS37_8b.czi,1,LS37_s08b_sc01,680.1,-49855.1,16163.8
LS37_sec086,LS37,8,3,matched,LS37_8a.czi,2,LS37_s08a_sc02,LS37_8b.czi,2,LS37_s08b_sc02,1309.4,-41106.6,5518.9
LS37_sec087,LS37,8,4,matched,LS37_8a.czi,3,LS37_s08a_sc03,LS37_8b.czi,3,LS37_s08b_sc03,1254.2,-39901.1,16043.8
LS37_sec088,LS37,8,5,matched,LS37_8a.czi,4,LS37_s08a_sc04,LS37_8b.czi,4,LS37_s08b_sc04,1868.3,-31875.5,6049.9
LS37_sec089,LS37,8,6,matched,LS37_8a.czi,5,LS37_s08a_sc05,LS37_8b.czi,5,LS37_s08b_sc05,684.0,-31005.2,16345.1
LS37_sec090,LS37,8,7,matched,LS37_8a.czi,6,LS37_s08a_sc06,LS37_8b.czi,6,LS37_s08b_sc06,745.6,-23913.4,5204.7
LS37_sec091,LS37,8,8,matched,LS37_8a.czi,7,LS37_s08a_sc07,LS37_8b.czi,7,LS37_s08b_sc07,1780.7,-23448.1,15986.0
LS37_sec092,LS37,8,9,matched,LS37_8a.czi,8,LS37_s08a_sc08,LS37_8b.czi,8,LS37_s08b_sc08,704.2,-16128.3,5555.2
LS37_sec093,LS37,8,10,matched,LS37_8a.czi,9,LS37_s08a_sc09,LS37_8b.czi,9,LS37_s08b_sc09,1434.8,-15028.5,16040.9
LS37_sec094,LS37,8,11,matched,LS37_8a.czi,10,LS37_s08a_sc10,LS37_8b.czi,10,LS37_s08b_sc10,582.5,-6785.6,6710.0
LS37_sec095,LS37,8,12,matched,LS37_8a.czi,11,LS37_s08a_sc11,LS37_8b.czi,11,LS37_s08b_sc11,1803.6,-8001.7,16476.4
LS37_sec096,LS37,9,1,matched,LS37_9a.czi,0,LS37_s09a_sc00,LS37_9b.czi,0,LS37_s09b_sc00,1409.5,-51894.7,7132.1
LS37_sec097,LS37,9,2,matched,LS37_9a.czi,1,LS37_s09a_sc01,LS37_9b.czi,1,LS37_s09b_sc01,1251.7,-51356.5,17058.9
LS37_sec098,LS37,9,3,unmatched_AF488,,,,LS37_9b.czi,2,LS37_s09b_sc02,,-42421.5,12370.5
LS37_sec099,LS37,9,3,unmatched_AF568,LS37_9a.czi,2,LS37_s09a_sc02,,,,,-43122.3,7224.2
LS37_sec100,LS37,9,4,unmatched_AF568,LS37_9a.czi,3,LS37_s09a_sc03,,,,,-41366.7,16974.0
LS37_sec101,LS37,9,5,matched,LS37_9a.czi,4,LS37_s09a_sc04,LS37_9b.czi,3,LS37_s09b_sc03,264.0,-34330.0,6909.4
LS37_sec102,LS37,9,6,matched,LS37_9a.czi,5,LS37_s09a_sc05,LS37_9b.czi,4,LS37_s09b_sc04,665.5,-32202.5,16286.5
LS37_sec103,LS37,9,7,matched,LS37_9a.czi,6,LS37_s09a_sc06,LS37_9b.czi,5,LS37_s09b_sc05,1410.5,-24957.6,6381.9
LS37_sec104,LS37,9,8,matched,LS37_9a.czi,7,LS37_s09a_sc07,LS37_9b.czi,6,LS37_s09b_sc06,369.5,-23359.8,17012.8
LS37_sec105,LS37,9,9,matched,LS37_9a.czi,8,LS37_s09a_sc08,LS37_9b.czi,7,LS37_s09b_sc07,1197.4,-16675.8,4920.8
LS37_sec106,LS37,9,10,matched,LS37_9a.czi,9,LS37_s09a_sc09,LS37_9b.czi,8,LS37_s09b_sc08,206.9,-14426.5,16061.9
LS37_sec107,LS37,9,11,unmatched_AF568,LS37_9a.czi,10,LS37_s09a_sc10,,,,,-7972.6,5517.2
LS37_sec108,LS37,9,12,matched,LS37_9a.czi,11,LS37_s09a_sc11,LS37_9b.czi,9,LS37_s09b_sc09,376.9,-5652.4,15284.5
LS37_sec109,LS37,10,1,matched,LS37_10a.czi,0,LS37_s10a_sc00,LS37_10b.czi,0,LS37_s10b_sc00,249.1,-50075.9,5624.8
LS37_sec110,LS37,10,2,matched,LS37_10a.czi,1,LS37_s10a_sc01,LS37_10b.czi,1,LS37_s10b_sc01,1635.7,-49397.8,15902.5
LS37_sec111,LS37,10,3,matched,LS37_10a.czi,2,LS37_s10a_sc02,LS37_10b.czi,2,LS37_s10b_sc02,715.6,-40754.9,5944.5
LS37_sec112,LS37,10,4,matched,LS37_10a.czi,3,LS37_s10a_sc03,LS37_10b.czi,3,LS37_s10b_sc03,628.1,-40783.7,16463.6
LS37_sec113,LS37,10,5,matched,LS37_10a.czi,4,LS37_s10a_sc04,LS37_10b.czi,4,LS37_s10b_sc04,579.7,-32387.7,6417.3
LS37_sec114,LS37,10,6,matched,LS37_10a.czi,5,LS37_s10a_sc05,LS37_10b.czi,5,LS37_s10b_sc05,885.5,-31497.3,15937.0
LS37_sec115,LS37,10,7,matched,LS37_10a.czi,6,LS37_s10a_sc06,LS37_10b.czi,6,LS37_s10b_sc06,2067.8,-24056.5,6893.7
LS37_sec116,LS37,10,8,matched,LS37_10a.czi,7,LS37_s10a_sc07,LS37_10b.czi,7,LS37_s10b_sc07,712.1,-22918.9,16871.3
LS37_sec117,LS37,10,9,matched,LS37_10a.czi,8,LS37_s10a_sc08,LS37_10b.czi,8,LS37_s10b_sc08,1247.9,-15000.1,6507.7
LS37_sec118,LS37,10,10,matched,LS37_10a.czi,9,LS37_s10a_sc09,LS37_10b.czi,9,LS37_s10b_sc09,1138.8,-13014.4,16009.8
LS37_sec119,LS37,10,11,matched,LS37_10a.czi,10,LS37_s10a_sc10,LS37_10b.czi,10,LS37_s10b_sc10,1601.6,-6914.8,6560.7
LS37_sec120,LS37,10,12,matched,LS37_10a.czi,11,LS37_s10a_sc11,LS37_10b.czi,11,LS37_s10b_sc11,933.1,-4840.8,15129.9
LS45_sec001,LS45,1,1,unmatched_AF568,LS45_1a.czi,0,LS45_s01a_sc00,,,,,-52030.3,17868.1
LS45_sec002,LS45,1,2,matched,LS45_1a.czi,1,LS45_s01a_sc01,LS45_1b.czi,0,LS45_s01b_sc00,1091.0,-44640.4,7027.9
LS45_sec003,LS45,1,3,matched,LS45_1a.czi,2,LS45_s01a_sc02,LS45_1b.czi,1,LS45_s01b_sc01,1019.4,-44630.8,15928.3
LS45_sec004,LS45,1,4,matched,LS45_1a.czi,3,LS45_s01a_sc03,LS45_1b.czi,2,LS45_s01b_sc02,553.6,-38426.3,6563.9
LS45_sec005,LS45,1,5,matched,LS45_1a.czi,4,LS45_s01a_sc04,LS45_1b.czi,3,LS45_s01b_sc03,638.3,-38734.9,16079.0
LS45_sec006,LS45,1,6,matched,LS45_1a.czi,5,LS45_s01a_sc05,LS45_1b.czi,4,LS45_s01b_sc04,366.2,-31611.3,6278.4
LS45_sec007,LS45,1,7,matched,LS45_1a.czi,6,LS45_s01a_sc06,LS45_1b.czi,5,LS45_s01b_sc05,917.5,-31851.5,16200.2
LS45_sec008,LS45,1,8,matched,LS45_1a.czi,7,LS45_s01a_sc07,LS45_1b.czi,6,LS45_s01b_sc06,902.5,-25063.6,7808.2
LS45_sec009,LS45,1,9,matched,LS45_1a.czi,8,LS45_s01a_sc08,LS45_1b.czi,7,LS45_s01b_sc07,957.4,-25726.6,17233.9
LS45_sec010,LS45,1,10,matched,LS45_1a.czi,9,LS45_s01a_sc09,LS45_1b.czi,8,LS45_s01b_sc08,901.6,-19538.3,7272.6
LS45_sec011,LS45,1,11,matched,LS45_1a.czi,10,LS45_s01a_sc10,LS45_1b.czi,9,LS45_s01b_sc09,626.7,-18611.8,16932.5
LS45_sec012,LS45,1,12,matched,LS45_1a.czi,11,LS45_s01a_sc11,LS45_1b.czi,10,LS45_s01b_sc10,820.3,-13500.5,7268.9
LS45_sec013,LS45,1,13,matched,LS45_1a.czi,12,LS45_s01a_sc12,LS45_1b.czi,11,LS45_s01b_sc11,1129.3,-12945.7,16626.5
LS45_sec014,LS45,1,14,matched,LS45_1a.czi,13,LS45_s01a_sc13,LS45_1b.czi,12,LS45_s01b_sc12,1750.6,-6142.1,9467.2
LS45_sec015,LS45,1,15,matched,LS45_1a.czi,14,LS45_s01a_sc14,LS45_1b.czi,13,LS45_s01b_sc13,1925.1,-7598.2,18557.6
LS45_sec016,LS45,2,1,matched,LS45_2a.czi,0,LS45_s02a_sc00,LS45_2b.czi,0,LS45_s02b_sc00,1228.3,-52071.0,7311.3
LS45_sec017,LS45,2,2,matched,LS45_2a.czi,1,LS45_s02a_sc01,LS45_2b.czi,1,LS45_s02b_sc01,1583.9,-50474.8,16990.4
LS45_sec018,LS45,2,3,matched,LS45_2a.czi,2,LS45_s02a_sc02,LS45_2b.czi,2,LS45_s02b_sc02,966.7,-43562.9,7329.8
LS45_sec019,LS45,2,4,matched,LS45_2a.czi,3,LS45_s02a_sc03,LS45_2b.czi,3,LS45_s02b_sc03,490.4,-43696.6,16561.5
LS45_sec020,LS45,2,5,matched,LS45_2a.czi,4,LS45_s02a_sc04,LS45_2b.czi,4,LS45_s02b_sc04,422.5,-37718.4,6230.5
LS45_sec021,LS45,2,6,matched,LS45_2a.czi,5,LS45_s02a_sc05,LS45_2b.czi,5,LS45_s02b_sc05,1690.7,-36208.9,14746.6
LS45_sec022,LS45,2,7,matched,LS45_2a.czi,6,LS45_s02a_sc06,LS45_2b.czi,6,LS45_s02b_sc06,635.3,-31716.9,6718.7
LS45_sec023,LS45,2,8,matched,LS45_2a.czi,7,LS45_s02a_sc07,LS45_2b.czi,7,LS45_s02b_sc07,2689.9,-30420.2,16114.6
LS45_sec024,LS45,2,9,matched,LS45_2a.czi,8,LS45_s02a_sc08,LS45_2b.czi,8,LS45_s02b_sc08,1338.3,-24056.1,6842.2
LS45_sec025,LS45,2,10,unmatched_AF568,LS45_2a.czi,9,LS45_s02a_sc09,,,,,-23748.0,15915.5
LS45_sec026,LS45,2,11,matched,LS45_2a.czi,10,LS45_s02a_sc10,LS45_2b.czi,9,LS45_s02b_sc09,798.7,-16412.6,6963.1
LS45_sec027,LS45,2,12,matched,LS45_2a.czi,11,LS45_s02a_sc11,LS45_2b.czi,10,LS45_s02b_sc10,1334.5,-16315.5,16426.5
LS45_sec028,LS45,2,13,matched,LS45_2a.czi,12,LS45_s02a_sc12,LS45_2b.czi,11,LS45_s02b_sc11,162.1,-9634.7,7750.9
LS45_sec029,LS45,2,14,matched,LS45_2a.czi,13,LS45_s02a_sc13,LS45_2b.czi,12,LS45_s02b_sc12,1751.5,-7048.6,16356.4
LS45_sec030,LS45,3,1,matched,LS45_3a.czi,0,LS45_s03a_sc00,LS45_3b.czi,0,LS45_s03b_sc00,892.6,-52654.5,7291.9
LS45_sec031,LS45,3,2,matched,LS45_3a.czi,1,LS45_s03a_sc01,LS45_3b.czi,1,LS45_s03b_sc01,819.0,-53104.8,16084.7
LS45_sec032,LS45,3,3,matched,LS45_3a.czi,2,LS45_s03a_sc02,LS45_3b.czi,2,LS45_s03b_sc02,722.6,-45063.9,6548.8
LS45_sec033,LS45,3,4,matched,LS45_3a.czi,3,LS45_s03a_sc03,LS45_3b.czi,3,LS45_s03b_sc03,679.6,-45865.3,14866.7
LS45_sec034,LS45,3,5,matched,LS45_3a.czi,4,LS45_s03a_sc04,LS45_3b.czi,4,LS45_s03b_sc04,728.3,-38124.3,6247.1
LS45_sec035,LS45,3,6,matched,LS45_3a.czi,5,LS45_s03a_sc05,LS45_3b.czi,5,LS45_s03b_sc05,668.4,-37834.6,16275.0
LS45_sec036,LS45,3,7,matched,LS45_3a.czi,6,LS45_s03a_sc06,LS45_3b.czi,6,LS45_s03b_sc06,590.3,-31259.0,6385.0
LS45_sec037,LS45,3,8,matched,LS45_3a.czi,7,LS45_s03a_sc07,LS45_3b.czi,7,LS45_s03b_sc07,1374.7,-31022.2,16449.0
LS45_sec038,LS45,3,9,matched,LS45_3a.czi,8,LS45_s03a_sc08,LS45_3b.czi,8,LS45_s03b_sc08,575.2,-24038.4,6595.0
LS45_sec039,LS45,3,10,matched,LS45_3a.czi,9,LS45_s03a_sc09,LS45_3b.czi,9,LS45_s03b_sc09,1288.6,-24490.0,16568.7
LS45_sec040,LS45,3,11,matched,LS45_3a.czi,10,LS45_s03a_sc10,LS45_3b.czi,10,LS45_s03b_sc10,2049.5,-17262.7,9005.0
LS45_sec041,LS45,3,12,matched,LS45_3a.czi,11,LS45_s03a_sc11,LS45_3b.czi,11,LS45_s03b_sc11,1424.0,-17660.9,18501.6
LS45_sec042,LS45,3,13,matched,LS45_3a.czi,12,LS45_s03a_sc12,LS45_3b.czi,12,LS45_s03b_sc12,1281.6,-9616.6,8068.3
LS45_sec043,LS45,3,14,matched,LS45_3a.czi,13,LS45_s03a_sc13,LS45_3b.czi,13,LS45_s03b_sc13,1177.6,-9150.4,16988.4
LS45_sec044,LS45,4,1,matched,LS45_4a.czi,0,LS45_s04a_sc00,LS45_4b.czi,0,LS45_s04b_sc00,1004.2,-51895.8,6499.4
LS45_sec045,LS45,4,2,matched,LS45_4a.czi,1,LS45_s04a_sc01,LS45_4b.czi,1,LS45_s04b_sc01,907.7,-50791.5,15210.7
LS45_sec046,LS45,4,3,matched,LS45_4a.czi,2,LS45_s04a_sc02,LS45_4b.czi,2,LS45_s04b_sc02,996.4,-44835.5,8013.1
LS45_sec047,LS45,4,4,matched,LS45_4a.czi,3,LS45_s04a_sc03,LS45_4b.czi,3,LS45_s04b_sc03,1480.1,-44153.8,16932.5
LS45_sec048,LS45,4,5,matched,LS45_4a.czi,4,LS45_s04a_sc04,LS45_4b.czi,4,LS45_s04b_sc04,715.7,-37877.9,6300.6
LS45_sec049,LS45,4,6,matched,LS45_4a.czi,5,LS45_s04a_sc05,LS45_4b.czi,5,LS45_s04b_sc05,1610.0,-37498.6,15714.1
LS45_sec050,LS45,4,7,matched,LS45_4a.czi,6,LS45_s04a_sc06,LS45_4b.czi,6,LS45_s04b_sc06,1639.4,-30112.5,6034.4
LS45_sec051,LS45,4,8,matched,LS45_4a.czi,7,LS45_s04a_sc07,LS45_4b.czi,7,LS45_s04b_sc07,677.0,-30088.1,17134.3
LS45_sec052,LS45,4,9,matched,LS45_4a.czi,8,LS45_s04a_sc08,LS45_4b.czi,8,LS45_s04b_sc08,1750.7,-21090.5,6159.2
LS45_sec053,LS45,4,10,matched,LS45_4a.czi,9,LS45_s04a_sc09,LS45_4b.czi,9,LS45_s04b_sc09,809.4,-21863.8,16766.5
LS45_sec054,LS45,4,11,matched,LS45_4a.czi,10,LS45_s04a_sc10,LS45_4b.czi,10,LS45_s04b_sc10,1191.6,-13360.0,6438.7
LS45_sec055,LS45,4,12,matched,LS45_4a.czi,11,LS45_s04a_sc11,LS45_4b.czi,11,LS45_s04b_sc11,1081.3,-12678.5,17257.6
LS45_sec056,LS45,4,13,matched,LS45_4a.czi,12,LS45_s04a_sc12,LS45_4b.czi,12,LS45_s04b_sc12,854.0,-5662.6,7591.3
LS45_sec057,LS45,4,14,unmatched_AF488,,,,LS45_4b.czi,13,LS45_s04b_sc13,,-6289.7,15920.0
LS45_sec058,LS45,5,1,matched,LS45_5a.czi,0,LS45_s05a_sc00,LS45_5b.czi,0,LS45_s05b_sc00,1011.0,-52158.5,6200.2
LS45_sec059,LS45,5,2,matched,LS45_5a.czi,1,LS45_s05a_sc01,LS45_5b.czi,1,LS45_s05b_sc01,493.9,-51536.1,17216.3
LS45_sec060,LS45,5,3,matched,LS45_5a.czi,2,LS45_s05a_sc02,LS45_5b.czi,2,LS45_s05b_sc02,799.5,-42788.6,6940.4
LS45_sec061,LS45,5,4,matched,LS45_5a.czi,3,LS45_s05a_sc03,LS45_5b.czi,3,LS45_s05b_sc03,562.7,-42036.4,17410.2
LS45_sec062,LS45,5,5,matched,LS45_5a.czi,4,LS45_s05a_sc04,LS45_5b.czi,4,LS45_s05b_sc04,768.0,-33376.8,5958.8
LS45_sec063,LS45,5,6,matched,LS45_5a.czi,5,LS45_s05a_sc05,LS45_5b.czi,5,LS45_s05b_sc05,567.3,-32381.6,16975.0
LS45_sec064,LS45,5,7,matched,LS45_5a.czi,6,LS45_s05a_sc06,LS45_5b.czi,6,LS45_s05b_sc06,1838.0,-22556.5,5769.4
LS45_sec065,LS45,5,8,matched,LS45_5a.czi,7,LS45_s05a_sc07,LS45_5b.czi,7,LS45_s05b_sc07,460.3,-22512.0,16853.3
LS45_sec066,LS45,5,9,matched,LS45_5a.czi,8,LS45_s05a_sc08,LS45_5b.czi,8,LS45_s05b_sc08,883.1,-12758.1,7161.1
LS45_sec067,LS45,5,10,matched,LS45_5a.czi,9,LS45_s05a_sc09,LS45_5b.czi,9,LS45_s05b_sc09,869.8,-12415.8,17790.1
LS45_sec068,LS45,6,1,matched,LS45_6a.czi,0,LS45_s06a_sc00,LS45_6b.czi,0,LS45_s06b_sc00,1968.3,-50923.2,6596.1
LS45_sec069,LS45,6,2,matched,LS45_6a.czi,1,LS45_s06a_sc01,LS45_6b.czi,1,LS45_s06b_sc01,500.7,-50563.1,17380.2
LS45_sec070,LS45,6,3,matched,LS45_6a.czi,2,LS45_s06a_sc02,LS45_6b.czi,2,LS45_s06b_sc02,1269.2,-40471.6,5696.9
LS45_sec071,LS45,6,4,matched,LS45_6a.czi,3,LS45_s06a_sc03,LS45_6b.czi,3,LS45_s06b_sc03,429.7,-39706.3,16308.7
LS45_sec072,LS45,6,5,matched,LS45_6a.czi,4,LS45_s06a_sc04,LS45_6b.czi,4,LS45_s06b_sc04,372.3,-30745.9,5911.6
LS45_sec073,LS45,6,6,matched,LS45_6a.czi,5,LS45_s06a_sc05,LS45_6b.czi,5,LS45_s06b_sc05,952.2,-29994.8,16010.0
LS45_sec074,LS45,6,7,matched,LS45_6a.czi,6,LS45_s06a_sc06,LS45_6b.czi,6,LS45_s06b_sc06,1045.5,-20859.5,6514.8
LS45_sec075,LS45,6,8,matched,LS45_6a.czi,7,LS45_s06a_sc07,LS45_6b.czi,7,LS45_s06b_sc07,770.2,-20819.8,17686.6
LS45_sec076,LS45,6,9,matched,LS45_6a.czi,8,LS45_s06a_sc08,LS45_6b.czi,8,LS45_s06b_sc08,1362.6,-11222.8,6406.0
LS45_sec077,LS45,6,10,matched,LS45_6a.czi,9,LS45_s06a_sc09,LS45_6b.czi,9,LS45_s06b_sc09,650.0,-10931.6,17144.2
LS45_sec078,LS45,7,1,matched,LS45_7a.czi,0,LS45_s07a_sc00,LS45_7b.czi,0,LS45_s07b_sc00,1744.0,-50129.7,7631.4
LS45_sec079,LS45,7,2,matched,LS45_7a.czi,1,LS45_s07a_sc01,LS45_7b.czi,1,LS45_s07b_sc01,399.8,-50264.2,17945.2
LS45_sec080,LS45,7,3,matched,LS45_7a.czi,2,LS45_s07a_sc02,LS45_7b.czi,2,LS45_s07b_sc02,355.3,-39343.0,5995.0
LS45_sec081,LS45,7,4,matched,LS45_7a.czi,3,LS45_s07a_sc03,LS45_7b.czi,3,LS45_s07b_sc03,755.1,-40811.1,16127.3
LS45_sec082,LS45,7,5,unmatched_AF488,,,,LS45_7b.czi,4,LS45_s07b_sc04,,-32123.4,7090.3
LS45_sec083,LS45,7,5,matched,LS45_7a.czi,4,LS45_s07a_sc04,LS45_7b.czi,5,LS45_s07b_sc05,163.5,-32753.5,17363.3
LS45_sec084,LS45,7,6,matched,LS45_7a.czi,5,LS45_s07a_sc05,LS45_7b.czi,6,LS45_s07b_sc06,1444.1,-24075.6,7882.8
LS45_sec085,LS45,7,7,matched,LS45_7a.czi,6,LS45_s07a_sc06,LS45_7b.czi,7,LS45_s07b_sc07,538.2,-25037.7,17413.2
LS45_sec086,LS45,7,8,matched,LS45_7a.czi,7,LS45_s07a_sc07,LS45_7b.czi,8,LS45_s07b_sc08,2083.5,-14489.8,7691.4
LS45_sec087,LS45,7,9,matched,LS45_7a.czi,8,LS45_s07a_sc08,LS45_7b.czi,9,LS45_s07b_sc09,486.9,-16035.0,17539.8
LS45_sec088,LS45,7,11,unmatched_AF488,,,,LS45_7b.czi,10,LS45_s07b_sc10,,-8964.5,8230.3
LS45_sec089,LS45,8,1,matched,LS45_8a.czi,0,LS45_s08a_sc00,LS45_8b.czi,0,LS45_s08b_sc00,607.5,-49600.6,6610.8
LS45_sec090,LS45,8,2,matched,LS45_8a.czi,1,LS45_s08a_sc01,LS45_8b.czi,1,LS45_s08b_sc01,1247.8,-51091.7,16548.5
LS45_sec091,LS45,8,3,unmatched_AF488,,,,LS45_8b.czi,2,LS45_s08b_sc02,,-43740.0,7064.9
LS45_sec092,LS45,8,3,matched,LS45_8a.czi,2,LS45_s08a_sc02,LS45_8b.czi,3,LS45_s08b_sc03,1078.9,-42371.9,16212.0
LS45_sec093,LS45,8,4,matched,LS45_8a.czi,3,LS45_s08a_sc03,LS45_8b.czi,4,LS45_s08b_sc04,775.7,-35213.8,6764.3
LS45_sec094,LS45,8,5,matched,LS45_8a.czi,4,LS45_s08a_sc04,LS45_8b.czi,5,LS45_s08b_sc05,977.7,-33527.1,16197.0
LS45_sec095,LS45,8,6,matched,LS45_8a.czi,5,LS45_s08a_sc05,LS45_8b.czi,6,LS45_s08b_sc06,564.4,-26563.1,6977.4
LS45_sec096,LS45,8,7,matched,LS45_8a.czi,6,LS45_s08a_sc06,LS45_8b.czi,7,LS45_s08b_sc07,338.0,-25425.7,16918.5
LS45_sec097,LS45,8,8,matched,LS45_8a.czi,7,LS45_s08a_sc07,LS45_8b.czi,8,LS45_s08b_sc08,1192.6,-17965.7,6748.2
LS45_sec098,LS45,8,9,matched,LS45_8a.czi,8,LS45_s08a_sc08,LS45_8b.czi,9,LS45_s08b_sc09,249.8,-17022.5,17056.1
LS45_sec099,LS45,8,10,matched,LS45_8a.czi,9,LS45_s08a_sc09,LS45_8b.czi,11,LS45_s08b_sc11,680.7,-8689.6,16512.5
LS45_sec100,LS45,8,11,unmatched_AF488,,,,LS45_8b.czi,10,LS45_s08b_sc10,,-10163.7,7151.9
LS45_sec101,LS45,9,1,unmatched_AF568,LS45_9a.czi,0,LS45_s09a_sc00,,,,,-50517.5,6432.9
LS45_sec102,LS45,9,2,matched,LS45_9a.czi,1,LS45_s09a_sc01,LS45_9b.czi,0,LS45_s09b_sc00,388.9,-51073.6,15012.0
LS45_sec103,LS45,9,3,matched,LS45_9a.czi,2,LS45_s09a_sc02,LS45_9b.czi,1,LS45_s09b_sc01,923.3,-41456.2,7738.5
LS45_sec104,LS45,9,4,matched,LS45_9a.czi,3,LS45_s09a_sc03,LS45_9b.czi,2,LS45_s09b_sc02,696.1,-42301.2,16531.6
LS45_sec105,LS45,9,5,matched,LS45_9a.czi,4,LS45_s09a_sc04,LS45_9b.czi,3,LS45_s09b_sc03,515.6,-34012.0,6591.4
LS45_sec106,LS45,9,6,matched,LS45_9a.czi,5,LS45_s09a_sc05,LS45_9b.czi,4,LS45_s09b_sc04,1004.2,-33053.3,17043.9
LS45_sec107,LS45,9,7,matched,LS45_9a.czi,6,LS45_s09a_sc06,LS45_9b.czi,5,LS45_s09b_sc05,1343.8,-25273.5,6558.7
LS45_sec108,LS45,9,8,matched,LS45_9a.czi,7,LS45_s09a_sc07,LS45_9b.czi,6,LS45_s09b_sc06,1863.2,-24401.9,16144.4
LS45_sec109,LS45,9,9,matched,LS45_9a.czi,8,LS45_s09a_sc08,LS45_9b.czi,7,LS45_s09b_sc07,2144.0,-17363.1,5639.8
LS45_sec110,LS45,9,10,matched,LS45_9a.czi,9,LS45_s09a_sc09,LS45_9b.czi,8,LS45_s09b_sc08,1238.2,-16324.5,16426.7
LS45_sec111,LS45,9,11,matched,LS45_9a.czi,10,LS45_s09a_sc10,LS45_9b.czi,9,LS45_s09b_sc09,1914.7,-9086.5,7083.7
LS45_sec112,LS45,9,12,matched,LS45_9a.czi,11,LS45_s09a_sc11,LS45_9b.czi,10,LS45_s09b_sc10,1575.8,-8335.0,15457.4
LS45_sec113,LS45,10,1,matched,LS45_10a.czi,0,LS45_s10a_sc00,LS45_10b.czi,0,LS45_s10b_sc00,1113.6,-51223.1,6434.0
LS45_sec114,LS45,10,2,matched,LS45_10a.czi,1,LS45_s10a_sc01,LS45_10b.czi,1,LS45_s10b_sc01,1332.8,-50385.0,15475.7
LS45_sec115,LS45,10,3,matched,LS45_10a.czi,2,LS45_s10a_sc02,LS45_10b.czi,2,LS45_s10b_sc02,1834.6,-41620.7,7226.9
LS45_sec116,LS45,10,4,matched,LS45_10a.czi,3,LS45_s10a_sc03,LS45_10b.czi,3,LS45_s10b_sc03,770.2,-41540.7,15825.9
LS45_sec117,LS45,10,5,matched,LS45_10a.czi,4,LS45_s10a_sc04,LS45_10b.czi,4,LS45_s10b_sc04,959.8,-32547.2,7054.2
LS45_sec118,LS45,10,6,matched,LS45_10a.czi,5,LS45_s10a_sc05,LS45_10b.czi,5,LS45_s10b_sc05,871.5,-33579.5,16215.8
LS45_sec119,LS45,10,7,matched,LS45_10a.czi,6,LS45_s10a_sc06,LS45_10b.czi,6,LS45_s10b_sc06,758.0,-23721.2,8023.4
LS45_sec120,LS45,10,8,matched,LS45_10a.czi,7,LS45_s10a_sc07,LS45_10b.czi,7,LS45_s10b_sc07,841.1,-23483.3,16290.1
LS45_sec121,LS45,10,9,matched,LS45_10a.czi,8,LS45_s10a_sc08,LS45_10b.czi,8,LS45_s10b_sc08,1576.3,-14417.0,6421.1
LS45_sec122,LS45,10,10,matched,LS45_10a.czi,9,LS45_s10a_sc09,LS45_10b.czi,9,LS45_s10b_sc09,1529.6,-13244.0,16343.1
LS53_sec001,LS53,1,1,only_AF488,,,,LS53_1b.czi,0,LS53_s01b_sc00,,-52582.3,6358.8
LS53_sec002,LS53,1,2,only_AF488,,,,LS53_1b.czi,1,LS53_s01b_sc01,,-52323.4,11928.9
LS53_sec003,LS53,1,3,only_AF488,,,,LS53_1b.czi,2,LS53_s01b_sc02,,-51907.0,18837.5
LS53_sec004,LS53,1,4,only_AF488,,,,LS53_1b.czi,3,LS53_s01b_sc03,,-47285.4,5242.8
LS53_sec005,LS53,1,5,only_AF488,,,,LS53_1b.czi,4,LS53_s01b_sc04,,-46516.2,12133.4
LS53_sec006,LS53,1,6,only_AF488,,,,LS53_1b.czi,5,LS53_s01b_sc05,,-46452.1,18637.4
LS53_sec007,LS53,1,7,only_AF488,,,,LS53_1b.czi,6,LS53_s01b_sc06,,-40382.8,4129.9
LS53_sec008,LS53,1,8,only_AF488,,,,LS53_1b.czi,7,LS53_s01b_sc07,,-39491.5,13117.5
LS53_sec009,LS53,1,9,only_AF488,,,,LS53_1b.czi,8,LS53_s01b_sc08,,-39074.0,19655.4
LS53_sec010,LS53,1,10,only_AF488,,,,LS53_1b.czi,9,LS53_s01b_sc09,,-33569.7,5358.0
LS53_sec011,LS53,1,11,only_AF488,,,,LS53_1b.czi,10,LS53_s01b_sc10,,-32080.0,15671.2
LS53_sec012,LS53,1,12,only_AF488,,,,LS53_1b.czi,11,LS53_s01b_sc11,,-26084.1,4863.7
LS53_sec013,LS53,1,13,only_AF488,,,,LS53_1b.czi,12,LS53_s01b_sc12,,-26422.3,15627.2
LS53_sec014,LS53,1,14,only_AF488,,,,LS53_1b.czi,13,LS53_s01b_sc13,,-18618.5,5900.4
LS53_sec015,LS53,1,15,only_AF488,,,,LS53_1b.czi,14,LS53_s01b_sc14,,-17692.0,15049.4
LS53_sec016,LS53,1,16,only_AF488,,,,LS53_1b.czi,15,LS53_s01b_sc15,,-10498.5,6092.7
LS53_sec017,LS53,1,17,only_AF488,,,,LS53_1b.czi,16,LS53_s01b_sc16,,-8212.7,15633.2
LS53_sec018,LS53,2,1,matched,LS53_2b-_A568.czi,0,LS53_s02b_sc00,LS53_2c.czi,0,LS53_s02c_sc00,1095.7,-53023.1,5722.7
LS53_sec019,LS53,2,2,matched,LS53_2b-_A568.czi,1,LS53_s02b_sc01,LS53_2c.czi,1,LS53_s02c_sc01,2191.1,-52008.6,15047.4
LS53_sec020,LS53,2,3,matched,LS53_2b-_A568.czi,2,LS53_s02b_sc02,LS53_2c.czi,2,LS53_s02c_sc02,699.7,-46279.6,5754.6
LS53_sec021,LS53,2,4,matched,LS53_2b-_A568.czi,3,LS53_s02b_sc03,LS53_2c.czi,3,LS53_s02c_sc03,1186.5,-45407.5,15501.2
LS53_sec022,LS53,2,5,matched,LS53_2b-_A568.czi,4,LS53_s02b_sc04,LS53_2c.czi,4,LS53_s02c_sc04,266.3,-38759.3,6069.3
LS53_sec023,LS53,2,6,matched,LS53_2b-_A568.czi,5,LS53_s02b_sc05,LS53_2c.czi,5,LS53_s02c_sc05,1166.7,-37606.9,16222.8
LS53_sec024,LS53,2,7,matched,LS53_2b-_A568.czi,6,LS53_s02b_sc06,LS53_2c.czi,6,LS53_s02c_sc06,697.4,-30552.3,6702.9
LS53_sec025,LS53,2,8,matched,LS53_2b-_A568.czi,7,LS53_s02b_sc07,LS53_2c.czi,7,LS53_s02c_sc07,1590.1,-29751.0,17031.1
LS53_sec026,LS53,2,9,matched,LS53_2b-_A568.czi,8,LS53_s02b_sc08,LS53_2c.czi,8,LS53_s02c_sc08,1494.4,-23260.4,7107.5
LS53_sec027,LS53,2,10,matched,LS53_2b-_A568.czi,9,LS53_s02b_sc09,LS53_2c.czi,9,LS53_s02c_sc09,515.6,-22054.0,16975.5
LS53_sec028,LS53,2,11,matched,LS53_2b-_A568.czi,10,LS53_s02b_sc10,LS53_2c.czi,10,LS53_s02c_sc10,1490.7,-15317.5,6858.6
LS53_sec029,LS53,2,12,matched,LS53_2b-_A568.czi,11,LS53_s02b_sc11,LS53_2c.czi,11,LS53_s02c_sc11,790.3,-13932.1,15988.4
LS53_sec030,LS53,3,1,only_AF488,,,,LS53_3b.czi,0,LS53_s03b_sc00,,-51277.6,7453.2
LS53_sec031,LS53,3,2,only_AF488,,,,LS53_3b.czi,1,LS53_s03b_sc01,,-50987.1,16881.7
LS53_sec032,LS53,3,3,only_AF488,,,,LS53_3b.czi,2,LS53_s03b_sc02,,-44622.1,6622.0
LS53_sec033,LS53,3,4,only_AF488,,,,LS53_3b.czi,3,LS53_s03b_sc03,,-42442.3,16616.9
LS53_sec034,LS53,3,5,only_AF488,,,,LS53_3b.czi,4,LS53_s03b_sc04,,-37754.0,6229.8
LS53_sec035,LS53,3,6,only_AF488,,,,LS53_3b.czi,5,LS53_s03b_sc05,,-34604.5,16492.1
LS53_sec036,LS53,3,7,only_AF488,,,,LS53_3b.czi,6,LS53_s03b_sc06,,-28981.3,6848.1
LS53_sec037,LS53,3,8,only_AF488,,,,LS53_3b.czi,7,LS53_s03b_sc07,,-27913.6,16577.3
LS53_sec038,LS53,3,9,only_AF488,,,,LS53_3b.czi,8,LS53_s03b_sc08,,-21567.1,6952.1
LS53_sec039,LS53,3,10,only_AF488,,,,LS53_3b.czi,9,LS53_s03b_sc09,,-20993.5,16028.9
LS53_sec040,LS53,3,11,only_AF488,,,,LS53_3b.czi,10,LS53_s03b_sc10,,-13905.6,5733.9
LS53_sec041,LS53,3,12,only_AF488,,,,LS53_3b.czi,11,LS53_s03b_sc11,,-12928.0,17366.3
LS53_sec042,LS53,4,1,only_AF488,,,,LS53_4b.czi,0,LS53_s04b_sc00,,-51983.9,7345.3
LS53_sec043,LS53,4,2,only_AF488,,,,LS53_4b.czi,1,LS53_s04b_sc01,,-51108.8,16830.9
LS53_sec044,LS53,4,3,only_AF488,,,,LS53_4b.czi,2,LS53_s04b_sc02,,-42186.1,6449.3
LS53_sec045,LS53,4,4,only_AF488,,,,LS53_4b.czi,3,LS53_s04b_sc03,,-42548.7,16193.1
LS53_sec046,LS53,4,5,only_AF488,,,,LS53_4b.czi,4,LS53_s04b_sc04,,-33675.9,6275.1
LS53_sec047,LS53,4,6,only_AF488,,,,LS53_4b.czi,5,LS53_s04b_sc05,,-32626.8,16109.9
LS53_sec048,LS53,4,7,only_AF488,,,,LS53_4b.czi,6,LS53_s04b_sc06,,-24497.0,6292.9
LS53_sec049,LS53,4,8,only_AF488,,,,LS53_4b.czi,7,LS53_s04b_sc07,,-22917.9,16570.8
LS53_sec050,LS53,4,9,only_AF488,,,,LS53_4b.czi,8,LS53_s04b_sc08,,-15599.3,6048.9
LS53_sec051,LS53,4,10,only_AF488,,,,LS53_4b.czi,9,LS53_s04b_sc09,,-14180.5,17221.1
LS53_sec052,LS53,4,11,only_AF488,,,,LS53_4b.czi,10,LS53_s04b_sc10,,-6691.1,11263.6
LS53_sec053,LS53,5,1,matched,LS53_5b-_A568.czi,0,LS53_s05b_sc00,LS53_5c.czi,0,LS53_s05c_sc00,907.5,-51153.3,6712.9
LS53_sec054,LS53,5,2,matched,LS53_5b-_A568.czi,1,LS53_s05b_sc01,LS53_5c.czi,1,LS53_s05c_sc01,686.5,-50280.9,16586.0
LS53_sec055,LS53,5,3,matched,LS53_5b-_A568.czi,2,LS53_s05b_sc02,LS53_5c.czi,2,LS53_s05c_sc02,1790.2,-41900.9,6168.3
LS53_sec056,LS53,5,4,matched,LS53_5b-_A568.czi,3,LS53_s05b_sc03,LS53_5c.czi,3,LS53_s05c_sc03,699.5,-41861.1,16318.2
LS53_sec057,LS53,5,5,matched,LS53_5b-_A568.czi,4,LS53_s05b_sc04,LS53_5c.czi,4,LS53_s05c_sc04,1265.3,-32652.8,5993.6
LS53_sec058,LS53,5,6,matched,LS53_5b-_A568.czi,5,LS53_s05b_sc05,LS53_5c.czi,5,LS53_s05c_sc05,597.1,-32610.7,16146.1
LS53_sec059,LS53,5,7,matched,LS53_5b-_A568.czi,6,LS53_s05b_sc06,LS53_5c.czi,6,LS53_s05c_sc06,1251.4,-23844.3,6400.4
LS53_sec060,LS53,5,8,matched,LS53_5b-_A568.czi,7,LS53_s05b_sc07,LS53_5c.czi,7,LS53_s05c_sc07,1225.8,-22794.5,16413.2
LS53_sec061,LS53,5,9,matched,LS53_5b-_A568.czi,8,LS53_s05b_sc08,LS53_5c.czi,8,LS53_s05c_sc08,1986.1,-14221.8,6630.1
LS53_sec062,LS53,5,10,unmatched_AF488,,,,LS53_5c.czi,9,LS53_s05c_sc09,,-11162.7,16841.0
LS53_sec063,LS53,6,1,only_AF488,,,,LS53_6b.czi,0,LS53_s06b_sc00,,-50500.4,6872.8
LS53_sec064,LS53,6,2,only_AF488,,,,LS53_6b.czi,1,LS53_s06b_sc01,,-50140.0,16923.8
LS53_sec065,LS53,6,3,only_AF488,,,,LS53_6b.czi,2,LS53_s06b_sc02,,-40843.8,6030.4
LS53_sec066,LS53,6,4,only_AF488,,,,LS53_6b.czi,3,LS53_s06b_sc03,,-40182.3,16413.5
LS53_sec067,LS53,6,5,only_AF488,,,,LS53_6b.czi,4,LS53_s06b_sc04,,-31663.2,6030.6
LS53_sec068,LS53,6,6,only_AF488,,,,LS53_6b.czi,5,LS53_s06b_sc05,,-30439.2,17189.7
LS53_sec069,LS53,6,7,only_AF488,,,,LS53_6b.czi,6,LS53_s06b_sc06,,-20754.9,6847.1
LS53_sec070,LS53,6,8,only_AF488,,,,LS53_6b.czi,7,LS53_s06b_sc07,,-20412.0,17507.9
LS53_sec071,LS53,6,9,only_AF488,,,,LS53_6b.czi,8,LS53_s06b_sc08,,-9987.1,6780.9
LS53_sec072,LS53,6,10,only_AF488,,,,LS53_6b.czi,9,LS53_s06b_sc09,,-9536.0,17142.7
LS53_sec073,LS53,7,1,only_AF488,,,,LS53_7b.czi,0,LS53_s07b_sc00,,-51313.5,6677.0
LS53_sec074,LS53,7,2,only_AF488,,,,LS53_7b.czi,1,LS53_s07b_sc01,,-49855.9,16408.8
LS53_sec075,LS53,7,3,only_AF488,,,,LS53_7b.czi,2,LS53_s07b_sc02,,-42184.8,6202.5
LS53_sec076,LS53,7,4,only_AF488,,,,LS53_7b.czi,3,LS53_s07b_sc03,,-38893.8,15831.1
LS53_sec077,LS53,7,5,only_AF488,,,,LS53_7b.czi,4,LS53_s07b_sc04,,-32405.2,6047.4
LS53_sec078,LS53,7,6,only_AF488,,,,LS53_7b.czi,5,LS53_s07b_sc05,,-29274.9,16697.8
LS53_sec079,LS53,7,7,only_AF488,,,,LS53_7b.czi,6,LS53_s07b_sc06,,-23826.2,6012.4
LS53_sec080,LS53,7,8,only_AF488,,,,LS53_7b.czi,7,LS53_s07b_sc07,,-19635.6,16629.6
LS53_sec081,LS53,7,9,only_AF488,,,,LS53_7b.czi,8,LS53_s07b_sc08,,-11362.1,5951.0
LS53_sec082,LS53,7,10,only_AF488,,,,LS53_7b.czi,9,LS53_s07b_sc09,,-10084.6,15753.1
LS53_sec083,LS53,8,1,only_AF488,,,,LS53_8b.czi,0,LS53_s08b_sc00,,-49911.3,6580.1
LS53_sec084,LS53,8,2,only_AF488,,,,LS53_8b.czi,1,LS53_s08b_sc01,,-49561.7,15867.8
LS53_sec085,LS53,8,3,only_AF488,,,,LS53_8b.czi,2,LS53_s08b_sc02,,-40615.1,6999.2
LS53_sec086,LS53,8,4,only_AF488,,,,LS53_8b.czi,3,LS53_s08b_sc03,,-39229.5,16080.0
LS53_sec087,LS53,8,5,only_AF488,,,,LS53_8b.czi,4,LS53_s08b_sc04,,-31822.4,6385.0
LS53_sec088,LS53,8,6,only_AF488,,,,LS53_8b.czi,5,LS53_s08b_sc05,,-31391.7,17010.9
LS53_sec089,LS53,8,7,only_AF488,,,,LS53_8b.czi,6,LS53_s08b_sc06,,-22679.6,7249.5
LS53_sec090,LS53,8,8,only_AF488,,,,LS53_8b.czi,7,LS53_s08b_sc07,,-22371.5,16468.3
LS53_sec091,LS53,8,9,only_AF488,,,,LS53_8b.czi,8,LS53_s08b_sc08,,-13941.9,7143.9
LS53_sec092,LS53,8,10,only_AF488,,,,LS53_8b.czi,9,LS53_s08b_sc09,,-13193.0,17613.6
LS53_sec093,LS53,9,1,only_AF488,,,,LS53_9b.czi,0,LS53_s09b_sc00,,-51152.2,5712.0
LS53_sec094,LS53,9,2,only_AF488,,,,LS53_9b.czi,1,LS53_s09b_sc01,,-50245.8,16180.4
LS53_sec095,LS53,9,3,only_AF488,,,,LS53_9b.czi,2,LS53_s09b_sc02,,-41887.1,7807.9
LS53_sec096,LS53,9,4,only_AF488,,,,LS53_9b.czi,3,LS53_s09b_sc03,,-41455.0,17484.9
LS53_sec097,LS53,9,5,only_AF488,,,,LS53_9b.czi,4,LS53_s09b_sc04,,-33783.0,6487.7
LS53_sec098,LS53,9,6,only_AF488,,,,LS53_9b.czi,5,LS53_s09b_sc05,,-31885.9,16463.2
LS53_sec099,LS53,9,7,only_AF488,,,,LS53_9b.czi,6,LS53_s09b_sc06,,-24904.7,7052.4
LS53_sec100,LS53,9,8,only_AF488,,,,LS53_9b.czi,7,LS53_s09b_sc07,,-15652.9,5890.3
LS53_sec101,LS53,9,9,only_AF488,,,,LS53_9b.czi,8,LS53_s09b_sc08,,-19157.9,15945.1
LS53_sec102,LS53,9,10,only_AF488,,,,LS53_9b.czi,9,LS53_s09b_sc09,,-7462.9,7105.9
LS53_sec103,LS53,9,11,only_AF488,,,,LS53_9b.czi,10,LS53_s09b_sc10,,-7312.2,15245.6
LS53_sec104,LS53,10,1,only_AF488,,,,LS53_10b.czi,0,LS53_s10b_sc00,,-52000.2,6200.1
LS53_sec105,LS53,10,2,only_AF488,,,,LS53_10b.czi,1,LS53_s10b_sc01,,-51461.6,16617.7
LS53_sec106,LS53,10,3,only_AF488,,,,LS53_10b.czi,2,LS53_s10b_sc02,,-43438.5,6306.8
LS53_sec107,LS53,10,4,only_AF488,,,,LS53_10b.czi,3,LS53_s10b_sc03,,-42001.3,15705.4
LS53_sec108,LS53,10,5,only_AF488,,,,LS53_10b.czi,4,LS53_s10b_sc04,,-33958.1,5497.5
LS53_sec109,LS53,10,6,only_AF488,,,,LS53_10b.czi,5,LS53_s10b_sc05,,-32925.5,14979.7
LS53_sec110,LS53,10,7,only_AF488,,,,LS53_10b.czi,6,LS53_s10b_sc06,,-25716.5,6538.2
LS53_sec111,LS53,10,8,only_AF488,,,,LS53_10b.czi,7,LS53_s10b_sc07,,-23411.9,15581.9
LS53_sec112,LS53,10,9,only_AF488,,,,LS53_10b.czi,8,LS53_s10b_sc08,,-15917.1,5853.5
LS53_sec113,LS53,10,10,only_AF488,,,,LS53_10b.czi,9,LS53_s10b_sc09,,-14531.3,14526.7
LS53_sec114,LS53,10,11,only_AF488,,,,LS53_10b.czi,10,LS53_s10b_sc10,,-6720.6,6295.4
LS53_sec115,LS53,10,12,only_AF488,,,,LS53_10b.czi,11,LS53_s10b_sc11,,-5086.6,14157.5
LS61_sec001,LS61,1,1,matched,LS61_1a.czi,0,LS61_s01a_sc00,LS61_1b.czi,0,LS61_s01b_sc00,711.6,-52370.6,6165.8
LS61_sec002,LS61,1,2,unmatched_AF488,,,,LS61_1b.czi,1,LS61_s01b_sc01,,-51334.7,12105.7
LS61_sec003,LS61,1,2,matched,LS61_1a.czi,1,LS61_s01a_sc01,LS61_1b.czi,2,LS61_s01b_sc02,603.0,-51870.5,18502.6
LS61_sec004,LS61,1,3,matched,LS61_1a.czi,2,LS61_s01a_sc02,LS61_1b.czi,3,LS61_s01b_sc03,918.2,-45856.7,6566.2
LS61_sec005,LS61,1,4,unmatched_AF568,LS61_1a.czi,3,LS61_s01a_sc03,,,,,-45193.3,13406.6
LS61_sec006,LS61,1,5,unmatched_AF488,,,,LS61_1b.czi,4,LS61_s01b_sc04,,-44897.7,15074.8
LS61_sec007,LS61,1,5,matched,LS61_1a.czi,4,LS61_s01a_sc04,LS61_1b.czi,5,LS61_s01b_sc05,209.5,-39378.8,6086.9
LS61_sec008,LS61,1,6,unmatched_AF568,LS61_1a.czi,5,LS61_s01a_sc05,,,,,-38769.5,14547.9
LS61_sec009,LS61,1,7,unmatched_AF488,,,,LS61_1b.czi,6,LS61_s01b_sc06,,-38732.9,15304.8
LS61_sec010,LS61,1,7,matched,LS61_1a.czi,6,LS61_s01a_sc06,LS61_1b.czi,7,LS61_s01b_sc07,651.3,-32915.8,5888.0
LS61_sec011,LS61,1,8,unmatched_AF568,LS61_1a.czi,7,LS61_s01a_sc07,,,,,-32013.5,19582.5
LS61_sec012,LS61,1,9,matched,LS61_1a.czi,8,LS61_s01a_sc08,LS61_1b.czi,8,LS61_s01b_sc08,1340.9,-25316.3,4121.9
LS61_sec013,LS61,1,10,matched,LS61_1a.czi,9,LS61_s01a_sc09,LS61_1b.czi,9,LS61_s01b_sc09,952.4,-25226.1,12160.3
LS61_sec014,LS61,1,11,matched,LS61_1a.czi,10,LS61_s01a_sc10,LS61_1b.czi,10,LS61_s01b_sc10,1892.7,-23875.5,19791.8
LS61_sec015,LS61,1,12,matched,LS61_1a.czi,11,LS61_s01a_sc11,LS61_1b.czi,11,LS61_s01b_sc11,190.6,-16375.0,5024.1
LS61_sec016,LS61,1,13,matched,LS61_1a.czi,12,LS61_s01a_sc12,LS61_1b.czi,12,LS61_s01b_sc12,839.4,-16122.5,15968.8
LS61_sec017,LS61,1,14,matched,LS61_1a.czi,13,LS61_s01a_sc13,LS61_1b.czi,13,LS61_s01b_sc13,2483.4,-9987.0,7505.1
LS61_sec018,LS61,1,15,matched,LS61_1a.czi,14,LS61_s01a_sc14,LS61_1b.czi,14,LS61_s01b_sc14,448.5,-9714.1,16634.5
LS61_sec019,LS61,2,1,matched,LS61_2a.czi,0,LS61_s02a_sc00,LS61_2b.czi,0,LS61_s02b_sc00,871.3,-51470.2,6414.4
LS61_sec020,LS61,2,2,matched,LS61_2a.czi,1,LS61_s02a_sc01,LS61_2b.czi,1,LS61_s02b_sc01,294.0,-51304.2,16423.7
LS61_sec021,LS61,2,3,matched,LS61_2a.czi,2,LS61_s02a_sc02,LS61_2b.czi,2,LS61_s02b_sc02,237.0,-44604.4,6886.6
LS61_sec022,LS61,2,4,matched,LS61_2a.czi,3,LS61_s02a_sc03,LS61_2b.czi,3,LS61_s02b_sc03,1512.2,-43288.3,15048.8
LS61_sec023,LS61,2,5,unmatched_AF488,,,,LS61_2b.czi,4,LS61_s02b_sc04,,-37119.8,7571.4
LS61_sec024,LS61,2,5,matched,LS61_2a.czi,4,LS61_s02a_sc04,LS61_2b.czi,6,LS61_s02b_sc06,301.2,-32582.3,6822.5
LS61_sec025,LS61,2,6,unmatched_AF488,,,,LS61_2b.czi,5,LS61_s02b_sc05,,-38629.1,16326.1
LS61_sec026,LS61,2,6,matched,LS61_2a.czi,5,LS61_s02a_sc05,LS61_2b.czi,8,LS61_s02b_sc08,933.9,-25309.3,7049.9
LS61_sec027,LS61,2,7,matched,LS61_2a.czi,6,LS61_s02a_sc06,LS61_2b.czi,9,LS61_s02b_sc09,2367.9,-25495.5,15984.6
LS61_sec028,LS61,2,8,unmatched_AF488,,,,LS61_2b.czi,7,LS61_s02b_sc07,,-30686.9,17559.4
LS61_sec029,LS61,2,8,matched,LS61_2a.czi,7,LS61_s02a_sc07,LS61_2b.czi,10,LS61_s02b_sc10,838.6,-19059.5,6446.4
LS61_sec030,LS61,2,9,matched,LS61_2a.czi,8,LS61_s02a_sc08,LS61_2b.czi,11,LS61_s02b_sc11,1361.4,-16967.2,14309.4
LS61_sec031,LS61,2,10,matched,LS61_2a.czi,9,LS61_s02a_sc09,LS61_2b.czi,12,LS61_s02b_sc12,277.1,-17078.2,19260.0
LS61_sec032,LS61,2,11,matched,LS61_2a.czi,10,LS61_s02a_sc10,LS61_2b.czi,13,LS61_s02b_sc13,801.7,-10549.6,5443.1
LS61_sec033,LS61,2,12,matched,LS61_2a.czi,11,LS61_s02a_sc11,LS61_2b.czi,14,LS61_s02b_sc14,1583.5,-10416.7,13019.8
LS61_sec034,LS61,2,16,unmatched_AF488,,,,LS61_2b.czi,15,LS61_s02b_sc15,,-9984.9,18433.4
LS61_sec035,LS61,3,1,matched,LS61_3a.czi,0,LS61_s03a_sc00,LS61_3b.czi,0,LS61_s03b_sc00,1320.4,-51611.1,5586.1
LS61_sec036,LS61,3,2,matched,LS61_3a.czi,1,LS61_s03a_sc01,LS61_3b.czi,1,LS61_s03b_sc01,2173.3,-50931.1,14839.3
LS61_sec037,LS61,3,3,matched,LS61_3a.czi,2,LS61_s03a_sc02,LS61_3b.czi,2,LS61_s03b_sc02,1062.9,-44637.7,6974.1
LS61_sec038,LS61,3,4,matched,LS61_3a.czi,3,LS61_s03a_sc03,LS61_3b.czi,3,LS61_s03b_sc03,2466.0,-44489.0,14765.9
LS61_sec039,LS61,3,5,matched,LS61_3a.czi,4,LS61_s03a_sc04,LS61_3b.czi,4,LS61_s03b_sc04,409.0,-37985.9,7006.7
LS61_sec040,LS61,3,6,matched,LS61_3a.czi,5,LS61_s03a_sc05,LS61_3b.czi,5,LS61_s03b_sc05,1548.6,-36826.8,14743.2
LS61_sec041,LS61,3,7,matched,LS61_3a.czi,6,LS61_s03a_sc06,LS61_3b.czi,6,LS61_s03b_sc06,1668.7,-31328.4,6157.7
LS61_sec042,LS61,3,8,matched,LS61_3a.czi,7,LS61_s03a_sc07,LS61_3b.czi,7,LS61_s03b_sc07,1845.1,-29994.9,14302.0
LS61_sec043,LS61,3,9,unmatched_AF488,,,,LS61_3b.czi,8,LS61_s03b_sc08,,-27439.7,19800.7
LS61_sec044,LS61,3,9,matched,LS61_3a.czi,8,LS61_s03a_sc08,LS61_3b.czi,9,LS61_s03b_sc09,1660.2,-24108.8,6030.3
LS61_sec045,LS61,3,10,matched,LS61_3a.czi,9,LS61_s03a_sc09,LS61_3b.czi,10,LS61_s03b_sc10,414.6,-23411.4,15335.1
LS61_sec046,LS61,3,11,matched,LS61_3a.czi,10,LS61_s03a_sc10,LS61_3b.czi,11,LS61_s03b_sc11,2046.0,-17206.1,6607.0
LS61_sec047,LS61,3,12,matched,LS61_3a.czi,11,LS61_s03a_sc11,LS61_3b.czi,12,LS61_s03b_sc12,1205.4,-16774.5,15862.0
LS61_sec048,LS61,3,13,matched,LS61_3a.czi,12,LS61_s03a_sc12,LS61_3b.czi,13,LS61_s03b_sc13,1388.9,-9421.3,6712.3
LS61_sec049,LS61,3,14,matched,LS61_3a.czi,13,LS61_s03a_sc13,LS61_3b.czi,14,LS61_s03b_sc14,533.7,-9748.6,16262.4
LS61_sec050,LS61,4,1,matched,LS61_4a.czi,0,LS61_s04a_sc00,LS61_4c.czi,0,LS61_s04c_sc00,691.8,-51347.5,7050.4
LS61_sec051,LS61,4,2,matched,LS61_4a.czi,1,LS61_s04a_sc01,LS61_4c.czi,1,LS61_s04c_sc01,121.0,-50456.4,16109.2
LS61_sec052,LS61,4,3,matched,LS61_4a.czi,2,LS61_s04a_sc02,LS61_4c.czi,2,LS61_s04c_sc02,1383.4,-44127.3,7362.3
LS61_sec053,LS61,4,4,unmatched_AF488,,,,LS61_4c.czi,3,LS61_s04c_sc03,,-44963.7,15465.9
LS61_sec054,LS61,4,4,matched,LS61_4a.czi,3,LS61_s04a_sc03,LS61_4c.czi,4,LS61_s04c_sc04,387.0,-35618.6,6833.0
LS61_sec055,LS61,4,5,matched,LS61_4a.czi,4,LS61_s04a_sc04,LS61_4c.czi,5,LS61_s04c_sc05,932.8,-34675.9,16916.3
LS61_sec056,LS61,4,6,matched,LS61_4a.czi,5,LS61_s04a_sc05,LS61_4c.czi,6,LS61_s04c_sc06,584.7,-27709.1,5898.8
LS61_sec057,LS61,4,7,matched,LS61_4a.czi,6,LS61_s04a_sc06,LS61_4c.czi,7,LS61_s04c_sc07,617.4,-26730.3,15892.0
LS61_sec058,LS61,4,8,matched,LS61_4a.czi,7,LS61_s04a_sc07,LS61_4c.czi,8,LS61_s04c_sc08,823.6,-18493.8,6799.4
LS61_sec059,LS61,4,9,matched,LS61_4a.czi,8,LS61_s04a_sc08,LS61_4c.czi,9,LS61_s04c_sc09,877.6,-17744.4,16404.1
LS61_sec060,LS61,4,10,matched,LS61_4a.czi,9,LS61_s04a_sc09,LS61_4c.czi,10,LS61_s04c_sc10,385.6,-9299.4,7030.6
LS61_sec061,LS61,4,11,matched,LS61_4a.czi,10,LS61_s04a_sc10,LS61_4c.czi,11,LS61_s04c_sc11,1233.5,-9148.4,16584.5
LS61_sec062,LS61,5,1,matched,LS61_5a.czi,0,LS61_s05a_sc00,LS61_5b.czi,0,LS61_s05b_sc00,542.4,-51277.1,7398.7
LS61_sec063,LS61,5,2,matched,LS61_5a.czi,1,LS61_s05a_sc01,LS61_5b.czi,1,LS61_s05b_sc01,730.9,-50562.4,16550.9
LS61_sec064,LS61,5,3,matched,LS61_5a.czi,2,LS61_s05a_sc02,LS61_5b.czi,2,LS61_s05b_sc02,272.4,-42150.5,6626.6
LS61_sec065,LS61,5,4,matched,LS61_5a.czi,3,LS61_s05a_sc03,LS61_5b.czi,3,LS61_s05b_sc03,1080.5,-41083.0,16164.0
LS61_sec066,LS61,5,5,matched,LS61_5a.czi,4,LS61_s05a_sc04,LS61_5b.czi,4,LS61_s05b_sc04,584.7,-32970.6,6434.5
LS61_sec067,LS61,5,6,matched,LS61_5a.czi,5,LS61_s05a_sc05,LS61_5b.czi,5,LS61_s05b_sc05,910.9,-31624.2,15352.8
LS61_sec068,LS61,5,7,matched,LS61_5a.czi,6,LS61_s05a_sc06,LS61_5b.czi,6,LS61_s05b_sc06,363.6,-24248.6,6239.9
LS61_sec069,LS61,5,8,matched,LS61_5a.czi,7,LS61_s05a_sc07,LS61_5b.czi,7,LS61_s05b_sc07,319.0,-22440.7,15938.7
LS61_sec070,LS61,5,9,matched,LS61_5a.czi,8,LS61_s05a_sc08,LS61_5b.czi,8,LS61_s05b_sc08,678.7,-14822.6,6737.5
LS61_sec071,LS61,5,10,matched,LS61_5a.czi,9,LS61_s05a_sc09,LS61_5b.czi,9,LS61_s05b_sc09,1052.9,-13987.3,16872.5
LS61_sec072,LS61,5,11,matched,LS61_5a.czi,10,LS61_s05a_sc10,LS61_5b.czi,10,LS61_s05b_sc10,366.3,-6265.9,6068.0
LS61_sec073,LS61,5,12,matched,LS61_5a.czi,11,LS61_s05a_sc11,LS61_5b.czi,11,LS61_s05b_sc11,777.9,-5828.9,16166.6
LS61_sec074,LS61,6,1,matched,LS61_6a.czi,0,LS61_s06a_sc00,LS61_6b.czi,0,LS61_s06b_sc00,953.6,-51612.6,6588.4
LS61_sec075,LS61,6,2,matched,LS61_6a.czi,1,LS61_s06a_sc01,LS61_6b.czi,1,LS61_s06b_sc01,639.0,-51144.8,16848.4
LS61_sec076,LS61,6,3,matched,LS61_6a.czi,2,LS61_s06a_sc02,LS61_6b.czi,2,LS61_s06b_sc02,878.1,-42345.5,6714.6
LS61_sec077,LS61,6,4,unmatched_AF488,,,,LS61_6b.czi,3,LS61_s06b_sc03,,-42090.1,17097.2
LS61_sec078,LS61,6,4,matched,LS61_6a.czi,3,LS61_s06a_sc03,LS61_6b.czi,4,LS61_s06b_sc04,1102.9,-33729.1,6220.5
LS61_sec079,LS61,6,5,matched,LS61_6a.czi,4,LS61_s06a_sc04,LS61_6b.czi,5,LS61_s06b_sc05,1561.7,-32399.3,15883.6
LS61_sec080,LS61,6,6,matched,LS61_6a.czi,5,LS61_s06a_sc05,LS61_6b.czi,6,LS61_s06b_sc06,1034.3,-25979.2,5918.3
LS61_sec081,LS61,6,7,matched,LS61_6a.czi,6,LS61_s06a_sc06,LS61_6b.czi,7,LS61_s06b_sc07,1161.0,-24754.2,16179.1
LS61_sec082,LS61,6,8,matched,LS61_6a.czi,7,LS61_s06a_sc07,LS61_6b.czi,8,LS61_s06b_sc08,1651.1,-18618.5,6605.2
LS61_sec083,LS61,6,9,matched,LS61_6a.czi,8,LS61_s06a_sc08,LS61_6b.czi,9,LS61_s06b_sc09,217.1,-17216.8,16230.9
LS61_sec084,LS61,6,10,matched,LS61_6a.czi,9,LS61_s06a_sc09,LS61_6b.czi,10,LS61_s06b_sc10,616.1,-8962.7,6045.2
LS61_sec085,LS61,6,11,matched,LS61_6a.czi,10,LS61_s06a_sc10,LS61_6b.czi,11,LS61_s06b_sc11,1003.4,-7720.4,16777.6
LS61_sec086,LS61,7,1,matched,LS61_7a.czi,0,LS61_s07a_sc00,LS61_7b.czi,0,LS61_s07b_sc00,1993.3,-51807.2,6183.8
LS61_sec087,LS61,7,2,matched,LS61_7a.czi,1,LS61_s07a_sc01,LS61_7b.czi,1,LS61_s07b_sc01,1651.5,-51428.3,16264.4
LS61_sec088,LS61,7,3,matched,LS61_7a.czi,2,LS61_s07a_sc02,LS61_7b.czi,2,LS61_s07b_sc02,1212.4,-42714.6,6732.8
LS61_sec089,LS61,7,4,matched,LS61_7a.czi,3,LS61_s07a_sc03,LS61_7b.czi,3,LS61_s07b_sc03,1270.1,-42582.2,16144.6
LS61_sec090,LS61,7,5,matched,LS61_7a.czi,4,LS61_s07a_sc04,LS61_7b.czi,4,LS61_s07b_sc04,1311.1,-33537.2,7401.9
LS61_sec091,LS61,7,6,matched,LS61_7a.czi,5,LS61_s07a_sc05,LS61_7b.czi,5,LS61_s07b_sc05,749.0,-33864.6,17623.1
LS61_sec092,LS61,7,7,matched,LS61_7a.czi,6,LS61_s07a_sc06,LS61_7b.czi,6,LS61_s07b_sc06,1186.4,-25149.2,6733.6
LS61_sec093,LS61,7,8,matched,LS61_7a.czi,7,LS61_s07a_sc07,LS61_7b.czi,7,LS61_s07b_sc07,355.7,-25442.6,16654.2
LS61_sec094,LS61,7,9,matched,LS61_7a.czi,8,LS61_s07a_sc08,LS61_7b.czi,8,LS61_s07b_sc08,766.4,-17330.1,6395.6
LS61_sec095,LS61,7,10,matched,LS61_7a.czi,9,LS61_s07a_sc09,LS61_7b.czi,9,LS61_s07b_sc09,2551.9,-15380.6,17399.5
LS61_sec096,LS61,7,11,matched,LS61_7a.czi,10,LS61_s07a_sc10,LS61_7b.czi,10,LS61_s07b_sc10,689.0,-8451.1,6714.3
LS61_sec097,LS61,7,12,unmatched_AF488,,,,LS61_7b.czi,11,LS61_s07b_sc11,,-8284.9,17114.6
LS61_sec098,LS61,8,1,matched,LS61_8a.czi,0,LS61_s08a_sc00,LS61_8b.czi,0,LS61_s08b_sc00,1503.2,-51967.3,7629.9
LS61_sec099,LS61,8,2,unmatched_AF488,,,,LS61_8b.czi,1,LS61_s08b_sc01,,-51055.9,15087.5
LS61_sec100,LS61,8,2,matched,LS61_8a.czi,1,LS61_s08a_sc01,LS61_8b.czi,2,LS61_s08b_sc02,2401.4,-43243.1,5850.6
LS61_sec101,LS61,8,3,matched,LS61_8a.czi,2,LS61_s08a_sc02,LS61_8b.czi,5,LS61_s08b_sc05,542.2,-33694.1,6223.4
LS61_sec102,LS61,8,4,unmatched_AF488,,,,LS61_8b.czi,3,LS61_s08b_sc03,,-43487.2,19121.7
LS61_sec103,LS61,8,4,matched,LS61_8a.czi,3,LS61_s08a_sc03,LS61_8b.czi,7,LS61_s08b_sc07,2152.6,-24708.6,5871.1
LS61_sec104,LS61,8,5,unmatched_AF488,,,,LS61_8b.czi,4,LS61_s08b_sc04,,-42686.3,12917.8
LS61_sec105,LS61,8,5,matched,LS61_8a.czi,4,LS61_s08a_sc04,LS61_8b.czi,9,LS61_s08b_sc09,1086.1,-14700.1,6666.4
LS61_sec106,LS61,8,6,matched,LS61_8a.czi,5,LS61_s08a_sc05,LS61_8b.czi,11,LS61_s08b_sc11,1006.3,-6793.1,8161.9
LS61_sec107,LS61,8,7,unmatched_AF488,,,,LS61_8b.czi,6,LS61_s08b_sc06,,-34621.8,16263.0
LS61_sec108,LS61,8,7,matched,LS61_8a.czi,6,LS61_s08a_sc06,LS61_8b.czi,12,LS61_s08b_sc12,1005.0,-6677.9,16852.2
LS61_sec109,LS61,8,9,unmatched_AF488,,,,LS61_8b.czi,8,LS61_s08b_sc08,,-23835.1,15035.6
LS61_sec110,LS61,8,11,unmatched_AF488,,,,LS61_8b.czi,10,LS61_s08b_sc10,,-15733.3,16799.4
LS61_sec111,LS61,9,1,unmatched_AF488,,,,LS61_9b.czi,0,LS61_s09b_sc00,,-50447.1,7298.9
LS61_sec112,LS61,9,1,matched,LS61_9a.czi,0,LS61_s09a_sc00,LS61_9b.czi,1,LS61_s09b_sc01,1917.2,-50511.5,17483.5
LS61_sec113,LS61,9,2,matched,LS61_9a.czi,1,LS61_s09a_sc01,LS61_9b.czi,2,LS61_s09b_sc02,1533.4,-39729.9,6670.2
LS61_sec114,LS61,9,3,matched,LS61_9a.czi,2,LS61_s09a_sc02,LS61_9b.czi,3,LS61_s09b_sc03,1128.4,-41064.3,15812.6
LS61_sec115,LS61,9,4,matched,LS61_9a.czi,3,LS61_s09a_sc03,LS61_9b.czi,4,LS61_s09b_sc04,1716.7,-31136.2,7213.5
LS61_sec116,LS61,9,5,matched,LS61_9a.czi,4,LS61_s09a_sc04,LS61_9b.czi,5,LS61_s09b_sc05,969.2,-31091.6,15760.8
LS61_sec117,LS61,9,6,matched,LS61_9a.czi,5,LS61_s09a_sc05,LS61_9b.czi,6,LS61_s09b_sc06,711.7,-21461.0,6654.1
LS61_sec118,LS61,9,7,matched,LS61_9a.czi,6,LS61_s09a_sc06,LS61_9b.czi,7,LS61_s09b_sc07,1601.4,-21701.0,16431.8
LS69_sec001,LS69,1,1,matched,LS69_1a.czi,0,LS69_s01a_sc00,LS69_1b.czi,1,LS69_s01b_sc01,2116.7,-52536.7,13812.1
LS69_sec002,LS69,1,2,matched,LS69_1a.czi,1,LS69_s01a_sc01,LS69_1b.czi,0,LS69_s01b_sc00,1298.0,-47690.8,4588.4
LS69_sec003,LS69,1,3,unmatched_AF488,,,,LS69_1b.czi,2,LS69_s01b_sc02,,-52558.9,18554.1
LS69_sec004,LS69,1,3,matched,LS69_1a.czi,2,LS69_s01a_sc02,LS69_1b.czi,4,LS69_s01b_sc04,1891.7,-47381.5,13188.4
LS69_sec005,LS69,1,4,matched,LS69_1a.czi,3,LS69_s01a_sc03,LS69_1b.czi,3,LS69_s01b_sc03,1243.9,-46029.8,19976.3
LS69_sec006,LS69,1,5,matched,LS69_1a.czi,4,LS69_s01a_sc04,LS69_1b.czi,5,LS69_s01b_sc05,1352.4,-41549.5,6258.5
LS69_sec007,LS69,1,6,matched,LS69_1a.czi,5,LS69_s01a_sc05,LS69_1b.czi,6,LS69_s01b_sc06,364.2,-40447.1,15264.5
LS69_sec008,LS69,1,7,matched,LS69_1a.czi,6,LS69_s01a_sc06,LS69_1b.czi,7,LS69_s01b_sc07,1327.2,-35637.1,7750.7
LS69_sec009,LS69,1,8,matched,LS69_1a.czi,7,LS69_s01a_sc07,LS69_1b.czi,8,LS69_s01b_sc08,352.9,-34338.7,15701.5
LS69_sec010,LS69,1,9,matched,LS69_1a.czi,8,LS69_s01a_sc08,LS69_1b.czi,9,LS69_s01b_sc09,2360.8,-30037.1,3692.1
LS69_sec011,LS69,1,10,matched,LS69_1a.czi,9,LS69_s01a_sc09,LS69_1b.czi,10,LS69_s01b_sc10,1883.8,-29093.3,12981.7
LS69_sec012,LS69,1,11,matched,LS69_1a.czi,10,LS69_s01a_sc10,LS69_1b.czi,11,LS69_s01b_sc11,2254.9,-21000.5,4909.4
LS69_sec013,LS69,1,12,matched,LS69_1a.czi,11,LS69_s01a_sc11,LS69_1b.czi,12,LS69_s01b_sc12,1766.2,-22033.7,14298.4
LS69_sec014,LS69,1,13,matched,LS69_1a.czi,12,LS69_s01a_sc12,LS69_1b.czi,13,LS69_s01b_sc13,1674.3,-14576.5,6490.3
LS69_sec015,LS69,1,14,matched,LS69_1a.czi,13,LS69_s01a_sc13,LS69_1b.czi,14,LS69_s01b_sc14,574.2,-14992.5,16728.2
LS69_sec016,LS69,1,15,matched,LS69_1a.czi,14,LS69_s01a_sc14,LS69_1b.czi,15,LS69_s01b_sc15,945.4,-8240.8,7720.3
LS69_sec017,LS69,1,16,matched,LS69_1a.czi,15,LS69_s01a_sc15,LS69_1b.czi,16,LS69_s01b_sc16,974.8,-8001.7,16761.7
LS69_sec018,LS69,2,1,matched,LS69_2a.czi,0,LS69_s02a_sc00,LS69_2b.czi,0,LS69_s02b_sc00,856.6,-52018.9,7418.7
LS69_sec019,LS69,2,2,matched,LS69_2a.czi,1,LS69_s02a_sc01,LS69_2b.czi,1,LS69_s02b_sc01,1465.4,-52928.0,16013.7
LS69_sec020,LS69,2,3,unmatched_AF488,,,,LS69_2b.czi,2,LS69_s02b_sc02,,-45715.8,6213.7
LS69_sec021,LS69,2,3,matched,LS69_2a.czi,2,LS69_s02a_sc02,LS69_2b.czi,3,LS69_s02b_sc03,1059.3,-45917.7,14338.2
LS69_sec022,LS69,2,4,matched,LS69_2a.czi,3,LS69_s02a_sc03,LS69_2b.czi,4,LS69_s02b_sc04,1309.3,-39962.1,7372.5
LS69_sec023,LS69,2,5,matched,LS69_2a.czi,4,LS69_s02a_sc04,LS69_2b.czi,5,LS69_s02b_sc05,847.3,-39335.6,16041.8
LS69_sec024,LS69,2,6,matched,LS69_2a.czi,5,LS69_s02a_sc05,LS69_2b.czi,6,LS69_s02b_sc06,362.0,-31628.7,6525.4
LS69_sec025,LS69,2,7,matched,LS69_2a.czi,6,LS69_s02a_sc06,LS69_2b.czi,7,LS69_s02b_sc07,1707.7,-31565.4,14087.3
LS69_sec026,LS69,2,8,matched,LS69_2a.czi,7,LS69_s02a_sc07,LS69_2b.czi,9,LS69_s02b_sc09,1110.4,-25572.3,5006.2
LS69_sec027,LS69,2,9,unmatched_AF488,,,,LS69_2b.czi,8,LS69_s02b_sc08,,-29486.2,17896.8
LS69_sec028,LS69,2,9,matched,LS69_2a.czi,8,LS69_s02a_sc08,LS69_2b.czi,10,LS69_s02b_sc10,714.3,-24926.0,11949.1
LS69_sec029,LS69,2,10,unmatched_AF568,LS69_2a.czi,9,LS69_s02a_sc09,,,,,-24579.9,18383.3
LS69_sec030,LS69,2,11,matched,LS69_2a.czi,10,LS69_s02a_sc10,LS69_2b.czi,12,LS69_s02b_sc12,1111.0,-18158.6,5921.6
LS69_sec031,LS69,2,12,unmatched_AF488,,,,LS69_2b.czi,11,LS69_s02b_sc11,,-22038.2,18968.8
LS69_sec032,LS69,2,12,unmatched_AF568,LS69_2a.czi,11,LS69_s02a_sc11,,,,,-17679.3,19734.9
LS69_sec033,LS69,2,13,matched,LS69_2a.czi,12,LS69_s02a_sc12,LS69_2b.czi,13,LS69_s02b_sc13,2741.4,-17336.2,13270.5
LS69_sec034,LS69,2,14,matched,LS69_2a.czi,13,LS69_s02a_sc13,LS69_2b.czi,14,LS69_s02b_sc14,483.8,-9337.9,6875.9
LS69_sec035,LS69,2,15,matched,LS69_2a.czi,14,LS69_s02a_sc14,LS69_2b.czi,15,LS69_s02b_sc15,383.2,-8496.0,15862.3
LS69_sec036,LS69,3,1,matched,LS69_3a.czi,0,LS69_s03a_sc00,LS69_3b.czi,0,LS69_s03b_sc00,760.0,-50695.5,7171.7
LS69_sec037,LS69,3,2,matched,LS69_3a.czi,1,LS69_s03a_sc01,LS69_3b.czi,1,LS69_s03b_sc01,1148.9,-50633.3,15369.7
LS69_sec038,LS69,3,3,matched,LS69_3a.czi,2,LS69_s03a_sc02,LS69_3b.czi,2,LS69_s03b_sc02,929.0,-42556.3,7172.2
LS69_sec039,LS69,3,4,matched,LS69_3a.czi,3,LS69_s03a_sc03,LS69_3b.czi,3,LS69_s03b_sc03,1247.5,-42053.4,16407.8
LS69_sec040,LS69,3,5,matched,LS69_3a.czi,4,LS69_s03a_sc04,LS69_3b.czi,4,LS69_s03b_sc04,498.5,-34665.9,6095.9
LS69_sec041,LS69,3,6,matched,LS69_3a.czi,5,LS69_s03a_sc05,LS69_3b.czi,5,LS69_s03b_sc05,1079.5,-33493.7,16707.5
LS69_sec042,LS69,3,7,matched,LS69_3a.czi,6,LS69_s03a_sc06,LS69_3b.czi,6,LS69_s03b_sc06,500.7,-27286.5,6410.4
LS69_sec043,LS69,3,8,matched,LS69_3a.czi,7,LS69_s03a_sc07,LS69_3b.czi,7,LS69_s03b_sc07,803.8,-25865.4,15561.1
LS69_sec044,LS69,3,9,matched,LS69_3a.czi,8,LS69_s03a_sc08,LS69_3b.czi,8,LS69_s03b_sc08,1237.0,-18531.0,6606.4
LS69_sec045,LS69,3,10,matched,LS69_3a.czi,9,LS69_s03a_sc09,LS69_3b.czi,9,LS69_s03b_sc09,936.9,-17182.2,16741.7
LS69_sec046,LS69,3,11,unmatched_AF488,,,,LS69_3b.czi,10,LS69_s03b_sc10,,-10717.5,12647.6
LS69_sec047,LS69,3,11,unmatched_AF568,LS69_3a.czi,10,LS69_s03a_sc10,,,,,-9103.7,7116.4
LS69_sec048,LS69,3,12,unmatched_AF568,LS69_3a.czi,11,LS69_s03a_sc11,,,,,-7772.4,17043.6
LS69_sec049,LS69,4,1,matched,LS69_4a.czi,0,LS69_s04a_sc00,LS69_4b.czi,0,LS69_s04b_sc00,866.3,-51155.9,7717.6
LS69_sec050,LS69,4,2,matched,LS69_4a.czi,1,LS69_s04a_sc01,LS69_4b.czi,1,LS69_s04b_sc01,1062.0,-50634.1,17236.8
LS69_sec051,LS69,4,3,matched,LS69_4a.czi,2,LS69_s04a_sc02,LS69_4b.czi,2,LS69_s04b_sc02,207.2,-42591.0,6502.0
LS69_sec052,LS69,4,4,matched,LS69_4a.czi,3,LS69_s04a_sc03,LS69_4b.czi,3,LS69_s04b_sc03,941.6,-41013.6,16481.5
LS69_sec053,LS69,4,5,matched,LS69_4a.czi,4,LS69_s04a_sc04,LS69_4b.czi,4,LS69_s04b_sc04,787.2,-34066.8,6697.0
LS69_sec054,LS69,4,6,matched,LS69_4a.czi,5,LS69_s04a_sc05,LS69_4b.czi,5,LS69_s04b_sc05,571.9,-31956.1,16483.0
LS69_sec055,LS69,4,7,matched,LS69_4a.czi,6,LS69_s04a_sc06,LS69_4b.czi,6,LS69_s04b_sc06,496.0,-25873.4,5956.3
LS69_sec056,LS69,4,8,unmatched_AF568,LS69_4a.czi,7,LS69_s04a_sc07,,,,,-23712.4,15581.4
LS69_sec057,LS69,4,9,matched,LS69_4a.czi,8,LS69_s04a_sc08,LS69_4b.czi,7,LS69_s04b_sc07,382.6,-16852.9,6062.4
LS69_sec058,LS69,4,10,matched,LS69_4a.czi,9,LS69_s04a_sc09,LS69_4b.czi,8,LS69_s04b_sc08,3641.3,-15806.5,17096.5
LS69_sec059,LS69,4,11,matched,LS69_4a.czi,10,LS69_s04a_sc10,LS69_4b.czi,9,LS69_s04b_sc09,802.2,-7443.6,6522.5
LS69_sec060,LS69,4,12,matched,LS69_4a.czi,11,LS69_s04a_sc11,LS69_4b.czi,10,LS69_s04b_sc10,1514.6,-6978.4,16284.7
LS69_sec061,LS69,5,1,matched,LS69_5a.czi,0,LS69_s05a_sc00,LS69_5b.czi,0,LS69_s05b_sc00,1182.3,-50414.1,6965.7
LS69_sec062,LS69,5,2,unmatched_AF488,,,,LS69_5b.czi,1,LS69_s05b_sc01,,-50387.3,17044.9
LS69_sec063,LS69,5,2,matched,LS69_5a.czi,1,LS69_s05a_sc01,LS69_5b.czi,3,LS69_s05b_sc03,1602.2,-41049.4,17467.3
LS69_sec064,LS69,5,3,unmatched_AF488,,,,LS69_5b.czi,2,LS69_s05b_sc02,,-43033.4,6640.3
LS69_sec065,LS69,5,3,matched,LS69_5a.czi,2,LS69_s05a_sc02,LS69_5b.czi,4,LS69_s05b_sc04,812.9,-31064.8,7302.3
LS69_sec066,LS69,5,4,matched,LS69_5a.czi,3,LS69_s05a_sc03,LS69_5b.czi,5,LS69_s05b_sc05,912.7,-31569.3,17575.3
LS69_sec067,LS69,5,5,matched,LS69_5a.czi,4,LS69_s05a_sc04,LS69_5b.czi,6,LS69_s05b_sc06,522.8,-22045.0,7092.8
LS69_sec068,LS69,5,6,matched,LS69_5a.czi,5,LS69_s05a_sc05,LS69_5b.czi,7,LS69_s05b_sc07,519.9,-21207.8,17245.1
LS69_sec069,LS69,5,7,matched,LS69_5a.czi,6,LS69_s05a_sc06,LS69_5b.czi,8,LS69_s05b_sc08,1511.0,-12103.3,5802.8
LS69_sec070,LS69,5,8,matched,LS69_5a.czi,7,LS69_s05a_sc07,LS69_5b.czi,9,LS69_s05b_sc09,1222.4,-10491.1,15892.5
LS69_sec071,LS69,6,1,matched,LS69_6a.czi,0,LS69_s06a_sc00,LS69_6b.czi,0,LS69_s06b_sc00,657.6,-51490.1,7962.6
LS69_sec072,LS69,6,2,matched,LS69_6a.czi,1,LS69_s06a_sc01,LS69_6b.czi,1,LS69_s06b_sc01,635.6,-50952.1,17412.3
LS69_sec073,LS69,6,3,matched,LS69_6a.czi,2,LS69_s06a_sc02,LS69_6b.czi,2,LS69_s06b_sc02,807.8,-42115.8,6397.8
LS69_sec074,LS69,6,4,matched,LS69_6a.czi,3,LS69_s06a_sc03,LS69_6b.czi,3,LS69_s06b_sc03,462.0,-40908.3,17170.5
LS69_sec075,LS69,6,5,matched,LS69_6a.czi,4,LS69_s06a_sc04,LS69_6b.czi,4,LS69_s06b_sc04,1002.4,-32867.7,7100.9
LS69_sec076,LS69,6,6,matched,LS69_6a.czi,5,LS69_s06a_sc05,LS69_6b.czi,5,LS69_s06b_sc05,783.6,-31676.5,17418.3
LS69_sec077,LS69,6,7,matched,LS69_6a.czi,6,LS69_s06a_sc06,LS69_6b.czi,6,LS69_s06b_sc06,327.9,-23862.7,7208.5
LS69_sec078,LS69,6,8,matched,LS69_6a.czi,7,LS69_s06a_sc07,LS69_6b.czi,7,LS69_s06b_sc07,1505.5,-22423.4,16170.4
LS69_sec079,LS69,6,9,matched,LS69_6a.czi,8,LS69_s06a_sc08,LS69_6b.czi,8,LS69_s06b_sc08,1240.3,-15687.8,5944.5
LS69_sec080,LS69,6,10,matched,LS69_6a.czi,9,LS69_s06a_sc09,LS69_6b.czi,9,LS69_s06b_sc09,743.6,-14041.0,16430.2
LS69_sec081,LS69,6,11,unmatched_AF568,LS69_6a.czi,10,LS69_s06a_sc10,,,,,-7178.6,7000.0
LS69_sec082,LS69,6,12,matched,LS69_6a.czi,11,LS69_s06a_sc11,LS69_6b.czi,10,LS69_s06b_sc10,3876.3,-6094.6,16238.4
LS69_sec083,LS69,7,1,matched,LS69_7a.czi,0,LS69_s07a_sc00,LS69_7b.czi,0,LS69_s07b_sc00,783.1,-51030.0,6625.9
LS69_sec084,LS69,7,2,matched,LS69_7a.czi,1,LS69_s07a_sc01,LS69_7b.czi,1,LS69_s07b_sc01,691.1,-50139.1,17077.7
LS69_sec085,LS69,7,3,matched,LS69_7a.czi,2,LS69_s07a_sc02,LS69_7b.czi,2,LS69_s07b_sc02,644.6,-41940.2,7070.1
LS69_sec086,LS69,7,4,matched,LS69_7a.czi,3,LS69_s07a_sc03,LS69_7b.czi,3,LS69_s07b_sc03,493.1,-41241.5,16746.2
LS69_sec087,LS69,7,5,matched,LS69_7a.czi,4,LS69_s07a_sc04,LS69_7b.czi,4,LS69_s07b_sc04,364.8,-33165.6,7281.0
LS69_sec088,LS69,7,6,matched,LS69_7a.czi,5,LS69_s07a_sc05,LS69_7b.czi,5,LS69_s07b_sc05,547.7,-33439.9,17006.7
LS69_sec089,LS69,7,7,matched,LS69_7a.czi,6,LS69_s07a_sc06,LS69_7b.czi,6,LS69_s07b_sc06,678.3,-24975.4,6927.9
LS69_sec090,LS69,7,8,matched,LS69_7a.czi,7,LS69_s07a_sc07,LS69_7b.czi,7,LS69_s07b_sc07,1748.7,-24650.2,17553.0
LS69_sec091,LS69,7,9,matched,LS69_7a.czi,8,LS69_s07a_sc08,LS69_7b.czi,8,LS69_s07b_sc08,1191.1,-15776.0,6241.6
LS69_sec092,LS69,7,10,matched,LS69_7a.czi,9,LS69_s07a_sc09,LS69_7b.czi,9,LS69_s07b_sc09,402.0,-15097.4,16113.7
LS69_sec093,LS69,7,11,matched,LS69_7a.czi,10,LS69_s07a_sc10,LS69_7b.czi,10,LS69_s07b_sc10,277.7,-7003.3,7367.7
LS69_sec094,LS69,7,12,matched,LS69_7a.czi,11,LS69_s07a_sc11,LS69_7b.czi,11,LS69_s07b_sc11,997.2,-6872.6,16533.6
LS69_sec095,LS69,8,1,matched,LS69_8a.czi,0,LS69_s08a_sc00,LS69_8b.czi,0,LS69_s08b_sc00,1265.6,-51009.7,6698.2
LS69_sec096,LS69,8,2,matched,LS69_8a.czi,1,LS69_s08a_sc01,LS69_8b.czi,1,LS69_s08b_sc01,771.1,-50845.8,16852.2
LS69_sec097,LS69,8,3,matched,LS69_8a.czi,2,LS69_s08a_sc02,LS69_8b.czi,2,LS69_s08b_sc02,660.0,-42504.8,7245.0
LS69_sec098,LS69,8,4,matched,LS69_8a.czi,3,LS69_s08a_sc03,LS69_8b.czi,3,LS69_s08b_sc03,818.1,-42018.8,16672.7
LS69_sec099,LS69,8,5,matched,LS69_8a.czi,4,LS69_s08a_sc04,LS69_8b.czi,4,LS69_s08b_sc04,1197.8,-34646.9,6330.1
LS69_sec100,LS69,8,6,matched,LS69_8a.czi,5,LS69_s08a_sc05,LS69_8b.czi,5,LS69_s08b_sc05,757.3,-34228.8,12253.7
LS69_sec101,LS69,8,7,unmatched_AF488,,,,LS69_8b.czi,6,LS69_s08b_sc06,,-34077.2,18730.9
LS69_sec102,LS69,8,7,matched,LS69_8a.czi,6,LS69_s08a_sc06,LS69_8b.czi,7,LS69_s08b_sc07,3646.2,-26313.4,5727.9
LS69_sec103,LS69,8,8,matched,LS69_8a.czi,7,LS69_s08a_sc07,LS69_8b.czi,8,LS69_s08b_sc08,767.4,-26532.3,12525.1
LS69_sec104,LS69,8,9,matched,LS69_8a.czi,8,LS69_s08a_sc08,LS69_8b.czi,9,LS69_s08b_sc09,973.9,-24546.2,20056.2
LS69_sec105,LS69,8,10,unmatched_AF568,LS69_8a.czi,9,LS69_s08a_sc09,,,,,-18122.8,5691.0
LS69_sec106,LS69,8,11,unmatched_AF488,,,,LS69_8b.czi,10,LS69_s08b_sc10,,-16966.2,13148.1
LS69_sec107,LS69,8,11,matched,LS69_8a.czi,10,LS69_s08a_sc10,LS69_8b.czi,11,LS69_s08b_sc11,1081.0,-14765.9,19301.9
LS69_sec108,LS69,8,12,matched,LS69_8a.czi,11,LS69_s08a_sc11,LS69_8b.czi,12,LS69_s08b_sc12,547.6,-9670.0,8246.8
LS69_sec109,LS69,8,13,matched,LS69_8a.czi,12,LS69_s08a_sc12,LS69_8b.czi,13,LS69_s08b_sc13,904.5,-7577.3,16024.3
LS69_sec110,LS69,9,1,unmatched_AF488,,,,LS69_9b.czi,0,LS69_s09b_sc00,,-51826.1,7191.3
LS69_sec111,LS69,9,1,matched,LS69_9a.czi,0,LS69_s09a_sc00,LS69_9b.czi,2,LS69_s09b_sc02,367.1,-42220.9,7138.9
LS69_sec112,LS69,9,2,unmatched_AF488,,,,LS69_9b.czi,1,LS69_s09b_sc01,,-49981.1,15865.9
LS69_sec113,LS69,9,2,matched,LS69_9a.czi,1,LS69_s09a_sc01,LS69_9b.czi,3,LS69_s09b_sc03,3322.3,-40465.9,17679.7
LS69_sec114,LS69,9,3,matched,LS69_9a.czi,2,LS69_s09a_sc02,LS69_9b.czi,4,LS69_s09b_sc04,939.3,-32917.4,6061.2
LS69_sec115,LS69,9,4,matched,LS69_9a.czi,3,LS69_s09a_sc03,LS69_9b.czi,5,LS69_s09b_sc05,1490.7,-31682.7,15272.4
LS69_sec116,LS69,9,5,matched,LS69_9a.czi,4,LS69_s09a_sc04,LS69_9b.czi,6,LS69_s09b_sc06,1159.0,-24903.7,6944.6
LS69_sec117,LS69,9,6,matched,LS69_9a.czi,5,LS69_s09a_sc05,LS69_9b.czi,7,LS69_s09b_sc07,1552.8,-22566.8,16291.9
LS69_sec118,LS69,9,7,matched,LS69_9a.czi,6,LS69_s09a_sc06,LS69_9b.czi,8,LS69_s09b_sc08,2905.0,-17065.4,7084.4
LS69_sec119,LS69,9,8,matched,LS69_9a.czi,7,LS69_s09a_sc07,LS69_9b.czi,9,LS69_s09b_sc09,946.5,-13227.0,16944.0
LS85_sec001,LS85,1,1,matched,LS85_1a.czi,0,LS85_s01a_sc00,LS85_1b.czi,0,LS85_s01b_sc00,669.0,-35054.4,6393.3
LS85_sec002,LS85,1,2,matched,LS85_1a.czi,1,LS85_s01a_sc01,LS85_1b.czi,1,LS85_s01b_sc01,1165.5,-26154.7,5673.5
LS85_sec003,LS85,1,3,matched,LS85_1a.czi,2,LS85_s01a_sc02,LS85_1b.czi,2,LS85_s01b_sc02,1225.4,-26784.3,16175.4
LS85_sec004,LS85,1,4,matched,LS85_1a.czi,3,LS85_s01a_sc03,LS85_1b.czi,3,LS85_s01b_sc03,374.1,-17841.5,6078.5
LS85_sec005,LS85,1,5,matched,LS85_1a.czi,4,LS85_s01a_sc04,LS85_1b.czi,4,LS85_s01b_sc04,777.2,-17426.9,15965.3
LS85_sec006,LS85,1,6,matched,LS85_1a.czi,5,LS85_s01a_sc05,LS85_1b.czi,5,LS85_s01b_sc05,1004.1,-8555.8,5955.7
LS85_sec007,LS85,1,7,matched,LS85_1a.czi,6,LS85_s01a_sc06,LS85_1b.czi,6,LS85_s01b_sc06,386.5,-8124.4,16090.4
LS85_sec008,LS85,2,1,matched,LS85_2a.czi,0,LS85_s02a_sc00,LS85_2b.czi,0,LS85_s02b_sc00,1341.4,-51488.0,5743.1
LS85_sec009,LS85,2,2,matched,LS85_2a.czi,1,LS85_s02a_sc01,LS85_2b.czi,1,LS85_s02b_sc01,1108.0,-50561.6,15966.5
LS85_sec010,LS85,2,3,matched,LS85_2a.czi,2,LS85_s02a_sc02,LS85_2b.czi,2,LS85_s02b_sc02,1302.0,-42414.6,6133.4
LS85_sec011,LS85,2,4,matched,LS85_2a.czi,3,LS85_s02a_sc03,LS85_2b.czi,3,LS85_s02b_sc03,2237.1,-40976.0,15159.3
LS85_sec012,LS85,2,5,matched,LS85_2a.czi,4,LS85_s02a_sc04,LS85_2b.czi,4,LS85_s02b_sc04,1801.5,-33305.4,6205.0
LS85_sec013,LS85,2,6,matched,LS85_2a.czi,5,LS85_s02a_sc05,LS85_2b.czi,5,LS85_s02b_sc05,1137.6,-30296.5,15903.0
LS85_sec014,LS85,2,7,matched,LS85_2a.czi,6,LS85_s02a_sc06,LS85_2b.czi,6,LS85_s02b_sc06,4059.6,-21070.7,4608.2
LS85_sec015,LS85,2,8,matched,LS85_2a.czi,7,LS85_s02a_sc07,LS85_2b.czi,7,LS85_s02b_sc07,2648.7,-18909.3,14358.2
LS85_sec016,LS85,2,9,matched,LS85_2a.czi,8,LS85_s02a_sc08,LS85_2b.czi,8,LS85_s02b_sc08,3079.9,-11628.0,5650.8
LS85_sec017,LS85,2,10,matched,LS85_2a.czi,9,LS85_s02a_sc09,LS85_2b.czi,9,LS85_s02b_sc09,2604.5,-10295.6,15857.2
LS85_sec018,LS85,3,1,matched,LS85_3a.czi,0,LS85_s03a_sc00,LS85_3b.czi,0,LS85_s03b_sc00,2869.9,-52283.4,6887.8
LS85_sec019,LS85,3,2,matched,LS85_3a.czi,1,LS85_s03a_sc01,LS85_3b.czi,1,LS85_s03b_sc01,1701.3,-51606.0,17779.0
LS85_sec020,LS85,3,3,matched,LS85_3a.czi,2,LS85_s03a_sc02,LS85_3b.czi,2,LS85_s03b_sc02,1439.6,-43174.7,7560.1
LS85_sec021,LS85,3,4,matched,LS85_3a.czi,3,LS85_s03a_sc03,LS85_3b.czi,3,LS85_s03b_sc03,1218.0,-42582.9,16107.8
LS85_sec022,LS85,3,5,matched,LS85_3a.czi,4,LS85_s03a_sc04,LS85_3b.czi,4,LS85_s03b_sc04,1312.4,-34965.6,6819.0
LS85_sec023,LS85,3,6,matched,LS85_3a.czi,5,LS85_s03a_sc05,LS85_3b.czi,5,LS85_s03b_sc05,1072.5,-34692.5,16335.3
LS85_sec024,LS85,3,7,matched,LS85_3a.czi,6,LS85_s03a_sc06,LS85_3b.czi,6,LS85_s03b_sc06,1090.7,-26474.6,6834.6
LS85_sec025,LS85,3,8,matched,LS85_3a.czi,7,LS85_s03a_sc07,LS85_3b.czi,7,LS85_s03b_sc07,2116.4,-26378.2,16509.2
LS85_sec026,LS85,3,9,matched,LS85_3a.czi,8,LS85_s03a_sc08,LS85_3b.czi,8,LS85_s03b_sc08,1727.9,-18210.3,6112.8
LS85_sec027,LS85,3,10,matched,LS85_3a.czi,9,LS85_s03a_sc09,LS85_3b.czi,9,LS85_s03b_sc09,1560.3,-17462.1,16422.9
LS85_sec028,LS85,3,11,matched,LS85_3a.czi,10,LS85_s03a_sc10,LS85_3b.czi,10,LS85_s03b_sc10,2416.4,-9437.9,6291.4
LS85_sec029,LS85,3,12,matched,LS85_3a.czi,11,LS85_s03a_sc11,LS85_3b.czi,11,LS85_s03b_sc11,1224.1,-8617.2,16054.6
LS85_sec030,LS85,4,1,matched,LS85_4a.czi,0,LS85_s04a_sc00,LS85_4b.czi,0,LS85_s04b_sc00,315.5,-50287.3,7139.8
LS85_sec031,LS85,4,2,matched,LS85_4a.czi,1,LS85_s04a_sc01,LS85_4b.czi,1,LS85_s04b_sc01,1539.2,-50597.1,16758.3
LS85_sec032,LS85,4,3,matched,LS85_4a.czi,2,LS85_s04a_sc02,LS85_4b.czi,2,LS85_s04b_sc02,841.4,-41549.5,7772.9
LS85_sec033,LS85,4,4,matched,LS85_4a.czi,3,LS85_s04a_sc03,LS85_4b.czi,3,LS85_s04b_sc03,299.7,-42107.9,17429.8
LS85_sec034,LS85,4,5,matched,LS85_4a.czi,4,LS85_s04a_sc04,LS85_4b.czi,4,LS85_s04b_sc04,962.0,-34153.1,6536.6
LS85_sec035,LS85,4,6,matched,LS85_4a.czi,5,LS85_s04a_sc05,LS85_4b.czi,5,LS85_s04b_sc05,1400.9,-32415.3,17290.2
LS85_sec036,LS85,4,7,matched,LS85_4a.czi,6,LS85_s04a_sc06,LS85_4b.czi,6,LS85_s04b_sc06,1475.2,-23914.5,6736.1
LS85_sec037,LS85,4,8,matched,LS85_4a.czi,7,LS85_s04a_sc07,LS85_4b.czi,7,LS85_s04b_sc07,2071.6,-21720.3,18035.5
LS85_sec038,LS85,4,9,matched,LS85_4a.czi,8,LS85_s04a_sc08,LS85_4b.czi,8,LS85_s04b_sc08,604.2,-15989.1,7351.2
LS85_sec039,LS85,4,10,unmatched_AF488,,,,LS85_4b.czi,9,LS85_s04b_sc09,,-15470.4,17467.3
LS85_sec040,LS85,4,10,matched,LS85_4a.czi,9,LS85_s04a_sc09,LS85_4b.czi,11,LS85_s04b_sc11,2456.4,-9961.2,16999.0
LS85_sec041,LS85,4,11,matched,LS85_4a.czi,10,LS85_s04a_sc10,LS85_4b.czi,10,LS85_s04b_sc10,657.1,-6827.0,7968.3
LS85_sec042,LS85,5,1,matched,LS85_5a.czi,0,LS85_s05a_sc00,LS85_5b.czi,0,LS85_s05b_sc00,887.9,-51098.5,6608.0
LS85_sec043,LS85,5,2,matched,LS85_5a.czi,1,LS85_s05a_sc01,LS85_5b.czi,1,LS85_s05b_sc01,1489.5,-49573.7,16374.6
LS85_sec044,LS85,5,3,matched,LS85_5a.czi,2,LS85_s05a_sc02,LS85_5b.czi,2,LS85_s05b_sc02,671.0,-42079.8,6537.5
LS85_sec045,LS85,5,4,matched,LS85_5a.czi,3,LS85_s05a_sc03,LS85_5b.czi,3,LS85_s05b_sc03,412.5,-40571.2,16836.1
LS85_sec046,LS85,5,5,matched,LS85_5a.czi,4,LS85_s05a_sc04,LS85_5b.czi,4,LS85_s05b_sc04,610.5,-32193.4,6683.9
LS85_sec047,LS85,5,6,matched,LS85_5a.czi,5,LS85_s05a_sc05,LS85_5b.czi,5,LS85_s05b_sc05,635.5,-30351.2,17542.7
LS85_sec048,LS85,5,7,matched,LS85_5a.czi,6,LS85_s05a_sc06,LS85_5b.czi,6,LS85_s05b_sc06,1076.2,-21532.6,6704.7
LS85_sec049,LS85,5,8,matched,LS85_5a.czi,7,LS85_s05a_sc07,LS85_5b.czi,7,LS85_s05b_sc07,671.3,-20888.7,17526.1
LS85_sec050,LS85,5,9,matched,LS85_5a.czi,8,LS85_s05a_sc08,LS85_5b.czi,8,LS85_s05b_sc08,536.3,-11980.6,6673.7
LS85_sec051,LS85,5,10,matched,LS85_5a.czi,9,LS85_s05a_sc09,LS85_5b.czi,9,LS85_s05b_sc09,1332.9,-10544.3,16861.5
LS85_sec052,LS85,6,1,matched,LS85_6a.czi,0,LS85_s06a_sc00,LS85_6b.czi,0,LS85_s06b_sc00,836.1,-50308.2,7773.8
LS85_sec053,LS85,6,2,matched,LS85_6a.czi,1,LS85_s06a_sc01,LS85_6b.czi,1,LS85_s06b_sc01,730.9,-48199.8,17684.4
LS85_sec054,LS85,6,3,matched,LS85_6a.czi,2,LS85_s06a_sc02,LS85_6b.czi,2,LS85_s06b_sc02,1436.8,-40295.9,6350.0
LS85_sec055,LS85,6,4,unmatched_AF488,,,,LS85_6b.czi,3,LS85_s06b_sc03,,-40641.9,17100.9
LS85_sec056,LS85,6,4,matched,LS85_6a.czi,3,LS85_s06a_sc03,LS85_6b.czi,4,LS85_s06b_sc04,729.3,-30499.0,6334.6
LS85_sec057,LS85,6,5,matched,LS85_6a.czi,4,LS85_s06a_sc04,LS85_6b.czi,6,LS85_s06b_sc06,396.1,-20789.5,5631.6
LS85_sec058,LS85,6,6,unmatched_AF488,,,,LS85_6b.czi,5,LS85_s06b_sc05,,-31126.6,16096.1
LS85_sec059,LS85,6,6,matched,LS85_6a.czi,5,LS85_s06a_sc05,LS85_6b.czi,7,LS85_s06b_sc07,174.7,-18981.9,16775.6
LS85_sec060,LS85,6,7,matched,LS85_6a.czi,6,LS85_s06a_sc06,LS85_6b.czi,8,LS85_s06b_sc08,933.0,-10286.4,6553.1
LS85_sec061,LS85,6,8,matched,LS85_6a.czi,7,LS85_s06a_sc07,LS85_6b.czi,9,LS85_s06b_sc09,575.4,-10154.9,17335.7
LS85_sec062,LS85,7,1,matched,LS85_7a.czi,0,LS85_s07a_sc00,LS85_7c.czi,0,LS85_s07c_sc00,491.4,-50871.9,7596.9
LS85_sec063,LS85,7,2,matched,LS85_7a.czi,1,LS85_s07a_sc01,LS85_7c.czi,1,LS85_s07c_sc01,436.7,-49169.7,17716.7
LS85_sec064,LS85,7,3,matched,LS85_7a.czi,2,LS85_s07a_sc02,LS85_7c.czi,2,LS85_s07c_sc02,419.5,-41478.7,6805.8
LS85_sec065,LS85,7,4,matched,LS85_7a.czi,3,LS85_s07a_sc03,LS85_7c.czi,3,LS85_s07c_sc03,1055.3,-39018.7,16663.2
LS85_sec066,LS85,7,5,matched,LS85_7a.czi,4,LS85_s07a_sc04,LS85_7c.czi,4,LS85_s07c_sc04,326.8,-31663.6,5839.6
LS85_sec067,LS85,7,6,matched,LS85_7a.czi,5,LS85_s07a_sc05,LS85_7c.czi,5,LS85_s07c_sc05,554.1,-30455.2,16045.9
LS85_sec068,LS85,7,7,matched,LS85_7a.czi,6,LS85_s07a_sc06,LS85_7c.czi,6,LS85_s07c_sc06,429.4,-20911.2,5911.8
LS85_sec069,LS85,7,8,matched,LS85_7a.czi,7,LS85_s07a_sc07,LS85_7c.czi,7,LS85_s07c_sc07,931.7,-19953.2,16845.2
LS85_sec070,LS85,7,9,matched,LS85_7a.czi,8,LS85_s07a_sc08,LS85_7c.czi,8,LS85_s07c_sc08,1089.2,-10216.7,6006.9
LS85_sec071,LS85,7,10,matched,LS85_7a.czi,9,LS85_s07a_sc09,LS85_7c.czi,9,LS85_s07c_sc09,1630.9,-9573.0,16918.2
LS85_sec072,LS85,8,1,matched,LS85_8a.czi,0,LS85_s08a_sc00,LS85_8b.czi,0,LS85_s08b_sc00,1358.0,-50747.1,7050.2
LS85_sec073,LS85,8,2,matched,LS85_8a.czi,1,LS85_s08a_sc01,LS85_8b.czi,1,LS85_s08b_sc01,762.5,-50280.5,17076.2
LS85_sec074,LS85,8,3,matched,LS85_8a.czi,2,LS85_s08a_sc02,LS85_8b.czi,2,LS85_s08b_sc02,1447.7,-40826.0,5889.8
LS85_sec075,LS85,8,4,matched,LS85_8a.czi,3,LS85_s08a_sc03,LS85_8b.czi,3,LS85_s08b_sc03,194.8,-37904.4,15340.7
LS85_sec076,LS85,8,5,matched,LS85_8a.czi,4,LS85_s08a_sc04,LS85_8b.czi,4,LS85_s08b_sc04,1686.3,-32406.4,6717.1
LS85_sec077,LS85,8,6,matched,LS85_8a.czi,5,LS85_s08a_sc05,LS85_8b.czi,5,LS85_s08b_sc05,1136.0,-30069.4,16838.3
LS85_sec078,LS85,8,7,matched,LS85_8a.czi,6,LS85_s08a_sc06,LS85_8b.czi,6,LS85_s08b_sc06,1406.2,-21883.3,5136.2
LS85_sec079,LS85,8,8,matched,LS85_8a.czi,7,LS85_s08a_sc07,LS85_8b.czi,7,LS85_s08b_sc07,1833.3,-18453.8,16421.3
LS85_sec080,LS85,8,9,matched,LS85_8a.czi,8,LS85_s08a_sc08,LS85_8b.czi,8,LS85_s08b_sc08,1779.6,-11646.3,6091.6
LS85_sec081,LS85,8,10,matched,LS85_8a.czi,9,LS85_s08a_sc09,LS85_8b.czi,9,LS85_s08b_sc09,1728.9,-9042.3,14873.9
LS85_sec082,LS85,9,1,matched,LS85_9a.czi,0,LS85_s09a_sc00,LS85_9b.czi,0,LS85_s09b_sc00,1836.2,-50253.3,7175.5
LS85_sec083,LS85,9,2,matched,LS85_9a.czi,1,LS85_s09a_sc01,LS85_9b.czi,1,LS85_s09b_sc01,608.3,-49115.2,16484.4
LS85_sec084,LS85,9,3,matched,LS85_9a.czi,2,LS85_s09a_sc02,LS85_9b.czi,2,LS85_s09b_sc02,883.7,-41107.9,6348.2
LS85_sec085,LS85,9,4,matched,LS85_9a.czi,3,LS85_s09a_sc03,LS85_9b.czi,3,LS85_s09b_sc03,938.4,-39582.3,16061.6
LS85_sec086,LS85,9,5,matched,LS85_9a.czi,4,LS85_s09a_sc04,LS85_9b.czi,4,LS85_s09b_sc04,650.7,-33817.5,6679.0
LS85_sec087,LS85,9,6,matched,LS85_9a.czi,5,LS85_s09a_sc05,LS85_9b.czi,5,LS85_s09b_sc05,1194.8,-30986.5,16711.0
LS85_sec088,LS85,9,7,matched,LS85_9a.czi,6,LS85_s09a_sc06,LS85_9b.czi,6,LS85_s09b_sc06,1485.6,-24850.0,6013.0
LS85_sec089,LS85,9,8,matched,LS85_9a.czi,7,LS85_s09a_sc07,LS85_9b.czi,7,LS85_s09b_sc07,1215.0,-22106.2,16429.8
LS85_sec090,LS85,9,9,matched,LS85_9a.czi,8,LS85_s09a_sc08,LS85_9b.czi,8,LS85_s09b_sc08,855.8,-16890.0,6082.3
LS85_sec091,LS85,9,10,matched,LS85_9a.czi,9,LS85_s09a_sc09,LS85_9b.czi,9,LS85_s09b_sc09,758.8,-14005.0,17188.0
LS85_sec092,LS85,9,11,matched,LS85_9a.czi,10,LS85_s09a_sc10,LS85_9b.czi,10,LS85_s09b_sc10,2246.0,-9737.9,5742.8
LS85_sec093,LS85,9,12,matched,LS85_9a.czi,11,LS85_s09a_sc11,LS85_9b.czi,11,LS85_s09b_sc11,1766.3,-5862.6,14438.6
LS85_sec094,LS85,10,1,matched,LS85_10a.czi,0,LS85_s10a_sc00,LS85_10b.czi,0,LS85_s10b_sc00,470.9,-51047.7,7346.1
LS85_sec095,LS85,10,2,matched,LS85_10a.czi,1,LS85_s10a_sc01,LS85_10b.czi,1,LS85_s10b_sc01,731.1,-51606.0,17835.5
LS85_sec096,LS85,10,3,matched,LS85_10a.czi,2,LS85_s10a_sc02,LS85_10b.czi,2,LS85_s10b_sc02,887.4,-42028.4,7971.1
LS85_sec097,LS85,10,4,matched,LS85_10a.czi,3,LS85_s10a_sc03,LS85_10b.czi,3,LS85_s10b_sc03,678.6,-42071.8,17009.2
LS85_sec098,LS85,10,5,matched,LS85_10a.czi,4,LS85_s10a_sc04,LS85_10b.czi,4,LS85_s10b_sc04,474.2,-33059.0,7597.3
LS85_sec099,LS85,10,6,matched,LS85_10a.czi,5,LS85_s10a_sc05,LS85_10b.czi,5,LS85_s10b_sc05,1415.6,-32556.8,16392.4
LS85_sec100,LS85,10,7,matched,LS85_10a.czi,6,LS85_s10a_sc06,LS85_10b.czi,6,LS85_s10b_sc06,75.8,-22767.1,6545.4
LS85_sec101,LS85,10,8,matched,LS85_10a.czi,7,LS85_s10a_sc07,LS85_10b.czi,7,LS85_s10b_sc07,1080.8,-21875.5,15200.1
LS85_sec102,LS85,10,9,matched,LS85_10a.czi,8,LS85_s10a_sc08,LS85_10b.czi,8,LS85_s10b_sc08,528.0,-13905.5,6899.2
LS85_sec103,LS85,10,10,matched,LS85_10a.czi,9,LS85_s10a_sc09,LS85_10b.czi,9,LS85_s10b_sc09,801.2,-11761.7,15976.9
LS87_sec001,LS87,1,1,matched,LS87_1a.czi,0,LS87_s01a_sc00,LS87_1b.czi,0,LS87_s01b_sc00,1951.2,-51520.2,3663.8
LS87_sec002,LS87,1,2,matched,LS87_1a.czi,1,LS87_s01a_sc01,LS87_1b.czi,1,LS87_s01b_sc01,2150.9,-53047.8,12578.0
LS87_sec003,LS87,1,3,matched,LS87_1a.czi,2,LS87_s01a_sc02,LS87_1b.czi,2,LS87_s01b_sc02,1625.2,-51940.7,18184.3
LS87_sec004,LS87,1,4,matched,LS87_1a.czi,3,LS87_s01a_sc03,LS87_1b.czi,3,LS87_s01b_sc03,1519.0,-44760.3,4434.0
LS87_sec005,LS87,1,5,matched,LS87_1a.czi,4,LS87_s01a_sc04,LS87_1b.czi,4,LS87_s01b_sc04,1184.8,-45368.2,11450.6
LS87_sec006,LS87,1,6,matched,LS87_1a.czi,5,LS87_s01a_sc05,LS87_1b.czi,5,LS87_s01b_sc05,1999.4,-44739.2,18833.7
LS87_sec007,LS87,1,7,matched,LS87_1a.czi,6,LS87_s01a_sc06,LS87_1b.czi,6,LS87_s01b_sc06,257.4,-37381.2,4032.1
LS87_sec008,LS87,1,8,matched,LS87_1a.czi,7,LS87_s01a_sc07,LS87_1b.czi,7,LS87_s01b_sc07,672.6,-37229.8,11393.4
LS87_sec009,LS87,1,9,matched,LS87_1a.czi,8,LS87_s01a_sc08,LS87_1b.czi,8,LS87_s01b_sc08,1314.9,-35347.6,18060.3
LS87_sec010,LS87,1,10,matched,LS87_1a.czi,9,LS87_s01a_sc09,LS87_1b.czi,9,LS87_s01b_sc09,496.2,-29402.5,4981.1
LS87_sec011,LS87,1,11,matched,LS87_1a.czi,10,LS87_s01a_sc10,LS87_1b.czi,10,LS87_s01b_sc10,515.5,-29462.2,11729.7
LS87_sec012,LS87,1,12,matched,LS87_1a.czi,11,LS87_s01a_sc11,LS87_1b.czi,11,LS87_s01b_sc11,702.8,-28780.2,18178.4
LS87_sec013,LS87,1,13,matched,LS87_1a.czi,12,LS87_s01a_sc12,LS87_1b.czi,12,LS87_s01b_sc12,2525.4,-20576.8,4610.9
LS87_sec014,LS87,1,14,matched,LS87_1a.czi,13,LS87_s01a_sc13,LS87_1b.czi,13,LS87_s01b_sc13,1782.0,-20989.4,12240.0
LS87_sec015,LS87,1,15,unmatched_AF488,,,,LS87_1b.czi,14,LS87_s01b_sc14,,-22372.9,18651.8
LS87_sec016,LS87,1,15,matched,LS87_1a.czi,14,LS87_s01a_sc14,LS87_1b.czi,15,LS87_s01b_sc15,1214.5,-13072.9,3870.4
LS87_sec017,LS87,1,16,matched,LS87_1a.czi,15,LS87_s01a_sc15,LS87_1b.czi,16,LS87_s01b_sc16,2023.8,-12515.2,11043.6
LS87_sec018,LS87,1,17,matched,LS87_1a.czi,16,LS87_s01a_sc16,LS87_1b.czi,17,LS87_s01b_sc17,1946.9,-11851.1,17368.6
LS87_sec019,LS87,1,18,matched,LS87_1a.czi,17,LS87_s01a_sc17,LS87_1b.czi,18,LS87_s01b_sc18,948.0,-6545.7,8851.7
LS87_sec020,LS87,1,20,unmatched_AF488,,,,LS87_1b.czi,19,LS87_s01b_sc19,,-7578.4,15950.1
LS87_sec021,LS87,2,1,matched,LS87_2a.czi,0,LS87_s02a_sc00,LS87_2b.czi,0,LS87_s02b_sc00,436.0,-50836.1,6697.9
LS87_sec022,LS87,2,2,unmatched_AF488,,,,LS87_2b.czi,1,LS87_s02b_sc01,,-51142.6,15068.2
LS87_sec023,LS87,2,2,matched,LS87_2a.czi,1,LS87_s02a_sc01,LS87_2b.czi,2,LS87_s02b_sc02,1086.0,-43086.3,6925.2
LS87_sec024,LS87,2,3,matched,LS87_2a.czi,2,LS87_s02a_sc02,LS87_2b.czi,3,LS87_s02b_sc03,546.0,-43462.7,13496.3
LS87_sec025,LS87,2,4,matched,LS87_2a.czi,3,LS87_s02a_sc03,LS87_2b.czi,4,LS87_s02b_sc04,527.9,-42075.2,20056.4
LS87_sec026,LS87,2,5,matched,LS87_2a.czi,4,LS87_s02a_sc04,LS87_2b.czi,5,LS87_s02b_sc05,212.8,-35690.2,6940.6
LS87_sec027,LS87,2,6,matched,LS87_2a.czi,5,LS87_s02a_sc05,LS87_2b.czi,7,LS87_s02b_sc07,974.0,-27676.4,8259.4
LS87_sec028,LS87,2,7,unmatched_AF488,,,,LS87_2b.czi,6,LS87_s02b_sc06,,-34905.8,17480.0
LS87_sec029,LS87,2,7,matched,LS87_2a.czi,6,LS87_s02a_sc06,LS87_2b.czi,8,LS87_s02b_sc08,370.2,-26642.1,16511.0
LS87_sec030,LS87,2,8,matched,LS87_2a.czi,7,LS87_s02a_sc07,LS87_2b.czi,9,LS87_s02b_sc09,1023.1,-19519.7,6692.7
LS87_sec031,LS87,2,9,matched,LS87_2a.czi,8,LS87_s02a_sc08,LS87_2b.czi,10,LS87_s02b_sc10,1758.4,-17392.5,16178.0
LS87_sec032,LS87,2,10,matched,LS87_2a.czi,9,LS87_s02a_sc09,LS87_2b.czi,11,LS87_s02b_sc11,854.8,-8468.1,7210.1
LS87_sec033,LS87,2,11,matched,LS87_2a.czi,10,LS87_s02a_sc10,LS87_2b.czi,12,LS87_s02b_sc12,1667.4,-7171.9,16551.2
LS87_sec034,LS87,3,1,unmatched_AF488,,,,LS87_3b.czi,0,LS87_s03b_sc00,,-52351.8,5919.4
LS87_sec035,LS87,3,1,matched,LS87_3a.czi,0,LS87_s03a_sc00,LS87_3b.czi,2,LS87_s03b_sc02,571.4,-43049.7,6817.6
LS87_sec036,LS87,3,2,unmatched_AF488,,,,LS87_3b.czi,1,LS87_s03b_sc01,,-51919.5,16600.5
LS87_sec037,LS87,3,2,matched,LS87_3a.czi,1,LS87_s03a_sc01,LS87_3b.czi,3,LS87_s03b_sc03,1297.6,-42371.4,16319.8
LS87_sec038,LS87,3,3,matched,LS87_3a.czi,2,LS87_s03a_sc02,LS87_3b.czi,4,LS87_s03b_sc04,495.0,-34083.4,7275.5
LS87_sec039,LS87,3,4,matched,LS87_3a.czi,3,LS87_s03a_sc03,LS87_3b.czi,5,LS87_s03b_sc05,1360.9,-34428.7,17674.2
LS87_sec040,LS87,3,5,matched,LS87_3a.czi,4,LS87_s03a_sc04,LS87_3b.czi,6,LS87_s03b_sc06,894.5,-24991.8,7192.9
LS87_sec041,LS87,3,6,matched,LS87_3a.czi,5,LS87_s03a_sc05,LS87_3b.czi,7,LS87_s03b_sc07,71.3,-24295.7,17555.6
LS87_sec042,LS87,3,7,matched,LS87_3a.czi,6,LS87_s03a_sc06,LS87_3b.czi,8,LS87_s03b_sc08,842.2,-16870.1,7648.8
LS87_sec043,LS87,3,8,matched,LS87_3a.czi,7,LS87_s03a_sc07,LS87_3b.czi,9,LS87_s03b_sc09,526.0,-14659.4,18438.2
LS87_sec044,LS87,3,9,matched,LS87_3a.czi,8,LS87_s03a_sc08,LS87_3b.czi,10,LS87_s03b_sc10,1225.1,-7797.6,7771.7
LS87_sec045,LS87,4,1,matched,LS87_4a.czi,0,LS87_s04a_sc00,LS87_4b.czi,0,LS87_s04b_sc00,847.0,-50767.1,7334.1
LS87_sec046,LS87,4,2,matched,LS87_4a.czi,1,LS87_s04a_sc01,LS87_4b.czi,1,LS87_s04b_sc01,2605.7,-51785.5,18790.9
LS87_sec047,LS87,4,3,matched,LS87_4a.czi,2,LS87_s04a_sc02,LS87_4b.czi,2,LS87_s04b_sc02,838.0,-40985.8,7317.3
LS87_sec048,LS87,4,4,matched,LS87_4a.czi,3,LS87_s04a_sc03,LS87_4b.czi,3,LS87_s04b_sc03,490.2,-41365.4,17182.4
LS87_sec049,LS87,4,5,matched,LS87_4a.czi,4,LS87_s04a_sc04,LS87_4b.czi,4,LS87_s04b_sc04,888.4,-30781.4,6441.5
LS87_sec050,LS87,4,6,matched,LS87_4a.czi,5,LS87_s04a_sc05,LS87_4b.czi,5,LS87_s04b_sc05,1950.2,-29344.8,17282.3
LS87_sec051,LS87,4,7,matched,LS87_4a.czi,6,LS87_s04a_sc06,LS87_4b.czi,6,LS87_s04b_sc06,1160.9,-22447.0,6687.3
LS87_sec052,LS87,4,8,matched,LS87_4a.czi,7,LS87_s04a_sc07,LS87_4b.czi,7,LS87_s04b_sc07,1185.7,-20763.5,17352.1
LS87_sec053,LS87,4,9,matched,LS87_4a.czi,8,LS87_s04a_sc08,LS87_4b.czi,8,LS87_s04b_sc08,397.1,-13306.3,7215.5
LS87_sec054,LS87,4,10,matched,LS87_4a.czi,9,LS87_s04a_sc09,LS87_4b.czi,9,LS87_s04b_sc09,203.8,-12168.1,17952.8
LS87_sec055,LS87,5,1,matched,LS87_5a.czi,0,LS87_s05a_sc00,LS87_5b.czi,0,LS87_s05b_sc00,1014.5,-51466.1,6589.4
LS87_sec056,LS87,5,2,matched,LS87_5a.czi,1,LS87_s05a_sc01,LS87_5b.czi,1,LS87_s05b_sc01,1226.8,-51429.2,17850.7
LS87_sec057,LS87,5,3,matched,LS87_5a.czi,2,LS87_s05a_sc02,LS87_5b.czi,2,LS87_s05b_sc02,369.7,-41604.1,6751.8
LS87_sec058,LS87,5,4,matched,LS87_5a.czi,3,LS87_s05a_sc03,LS87_5b.czi,3,LS87_s05b_sc03,295.5,-42071.0,17290.0
LS87_sec059,LS87,5,5,matched,LS87_5a.czi,4,LS87_s05a_sc04,LS87_5b.czi,4,LS87_s05b_sc04,370.0,-31221.6,6562.4
LS87_sec060,LS87,5,6,matched,LS87_5a.czi,5,LS87_s05a_sc05,LS87_5b.czi,5,LS87_s05b_sc05,1649.7,-33211.0,17537.1
LS87_sec061,LS87,5,7,matched,LS87_5a.czi,6,LS87_s05a_sc06,LS87_5b.czi,6,LS87_s05b_sc06,1307.0,-21462.0,6298.2
LS87_sec062,LS87,5,8,matched,LS87_5a.czi,7,LS87_s05a_sc07,LS87_5b.czi,7,LS87_s05b_sc07,612.6,-22424.4,16677.2
LS87_sec063,LS87,5,9,matched,LS87_5a.czi,8,LS87_s05a_sc08,LS87_5b.czi,8,LS87_s05b_sc08,237.6,-13287.6,6843.5
LS87_sec064,LS87,5,10,matched,LS87_5a.czi,9,LS87_s05a_sc09,LS87_5b.czi,9,LS87_s05b_sc09,516.1,-13739.1,16746.4
LS87_sec065,LS87,5,11,matched,LS87_5a.czi,10,LS87_s05a_sc10,LS87_5b.czi,10,LS87_s05b_sc10,166.0,-5279.9,12817.5
LS87_sec066,LS87,6,1,matched,LS87_6a.czi,0,LS87_s06a_sc00,LS87_6b.czi,0,LS87_s06b_sc00,1606.6,-51807.8,6852.9
LS87_sec067,LS87,6,2,matched,LS87_6a.czi,1,LS87_s06a_sc01,LS87_6b.czi,1,LS87_s06b_sc01,969.8,-51851.1,17005.6
LS87_sec068,LS87,6,3,matched,LS87_6a.czi,2,LS87_s06a_sc02,LS87_6b.czi,2,LS87_s06b_sc02,566.1,-42891.9,6433.2
LS87_sec069,LS87,6,4,matched,LS87_6a.czi,3,LS87_s06a_sc03,LS87_6b.czi,3,LS87_s06b_sc03,1107.6,-42970.6,16087.2
LS87_sec070,LS87,6,5,matched,LS87_6a.czi,4,LS87_s06a_sc04,LS87_6b.czi,4,LS87_s06b_sc04,1020.7,-35337.8,6483.9
LS87_sec071,LS87,6,6,matched,LS87_6a.czi,5,LS87_s06a_sc05,LS87_6b.czi,5,LS87_s06b_sc05,185.3,-34746.4,17074.0
LS87_sec072,LS87,6,7,matched,LS87_6a.czi,6,LS87_s06a_sc06,LS87_6b.czi,6,LS87_s06b_sc06,2578.9,-26685.3,5603.0
LS87_sec073,LS87,6,8,matched,LS87_6a.czi,7,LS87_s06a_sc07,LS87_6b.czi,7,LS87_s06b_sc07,1268.1,-26273.5,16705.1
LS87_sec074,LS87,6,9,matched,LS87_6a.czi,8,LS87_s06a_sc08,LS87_6b.czi,8,LS87_s06b_sc08,3050.5,-17487.5,6132.2
LS87_sec075,LS87,6,10,matched,LS87_6a.czi,9,LS87_s06a_sc09,LS87_6b.czi,9,LS87_s06b_sc09,1472.0,-17375.0,16528.8
LS87_sec076,LS87,6,11,matched,LS87_6a.czi,10,LS87_s06a_sc10,LS87_6b.czi,10,LS87_s06b_sc10,624.0,-8132.8,6575.1
LS87_sec077,LS87,6,12,matched,LS87_6a.czi,11,LS87_s06a_sc11,LS87_6b.czi,11,LS87_s06b_sc11,1671.2,-7949.0,16777.5
LS87_sec078,LS87,7,1,matched,LS87_7a.czi,0,LS87_s07a_sc00,LS87_7b.czi,0,LS87_s07b_sc00,1333.9,-50341.5,7157.6
LS87_sec079,LS87,7,2,matched,LS87_7a.czi,1,LS87_s07a_sc01,LS87_7b.czi,1,LS87_s07b_sc01,1733.3,-50690.6,17130.2
LS87_sec080,LS87,7,3,matched,LS87_7a.czi,2,LS87_s07a_sc02,LS87_7b.czi,2,LS87_s07b_sc02,836.9,-42290.4,5974.0
LS87_sec081,LS87,7,4,matched,LS87_7a.czi,3,LS87_s07a_sc03,LS87_7b.czi,3,LS87_s07b_sc03,2788.1,-41761.8,16254.9
LS87_sec082,LS87,7,5,matched,LS87_7a.czi,4,LS87_s07a_sc04,LS87_7b.czi,4,LS87_s07b_sc04,910.2,-32688.0,6523.9
LS87_sec083,LS87,7,6,matched,LS87_7a.czi,5,LS87_s07a_sc05,LS87_7b.czi,5,LS87_s07b_sc05,698.1,-31763.6,16586.9
LS87_sec084,LS87,7,7,unmatched_AF568,LS87_7a.czi,6,LS87_s07a_sc06,,,,,-28262.8,12455.4
LS87_sec085,LS87,7,8,matched,LS87_7a.czi,7,LS87_s07a_sc07,LS87_7b.czi,6,LS87_s07b_sc06,1028.6,-24590.0,6401.4
LS87_sec086,LS87,7,9,matched,LS87_7a.czi,8,LS87_s07a_sc08,LS87_7b.czi,7,LS87_s07b_sc07,1611.1,-22918.3,15901.3
LS87_sec087,LS87,7,10,matched,LS87_7a.czi,9,LS87_s07a_sc09,LS87_7b.czi,8,LS87_s07b_sc08,1231.7,-16699.8,6578.4
LS87_sec088,LS87,7,11,matched,LS87_7a.czi,10,LS87_s07a_sc10,LS87_7b.czi,9,LS87_s07b_sc09,1514.5,-13032.1,16805.0
LS87_sec089,LS87,7,12,matched,LS87_7a.czi,11,LS87_s07a_sc11,LS87_7b.czi,10,LS87_s07b_sc10,1861.4,-8963.3,7064.6
LS87_sec090,LS87,7,13,unmatched_AF568,LS87_7a.czi,12,LS87_s07a_sc12,,,,,-5300.4,16890.5
LS87_sec091,LS87,8,1,matched,LS87_8a.czi,0,LS87_s08a_sc00,LS87_8b.czi,0,LS87_s08b_sc00,312.5,-51664.3,5622.3
LS87_sec092,LS87,8,2,matched,LS87_8a.czi,1,LS87_s08a_sc01,LS87_8b.czi,1,LS87_s08b_sc01,2074.2,-50277.7,14188.6
LS87_sec093,LS87,8,3,matched,LS87_8a.czi,2,LS87_s08a_sc02,LS87_8b.czi,2,LS87_s08b_sc02,786.4,-43809.9,6798.9
LS87_sec094,LS87,8,4,matched,LS87_8a.czi,3,LS87_s08a_sc03,LS87_8b.czi,3,LS87_s08b_sc03,848.4,-43289.7,16244.8
LS87_sec095,LS87,8,5,matched,LS87_8a.czi,4,LS87_s08a_sc04,LS87_8b.czi,4,LS87_s08b_sc04,654.3,-35477.1,6008.6
LS87_sec096,LS87,8,6,matched,LS87_8a.czi,5,LS87_s08a_sc05,LS87_8b.czi,5,LS87_s08b_sc05,614.4,-34143.3,14787.2
LS87_sec097,LS87,8,7,matched,LS87_8a.czi,6,LS87_s08a_sc06,LS87_8b.czi,6,LS87_s08b_sc06,735.2,-25942.2,5869.8
LS87_sec098,LS87,8,8,matched,LS87_8a.czi,7,LS87_s08a_sc07,LS87_8b.czi,7,LS87_s08b_sc07,788.9,-26006.1,15295.6
LS87_sec099,LS87,8,9,matched,LS87_8a.czi,8,LS87_s08a_sc08,LS87_8b.czi,8,LS87_s08b_sc08,714.8,-16604.3,5959.2
LS87_sec100,LS87,8,10,matched,LS87_8a.czi,9,LS87_s08a_sc09,LS87_8b.czi,9,LS87_s08b_sc09,557.0,-16845.3,15897.3
LS87_sec101,LS87,8,11,matched,LS87_8a.czi,10,LS87_s08a_sc10,LS87_8b.czi,10,LS87_s08b_sc10,585.7,-8541.7,8035.4
LS87_sec102,LS87,8,12,matched,LS87_8a.czi,11,LS87_s08a_sc11,LS87_8b.czi,11,LS87_s08b_sc11,824.9,-8213.7,17056.4
LS87_sec103,LS87,9,1,matched,LS87_9a.czi,0,LS87_s09a_sc00,LS87_9b.czi,0,LS87_s09b_sc00,585.6,-51453.8,7032.2
LS87_sec104,LS87,9,2,matched,LS87_9a.czi,1,LS87_s09a_sc01,LS87_9b.czi,1,LS87_s09b_sc01,2163.9,-50139.6,16884.1
LS87_sec105,LS87,9,3,matched,LS87_9a.czi,2,LS87_s09a_sc02,LS87_9b.czi,2,LS87_s09b_sc02,216.4,-42080.8,7776.4
LS87_sec106,LS87,9,4,matched,LS87_9a.czi,3,LS87_s09a_sc03,LS87_9b.czi,3,LS87_s09b_sc03,673.3,-41134.7,16090.6
LS87_sec107,LS87,9,5,matched,LS87_9a.czi,4,LS87_s09a_sc04,LS87_9b.czi,4,LS87_s09b_sc04,1474.9,-32705.7,6894.2
LS87_sec108,LS87,9,6,matched,LS87_9a.czi,5,LS87_s09a_sc05,LS87_9b.czi,5,LS87_s09b_sc05,1343.6,-32168.4,16060.6
LS87_sec109,LS87,9,7,matched,LS87_9a.czi,6,LS87_s09a_sc06,LS87_9b.czi,6,LS87_s09b_sc06,1095.4,-22133.8,7689.8
LS87_sec110,LS87,9,8,matched,LS87_9a.czi,7,LS87_s09a_sc07,LS87_9b.czi,7,LS87_s09b_sc07,1057.0,-22513.0,16991.4
LS87_sec111,LS87,9,9,matched,LS87_9a.czi,8,LS87_s09a_sc08,LS87_9b.czi,8,LS87_s09b_sc08,781.4,-10870.8,7360.6
LS87_sec112,LS87,9,10,matched,LS87_9a.czi,9,LS87_s09a_sc09,LS87_9b.czi,9,LS87_s09b_sc09,1449.0,-11073.7,16244.4
LS105_sec001,LS105,1,1,matched,LS105_1a.czi,0,LS105_s01a_sc00,LS105_1b.czi,0,LS105_s01b_sc00,1791.6,-51063.9,6309.6
LS105_sec002,LS105,1,2,matched,LS105_1a.czi,1,LS105_s01a_sc01,LS105_1b.czi,1,LS105_s01b_sc01,2247.5,-51636.2,14326.3
LS105_sec003,LS105,1,3,unmatched_AF488,,,,LS105_1b.czi,2,LS105_s01b_sc02,,-51359.6,19367.7
LS105_sec004,LS105,1,3,matched,LS105_1a.czi,2,LS105_s01a_sc02,LS105_1b.czi,3,LS105_s01b_sc03,1346.6,-44481.4,7117.1
LS105_sec005,LS105,1,4,matched,LS105_1a.czi,3,LS105_s01a_sc03,LS105_1b.czi,4,LS105_s01b_sc04,1660.1,-44541.7,15080.9
LS105_sec006,LS105,1,5,matched,LS105_1a.czi,4,LS105_s01a_sc04,LS105_1b.czi,5,LS105_s01b_sc05,183.9,-37278.3,7642.1
LS105_sec007,LS105,1,6,matched,LS105_1a.czi,5,LS105_s01a_sc05,LS105_1b.czi,6,LS105_s01b_sc06,112.1,-37499.9,16328.8
LS105_sec008,LS105,1,7,matched,LS105_1a.czi,6,LS105_s01a_sc06,LS105_1b.czi,7,LS105_s01b_sc07,846.3,-29811.1,7779.9
LS105_sec009,LS105,1,8,matched,LS105_1a.czi,7,LS105_s01a_sc07,LS105_1b.czi,8,LS105_s01b_sc08,1512.6,-30437.8,16026.0
LS105_sec010,LS105,1,9,matched,LS105_1a.czi,8,LS105_s01a_sc08,LS105_1b.czi,9,LS105_s01b_sc09,581.6,-22468.8,7849.0
LS105_sec011,LS105,1,10,matched,LS105_1a.czi,9,LS105_s01a_sc09,LS105_1b.czi,10,LS105_s01b_sc10,409.2,-23466.0,16726.7
LS105_sec012,LS105,1,11,matched,LS105_1a.czi,10,LS105_s01a_sc10,LS105_1b.czi,11,LS105_s01b_sc11,2441.7,-13145.1,7216.5
LS105_sec013,LS105,1,12,matched,LS105_1a.czi,11,LS105_s01a_sc11,LS105_1b.czi,12,LS105_s01b_sc12,649.5,-15009.8,16444.4
LS105_sec014,LS105,1,13,matched,LS105_1a.czi,12,LS105_s01a_sc12,LS105_1b.czi,14,LS105_s01b_sc14,2287.9,-8372.9,17233.2
LS105_sec015,LS105,1,14,matched,LS105_1a.czi,13,LS105_s01a_sc13,LS105_1b.czi,13,LS105_s01b_sc13,2455.6,-4710.3,7954.6
LS105_sec016,LS105,2,1,matched,LS105_2a.czi,0,LS105_s02a_sc00,LS105_2b.czi,0,LS105_s02b_sc00,1196.5,-50571.4,6590.4
LS105_sec017,LS105,2,2,matched,LS105_2a.czi,1,LS105_s02a_sc01,LS105_2b.czi,1,LS105_s02b_sc01,862.4,-49822.7,16815.1
LS105_sec018,LS105,2,3,matched,LS105_2a.czi,2,LS105_s02a_sc02,LS105_2b.czi,2,LS105_s02b_sc02,849.9,-43192.0,6216.3
LS105_sec019,LS105,2,4,matched,LS105_2a.czi,3,LS105_s02a_sc03,LS105_2b.czi,3,LS105_s02b_sc03,1081.1,-42599.9,15736.6
LS105_sec020,LS105,2,5,matched,LS105_2a.czi,4,LS105_s02a_sc04,LS105_2b.czi,4,LS105_s02b_sc04,991.5,-35474.8,6394.6
LS105_sec021,LS105,2,6,matched,LS105_2a.czi,5,LS105_s02a_sc05,LS105_2b.czi,5,LS105_s02b_sc05,1031.2,-35151.8,17407.2
LS105_sec022,LS105,2,7,matched,LS105_2a.czi,6,LS105_s02a_sc06,LS105_2b.czi,6,LS105_s02b_sc06,2566.2,-26262.6,7329.0
LS105_sec023,LS105,2,8,matched,LS105_2a.czi,7,LS105_s02a_sc07,LS105_2b.czi,7,LS105_s02b_sc07,1505.9,-25337.5,15774.0
LS105_sec024,LS105,2,9,matched,LS105_2a.czi,8,LS105_s02a_sc08,LS105_2b.czi,8,LS105_s02b_sc08,1425.8,-18052.3,6128.8
LS105_sec025,LS105,2,10,matched,LS105_2a.czi,9,LS105_s02a_sc09,LS105_2b.czi,9,LS105_s02b_sc09,1684.1,-19227.1,15166.4
LS105_sec026,LS105,2,11,matched,LS105_2a.czi,10,LS105_s02a_sc10,LS105_2b.czi,10,LS105_s02b_sc10,1923.1,-10621.4,7170.1
LS105_sec027,LS105,2,12,matched,LS105_2a.czi,11,LS105_s02a_sc11,LS105_2b.czi,11,LS105_s02b_sc11,1063.8,-9113.2,16334.6
LS105_sec028,LS105,3,1,matched,LS105_3a.czi,0,LS105_s03a_sc00,LS105_3b.czi,0,LS105_s03b_sc00,643.1,-50976.3,7895.8
LS105_sec029,LS105,3,2,matched,LS105_3a.czi,1,LS105_s03a_sc01,LS105_3b.czi,1,LS105_s03b_sc01,379.5,-50493.1,18064.2
LS105_sec030,LS105,3,3,matched,LS105_3a.czi,2,LS105_s03a_sc02,LS105_3b.czi,2,LS105_s03b_sc02,1389.9,-44323.1,7573.0
LS105_sec031,LS105,3,4,matched,LS105_3a.czi,3,LS105_s03a_sc03,LS105_3b.czi,3,LS105_s03b_sc03,1057.9,-42072.0,16283.3
LS105_sec032,LS105,3,5,matched,LS105_3a.czi,4,LS105_s03a_sc04,LS105_3b.czi,4,LS105_s03b_sc04,1410.2,-36536.9,7360.6
LS105_sec033,LS105,3,6,matched,LS105_3a.czi,5,LS105_s03a_sc05,LS105_3b.czi,5,LS105_s03b_sc05,1278.3,-34728.6,17321.8
LS105_sec034,LS105,3,7,matched,LS105_3a.czi,6,LS105_s03a_sc06,LS105_3b.czi,6,LS105_s03b_sc06,2103.2,-29208.6,5931.9
LS105_sec035,LS105,3,8,matched,LS105_3a.czi,7,LS105_s03a_sc07,LS105_3b.czi,7,LS105_s03b_sc07,1549.2,-25724.8,15561.0
LS105_sec036,LS105,3,9,matched,LS105_3a.czi,8,LS105_s03a_sc08,LS105_3b.czi,8,LS105_s03b_sc08,1825.8,-19782.9,5528.7
LS105_sec037,LS105,3,10,matched,LS105_3a.czi,9,LS105_s03a_sc09,LS105_3b.czi,9,LS105_s03b_sc09,837.9,-17605.0,16335.9
LS105_sec038,LS105,3,11,matched,LS105_3a.czi,10,LS105_s03a_sc10,LS105_3b.czi,10,LS105_s03b_sc10,2600.7,-10620.8,5247.6
LS105_sec039,LS105,3,12,matched,LS105_3a.czi,11,LS105_s03a_sc11,LS105_3b.czi,11,LS105_s03b_sc11,856.3,-9307.4,16316.4
LS105_sec040,LS105,4,1,matched,LS105_4a.czi,0,LS105_s04a_sc00,LS105_4b.czi,0,LS105_s04b_sc00,992.4,-51595.8,7435.3
LS105_sec041,LS105,4,2,matched,LS105_4a.czi,1,LS105_s04a_sc01,LS105_4b.czi,1,LS105_s04b_sc01,623.7,-51110.0,16406.5
LS105_sec042,LS105,4,3,matched,LS105_4a.czi,2,LS105_s04a_sc02,LS105_4b.czi,2,LS105_s04b_sc02,538.8,-43793.4,8227.9
LS105_sec043,LS105,4,4,matched,LS105_4a.czi,3,LS105_s04a_sc03,LS105_4b.czi,3,LS105_s04b_sc03,720.3,-42901.4,16635.4
LS105_sec044,LS105,4,5,matched,LS105_4a.czi,4,LS105_s04a_sc04,LS105_4b.czi,4,LS105_s04b_sc04,660.3,-36449.2,7764.8
LS105_sec045,LS105,4,6,matched,LS105_4a.czi,5,LS105_s04a_sc05,LS105_4b.czi,5,LS105_s04b_sc05,503.0,-34729.7,16934.8
LS105_sec046,LS105,4,7,matched,LS105_4a.czi,6,LS105_s04a_sc06,LS105_4b.czi,6,LS105_s04b_sc06,484.4,-28468.5,6900.2
LS105_sec047,LS105,4,8,matched,LS105_4a.czi,7,LS105_s04a_sc07,LS105_4b.czi,7,LS105_s04b_sc07,681.4,-26255.6,16898.5
LS105_sec048,LS105,4,9,matched,LS105_4a.czi,8,LS105_s04a_sc08,LS105_4b.czi,8,LS105_s04b_sc08,1361.2,-20101.3,6181.2
LS105_sec049,LS105,4,10,matched,LS105_4a.czi,9,LS105_s04a_sc09,LS105_4b.czi,9,LS105_s04b_sc09,787.9,-18363.8,17162.4
LS105_sec050,LS105,4,11,matched,LS105_4a.czi,10,LS105_s04a_sc10,LS105_4b.czi,10,LS105_s04b_sc10,832.4,-13448.2,7074.1
LS105_sec051,LS105,4,12,matched,LS105_4a.czi,11,LS105_s04a_sc11,LS105_4b.czi,11,LS105_s04b_sc11,1060.3,-12046.6,17193.0
LS105_sec052,LS105,4,13,matched,LS105_4a.czi,12,LS105_s04a_sc12,LS105_4b.czi,12,LS105_s04b_sc12,1292.7,-5951.4,13574.6
LS105_sec053,LS105,5,1,matched,LS105_5a.czi,0,LS105_s05a_sc00,LS105_5b.czi,0,LS105_s05b_sc00,502.7,-51878.7,8175.7
LS105_sec054,LS105,5,2,matched,LS105_5a.czi,1,LS105_s05a_sc01,LS105_5b.czi,1,LS105_s05b_sc01,1782.4,-51957.2,17495.5
LS105_sec055,LS105,5,3,matched,LS105_5a.czi,2,LS105_s05a_sc02,LS105_5b.czi,2,LS105_s05b_sc02,1089.2,-44003.7,5776.8
LS105_sec056,LS105,5,4,matched,LS105_5a.czi,3,LS105_s05a_sc03,LS105_5b.czi,3,LS105_s05b_sc03,792.5,-43978.9,17476.2
LS105_sec057,LS105,5,5,matched,LS105_5a.czi,4,LS105_s05a_sc04,LS105_5b.czi,4,LS105_s05b_sc04,1121.3,-35830.7,6622.3
LS105_sec058,LS105,5,6,matched,LS105_5a.czi,5,LS105_s05a_sc05,LS105_5b.czi,5,LS105_s05b_sc05,1128.8,-35962.3,18095.8
LS105_sec059,LS105,5,7,matched,LS105_5a.czi,6,LS105_s05a_sc06,LS105_5b.czi,6,LS105_s05b_sc06,893.3,-28275.4,6620.8
LS105_sec060,LS105,5,8,matched,LS105_5a.czi,7,LS105_s05a_sc07,LS105_5b.czi,7,LS105_s05b_sc07,716.5,-26767.7,17517.2
LS105_sec061,LS105,5,9,matched,LS105_5a.czi,8,LS105_s05a_sc08,LS105_5b.czi,8,LS105_s05b_sc08,818.4,-20101.3,5915.8
LS105_sec062,LS105,5,10,matched,LS105_5a.czi,9,LS105_s05a_sc09,LS105_5b.czi,9,LS105_s05b_sc09,826.0,-18648.7,17055.0
LS105_sec063,LS105,5,11,matched,LS105_5a.czi,10,LS105_s05a_sc10,LS105_5b.czi,10,LS105_s05b_sc10,135.0,-11999.2,6303.0
LS105_sec064,LS105,5,12,matched,LS105_5a.czi,11,LS105_s05a_sc11,LS105_5b.czi,11,LS105_s05b_sc11,625.8,-11320.2,17705.1
LS105_sec065,LS105,6,1,matched,LS105_6a.czi,0,LS105_s06a_sc00,LS105_6b.czi,0,LS105_s06b_sc00,342.9,-52126.3,7859.4
LS105_sec066,LS105,6,2,matched,LS105_6a.czi,1,LS105_s06a_sc01,LS105_6b.czi,1,LS105_s06b_sc01,560.7,-51165.2,18382.5
LS105_sec067,LS105,6,3,matched,LS105_6a.czi,2,LS105_s06a_sc02,LS105_6b.czi,2,LS105_s06b_sc02,492.4,-43581.7,6853.0
LS105_sec068,LS105,6,4,matched,LS105_6a.czi,3,LS105_s06a_sc03,LS105_6b.czi,3,LS105_s06b_sc03,1392.7,-42302.7,18307.6
LS105_sec069,LS105,6,5,matched,LS105_6a.czi,4,LS105_s06a_sc04,LS105_6b.czi,4,LS105_s06b_sc04,874.5,-35704.8,6059.7
LS105_sec070,LS105,6,6,matched,LS105_6a.czi,5,LS105_s06a_sc05,LS105_6b.czi,5,LS105_s06b_sc05,445.5,-34302.9,16705.4
LS105_sec071,LS105,6,7,matched,LS105_6a.czi,6,LS105_s06a_sc06,LS105_6b.czi,6,LS105_s06b_sc06,346.3,-28418.0,6022.9
LS105_sec072,LS105,6,8,matched,LS105_6a.czi,7,LS105_s06a_sc07,LS105_6b.czi,7,LS105_s06b_sc07,773.2,-26908.9,17140.9
LS105_sec073,LS105,6,9,matched,LS105_6a.czi,8,LS105_s06a_sc08,LS105_6b.czi,8,LS105_s06b_sc08,734.3,-19449.5,5547.7
LS105_sec074,LS105,6,10,matched,LS105_6a.czi,9,LS105_s06a_sc09,LS105_6b.czi,9,LS105_s06b_sc09,1049.5,-17834.9,17216.8
LS105_sec075,LS105,6,11,matched,LS105_6a.czi,10,LS105_s06a_sc10,LS105_6b.czi,10,LS105_s06b_sc10,867.1,-10092.5,6165.1
LS105_sec076,LS105,6,12,matched,LS105_6a.czi,11,LS105_s06a_sc11,LS105_6b.czi,11,LS105_s06b_sc11,782.0,-8479.4,17270.6
LS105_sec077,LS105,7,1,only_AF488,,,,LS105_7b.czi,0,LS105_s07b_sc00,,-52402.0,7130.9
LS105_sec078,LS105,7,2,only_AF488,,,,LS105_7b.czi,1,LS105_s07b_sc01,,-50916.9,17147.6
LS105_sec079,LS105,7,3,only_AF488,,,,LS105_7b.czi,2,LS105_s07b_sc02,,-43683.5,5797.7
LS105_sec080,LS105,7,4,only_AF488,,,,LS105_7b.czi,3,LS105_s07b_sc03,,-42563.8,16162.2
LS105_sec081,LS105,7,5,only_AF488,,,,LS105_7b.czi,4,LS105_s07b_sc04,,-35547.6,5706.2
LS105_sec082,LS105,7,6,only_AF488,,,,LS105_7b.czi,5,LS105_s07b_sc05,,-34056.2,15404.5
LS105_sec083,LS105,7,7,only_AF488,,,,LS105_7b.czi,6,LS105_s07b_sc06,,-28098.0,7132.4
LS105_sec084,LS105,7,8,only_AF488,,,,LS105_7b.czi,7,LS105_s07b_sc07,,-24736.6,16708.7
LS105_sec085,LS105,7,9,only_AF488,,,,LS105_7b.czi,8,LS105_s07b_sc08,,-18230.3,5389.9
LS105_sec086,LS105,7,10,only_AF488,,,,LS105_7b.czi,9,LS105_s07b_sc09,,-15434.3,15019.9
LS105_sec087,LS105,7,11,only_AF488,,,,LS105_7b.czi,10,LS105_s07b_sc10,,-7252.1,10381.6
LS105_sec088,LS105,8,1,unmatched_AF488,,,,LS105_8b.czi,0,LS105_s08b_sc00,,-51550.9,11031.7
LS105_sec089,LS105,8,1,unmatched_AF568,LS105_8a.czi,0,LS105_s08a_sc00,,,,,-51261.6,7156.1
LS105_sec090,LS105,8,2,unmatched_AF568,LS105_8a.czi,1,LS105_s08a_sc01,,,,,-50987.1,18430.6
LS105_sec091,LS105,8,3,matched,LS105_8a.czi,2,LS105_s08a_sc02,LS105_8b.czi,1,LS105_s08b_sc01,948.6,-44288.4,7891.9
LS105_sec092,LS105,8,4,matched,LS105_8a.czi,3,LS105_s08a_sc03,LS105_8b.czi,2,LS105_s08b_sc02,1775.7,-41420.1,18278.9
LS105_sec093,LS105,8,5,matched,LS105_8a.czi,4,LS105_s08a_sc04,LS105_8b.czi,3,LS105_s08b_sc03,750.4,-35971.2,6413.0
LS105_sec094,LS105,8,6,unmatched_AF488,,,,LS105_8b.czi,5,LS105_s08b_sc05,,-27855.7,10534.2
LS105_sec095,LS105,8,6,matched,LS105_8a.czi,5,LS105_s08a_sc05,LS105_8b.czi,4,LS105_s08b_sc04,1777.4,-32892.2,16934.1
LS105_sec096,LS105,8,7,unmatched_AF568,LS105_8a.czi,6,LS105_s08a_sc06,,,,,-28432.2,5211.3
LS105_sec097,LS105,8,8,unmatched_AF568,LS105_8a.czi,7,LS105_s08a_sc07,,,,,-24577.5,16285.1
LS105_sec098,LS105,8,9,matched,LS105_8a.czi,8,LS105_s08a_sc08,LS105_8b.czi,6,LS105_s08b_sc06,978.1,-19923.9,5176.9
LS105_sec099,LS105,8,10,matched,LS105_8a.czi,9,LS105_s08a_sc09,LS105_8b.czi,7,LS105_s08b_sc07,940.5,-18150.8,15083.5
LS105_sec100,LS105,8,11,matched,LS105_8a.czi,10,LS105_s08a_sc10,LS105_8b.czi,8,LS105_s08b_sc08,1079.5,-12264.4,7325.0
LS105_sec101,LS105,8,12,matched,LS105_8a.czi,11,LS105_s08a_sc11,LS105_8b.czi,9,LS105_s08b_sc09,260.2,-9571.6,15596.0
LS105_sec102,LS105,9,1,matched,LS105_9a.czi,0,LS105_s09a_sc00,LS105_9b.czi,0,LS105_s09b_sc00,858.0,-52512.6,6517.3
LS105_sec103,LS105,9,2,matched,LS105_9a.czi,1,LS105_s09a_sc01,LS105_9b.czi,1,LS105_s09b_sc01,1555.5,-52645.5,16494.1
LS105_sec104,LS105,9,3,matched,LS105_9a.czi,2,LS105_s09a_sc02,LS105_9b.czi,2,LS105_s09b_sc02,568.2,-44852.3,7504.7
LS105_sec105,LS105,9,4,matched,LS105_9a.czi,3,LS105_s09a_sc03,LS105_9b.czi,3,LS105_s09b_sc03,944.7,-43978.0,15593.7
LS105_sec106,LS105,9,5,matched,LS105_9a.czi,4,LS105_s09a_sc04,LS105_9b.czi,4,LS105_s09b_sc04,820.2,-37050.0,7201.1
LS105_sec107,LS105,9,6,matched,LS105_9a.czi,5,LS105_s09a_sc05,LS105_9b.czi,5,LS105_s09b_sc05,449.4,-35257.9,16512.8
LS105_sec108,LS105,9,7,matched,LS105_9a.czi,6,LS105_s09a_sc06,LS105_9b.czi,6,LS105_s09b_sc06,1371.6,-28396.5,4859.6
LS105_sec109,LS105,9,8,unmatched_AF488,,,,LS105_9b.czi,7,LS105_s09b_sc07,,-29163.8,13121.0
LS105_sec110,LS105,9,8,matched,LS105_9a.czi,7,LS105_s09a_sc07,LS105_9b.czi,9,LS105_s09b_sc09,1781.4,-19323.7,6092.0
LS105_sec111,LS105,9,9,unmatched_AF488,,,,LS105_9b.czi,8,LS105_s09b_sc08,,-27421.2,18907.6
LS105_sec112,LS105,9,9,matched,LS105_9a.czi,8,LS105_s09a_sc08,LS105_9b.czi,10,LS105_s09b_sc10,1549.8,-20056.3,14692.8
LS105_sec113,LS105,9,10,matched,LS105_9a.czi,9,LS105_s09a_sc09,LS105_9b.czi,11,LS105_s09b_sc11,2133.8,-12455.6,5864.2
LS105_sec114,LS105,9,11,matched,LS105_9a.czi,10,LS105_s09a_sc10,LS105_9b.czi,12,LS105_s09b_sc12,600.4,-12644.5,15093.7
LS105_sec115,LS105,9,14,unmatched_AF488,,,,LS105_9b.czi,13,LS105_s09b_sc13,,-6372.7,11160.6
LS105_sec116,LS105,10,1,matched,LS105_10a.czi,0,LS105_s10a_sc00,LS105_10b.czi,0,LS105_s10b_sc00,2442.2,-51594.1,7208.0
LS105_sec117,LS105,10,2,matched,LS105_10a.czi,1,LS105_s10a_sc01,LS105_10b.czi,1,LS105_s10b_sc01,1862.8,-50615.9,16408.0
LS105_sec118,LS105,10,3,matched,LS105_10a.czi,2,LS105_s10a_sc02,LS105_10b.czi,2,LS105_s10b_sc02,1593.4,-43387.3,7928.5
LS105_sec119,LS105,10,4,matched,LS105_10a.czi,3,LS105_s10a_sc03,LS105_10b.czi,3,LS105_s10b_sc03,792.4,-40889.1,16656.8
LS105_sec120,LS105,10,5,matched,LS105_10a.czi,4,LS105_s10a_sc04,LS105_10b.czi,4,LS105_s10b_sc04,270.4,-34073.0,6672.3
LS105_sec121,LS105,10,6,matched,LS105_10a.czi,5,LS105_s10a_sc05,LS105_10b.czi,5,LS105_s10b_sc05,1360.6,-32307.5,15301.0
LS105_sec122,LS105,10,7,matched,LS105_10a.czi,6,LS105_s10a_sc06,LS105_10b.czi,6,LS105_s10b_sc06,1110.6,-24886.5,6716.0
LS105_sec123,LS105,10,8,matched,LS105_10a.czi,7,LS105_s10a_sc07,LS105_10b.czi,7,LS105_s10b_sc07,1226.5,-23043.1,16078.0
LS105_sec124,LS105,10,9,matched,LS105_10a.czi,8,LS105_s10a_sc08,LS105_10b.czi,8,LS105_s10b_sc08,1459.5,-16286.4,6541.3
LS105_sec125,LS105,10,10,matched,LS105_10a.czi,9,LS105_s10a_sc09,LS105_10b.czi,9,LS105_s10b_sc09,742.7,-14479.0,16130.1
LS120_sec001,LS120,1,1,matched,LS120_1a.czi,0,LS120_s01a_sc00,LS120_1b.czi,0,LS120_s01b_sc00,2125.9,-51315.8,10326.2
LS120_sec002,LS120,1,2,matched,LS120_1a.czi,1,LS120_s01a_sc01,LS120_1b.czi,1,LS120_s01b_sc01,298.1,-52081.2,18412.5
LS120_sec003,LS120,1,3,matched,LS120_1a.czi,2,LS120_s01a_sc02,LS120_1b.czi,3,LS120_s01b_sc03,610.8,-47804.0,11866.7
LS120_sec004,LS120,1,4,matched,LS120_1a.czi,3,LS120_s01a_sc03,LS120_1b.czi,2,LS120_s01b_sc02,1170.9,-47355.4,4608.4
LS120_sec005,LS120,1,5,unmatched_AF568,LS120_1a.czi,4,LS120_s01a_sc04,,,,,-46217.5,18815.6
LS120_sec006,LS120,1,6,matched,LS120_1a.czi,5,LS120_s01a_sc05,LS120_1b.czi,5,LS120_s01b_sc05,1040.6,-41626.8,12779.4
LS120_sec007,LS120,1,7,matched,LS120_1a.czi,6,LS120_s01a_sc06,LS120_1b.czi,4,LS120_s01b_sc04,711.4,-41407.2,5185.0
LS120_sec008,LS120,1,8,matched,LS120_1a.czi,7,LS120_s01a_sc07,LS120_1b.czi,6,LS120_s01b_sc06,763.4,-40572.3,19387.2
LS120_sec009,LS120,1,9,matched,LS120_1a.czi,8,LS120_s01a_sc08,LS120_1b.czi,8,LS120_s01b_sc08,385.4,-34017.6,12443.4
LS120_sec010,LS120,1,10,matched,LS120_1a.czi,9,LS120_s01a_sc09,LS120_1b.czi,7,LS120_s01b_sc07,411.7,-33781.6,5147.5
LS120_sec011,LS120,1,11,matched,LS120_1a.czi,10,LS120_s01a_sc10,LS120_1b.czi,9,LS120_s01b_sc09,57.1,-34130.8,19510.6
LS120_sec012,LS120,1,12,matched,LS120_1a.czi,11,LS120_s01a_sc11,LS120_1b.czi,11,LS120_s01b_sc11,1086.2,-27681.0,12808.9
LS120_sec013,LS120,1,13,matched,LS120_1a.czi,12,LS120_s01a_sc12,LS120_1b.czi,10,LS120_s01b_sc10,426.6,-26772.9,5230.9
LS120_sec014,LS120,1,14,matched,LS120_1a.czi,13,LS120_s01a_sc13,LS120_1b.czi,12,LS120_s01b_sc12,1913.4,-27334.5,19451.1
LS120_sec015,LS120,1,15,matched,LS120_1a.czi,14,LS120_s01a_sc14,LS120_1b.czi,13,LS120_s01b_sc13,594.8,-19501.3,6673.6
LS120_sec016,LS120,1,16,matched,LS120_1a.czi,15,LS120_s01a_sc15,LS120_1b.czi,14,LS120_s01b_sc14,1806.8,-20481.2,15661.8
LS120_sec017,LS120,1,17,matched,LS120_1a.czi,16,LS120_s01a_sc16,LS120_1b.czi,16,LS120_s01b_sc16,1575.1,-14627.2,17149.3
LS120_sec018,LS120,1,18,matched,LS120_1a.czi,17,LS120_s01a_sc17,LS120_1b.czi,15,LS120_s01b_sc15,1468.4,-12493.9,7393.1
LS120_sec019,LS120,1,19,matched,LS120_1a.czi,18,LS120_s01a_sc18,LS120_1b.czi,17,LS120_s01b_sc17,1141.0,-5856.8,8305.4
LS120_sec020,LS120,1,20,matched,LS120_1a.czi,19,LS120_s01a_sc19,LS120_1b.czi,18,LS120_s01b_sc18,794.9,-6624.6,16992.5
LS120_sec021,LS120,2,1,matched,LS120_2a.czi,0,LS120_s02a_sc00,LS120_2b.czi,0,LS120_s02b_sc00,677.1,-50899.8,7221.6
LS120_sec022,LS120,2,2,matched,LS120_2a.czi,1,LS120_s02a_sc01,LS120_2b.czi,1,LS120_s02b_sc01,1827.1,-51074.3,17305.4
LS120_sec023,LS120,2,3,matched,LS120_2a.czi,2,LS120_s02a_sc02,LS120_2b.czi,2,LS120_s02b_sc02,899.5,-44074.1,6886.8
LS120_sec024,LS120,2,4,matched,LS120_2a.czi,3,LS120_s02a_sc03,LS120_2b.czi,3,LS120_s02b_sc03,756.0,-42548.7,17851.6
LS120_sec025,LS120,2,5,matched,LS120_2a.czi,4,LS120_s02a_sc04,LS120_2b.czi,4,LS120_s02b_sc04,2786.2,-35494.3,7857.1
LS120_sec026,LS120,2,6,matched,LS120_2a.czi,5,LS120_s02a_sc05,LS120_2b.czi,5,LS120_s02b_sc05,1065.6,-35434.9,17620.2
LS120_sec027,LS120,2,7,matched,LS120_2a.czi,6,LS120_s02a_sc06,LS120_2b.czi,6,LS120_s02b_sc06,1429.3,-28273.6,5228.8
LS120_sec028,LS120,2,8,matched,LS120_2a.czi,7,LS120_s02a_sc07,LS120_2b.czi,7,LS120_s02b_sc07,739.8,-27417.8,15168.8
LS120_sec029,LS120,2,9,matched,LS120_2a.czi,8,LS120_s02a_sc08,LS120_2b.czi,8,LS120_s02b_sc08,1279.8,-22170.5,6645.5
LS120_sec030,LS120,2,10,matched,LS120_2a.czi,9,LS120_s02a_sc09,LS120_2b.czi,9,LS120_s02b_sc09,1368.3,-19670.6,15486.3
LS120_sec031,LS120,2,11,matched,LS120_2a.czi,10,LS120_s02a_sc10,LS120_2b.czi,10,LS120_s02b_sc10,583.9,-15263.8,6033.1
LS120_sec032,LS120,2,12,matched,LS120_2a.czi,11,LS120_s02a_sc11,LS120_2b.czi,11,LS120_s02b_sc11,1049.2,-13543.5,15761.6
LS120_sec033,LS120,2,13,matched,LS120_2a.czi,12,LS120_s02a_sc12,LS120_2b.czi,12,LS120_s02b_sc12,725.1,-8008.7,6822.3
LS120_sec034,LS120,2,14,matched,LS120_2a.czi,13,LS120_s02a_sc13,LS120_2b.czi,13,LS120_s02b_sc13,1231.9,-7166.1,14699.5
LS120_sec035,LS120,3,1,matched,LS120_3a.czi,0,LS120_s03a_sc00,LS120_3b.czi,0,LS120_s03b_sc00,828.3,-52495.5,7099.8
LS120_sec036,LS120,3,2,matched,LS120_3a.czi,1,LS120_s03a_sc01,LS120_3b.czi,1,LS120_s03b_sc01,1717.7,-51835.6,17515.5
LS120_sec037,LS120,3,3,matched,LS120_3a.czi,2,LS120_s03a_sc02,LS120_3b.czi,2,LS120_s03b_sc02,761.9,-46527.7,6987.4
LS120_sec038,LS120,3,4,matched,LS120_3a.czi,3,LS120_s03a_sc03,LS120_3b.czi,3,LS120_s03b_sc03,1730.7,-44647.9,16138.0
LS120_sec039,LS120,3,5,matched,LS120_3a.czi,4,LS120_s03a_sc04,LS120_3b.czi,4,LS120_s03b_sc04,976.7,-40154.6,7195.2
LS120_sec040,LS120,3,6,matched,LS120_3a.czi,5,LS120_s03a_sc05,LS120_3b.czi,5,LS120_s03b_sc05,522.7,-38770.9,16200.9
LS120_sec041,LS120,3,7,matched,LS120_3a.czi,6,LS120_s03a_sc06,LS120_3b.czi,6,LS120_s03b_sc06,3158.5,-33237.6,7736.9
LS120_sec042,LS120,3,8,matched,LS120_3a.czi,7,LS120_s03a_sc07,LS120_3b.czi,7,LS120_s03b_sc07,507.0,-32082.2,17291.6
LS120_sec043,LS120,3,9,unmatched_AF568,LS120_3a.czi,8,LS120_s03a_sc08,,,,,-26067.2,7382.0
LS120_sec044,LS120,3,10,matched,LS120_3a.czi,9,LS120_s03a_sc09,LS120_3b.czi,8,LS120_s03b_sc08,1294.0,-25123.6,16443.3
LS120_sec045,LS120,3,11,matched,LS120_3a.czi,10,LS120_s03a_sc10,LS120_3b.czi,9,LS120_s03b_sc09,470.6,-18971.1,7009.4
LS120_sec046,LS120,3,12,matched,LS120_3a.czi,11,LS120_s03a_sc11,LS120_3b.czi,10,LS120_s03b_sc10,806.7,-17533.2,15825.6
LS120_sec047,LS120,3,13,matched,LS120_3a.czi,12,LS120_s03a_sc12,LS120_3b.czi,11,LS120_s03b_sc11,1133.0,-10763.1,7556.6
LS120_sec048,LS120,3,14,matched,LS120_3a.czi,13,LS120_s03a_sc13,LS120_3b.czi,12,LS120_s03b_sc12,627.7,-9061.0,16758.1
LS120_sec049,LS120,4,1,matched,LS120_4a.czi,0,LS120_s04a_sc00,LS120_4b.czi,0,LS120_s04b_sc00,1019.0,-50765.6,7788.3
LS120_sec050,LS120,4,2,unmatched_AF488,,,,LS120_4b.czi,1,LS120_s04b_sc01,,-52292.0,16280.8
LS120_sec051,LS120,4,2,matched,LS120_4a.czi,1,LS120_s04a_sc01,LS120_4b.czi,2,LS120_s04b_sc02,916.8,-42662.8,7825.2
LS120_sec052,LS120,4,3,matched,LS120_4a.czi,2,LS120_s04a_sc02,LS120_4b.czi,4,LS120_s04b_sc04,618.0,-34790.0,7540.8
LS120_sec053,LS120,4,4,unmatched_AF488,,,,LS120_4b.czi,3,LS120_s04b_sc03,,-44526.9,16736.5
LS120_sec054,LS120,4,4,matched,LS120_4a.czi,3,LS120_s04a_sc03,LS120_4b.czi,5,LS120_s04b_sc05,332.1,-34463.5,17269.2
LS120_sec055,LS120,4,5,matched,LS120_4a.czi,4,LS120_s04a_sc04,LS120_4b.czi,6,LS120_s04b_sc06,1145.5,-26758.8,6923.5
LS120_sec056,LS120,4,6,matched,LS120_4a.czi,5,LS120_s04a_sc05,LS120_4b.czi,7,LS120_s04b_sc07,1221.8,-25744.1,16723.3
LS120_sec057,LS120,4,7,matched,LS120_4a.czi,6,LS120_s04a_sc06,LS120_4b.czi,8,LS120_s04b_sc08,774.0,-18442.3,6693.9
LS120_sec058,LS120,4,8,matched,LS120_4a.czi,7,LS120_s04a_sc07,LS120_4b.czi,9,LS120_s04b_sc09,1037.7,-17958.5,17498.0
LS120_sec059,LS120,4,9,matched,LS120_4a.czi,8,LS120_s04a_sc08,LS120_4b.czi,10,LS120_s04b_sc10,539.0,-10198.0,6851.3
LS120_sec060,LS120,4,10,matched,LS120_4a.czi,9,LS120_s04a_sc09,LS120_4b.czi,11,LS120_s04b_sc11,605.2,-9714.3,16775.4
LS120_sec061,LS120,5,1,matched,LS120_5a.czi,0,LS120_s05a_sc00,LS120_5b.czi,0,LS120_s05b_sc00,29.7,-52176.3,6307.1
LS120_sec062,LS120,5,2,unmatched_AF488,,,,LS120_5b.czi,1,LS120_s05b_sc01,,-51517.8,17377.3
LS120_sec063,LS120,5,2,matched,LS120_5a.czi,1,LS120_s05a_sc01,LS120_5b.czi,2,LS120_s05b_sc02,694.1,-44090.5,6059.3
LS120_sec064,LS120,5,3,matched,LS120_5a.czi,2,LS120_s05a_sc02,LS120_5b.czi,3,LS120_s05b_sc03,830.4,-42621.1,16901.5
LS120_sec065,LS120,5,4,matched,LS120_5a.czi,3,LS120_s05a_sc03,LS120_5b.czi,4,LS120_s05b_sc04,220.0,-37084.2,6039.9
LS120_sec066,LS120,5,5,matched,LS120_5a.czi,4,LS120_s05a_sc04,LS120_5b.czi,5,LS120_s05b_sc05,377.9,-34816.6,16492.0
LS120_sec067,LS120,5,6,matched,LS120_5a.czi,5,LS120_s05a_sc05,LS120_5b.czi,6,LS120_s05b_sc06,674.1,-27500.2,6357.1
LS120_sec068,LS120,5,7,matched,LS120_5a.czi,6,LS120_s05a_sc06,LS120_5b.czi,7,LS120_s05b_sc07,1525.5,-26149.3,16600.7
LS120_sec069,LS120,5,8,matched,LS120_5a.czi,7,LS120_s05a_sc07,LS120_5b.czi,8,LS120_s05b_sc08,1394.8,-19659.6,6214.9
LS120_sec070,LS120,5,9,matched,LS120_5a.czi,8,LS120_s05a_sc08,LS120_5b.czi,9,LS120_s05b_sc09,714.0,-17775.2,16383.5
LS120_sec071,LS120,5,10,matched,LS120_5a.czi,9,LS120_s05a_sc09,LS120_5b.czi,10,LS120_s05b_sc10,1366.4,-10993.4,6781.7
LS120_sec072,LS120,5,11,matched,LS120_5a.czi,10,LS120_s05a_sc10,LS120_5b.czi,11,LS120_s05b_sc11,255.2,-9625.0,16543.5
LS120_sec073,LS120,6,1,matched,LS120_6a.czi,0,LS120_s06a_sc00,LS120_6b.czi,0,LS120_s06b_sc00,1121.1,-50801.8,7633.3
LS120_sec074,LS120,6,2,matched,LS120_6a.czi,1,LS120_s06a_sc01,LS120_6b.czi,1,LS120_s06b_sc01,993.7,-50740.7,18347.0
LS120_sec075,LS120,6,3,matched,LS120_6a.czi,2,LS120_s06a_sc02,LS120_6b.czi,2,LS120_s06b_sc02,714.3,-42025.0,6698.8
LS120_sec076,LS120,6,4,matched,LS120_6a.czi,3,LS120_s06a_sc03,LS120_6b.czi,3,LS120_s06b_sc03,1021.6,-41714.7,17394.7
LS120_sec077,LS120,6,5,matched,LS120_6a.czi,4,LS120_s06a_sc04,LS120_6b.czi,4,LS120_s06b_sc04,1088.3,-33749.2,7194.9
LS120_sec078,LS120,6,6,matched,LS120_6a.czi,5,LS120_s06a_sc05,LS120_6b.czi,5,LS120_s06b_sc05,1155.1,-31444.4,17082.7
LS120_sec079,LS120,6,7,matched,LS120_6a.czi,6,LS120_s06a_sc06,LS120_6b.czi,6,LS120_s06b_sc06,1339.0,-24054.4,6118.7
LS120_sec080,LS120,6,8,matched,LS120_6a.czi,7,LS120_s06a_sc07,LS120_6b.czi,7,LS120_s06b_sc07,1776.0,-19987.7,15925.4
LS120_sec081,LS120,6,9,matched,LS120_6a.czi,8,LS120_s06a_sc08,LS120_6b.czi,8,LS120_s06b_sc08,3379.9,-15247.3,5821.0
LS120_sec082,LS120,6,10,matched,LS120_6a.czi,9,LS120_s06a_sc09,LS120_6b.czi,9,LS120_s06b_sc09,2623.3,-11141.8,16278.2
LS120_sec083,LS120,7,1,matched,LS120_7a.czi,0,LS120_s07a_sc00,LS120_7b.czi,0,LS120_s07b_sc00,736.0,-50694.5,6926.0
LS120_sec084,LS120,7,2,matched,LS120_7a.czi,1,LS120_s07a_sc01,LS120_7b.czi,1,LS120_s07b_sc01,977.2,-50579.6,16745.5
LS120_sec085,LS120,7,3,matched,LS120_7a.czi,2,LS120_s07a_sc02,LS120_7b.czi,2,LS120_s07b_sc02,1374.4,-41676.1,8251.6
LS120_sec086,LS120,7,4,matched,LS120_7a.czi,3,LS120_s07a_sc03,LS120_7b.czi,3,LS120_s07b_sc03,1274.8,-41615.0,18222.7
LS120_sec087,LS120,7,5,matched,LS120_7a.czi,4,LS120_s07a_sc04,LS120_7b.czi,4,LS120_s07b_sc04,361.2,-33553.7,7406.2
LS120_sec088,LS120,7,6,matched,LS120_7a.czi,5,LS120_s07a_sc05,LS120_7b.czi,5,LS120_s07b_sc05,936.7,-32751.2,17006.8
LS120_sec089,LS120,7,7,matched,LS120_7a.czi,6,LS120_s07a_sc06,LS120_7b.czi,6,LS120_s07b_sc06,963.0,-24885.9,6174.1
LS120_sec090,LS120,7,8,matched,LS120_7a.czi,7,LS120_s07a_sc07,LS120_7b.czi,7,LS120_s07b_sc07,1127.8,-24200.6,17403.7
LS120_sec091,LS120,7,9,matched,LS120_7a.czi,8,LS120_s07a_sc08,LS120_7b.czi,8,LS120_s07b_sc08,1585.8,-16023.1,6206.3
LS120_sec092,LS120,7,10,matched,LS120_7a.czi,9,LS120_s07a_sc09,LS120_7b.czi,9,LS120_s07b_sc09,2378.3,-16351.1,16815.5
LS120_sec093,LS120,7,11,matched,LS120_7a.czi,10,LS120_s07a_sc10,LS120_7b.czi,10,LS120_s07b_sc10,1291.4,-7888.4,7898.1
LS120_sec094,LS120,7,12,unmatched_AF568,LS120_7a.czi,11,LS120_s07a_sc11,,,,,-7383.5,16974.8
LS120_sec095,LS120,8,1,unmatched_AF488,,,,LS120_8b.czi,0,LS120_s08b_sc00,,-51560.3,7384.4
LS120_sec096,LS120,8,1,matched,LS120_8a.czi,0,LS120_s08a_sc00,LS120_8b.czi,1,LS120_s08b_sc01,616.4,-48973.3,15706.6
LS120_sec097,LS120,8,2,matched,LS120_8a.czi,1,LS120_s08a_sc01,LS120_8b.czi,2,LS120_s08b_sc02,763.0,-42044.8,6751.4
LS120_sec098,LS120,8,3,matched,LS120_8a.czi,2,LS120_s08a_sc02,LS120_8b.czi,3,LS120_s08b_sc03,1074.2,-41134.3,15809.6
LS120_sec099,LS120,8,4,matched,LS120_8a.czi,3,LS120_s08a_sc03,LS120_8b.czi,4,LS120_s08b_sc04,1721.0,-33700.8,8044.1
LS120_sec100,LS120,8,5,unmatched_AF568,LS120_8a.czi,4,LS120_s08a_sc04,,,,,-33546.8,17730.9
LS120_sec101,LS120,8,6,unmatched_AF488,,,,LS120_8b.czi,5,LS120_s08b_sc05,,-34304.5,16142.0
LS120_sec102,LS120,8,6,matched,LS120_8a.czi,5,LS120_s08a_sc05,LS120_8b.czi,6,LS120_s08b_sc06,747.5,-26068.6,7188.0
LS120_sec103,LS120,8,7,unmatched_AF568,LS120_8a.czi,6,LS120_s08a_sc06,,,,,-26166.2,16142.5
LS120_sec104,LS120,8,8,unmatched_AF488,,,,LS120_8b.czi,7,LS120_s08b_sc07,,-26447.1,16053.5
LS120_sec105,LS120,8,8,matched,LS120_8a.czi,7,LS120_s08a_sc07,LS120_8b.czi,8,LS120_s08b_sc08,1190.5,-18706.5,7099.5
LS120_sec106,LS120,8,9,unmatched_AF568,LS120_8a.czi,8,LS120_s08a_sc08,,,,,-18769.0,15875.9
LS120_sec107,LS120,8,10,unmatched_AF488,,,,LS120_8b.czi,9,LS120_s08b_sc09,,-18239.9,16670.5
LS120_sec108,LS120,8,10,matched,LS120_8a.czi,9,LS120_s08a_sc09,LS120_8b.czi,10,LS120_s08b_sc10,3082.3,-12035.7,8028.6
LS120_sec109,LS120,8,11,unmatched_AF568,LS120_8a.czi,10,LS120_s08a_sc10,,,,,-11462.7,17633.5
LS120_sec110,LS120,9,1,unmatched_AF488,,,,LS120_9b.czi,0,LS120_s09b_sc00,,-51030.7,7774.2
LS120_sec111,LS120,9,1,matched,LS120_9a.czi,0,LS120_s09a_sc00,LS120_9b.czi,2,LS120_s09b_sc02,19.7,-41870.1,8778.3
LS120_sec112,LS120,9,2,unmatched_AF488,,,,LS120_9b.czi,1,LS120_s09b_sc01,,-51922.6,16881.4
LS120_sec113,LS120,9,2,matched,LS120_9a.czi,1,LS120_s09a_sc01,LS120_9b.czi,3,LS120_s09b_sc03,2333.7,-40925.3,17326.6
LS120_sec114,LS120,9,3,matched,LS120_9a.czi,2,LS120_s09a_sc02,LS120_9b.czi,4,LS120_s09b_sc04,1297.8,-32000.9,7935.1
LS120_sec115,LS120,9,4,matched,LS120_9a.czi,3,LS120_s09a_sc03,LS120_9b.czi,5,LS120_s09b_sc05,1489.3,-31075.1,17290.0
LS120_sec116,LS120,9,5,matched,LS120_9a.czi,4,LS120_s09a_sc04,LS120_9b.czi,6,LS120_s09b_sc06,2816.2,-22998.8,9397.1
LS120_sec117,LS120,9,8,unmatched_AF488,,,,LS120_9b.czi,7,LS120_s09b_sc07,,-21859.4,16731.0
LS136_sec001,LS136,1,1,unmatched_AF568,LS136_1a.czi,0,LS136_s01a_sc00,,,,,-52896.0,20404.4
LS136_sec002,LS136,1,2,matched,LS136_1a.czi,1,LS136_s01a_sc01,LS136_1b.czi,0,LS136_s01b_sc00,1810.1,-47762.6,6138.8
LS136_sec003,LS136,1,3,unmatched_AF488,,,,LS136_1b.czi,2,LS136_s01b_sc02,,-47510.4,17842.3
LS136_sec004,LS136,1,3,matched,LS136_1a.czi,2,LS136_s01a_sc02,LS136_1b.czi,1,LS136_s01b_sc01,1606.9,-46888.2,12978.8
LS136_sec005,LS136,1,4,unmatched_AF568,LS136_1a.czi,3,LS136_s01a_sc03,,,,,-46045.8,18885.1
LS136_sec006,LS136,1,5,matched,LS136_1a.czi,4,LS136_s01a_sc04,LS136_1b.czi,4,LS136_s01b_sc04,279.9,-40770.6,4374.4
LS136_sec007,LS136,1,6,unmatched_AF488,,,,LS136_1b.czi,5,LS136_s01b_sc05,,-42654.7,17782.2
LS136_sec008,LS136,1,6,matched,LS136_1a.czi,5,LS136_s01a_sc05,LS136_1b.czi,3,LS136_s01b_sc03,1888.0,-41027.1,12831.2
LS136_sec009,LS136,1,7,unmatched_AF488,,,,LS136_1b.czi,6,LS136_s01b_sc06,,-37758.9,11342.1
LS136_sec010,LS136,1,7,matched,LS136_1a.czi,6,LS136_s01a_sc06,LS136_1b.czi,7,LS136_s01b_sc07,2674.4,-34417.7,6377.7
LS136_sec011,LS136,1,8,matched,LS136_1a.czi,7,LS136_s01a_sc07,LS136_1b.czi,9,LS136_s01b_sc09,661.8,-28628.5,5793.2
LS136_sec012,LS136,1,9,unmatched_AF488,,,,LS136_1b.czi,8,LS136_s01b_sc08,,-37147.0,17617.0
LS136_sec013,LS136,1,9,matched,LS136_1a.czi,8,LS136_s01a_sc08,LS136_1b.czi,12,LS136_s01b_sc12,1374.5,-26783.8,15311.9
LS136_sec014,LS136,1,10,matched,LS136_1a.czi,9,LS136_s01a_sc09,LS136_1b.czi,11,LS136_s01b_sc11,1846.9,-23808.4,5785.3
LS136_sec015,LS136,1,11,unmatched_AF488,,,,LS136_1b.czi,10,LS136_s01b_sc10,,-31943.3,15616.5
LS136_sec016,LS136,1,11,matched,LS136_1a.czi,10,LS136_s01a_sc10,LS136_1b.czi,13,LS136_s01b_sc13,1930.1,-17575.5,5499.4
LS136_sec017,LS136,1,12,matched,LS136_1a.czi,11,LS136_s01a_sc11,LS136_1b.czi,14,LS136_s01b_sc14,2134.9,-18114.7,14940.8
LS136_sec018,LS136,1,13,unmatched_AF568,LS136_1a.czi,12,LS136_s01a_sc12,,,,,-11486.0,4699.1
LS136_sec019,LS136,1,14,unmatched_AF568,LS136_1a.czi,13,LS136_s01a_sc13,,,,,-10612.0,13812.1
LS136_sec020,LS136,1,15,unmatched_AF568,LS136_1a.czi,14,LS136_s01a_sc14,,,,,-6154.7,6509.4
LS136_sec021,LS136,1,16,unmatched_AF488,,,,LS136_1b.czi,15,LS136_s01b_sc15,,-13571.1,8361.0
LS136_sec022,LS136,1,16,matched,LS136_1a.czi,15,LS136_s01a_sc15,LS136_1b.czi,18,LS136_s01b_sc18,379.4,-5654.4,16942.3
LS136_sec023,LS136,1,17,unmatched_AF488,,,,LS136_1b.czi,16,LS136_s01b_sc16,,-14463.8,16782.6
LS136_sec024,LS136,1,18,unmatched_AF488,,,,LS136_1b.czi,17,LS136_s01b_sc17,,-6599.3,9539.0
LS136_sec025,LS136,2,1,matched,LS136_2a.czi,0,LS136_s02a_sc00,LS136_2b.czi,0,LS136_s02b_sc00,547.8,-51647.6,6484.8
LS136_sec026,LS136,2,2,matched,LS136_2a.czi,1,LS136_s02a_sc01,LS136_2b.czi,1,LS136_s02b_sc01,1544.4,-51849.7,14941.3
LS136_sec027,LS136,2,3,unmatched_AF488,,,,LS136_2b.czi,2,LS136_s02b_sc02,,-47815.5,5364.6
LS136_sec028,LS136,2,3,unmatched_AF568,LS136_2a.czi,2,LS136_s02a_sc02,,,,,-45877.1,7694.3
LS136_sec029,LS136,2,4,unmatched_AF488,,,,LS136_2b.czi,3,LS136_s02b_sc03,,-47521.9,11709.4
LS136_sec030,LS136,2,4,matched,LS136_2a.czi,3,LS136_s02a_sc03,LS136_2b.czi,4,LS136_s02b_sc04,1721.6,-44525.3,16243.3
LS136_sec031,LS136,2,5,matched,LS136_2a.czi,4,LS136_s02a_sc04,LS136_2b.czi,5,LS136_s02b_sc05,9.4,-41268.0,7210.6
LS136_sec032,LS136,2,6,matched,LS136_2a.czi,5,LS136_s02a_sc05,LS136_2b.czi,6,LS136_s02b_sc06,753.4,-39351.6,15232.5
LS136_sec033,LS136,2,7,matched,LS136_2a.czi,6,LS136_s02a_sc06,LS136_2b.czi,7,LS136_s02b_sc07,1728.0,-35071.7,6836.8
LS136_sec034,LS136,2,8,matched,LS136_2a.czi,7,LS136_s02a_sc07,LS136_2b.czi,8,LS136_s02b_sc08,999.3,-34233.3,15454.5
LS136_sec035,LS136,2,9,matched,LS136_2a.czi,8,LS136_s02a_sc08,LS136_2b.czi,10,LS136_s02b_sc10,2339.8,-28408.1,14920.5
LS136_sec036,LS136,2,10,unmatched_AF488,,,,LS136_2b.czi,9,LS136_s02b_sc09,,-32653.7,7069.5
LS136_sec037,LS136,2,10,matched,LS136_2a.czi,9,LS136_s02a_sc09,LS136_2b.czi,11,LS136_s02b_sc11,141.7,-24743.6,5482.8
LS136_sec038,LS136,2,11,matched,LS136_2a.czi,10,LS136_s02a_sc10,LS136_2b.czi,12,LS136_s02b_sc12,2385.7,-21097.7,14142.9
LS136_sec039,LS136,2,12,matched,LS136_2a.czi,11,LS136_s02a_sc11,LS136_2b.czi,13,LS136_s02b_sc13,1671.7,-17893.8,5232.9
LS136_sec040,LS136,2,13,matched,LS136_2a.czi,12,LS136_s02a_sc12,LS136_2b.czi,14,LS136_s02b_sc14,966.0,-14373.8,14738.9
LS136_sec041,LS136,2,14,matched,LS136_2a.czi,13,LS136_s02a_sc13,LS136_2b.czi,15,LS136_s02b_sc15,1743.9,-9809.1,5442.2
LS136_sec042,LS136,2,15,matched,LS136_2a.czi,14,LS136_s02a_sc14,LS136_2b.czi,16,LS136_s02b_sc16,1377.3,-7277.2,15546.5
LS136_sec043,LS136,3,1,matched,LS136_3a.czi,0,LS136_s03a_sc00,LS136_3b.czi,0,LS136_s03b_sc00,1249.1,-50888.3,6344.5
LS136_sec044,LS136,3,2,matched,LS136_3a.czi,1,LS136_s03a_sc01,LS136_3b.czi,1,LS136_s03b_sc01,905.7,-50456.4,16654.3
LS136_sec045,LS136,3,3,matched,LS136_3a.czi,2,LS136_s03a_sc02,LS136_3b.czi,2,LS136_s03b_sc02,1198.5,-44551.9,5777.2
LS136_sec046,LS136,3,4,matched,LS136_3a.czi,3,LS136_s03a_sc03,LS136_3b.czi,3,LS136_s03b_sc03,1412.1,-42584.3,15807.6
LS136_sec047,LS136,3,5,matched,LS136_3a.czi,4,LS136_s03a_sc04,LS136_3b.czi,4,LS136_s03b_sc04,228.2,-37419.8,6672.0
LS136_sec048,LS136,3,6,matched,LS136_3a.czi,5,LS136_s03a_sc05,LS136_3b.czi,5,LS136_s03b_sc05,809.3,-35858.9,16385.0
LS136_sec049,LS136,3,7,matched,LS136_3a.czi,6,LS136_s03a_sc06,LS136_3b.czi,6,LS136_s03b_sc06,919.8,-29529.2,6619.2
LS136_sec050,LS136,3,8,matched,LS136_3a.czi,7,LS136_s03a_sc07,LS136_3b.czi,7,LS136_s03b_sc07,1259.1,-27103.2,16985.5
LS136_sec051,LS136,3,9,matched,LS136_3a.czi,8,LS136_s03a_sc08,LS136_3b.czi,8,LS136_s03b_sc08,2284.4,-22641.3,6157.2
LS136_sec052,LS136,3,10,matched,LS136_3a.czi,9,LS136_s03a_sc09,LS136_3b.czi,9,LS136_s03b_sc09,853.3,-19405.5,16137.2
LS136_sec053,LS136,3,11,matched,LS136_3a.czi,10,LS136_s03a_sc10,LS136_3b.czi,10,LS136_s03b_sc10,983.4,-13658.5,5665.4
LS136_sec054,LS136,3,12,matched,LS136_3a.czi,11,LS136_s03a_sc11,LS136_3b.czi,11,LS136_s03b_sc11,1802.3,-10931.2,15504.4
LS136_sec055,LS136,4,1,matched,LS136_4a.czi,0,LS136_s04a_sc00,LS136_4b.czi,0,LS136_s04b_sc00,504.8,-51452.9,7085.9
LS136_sec056,LS136,4,2,matched,LS136_4a.czi,1,LS136_s04a_sc01,LS136_4b.czi,1,LS136_s04b_sc01,1253.9,-50686.6,17308.7
LS136_sec057,LS136,4,3,matched,LS136_4a.czi,2,LS136_s04a_sc02,LS136_4b.czi,2,LS136_s04b_sc02,1353.2,-43827.1,6800.9
LS136_sec058,LS136,4,4,matched,LS136_4a.czi,3,LS136_s04a_sc03,LS136_4b.czi,3,LS136_s04b_sc03,908.0,-43024.9,16178.5
LS136_sec059,LS136,4,5,matched,LS136_4a.czi,4,LS136_s04a_sc04,LS136_4b.czi,4,LS136_s04b_sc04,1510.8,-36694.1,6250.2
LS136_sec060,LS136,4,6,unmatched_AF488,,,,LS136_4b.czi,5,LS136_s04b_sc05,,-36246.6,16951.0
LS136_sec061,LS136,4,6,matched,LS136_4a.czi,5,LS136_s04a_sc05,LS136_4b.czi,6,LS136_s04b_sc06,1234.9,-29439.1,6971.0
LS136_sec062,LS136,4,7,matched,LS136_4a.czi,6,LS136_s04a_sc06,LS136_4b.czi,7,LS136_s04b_sc07,1110.7,-28410.5,18023.2
LS136_sec063,LS136,4,8,matched,LS136_4a.czi,7,LS136_s04a_sc07,LS136_4b.czi,8,LS136_s04b_sc08,1212.5,-22043.2,5857.2
LS136_sec064,LS136,4,9,matched,LS136_4a.czi,8,LS136_s04a_sc08,LS136_4b.czi,9,LS136_s04b_sc09,1247.7,-20817.2,15836.5
LS136_sec065,LS136,4,10,matched,LS136_4a.czi,9,LS136_s04a_sc09,LS136_4b.czi,10,LS136_s04b_sc10,450.3,-14364.2,6296.6
LS136_sec066,LS136,4,11,matched,LS136_4a.czi,10,LS136_s04a_sc10,LS136_4b.czi,11,LS136_s04b_sc11,972.1,-13404.5,16924.7
LS136_sec067,LS136,4,12,matched,LS136_4a.czi,11,LS136_s04a_sc11,LS136_4b.czi,12,LS136_s04b_sc12,191.3,-7445.2,5993.5
LS136_sec068,LS136,4,13,matched,LS136_4a.czi,12,LS136_s04a_sc12,LS136_4b.czi,13,LS136_s04b_sc13,933.6,-6500.2,16181.5
LS136_sec069,LS136,5,1,matched,LS136_5a.czi,0,LS136_s05a_sc00,LS136_5b.czi,0,LS136_s05b_sc00,618.1,-51701.5,7944.5
LS136_sec070,LS136,5,2,matched,LS136_5a.czi,1,LS136_s05a_sc01,LS136_5b.czi,1,LS136_s05b_sc01,758.2,-52222.7,17550.9
LS136_sec071,LS136,5,3,matched,LS136_5a.czi,2,LS136_s05a_sc02,LS136_5b.czi,2,LS136_s05b_sc02,2770.3,-43742.0,9601.6
LS136_sec072,LS136,5,4,matched,LS136_5a.czi,3,LS136_s05a_sc03,LS136_5b.czi,3,LS136_s05b_sc03,1796.3,-44316.1,18641.5
LS136_sec073,LS136,5,5,matched,LS136_5a.czi,4,LS136_s05a_sc04,LS136_5b.czi,4,LS136_s05b_sc04,1171.1,-37242.2,6374.2
LS136_sec074,LS136,5,6,matched,LS136_5a.czi,5,LS136_s05a_sc05,LS136_5b.czi,5,LS136_s05b_sc05,1116.1,-35487.1,16633.6
LS136_sec075,LS136,5,7,matched,LS136_5a.czi,6,LS136_s05a_sc06,LS136_5b.czi,6,LS136_s05b_sc06,698.1,-28945.9,6600.9
LS136_sec076,LS136,5,8,matched,LS136_5a.czi,7,LS136_s05a_sc07,LS136_5b.czi,7,LS136_s05b_sc07,2342.7,-27049.7,17233.1
LS136_sec077,LS136,5,9,matched,LS136_5a.czi,8,LS136_s05a_sc08,LS136_5b.czi,8,LS136_s05b_sc08,1619.6,-21494.6,6495.6
LS136_sec078,LS136,5,10,matched,LS136_5a.czi,9,LS136_s05a_sc09,LS136_5b.czi,9,LS136_s05b_sc09,1559.0,-19564.5,16876.9
LS136_sec079,LS136,5,11,unmatched_AF488,,,,LS136_5b.czi,10,LS136_s05b_sc10,,-10734.4,12120.0
LS136_sec080,LS136,5,11,unmatched_AF568,LS136_5a.czi,10,LS136_s05a_sc10,,,,,-11505.6,6391.0
LS136_sec081,LS136,5,12,unmatched_AF568,LS136_5a.czi,11,LS136_s05a_sc11,,,,,-10986.9,17706.4
LS136_sec082,LS136,6,1,matched,LS136_6a.czi,0,LS136_s06a_sc00,LS136_6b.czi,0,LS136_s06b_sc00,1800.8,-50977.2,7365.2
LS136_sec083,LS136,6,2,matched,LS136_6a.czi,1,LS136_s06a_sc01,LS136_6b.czi,1,LS136_s06b_sc01,1909.3,-39890.6,6509.3
LS136_sec084,LS136,6,3,unmatched_AF488,,,,LS136_6b.czi,2,LS136_s06b_sc02,,-42267.9,17976.7
LS136_sec085,LS136,6,3,matched,LS136_6a.czi,2,LS136_s06a_sc02,LS136_6b.czi,3,LS136_s06b_sc03,2702.4,-31153.2,5964.4
LS136_sec086,LS136,6,4,unmatched_AF568,LS136_6a.czi,3,LS136_s06a_sc03,,,,,-29025.6,16524.5
LS136_sec087,LS136,6,5,matched,LS136_6a.czi,4,LS136_s06a_sc04,LS136_6b.czi,4,LS136_s06b_sc04,2788.6,-22763.3,5592.2
LS136_sec088,LS136,6,6,unmatched_AF488,,,,LS136_6b.czi,5,LS136_s06b_sc05,,-26328.4,17196.8
LS136_sec089,LS136,6,6,unmatched_AF568,LS136_6a.czi,5,LS136_s06a_sc05,,,,,-20975.8,15658.4
LS136_sec090,LS136,6,7,matched,LS136_6a.czi,6,LS136_s06a_sc06,LS136_6b.czi,6,LS136_s06b_sc06,1985.4,-15104.9,6770.8
LS136_sec091,LS136,6,8,unmatched_AF488,,,,LS136_6b.czi,7,LS136_s06b_sc07,,-18170.2,18150.0
LS136_sec092,LS136,6,8,unmatched_AF568,LS136_6a.czi,7,LS136_s06a_sc07,,,,,-12397.1,16152.1
LS136_sec093,LS136,6,9,matched,LS136_6a.czi,8,LS136_s06a_sc08,LS136_6b.czi,8,LS136_s06b_sc08,0.0,-6966.2,6287.8
LS136_sec094,LS136,6,10,unmatched_AF488,,,,LS136_6b.czi,9,LS136_s06b_sc09,,-9379.0,17730.0
LS136_sec095,LS136,7,1,matched,LS136_7a.czi,0,LS136_s07a_sc00,LS136_7b.czi,0,LS136_s07b_sc00,1533.5,-52160.9,7749.9
LS136_sec096,LS136,7,2,unmatched_AF488,,,,LS136_7b.czi,1,LS136_s07b_sc01,,-51798.8,17624.5
LS136_sec097,LS136,7,2,matched,LS136_7a.czi,1,LS136_s07a_sc01,LS136_7b.czi,2,LS136_s07b_sc02,1225.9,-42642.4,5675.2
LS136_sec098,LS136,7,3,matched,LS136_7a.czi,2,LS136_s07a_sc02,LS136_7b.czi,3,LS136_s07b_sc03,1043.3,-42972.0,16634.5
LS136_sec099,LS136,7,4,matched,LS136_7a.czi,3,LS136_s07a_sc03,LS136_7b.czi,4,LS136_s07b_sc04,1666.0,-34346.4,6553.0
LS136_sec100,LS136,7,5,matched,LS136_7a.czi,4,LS136_s07a_sc04,LS136_7b.czi,5,LS136_s07b_sc05,1150.5,-34286.8,17040.8
LS136_sec101,LS136,7,6,matched,LS136_7a.czi,5,LS136_s07a_sc05,LS136_7b.czi,7,LS136_s07b_sc07,1666.8,-26060.5,17163.1
LS136_sec102,LS136,7,7,unmatched_AF488,,,,LS136_7b.czi,6,LS136_s07b_sc06,,-27912.0,7002.9
LS136_sec103,LS136,7,7,matched,LS136_7a.czi,6,LS136_s07a_sc06,LS136_7b.czi,9,LS136_s07b_sc09,1637.6,-18893.1,17176.8
LS136_sec104,LS136,7,8,matched,LS136_7a.czi,7,LS136_s07a_sc07,LS136_7b.czi,10,LS136_s07b_sc10,2127.3,-14733.9,5767.8
LS136_sec105,LS136,7,9,unmatched_AF488,,,,LS136_7b.czi,8,LS136_s07b_sc08,,-20984.1,7180.6
LS136_sec106,LS136,7,12,unmatched_AF488,,,,LS136_7b.czi,11,LS136_s07b_sc11,,-12239.3,17473.9
LS136_sec107,LS136,8,1,matched,LS136_8a.czi,0,LS136_s08a_sc00,LS136_8b.czi,0,LS136_s08b_sc00,1171.0,-51752.5,5830.7
LS136_sec108,LS136,8,2,matched,LS136_8a.czi,1,LS136_s08a_sc01,LS136_8b.czi,1,LS136_s08b_sc01,307.4,-51320.3,15752.8
LS136_sec109,LS136,8,3,unmatched_AF488,,,,LS136_8b.czi,2,LS136_s08b_sc02,,-45578.6,8502.8
LS136_sec110,LS136,8,3,matched,LS136_8a.czi,2,LS136_s08a_sc02,LS136_8b.czi,4,LS136_s08b_sc04,903.3,-37488.1,6056.5
LS136_sec111,LS136,8,4,unmatched_AF488,,,,LS136_8b.czi,3,LS136_s08b_sc03,,-45340.0,18267.3
LS136_sec112,LS136,8,4,matched,LS136_8a.czi,3,LS136_s08a_sc03,LS136_8b.czi,5,LS136_s08b_sc05,2176.6,-38540.0,16310.7
LS136_sec113,LS136,8,5,matched,LS136_8a.czi,4,LS136_s08a_sc04,LS136_8b.czi,6,LS136_s08b_sc06,701.6,-29388.7,8223.6
LS136_sec114,LS136,8,6,matched,LS136_8a.czi,5,LS136_s08a_sc05,LS136_8b.czi,7,LS136_s08b_sc07,175.1,-29449.9,16678.6
LS136_sec115,LS136,8,7,matched,LS136_8a.czi,6,LS136_s08a_sc06,LS136_8b.czi,8,LS136_s08b_sc08,629.2,-21459.4,5350.7
LS136_sec116,LS136,8,8,matched,LS136_8a.czi,7,LS136_s08a_sc07,LS136_8b.czi,9,LS136_s08b_sc09,1837.3,-19650.8,14833.0
LS136_sec117,LS136,8,9,matched,LS136_8a.czi,8,LS136_s08a_sc08,LS136_8b.czi,10,LS136_s08b_sc10,510.3,-13250.1,5172.6
LS136_sec118,LS136,8,10,matched,LS136_8a.czi,9,LS136_s08a_sc09,LS136_8b.czi,11,LS136_s08b_sc11,1426.3,-11141.6,14464.0
LS136_sec119,LS136,9,1,matched,LS136_9a.czi,0,LS136_s09a_sc00,LS136_9b.czi,0,LS136_s09b_sc00,471.3,-52388.0,6854.5
LS136_sec120,LS136,9,2,matched,LS136_9a.czi,1,LS136_s09a_sc01,LS136_9b.czi,1,LS136_s09b_sc01,892.4,-43969.9,8015.9
LS136_sec121,LS136,9,3,matched,LS136_9a.czi,2,LS136_s09a_sc02,LS136_9b.czi,2,LS136_s09b_sc02,1671.8,-35317.1,6395.7
LS136_sec122,LS136,9,4,unmatched_AF488,,,,LS136_9b.czi,3,LS136_s09b_sc03,,-38170.2,16505.0
LS136_sec123,LS136,9,4,matched,LS136_9a.czi,3,LS136_s09a_sc03,LS136_9b.czi,6,LS136_s09b_sc06,969.0,-19988.0,16929.2
LS136_sec124,LS136,9,5,unmatched_AF488,,,,LS136_9b.czi,4,LS136_s09b_sc04,,-29017.7,7308.1
LS136_sec125,LS136,9,5,matched,LS136_9a.czi,4,LS136_s09a_sc04,LS136_9b.czi,7,LS136_s09b_sc07,1801.9,-12899.9,7270.2
LS136_sec126,LS136,9,6,unmatched_AF488,,,,LS136_9b.czi,5,LS136_s09b_sc05,,-20295.9,6760.6
LS136_sec127,LS136,9,6,matched,LS136_9a.czi,5,LS136_s09a_sc05,LS136_9b.czi,8,LS136_s09b_sc08,515.3,-12466.7,15660.0
LS138_sec001,LS138,1,1,unmatched_AF488,,,,LS138_1b.czi,0,LS138_s01b_sc00,,-52158.7,6024.5
LS138_sec002,LS138,1,1,matched,LS138_1a.czi,0,LS138_s01a_sc00,LS138_1b.czi,1,LS138_s01b_sc01,1187.0,-51497.9,15595.3
LS138_sec003,LS138,1,2,matched,LS138_1a.czi,1,LS138_s01a_sc01,LS138_1b.czi,2,LS138_s01b_sc02,1951.2,-44920.3,4525.4
LS138_sec004,LS138,1,3,matched,LS138_1a.czi,2,LS138_s01a_sc02,LS138_1b.czi,3,LS138_s01b_sc03,2217.7,-42987.5,13640.1
LS138_sec005,LS138,1,4,matched,LS138_1a.czi,3,LS138_s01a_sc03,LS138_1b.czi,4,LS138_s01b_sc04,1159.7,-37507.7,6708.3
LS138_sec006,LS138,1,5,matched,LS138_1a.czi,4,LS138_s01a_sc04,LS138_1b.czi,5,LS138_s01b_sc05,1670.9,-35911.4,16579.6
LS138_sec007,LS138,1,6,matched,LS138_1a.czi,5,LS138_s01a_sc05,LS138_1b.czi,6,LS138_s01b_sc06,1279.6,-30271.5,7673.7
LS138_sec008,LS138,1,7,matched,LS138_1a.czi,6,LS138_s01a_sc06,LS138_1b.czi,7,LS138_s01b_sc07,1758.8,-28392.8,17952.9
LS138_sec009,LS138,1,8,matched,LS138_1a.czi,7,LS138_s01a_sc07,LS138_1b.czi,8,LS138_s01b_sc08,2213.0,-23879.3,6805.3
LS138_sec010,LS138,1,9,matched,LS138_1a.czi,8,LS138_s01a_sc08,LS138_1b.czi,9,LS138_s01b_sc09,1540.0,-20977.9,16856.8
LS138_sec011,LS138,1,10,matched,LS138_1a.czi,9,LS138_s01a_sc09,LS138_1b.czi,10,LS138_s01b_sc10,1236.8,-15441.3,6294.4
LS138_sec012,LS138,1,11,matched,LS138_1a.czi,10,LS138_s01a_sc10,LS138_1b.czi,11,LS138_s01b_sc11,300.8,-13368.1,15640.0
LS138_sec013,LS138,2,1,matched,LS138_2a.czi,0,LS138_s02a_sc00,LS138_2b.czi,0,LS138_s02b_sc00,162.3,-52001.3,6729.7
LS138_sec014,LS138,2,2,matched,LS138_2a.czi,1,LS138_s02a_sc01,LS138_2b.czi,1,LS138_s02b_sc01,1588.5,-52732.8,15838.4
LS138_sec015,LS138,2,3,matched,LS138_2a.czi,2,LS138_s02a_sc02,LS138_2b.czi,2,LS138_s02b_sc02,905.4,-44181.5,7662.4
LS138_sec016,LS138,2,4,matched,LS138_2a.czi,3,LS138_s02a_sc03,LS138_2b.czi,3,LS138_s02b_sc03,1131.2,-44508.2,16700.6
LS138_sec017,LS138,2,5,matched,LS138_2a.czi,4,LS138_s02a_sc04,LS138_2b.czi,4,LS138_s02b_sc04,386.1,-35337.4,7540.6
LS138_sec018,LS138,2,6,matched,LS138_2a.czi,5,LS138_s02a_sc05,LS138_2b.czi,5,LS138_s02b_sc05,516.9,-34128.5,16829.6
LS138_sec019,LS138,2,7,matched,LS138_2a.czi,6,LS138_s02a_sc06,LS138_2b.czi,6,LS138_s02b_sc06,1565.7,-26563.8,7365.5
LS138_sec020,LS138,2,8,matched,LS138_2a.czi,7,LS138_s02a_sc07,LS138_2b.czi,7,LS138_s02b_sc07,185.0,-24755.2,16549.3
LS138_sec021,LS138,2,9,matched,LS138_2a.czi,8,LS138_s02a_sc08,LS138_2b.czi,8,LS138_s02b_sc08,1746.3,-16517.7,4937.2
LS138_sec022,LS138,2,10,matched,LS138_2a.czi,9,LS138_s02a_sc09,LS138_2b.czi,9,LS138_s02b_sc09,665.2,-16052.4,15282.5
LS138_sec023,LS138,2,11,unmatched_AF568,LS138_2a.czi,10,LS138_s02a_sc10,,,,,-9246.7,6731.7
LS138_sec024,LS138,2,12,matched,LS138_2a.czi,11,LS138_s02a_sc11,LS138_2b.czi,10,LS138_s02b_sc10,962.9,-8249.7,15529.4
LS138_sec025,LS138,3,1,matched,LS138_3a.czi,0,LS138_s03a_sc00,LS138_3b.czi,0,LS138_s03b_sc00,1487.2,-52001.8,6976.9
LS138_sec026,LS138,3,2,matched,LS138_3a.czi,1,LS138_s03a_sc01,LS138_3b.czi,1,LS138_s03b_sc01,611.4,-50810.5,16531.0
LS138_sec027,LS138,3,3,matched,LS138_3a.czi,2,LS138_s03a_sc02,LS138_3b.czi,2,LS138_s03b_sc02,937.3,-42609.1,6891.9
LS138_sec028,LS138,3,4,matched,LS138_3a.czi,3,LS138_s03a_sc03,LS138_3b.czi,3,LS138_s03b_sc03,1751.5,-40995.2,16428.2
LS138_sec029,LS138,3,5,matched,LS138_3a.czi,4,LS138_s03a_sc04,LS138_3b.czi,4,LS138_s03b_sc04,277.1,-34596.2,7030.1
LS138_sec030,LS138,3,6,matched,LS138_3a.czi,5,LS138_s03a_sc05,LS138_3b.czi,5,LS138_s03b_sc05,425.9,-33229.1,17220.2
LS138_sec031,LS138,3,7,matched,LS138_3a.czi,6,LS138_s03a_sc06,LS138_3b.czi,6,LS138_s03b_sc06,939.8,-25520.5,6768.4
LS138_sec032,LS138,3,8,matched,LS138_3a.czi,7,LS138_s03a_sc07,LS138_3b.czi,7,LS138_s03b_sc07,1263.4,-23942.2,15880.1
LS138_sec033,LS138,3,9,matched,LS138_3a.czi,8,LS138_s03a_sc08,LS138_3b.czi,8,LS138_s03b_sc08,335.1,-17366.5,6062.4
LS138_sec034,LS138,3,10,matched,LS138_3a.czi,9,LS138_s03a_sc09,LS138_3b.czi,9,LS138_s03b_sc09,1157.9,-16774.2,15613.7
LS138_sec035,LS138,3,11,matched,LS138_3a.czi,10,LS138_s03a_sc10,LS138_3b.czi,10,LS138_s03b_sc10,1380.3,-8982.4,7947.8
LS138_sec036,LS138,3,12,matched,LS138_3a.czi,11,LS138_s03a_sc11,LS138_3b.czi,11,LS138_s03b_sc11,1505.2,-8531.6,16441.5
LS138_sec037,LS138,4,1,matched,LS138_4a.czi,0,LS138_s04a_sc00,LS138_4b.czi,0,LS138_s04b_sc00,1119.9,-49741.9,6331.6
LS138_sec038,LS138,4,2,matched,LS138_4a.czi,1,LS138_s04a_sc01,LS138_4b.czi,1,LS138_s04b_sc01,947.9,-49786.1,16004.2
LS138_sec039,LS138,4,3,matched,LS138_4a.czi,2,LS138_s04a_sc02,LS138_4b.czi,2,LS138_s04b_sc02,690.3,-42166.7,6382.3
LS138_sec040,LS138,4,4,matched,LS138_4a.czi,3,LS138_s04a_sc03,LS138_4b.czi,3,LS138_s04b_sc03,511.0,-41259.9,15847.8
LS138_sec041,LS138,4,5,matched,LS138_4a.czi,4,LS138_s04a_sc04,LS138_4b.czi,4,LS138_s04b_sc04,1768.7,-31963.5,5504.0
LS138_sec042,LS138,4,6,matched,LS138_4a.czi,5,LS138_s04a_sc05,LS138_4b.czi,5,LS138_s04b_sc05,1827.8,-31374.8,15957.6
LS138_sec043,LS138,4,7,matched,LS138_4a.czi,6,LS138_s04a_sc06,LS138_4b.czi,6,LS138_s04b_sc06,929.1,-23208.9,6033.7
LS138_sec044,LS138,4,8,matched,LS138_4a.czi,7,LS138_s04a_sc07,LS138_4b.czi,7,LS138_s04b_sc07,1070.5,-22194.7,16219.8
LS138_sec045,LS138,5,1,matched,LS138_5a.czi,0,LS138_s05a_sc00,LS138_5b.czi,0,LS138_s05b_sc00,1732.3,-51841.6,6222.4
LS138_sec046,LS138,5,2,matched,LS138_5a.czi,1,LS138_s05a_sc01,LS138_5b.czi,1,LS138_s05b_sc01,1204.9,-51443.9,16424.5
LS138_sec047,LS138,5,3,matched,LS138_5a.czi,2,LS138_s05a_sc02,LS138_5b.czi,2,LS138_s05b_sc02,372.5,-41443.2,6189.1
LS138_sec048,LS138,5,4,matched,LS138_5a.czi,3,LS138_s05a_sc03,LS138_5b.czi,3,LS138_s05b_sc03,1065.5,-40943.4,16660.1
LS138_sec049,LS138,5,5,matched,LS138_5a.czi,4,LS138_s05a_sc04,LS138_5b.czi,4,LS138_s05b_sc04,1152.3,-30204.9,5922.4
LS138_sec050,LS138,5,6,matched,LS138_5a.czi,5,LS138_s05a_sc05,LS138_5b.czi,5,LS138_s05b_sc05,688.4,-30438.3,16292.0
LS138_sec051,LS138,5,7,matched,LS138_5a.czi,6,LS138_s05a_sc06,LS138_5b.czi,6,LS138_s05b_sc06,1276.9,-20261.4,6496.2
LS138_sec052,LS138,5,8,matched,LS138_5a.czi,7,LS138_s05a_sc07,LS138_5b.czi,7,LS138_s05b_sc07,1411.6,-19478.1,16756.7
LS138_sec053,LS138,5,9,matched,LS138_5a.czi,8,LS138_s05a_sc08,LS138_5b.czi,8,LS138_s05b_sc08,1282.9,-9511.0,6113.4
LS138_sec054,LS138,5,10,matched,LS138_5a.czi,9,LS138_s05a_sc09,LS138_5b.czi,9,LS138_s05b_sc09,559.1,-8214.2,17112.5
LS138_sec055,LS138,6,1,matched,LS138_6a.czi,0,LS138_s06a_sc00,LS138_6b.czi,0,LS138_s06b_sc00,1092.7,-50515.9,5728.9
LS138_sec056,LS138,6,2,matched,LS138_6a.czi,1,LS138_s06a_sc01,LS138_6b.czi,1,LS138_s06b_sc01,1472.4,-50103.1,16462.7
LS138_sec057,LS138,6,3,matched,LS138_6a.czi,2,LS138_s06a_sc02,LS138_6b.czi,2,LS138_s06b_sc02,891.2,-41496.8,6433.7
LS138_sec058,LS138,6,4,matched,LS138_6a.czi,3,LS138_s06a_sc03,LS138_6b.czi,3,LS138_s06b_sc03,842.0,-40537.4,16252.6
LS138_sec059,LS138,6,5,matched,LS138_6a.czi,4,LS138_s06a_sc04,LS138_6b.czi,4,LS138_s06b_sc04,795.0,-32335.4,6260.8
LS138_sec060,LS138,6,6,matched,LS138_6a.czi,5,LS138_s06a_sc05,LS138_6b.czi,5,LS138_s06b_sc05,713.5,-30509.9,16996.4
LS138_sec061,LS138,6,7,matched,LS138_6a.czi,6,LS138_s06a_sc06,LS138_6b.czi,6,LS138_s06b_sc06,1502.5,-21655.3,6846.7
LS138_sec062,LS138,6,8,matched,LS138_6a.czi,7,LS138_s06a_sc07,LS138_6b.czi,7,LS138_s06b_sc07,1484.6,-20428.7,16895.6
LS138_sec063,LS138,6,9,matched,LS138_6a.czi,8,LS138_s06a_sc08,LS138_6b.czi,8,LS138_s06b_sc08,367.3,-10444.6,5335.2
LS138_sec064,LS138,6,10,matched,LS138_6a.czi,9,LS138_s06a_sc09,LS138_6b.czi,9,LS138_s06b_sc09,689.9,-9007.4,16038.4
LS138_sec065,LS138,7,1,matched,LS138_7a.czi,0,LS138_s07a_sc00,LS138_7b.czi,0,LS138_s07b_sc00,179.1,-50500.2,6962.6
LS138_sec066,LS138,7,2,matched,LS138_7a.czi,1,LS138_s07a_sc01,LS138_7b.czi,1,LS138_s07b_sc01,457.8,-50845.7,17589.5
LS138_sec067,LS138,7,3,matched,LS138_7a.czi,2,LS138_s07a_sc02,LS138_7b.czi,2,LS138_s07b_sc02,1280.9,-40474.9,7441.6
LS138_sec068,LS138,7,4,matched,LS138_7a.czi,3,LS138_s07a_sc03,LS138_7b.czi,3,LS138_s07b_sc03,1072.2,-39725.2,17753.0
LS138_sec069,LS138,7,5,matched,LS138_7a.czi,4,LS138_s07a_sc04,LS138_7b.czi,4,LS138_s07b_sc04,1463.4,-30516.9,5822.1
LS138_sec070,LS138,7,6,matched,LS138_7a.czi,5,LS138_s07a_sc05,LS138_7b.czi,5,LS138_s07b_sc05,1767.4,-28673.6,16770.8
LS138_sec071,LS138,7,7,matched,LS138_7a.czi,6,LS138_s07a_sc06,LS138_7b.czi,6,LS138_s07b_sc06,1341.0,-20646.7,5173.3
LS138_sec072,LS138,7,8,matched,LS138_7a.czi,7,LS138_s07a_sc07,LS138_7b.czi,7,LS138_s07b_sc07,770.8,-20287.7,15940.5
LS138_sec073,LS138,7,9,matched,LS138_7a.czi,8,LS138_s07a_sc08,LS138_7b.czi,8,LS138_s07b_sc08,1359.5,-11575.5,6391.9
LS138_sec074,LS138,7,10,matched,LS138_7a.czi,9,LS138_s07a_sc09,LS138_7b.czi,9,LS138_s07b_sc09,1633.3,-11214.4,16964.9
LS138_sec075,LS138,8,1,matched,LS138_8a.czi,0,LS138_s08a_sc00,LS138_8b.czi,0,LS138_s08b_sc00,785.2,-51364.4,5724.3
LS138_sec076,LS138,8,2,matched,LS138_8a.czi,1,LS138_s08a_sc01,LS138_8b.czi,1,LS138_s08b_sc01,476.3,-51410.3,16156.8
LS138_sec077,LS138,8,3,matched,LS138_8a.czi,2,LS138_s08a_sc02,LS138_8b.czi,2,LS138_s08b_sc02,687.5,-41973.6,6327.3
LS138_sec078,LS138,8,4,matched,LS138_8a.czi,3,LS138_s08a_sc03,LS138_8b.czi,3,LS138_s08b_sc03,888.9,-41613.9,17061.5
LS138_sec079,LS138,8,5,matched,LS138_8a.czi,4,LS138_s08a_sc04,LS138_8b.czi,4,LS138_s08b_sc04,975.2,-32969.4,6171.5
LS138_sec080,LS138,8,6,matched,LS138_8a.czi,5,LS138_s08a_sc05,LS138_8b.czi,5,LS138_s08b_sc05,1279.8,-31850.0,16695.8
LS138_sec081,LS138,8,7,matched,LS138_8a.czi,6,LS138_s08a_sc06,LS138_8b.czi,6,LS138_s08b_sc06,1959.3,-24143.5,6188.8
LS138_sec082,LS138,8,8,matched,LS138_8a.czi,7,LS138_s08a_sc07,LS138_8b.czi,7,LS138_s08b_sc07,1165.7,-23201.4,16200.9
LS138_sec083,LS138,8,9,matched,LS138_8a.czi,8,LS138_s08a_sc08,LS138_8b.czi,8,LS138_s08b_sc08,1306.8,-15316.8,4902.7
LS138_sec084,LS138,8,10,matched,LS138_8a.czi,9,LS138_s08a_sc09,LS138_8b.czi,9,LS138_s08b_sc09,981.1,-12713.8,15324.2
LS138_sec085,LS138,8,11,matched,LS138_8a.czi,10,LS138_s08a_sc10,LS138_8b.czi,10,LS138_s08b_sc10,1694.8,-7231.4,5957.7
LS138_sec086,LS138,8,12,unmatched_AF488,,,,LS138_8b.czi,11,LS138_s08b_sc11,,-4699.0,15198.4
LS138_sec087,LS138,9,1,matched,LS138_9a.czi,0,LS138_s09a_sc00,LS138_9b.czi,0,LS138_s09b_sc00,868.2,-51029.2,6713.1
LS138_sec088,LS138,9,2,matched,LS138_9a.czi,1,LS138_s09a_sc01,LS138_9b.czi,1,LS138_s09b_sc01,2085.1,-50296.0,16141.8
LS138_sec089,LS138,9,3,matched,LS138_9a.czi,2,LS138_s09a_sc02,LS138_9b.czi,2,LS138_s09b_sc02,2144.1,-42257.3,8106.0
LS138_sec090,LS138,9,4,matched,LS138_9a.czi,3,LS138_s09a_sc03,LS138_9b.czi,3,LS138_s09b_sc03,1947.5,-41541.1,16374.1
LS138_sec091,LS138,9,5,matched,LS138_9a.czi,4,LS138_s09a_sc04,LS138_9b.czi,4,LS138_s09b_sc04,1363.1,-33869.8,6680.1
LS138_sec092,LS138,9,6,matched,LS138_9a.czi,5,LS138_s09a_sc05,LS138_9b.czi,5,LS138_s09b_sc05,443.9,-32856.5,16301.6
LS138_sec093,LS138,9,7,matched,LS138_9a.czi,6,LS138_s09a_sc06,LS138_9b.czi,6,LS138_s09b_sc06,1696.8,-25271.8,5975.0
LS138_sec094,LS138,9,8,unmatched_AF488,,,,LS138_9b.czi,7,LS138_s09b_sc07,,-9809.4,6497.6
LS138_sec095,LS138,9,8,unmatched_AF568,LS138_9a.czi,7,LS138_s09a_sc07,,,,,-24048.0,16409.5
LS138_sec096,LS138,9,9,unmatched_AF568,LS138_9a.czi,8,LS138_s09a_sc08,,,,,-17135.4,6396.8
LS138_sec097,LS138,9,10,matched,LS138_9a.czi,9,LS138_s09a_sc09,LS138_9b.czi,8,LS138_s09b_sc08,1915.4,-15663.2,17257.0
