scene_uid,animal,marker,roi_kind,region,seed_n,sec_x,sec_y,sec_r,czi_file,scene_index,czi_cx,czi_cy,czi_x0,czi_y0,czi_w,czi_h,axis_a_um,axis_b_um
LS105_s05a_sc06,LS105,AF568,background,__background__,,191.21,59.08,11.1,LS105_5a.czi,6,-45151.47,6415.4,-45640,5789,977,1253,404.7,320.0
LS105_s05a_sc06,LS105,AF568,background,__background__,,226.66,69.72,9.53,LS105_5a.czi,6,-44437.76,4539.65,-44857,4002,839,1075,347.5,274.8
LS105_s05a_sc06,LS105,AF568,background,__background__,,236.71,103.39,11.0,LS105_5a.czi,6,-42904.74,4287.01,-43389,3666,969,1242,401.1,317.1
LS105_s05a_sc06,LS105,AF568,background,__background__,,218.39,123.48,11.0,LS105_5a.czi,6,-42162.78,5489.38,-42647,4869,969,1241,401.1,317.1
LS105_s05a_sc06,LS105,AF568,background,__background__,,83.1,167.79,11.0,LS105_5a.czi,6,-41200.36,13421.19,-41685,12801,969,1241,401.1,317.1
LS105_s05a_sc06,LS105,AF568,roi,Posterior tuberculum,1,103.78,154.2,11.0,LS105_5a.czi,6,-41643.39,12146.69,-42128,11526,969,1241,401.1,317.1
LS105_s05a_sc06,LS105,AF568,roi,Posterior tuberculum,2,156.36,142.98,11.0,LS105_5a.czi,6,-41756.93,9118.66,-42241,8498,968,1241,401.1,317.1
LS105_s05a_sc06,LS105,AF568,roi,Anterior tuberal nucleus,3,113.23,187.29,11.0,LS105_5a.czi,6,-40139.82,11922.16,-40624,11301,968,1242,401.1,317.1
LS105_s05a_sc06,LS105,AF568,roi,Anterior tuberal nucleus,4,161.68,176.65,11.0,LS105_5a.czi,6,-40257.52,9129.23,-40742,8509,969,1241,401.1,317.1
LS105_s05a_sc07,LS105,AF568,background,__background__,,170.54,54.36,11.0,LS105_5a.czi,7,-43288.64,24911.37,-43755,24248,932,1327,430.8,303.0
LS105_s05a_sc07,LS105,AF568,background,__background__,,201.85,118.75,11.0,LS105_5a.czi,7,-40626.62,22848.14,-41093,22185,933,1327,430.8,303.0
LS105_s05a_sc07,LS105,AF568,background,__background__,,62.42,136.48,11.0,LS105_5a.czi,7,-39606.4,31194.99,-40073,30531,933,1328,430.8,303.0
LS105_s05a_sc07,LS105,AF568,background,__background__,,34.65,124.66,11.0,LS105_5a.czi,7,-40052.34,32899.83,-40518,32236,932,1327,430.8,303.0
LS105_s05a_sc07,LS105,AF568,roi,Posterior tuberculum,1,94.32,150.07,11.0,LS105_5a.czi,7,-39093.63,29236.58,-39560,28573,933,1327,430.8,303.0
LS105_s05a_sc07,LS105,AF568,roi,Posterior tuberculum,2,143.95,151.25,11.0,LS105_5a.czi,7,-39140.01,26244.83,-39606,25581,932,1327,430.8,303.0
LS105_s05a_sc07,LS105,AF568,roi,Anterior tuberal nucleus,3,100.23,197.92,11.0,LS105_5a.czi,7,-37081.73,28748.51,-37548,28085,932,1327,430.8,303.0
LS105_s05a_sc07,LS105,AF568,roi,Anterior tuberal nucleus,4,135.09,196.15,11.0,LS105_5a.czi,7,-37224.21,26654.29,-37690,25991,932,1327,430.8,303.0
LS105_s06a_sc00,LS105,AF568,background,__background__,,96.1,137.07,11.0,LS105_6a.czi,0,-81084.8,13586.1,-81533,12886,896,1400,451.5,295.9
LS105_s06a_sc00,LS105,AF568,background,__background__,,82.51,151.84,11.0,LS105_6a.czi,0,-80405.2,14293.3,-80853,13593,896,1400,451.5,295.9
LS105_s06a_sc00,LS105,AF568,background,__background__,,58.29,145.93,11.0,LS105_6a.czi,0,-80488.95,15873.49,-80937,15173,896,1401,451.5,295.9
LS105_s06a_sc00,LS105,AF568,background,__background__,,231.98,71.49,11.0,LS105_6a.czi,0,-84581.61,5700.53,-85029,5000,895,1401,451.5,295.9
LS105_s06a_sc00,LS105,AF568,roi,Posterior tuberculum,1,112.64,175.47,11.0,LS105_6a.czi,0,-79647.05,12166.02,-80095,11466,896,1400,451.5,295.9
LS105_s06a_sc00,LS105,AF568,roi,Posterior tuberculum,2,144.54,179.61,11.0,LS105_6a.czi,0,-79683.13,10120.93,-80131,9421,896,1400,451.5,295.9
LS105_s06a_sc00,LS105,AF568,roi,Anterior tuberal nucleus,3,107.91,219.19,11.0,LS105_6a.czi,0,-77860.6,12029.39,-78308,11329,895,1400,451.5,295.9
LS105_s06a_sc00,LS105,AF568,roi,Anterior tuberal nucleus,4,151.04,212.69,11.0,LS105_6a.czi,0,-78395.4,9384.37,-78843,8684,895,1400,451.5,295.9
LS105_s06a_sc01,LS105,AF568,background,__background__,,165.22,49.63,11.0,LS105_6a.czi,1,-82625.31,27709.07,-83170,27232,1089,954,310.8,352.9
LS105_s06a_sc01,LS105,AF568,background,__background__,,143.95,47.27,11.0,LS105_6a.czi,1,-82596.83,28636.44,-83141,28159,1089,955,310.8,352.9
LS105_s06a_sc01,LS105,AF568,background,__background__,,122.09,49.63,11.0,LS105_6a.czi,1,-82333.11,29561.13,-82878,29084,1089,954,310.8,352.9
LS105_s06a_sc01,LS105,AF568,background,__background__,,40.56,86.85,11.0,LS105_6a.czi,1,-79957.23,32841.13,-80502,32364,1089,954,310.8,352.9
LS105_s06a_sc01,LS105,AF568,background,__background__,,32.29,105.76,11.0,LS105_6a.czi,1,-78974.75,33083.97,-79519,32607,1089,954,310.8,352.9
LS105_s06a_sc01,LS105,AF568,background,__background__,,137.45,138.25,11.0,LS105_6a.czi,1,-78095.39,28375.33,-78640,27898,1089,955,310.8,352.9
LS105_s06a_sc01,LS105,AF568,roi,Posterior tuberculum,1,153.99,171.93,11.0,LS105_6a.czi,1,-76557.36,27465.09,-77102,26988,1089,954,310.8,352.9
LS105_s06a_sc01,LS105,AF568,roi,Posterior tuberculum,2,210.12,168.97,11.0,LS105_6a.czi,1,-77082.65,25072.36,-77627,24595,1089,955,310.8,352.9
LS105_s06a_sc01,LS105,AF568,roi,Anterior tuberal nucleus,3,152.22,195.56,11.0,LS105_6a.czi,1,-75387.66,27400.78,-75932,26923,1089,955,310.8,352.9
LS105_s06a_sc01,LS105,AF568,roi,Anterior tuberal nucleus,4,210.71,194.97,11.0,LS105_6a.czi,1,-75812.82,24892.64,-76357,24415,1089,955,310.8,352.9
LS105_s06a_sc02,LS105,AF568,background,__background__,,52.54,66.09,11.0,LS105_6a.czi,2,-65317.11,4537.38,-65792,3796,949,1483,470.1,325.7
LS105_s06a_sc02,LS105,AF568,background,__background__,,21.27,92.57,11.0,LS105_6a.czi,2,-66794.85,3025.72,-67269,2284,949,1483,470.1,325.7
LS105_s06a_sc02,LS105,AF568,background,__background__,,128.58,212.97,11.0,LS105_6a.czi,2,-70451.27,12268.75,-70926,11527,949,1484,470.1,325.7
LS105_s06a_sc02,LS105,AF568,background,__background__,,155.17,213.49,11.0,LS105_6a.czi,2,-70146.35,13996.36,-70621,13255,949,1483,470.1,325.7
LS105_s06a_sc02,LS105,AF568,background,__background__,,182.89,201.05,11.0,LS105_6a.czi,2,-69292.19,15548.21,-69767,14806,949,1484,470.1,325.7
LS105_s06a_sc02,LS105,AF568,roi,Posterior tuberculum,1,150.6,68.43,11.0,LS105_6a.czi,2,-64210.06,10916.69,-64685,10175,949,1483,470.1,325.7
LS105_s06a_sc02,LS105,AF568,roi,Anterior tuberal nucleus,2,156.0,38.5,11.0,LS105_6a.czi,2,-62907.37,10691.0,-63382,9949,949,1484,470.1,325.7
LS105_s06a_sc02,LS105,AF568,roi,Posterior tuberculum,3,119.32,67.12,11.0,LS105_6a.czi,2,-64539.92,8870.95,-65014,8129,949,1484,470.1,325.7
LS105_s06a_sc02,LS105,AF568,roi,Anterior tuberal nucleus,4,118.44,45.79,11.0,LS105_6a.czi,2,-63669.58,8404.67,-64144,7663,949,1483,470.1,325.7
LS105_s06a_sc04,LS105,AF568,background,__background__,,66.65,50.75,11.0,LS105_6a.czi,4,-57107.07,6527.56,-57509,5862,804,1331,308.0,400.3
LS105_s06a_sc04,LS105,AF568,background,__background__,,134.78,180.61,11.0,LS105_6a.czi,4,-52668.2,11489.97,-53070,10824,804,1332,308.0,400.3
LS105_s06a_sc04,LS105,AF568,background,__background__,,160.5,109.01,11.0,LS105_6a.czi,4,-53080.04,6940.98,-53482,6275,804,1332,308.0,400.3
LS105_s06a_sc04,LS105,AF568,background,__background__,,215.19,81.79,10.32,LS105_6a.czi,4,-51791.98,3925.01,-52169,3301,754,1248,288.9,375.5
LS105_s06a_sc04,LS105,AF568,background,__background__,,135.0,15.73,11.0,LS105_6a.czi,4,-55514.61,2704.98,-55917,2039,805,1332,308.0,400.3
LS105_s06a_sc04,LS105,AF568,background,__background__,,111.03,23.1,11.0,LS105_6a.czi,4,-56158.08,3784.04,-56560,3118,804,1332,308.0,400.3
LS105_s06a_sc04,LS105,AF568,background,__background__,,87.88,32.84,11.0,LS105_6a.czi,4,-56734.15,4965.8,-57136,4300,804,1331,308.0,400.3
LS105_s06a_sc04,LS105,AF568,roi,Posterior tuberculum,1,175.69,176.24,11.0,LS105_6a.czi,4,-51427.93,10085.35,-51830,9420,804,1331,308.0,400.3
LS105_s06a_sc04,LS105,AF568,roi,Posterior tuberculum,2,190.69,142.8,11.0,LS105_6a.czi,4,-51524.18,7875.21,-51926,7210,804,1331,308.0,400.3
LS105_s06a_sc04,LS105,AF568,roi,Anterior tuberal nucleus,3,205.75,196.82,11.0,LS105_6a.czi,4,-50104.87,10319.97,-50507,9654,804,1332,308.0,400.3
LS105_s06a_sc04,LS105,AF568,roi,Anterior tuberal nucleus,4,226.23,156.19,11.0,LS105_6a.czi,4,-50149.27,7570.02,-50552,6904,805,1332,308.0,400.3
LS105_s06a_sc05,LS105,AF568,background,__background__,,116.29,237.07,11.0,LS105_6a.czi,5,-56285.32,27592.32,-56698,27045,826,1095,351.1,274.3
LS105_s06a_sc05,LS105,AF568,background,__background__,,141.81,230.49,11.0,LS105_6a.czi,5,-55810.81,28742.58,-56224,28195,826,1095,351.1,274.3
LS105_s06a_sc05,LS105,AF568,background,__background__,,192.46,208.41,11.0,LS105_6a.czi,5,-54541.02,30915.24,-54954,30367,826,1096,351.1,274.3
LS105_s06a_sc05,LS105,AF568,background,__background__,,206.53,190.7,11.0,LS105_6a.czi,5,-53767.33,31377.25,-54180,30830,826,1095,351.1,274.3
LS105_s06a_sc05,LS105,AF568,background,__background__,,144.82,99.66,11.0,LS105_6a.czi,5,-51025.7,27288.32,-51439,26741,826,1095,351.1,274.3
LS105_s06a_sc05,LS105,AF568,background,__background__,,195.74,113.79,11.0,LS105_6a.czi,5,-51070.12,29916.67,-51483,29369,826,1095,351.1,274.3
LS105_s06a_sc05,LS105,AF568,roi,Posterior tuberculum,1,119.14,75.38,11.0,LS105_6a.czi,5,-50379.53,25753.08,-50793,25205,827,1096,351.1,274.3
LS105_s06a_sc05,LS105,AF568,roi,Posterior tuberculum,2,84.27,67.46,11.0,LS105_6a.czi,5,-50412.97,23974.65,-50826,23427,826,1095,351.1,274.3
LS105_s06a_sc05,LS105,AF568,roi,Anterior tuberal nucleus,3,132.47,39.81,11.0,LS105_6a.czi,5,-48963.22,25961.07,-49376,25413,826,1096,351.1,274.3
LS105_s06a_sc05,LS105,AF568,roi,Anterior tuberal nucleus,4,87.7,36.33,11.0,LS105_6a.czi,5,-49249.38,23759.49,-49663,23212,827,1095,351.1,274.3
LS105_s06a_sc06,LS105,AF568,background,__background__,,141.74,172.49,11.0,LS105_6a.czi,6,-44612.47,8279.13,-45044,7566,863,1427,446.3,306.6
LS105_s06a_sc06,LS105,AF568,background,__background__,,167.09,166.02,11.0,LS105_6a.czi,6,-44710.01,9967.23,-45141,9254,862,1427,446.3,306.6
LS105_s06a_sc06,LS105,AF568,background,__background__,,152.04,91.47,11.0,LS105_6a.czi,6,-41763.57,10684.63,-42195,9971,863,1427,446.3,306.6
LS105_s06a_sc06,LS105,AF568,background,__background__,,167.7,81.1,11.0,LS105_6a.czi,6,-41588.99,11867.26,-42020,11154,862,1427,446.3,306.6
LS105_s06a_sc06,LS105,AF568,background,__background__,,84.83,220.65,11.0,LS105_6a.czi,6,-45632.87,3751.56,-46064,3038,862,1427,446.3,306.6
LS105_s06a_sc06,LS105,AF568,background,__background__,,39.92,165.66,11.0,LS105_6a.czi,6,-43011.44,2218.64,-43443,1505,863,1427,446.3,306.6
LS105_s06a_sc06,LS105,AF568,background,__background__,,193.63,210.92,11.0,LS105_6a.czi,6,-46716.2,10601.04,-47147,9888,862,1427,446.3,306.6
LS105_s06a_sc06,LS105,AF568,background,__background__,,237.28,167.79,11.0,LS105_6a.czi,6,-45705.42,14209.5,-46137,13496,863,1427,446.3,306.6
LS105_s06a_sc06,LS105,AF568,roi,Posterior tuberculum,1,133.67,63.06,11.0,LS105_6a.czi,6,-40473.27,10187.4,-40905,9474,863,1427,446.3,306.6
LS105_s06a_sc06,LS105,AF568,roi,Posterior tuberculum,2,108.6,71.95,12.56,LS105_6a.czi,6,-40468.61,8463.3,-40961,7649,985,1629,509.6,350.1
LS105_s06a_sc06,LS105,AF568,roi,Anterior tuberal nucleus,3,84.64,62.09,11.0,LS105_6a.czi,6,-39787.77,7218.19,-40219,6505,862,1427,446.3,306.6
LS120_s01a_sc09,LS120,AF568,background,__background__,,141.92,41.32,11.0,LS120_1a.czi,9,-53017.16,9768.08,-53265,9520,495,496,160.7,160.7
LS120_s01a_sc09,LS120,AF568,background,__background__,,135.56,67.5,11.0,LS120_1a.czi,9,-52692.99,9256.77,-52941,9009,496,495,160.7,160.7
LS120_s01a_sc09,LS120,AF568,background,__background__,,100.62,64.93,11.0,LS120_1a.czi,9,-51967.92,9563.46,-52216,9316,496,495,160.7,160.7
LS120_s01a_sc09,LS120,AF568,background,__background__,,110.79,196.45,11.0,LS120_1a.czi,9,-51235.82,6691.07,-51483,6443,495,496,160.7,160.7
LS120_s01a_sc09,LS120,AF568,background,__background__,,78.08,189.09,11.0,LS120_1a.czi,9,-50592.76,7083.62,-50840,6836,495,495,160.7,160.7
LS120_s01a_sc09,LS120,AF568,background,__background__,,70.1,157.4,11.0,LS120_1a.czi,9,-50651.48,7815.61,-50899,7568,495,495,160.7,160.7
LS120_s01a_sc09,LS120,AF568,roi,Dl,1,128.09,32.84,11.0,LS120_1a.czi,9,-52783.98,10048.29,-53032,9801,496,495,160.7,160.7
LS120_s01a_sc09,LS120,AF568,roi,Dl,2,121.53,51.94,11.0,LS120_1a.czi,9,-52506.62,9689.11,-52754,9441,495,496,160.7,160.7
LS120_s01a_sc09,LS120,AF568,roi,Dl,3,97.86,50.83,11.0,LS120_1a.czi,9,-52010.87,9883.45,-52259,9636,496,495,160.7,160.7
LS120_s01a_sc09,LS120,AF568,roi,Dm,4,108.63,119.08,11.0,LS120_1a.czi,9,-51747.85,8353.26,-51995,8106,495,495,160.7,160.7
LS120_s01a_sc09,LS120,AF568,roi,Dm,5,99.29,102.21,11.0,LS120_1a.czi,9,-51670.75,8779.65,-51918,8532,495,495,160.7,160.7
LS120_s01a_sc09,LS120,AF568,roi,Dm,6,129.72,154.55,11.0,LS120_1a.czi,9,-51940.88,7446.27,-52189,7199,496,495,160.7,160.7
LS120_s01a_sc09,LS120,AF568,roi,Dm,7,120.11,170.18,11.0,LS120_1a.czi,9,-51623.63,7182.94,-51871,6935,495,496,160.7,160.7
LS120_s01a_sc09,LS120,AF568,roi,Dl,8,143.46,223.31,11.0,LS120_1a.czi,9,-51737.39,5883.81,-51985,5636,495,495,160.7,160.7
LS120_s01a_sc09,LS120,AF568,roi,Dl,9,119.69,218.66,11.0,LS120_1a.czi,9,-51265.05,6154.21,-51513,5907,496,495,160.7,160.7
LS120_s01a_sc09,LS120,AF568,roi,Dl,10,92.6,222.37,11.0,LS120_1a.czi,9,-50661.75,6270.63,-50909,6023,495,495,160.7,160.7
LS120_s01a_sc11,LS120,AF568,background,__background__,,202.83,146.83,11.0,LS120_1a.czi,11,-43302.99,21914.6,-43554,21566,502,697,216.8,174.9
LS120_s01a_sc11,LS120,AF568,background,__background__,,191.0,127.42,11.0,LS120_1a.czi,11,-42790.02,21824.55,-43041,21476,502,697,216.8,174.9
LS120_s01a_sc11,LS120,AF568,background,__background__,,88.97,80.09,11.0,LS120_1a.czi,11,-40857.75,19493.68,-41108,19145,501,697,216.8,174.9
LS120_s01a_sc11,LS120,AF568,background,__background__,,61.14,76.27,11.0,LS120_1a.czi,11,-40519.34,18740.25,-40770,18392,501,696,216.8,174.9
LS120_s01a_sc11,LS120,AF568,background,__background__,,31.4,126.22,11.0,LS120_1a.czi,11,-41279.04,17235.73,-41530,16887,502,697,216.8,174.9
LS120_s01a_sc11,LS120,AF568,roi,Dl,1,201.59,146.39,11.0,LS120_1a.czi,11,-43282.31,21884.52,-43533,21536,501,697,216.8,174.9
LS120_s01a_sc11,LS120,AF568,roi,Dl,2,196.32,132.14,11.0,LS120_1a.czi,11,-42937.51,21916.93,-43188,21569,501,696,216.8,174.9
LS120_s01a_sc11,LS120,AF568,roi,Dl,3,183.01,115.28,11.0,LS120_1a.czi,11,-42463.68,21751.18,-42714,21403,501,696,216.8,174.9
LS120_s01a_sc11,LS120,AF568,roi,Dl,4,178.63,98.55,11.0,LS120_1a.czi,11,-42075.69,21841.37,-42326,21493,501,697,216.8,174.9
LS120_s01a_sc11,LS120,AF568,roi,Dl,5,169.54,87.14,11.0,LS120_1a.czi,11,-41754.26,21726.82,-42005,21379,501,696,216.8,174.9
LS120_s01a_sc11,LS120,AF568,roi,Dm,14,105.25,141.81,11.0,LS120_1a.czi,11,-42290.22,19164.46,-42541,18816,501,697,216.8,174.9
LS120_s01a_sc11,LS120,AF568,roi,Dm,15,103.22,124.8,11.0,LS120_1a.czi,11,-41918.3,19326.07,-42169,18978,501,696,216.8,174.9
LS120_s01a_sc11,LS120,AF568,roi,Dm,16,86.98,108.29,11.0,LS120_1a.czi,11,-41424.45,19071.26,-41675,18723,501,697,216.8,174.9
LS120_s01a_sc11,LS120,AF568,roi,Dm,17,95.44,89.43,11.0,LS120_1a.czi,11,-41111.82,19559.44,-41362,19211,501,697,216.8,174.9
LS120_s01a_sc11,LS120,AF568,roi,Vd,18,91.2,73.87,11.0,LS120_1a.czi,11,-40749.43,19638.52,-41000,19290,501,697,216.8,174.9
LS120_s01a_sc11,LS120,AF568,roi,Dm,6,78.08,48.66,11.0,LS120_1a.czi,11,-40104.08,19586.33,-40355,19238,502,697,216.8,174.9
LS120_s01a_sc12,LS120,AF568,background,__background__,,33.71,71.28,11.0,LS120_1a.czi,12,-40042.54,5697.43,-40328,5452,571,491,163.1,181.7
LS120_s01a_sc12,LS120,AF568,background,__background__,,107.01,60.86,11.0,LS120_1a.czi,12,-39081.53,7123.68,-39367,6878,571,491,163.1,181.7
LS120_s01a_sc12,LS120,AF568,background,__background__,,134.23,58.55,11.0,LS120_1a.czi,12,-38762.08,7666.33,-39047,7421,570,491,163.1,181.7
LS120_s01a_sc12,LS120,AF568,background,__background__,,213.9,142.22,11.0,LS120_1a.czi,12,-39997.12,10009.2,-40282,9764,570,491,163.1,181.7
LS120_s01a_sc12,LS120,AF568,background,__background__,,182.71,183.18,4.26,LS120_1a.czi,12,-41282.53,9707.1,-41393,9612,221,190,63.2,70.3
LS120_s01a_sc12,LS120,AF568,background,__background__,,217.03,199.92,11.0,LS120_1a.czi,12,-41351.35,10555.28,-41637,10310,571,491,163.1,181.7
LS120_s01a_sc12,LS120,AF568,roi,Dl,1,213.06,205.79,11.0,LS120_1a.czi,12,-41530.71,10522.31,-41816,10277,570,491,163.1,181.7
LS120_s01a_sc12,LS120,AF568,roi,Dl,2,219.48,201.57,11.0,LS120_1a.czi,12,-41367.18,10619.63,-41652,10374,570,491,163.1,181.7
LS120_s01a_sc12,LS120,AF568,roi,Dl,3,220.36,190.76,11.0,LS120_1a.czi,12,-41099.24,10547.6,-41384,10302,570,491,163.1,181.7
LS120_s01a_sc12,LS120,AF568,roi,Dl,4,225.49,179.97,11.0,LS120_1a.czi,12,-40790.56,10563.46,-41076,10318,571,491,163.1,181.7
LS120_s01a_sc12,LS120,AF568,roi,Dl,5,219.37,161.59,11.0,LS120_1a.czi,12,-40408.87,10283.75,-40694,10038,570,491,163.1,181.7
LS120_s01a_sc12,LS120,AF568,roi,Dl,6,226.19,141.96,11.0,LS120_1a.czi,12,-39871.67,10260.75,-40157,10015,571,491,163.1,181.7
LS120_s01a_sc12,LS120,AF568,roi,Dm,7,136.92,166.55,11.0,LS120_1a.czi,12,-41327.6,8623.05,-41613,8378,571,490,163.1,181.7
LS120_s01a_sc12,LS120,AF568,roi,Dm,8,134.4,147.03,11.0,LS120_1a.czi,12,-40883.64,8408.15,-41169,8163,571,491,163.1,181.7
LS120_s01a_sc12,LS120,AF568,roi,Dm,9,151.2,130.58,11.0,LS120_1a.czi,12,-40325.95,8617.7,-40611,8372,570,491,163.1,181.7
LS120_s01a_sc12,LS120,AF568,roi,Dm,10,161.26,118.83,11.0,LS120_1a.czi,12,-39946.41,8727.33,-40232,8482,571,491,163.1,181.7
LS120_s01a_sc12,LS120,AF568,roi,Vd,11,183.34,96.67,11.0,LS120_1a.czi,12,-39200.49,8998.24,-39486,8753,571,491,163.1,181.7
LS120_s01a_sc12,LS120,AF568,roi,Dm,15,94.72,122.4,11.0,LS120_1a.czi,12,-40677.47,7383.47,-40963,7138,571,491,163.1,181.7
LS120_s01a_sc12,LS120,AF568,roi,Dm,16,115.55,117.93,11.0,LS120_1a.czi,12,-40368.17,7776.19,-40653,7531,570,491,163.1,181.7
LS120_s01a_sc12,LS120,AF568,roi,Dm,17,102.56,97.05,11.0,LS120_1a.czi,12,-39993.12,7333.79,-40278,7088,570,491,163.1,181.7
LS120_s01a_sc12,LS120,AF568,roi,Dm,18,100.03,79.67,11.0,LS120_1a.czi,12,-39600.61,7136.54,-39886,6891,571,491,163.1,181.7
LS120_s01a_sc12,LS120,AF568,roi,Vd,19,145.62,73.36,11.0,LS120_1a.czi,12,-39007.0,8025.05,-39292,7780,570,490,163.1,181.7
LS120_s01a_sc12,LS120,AF568,roi,Vv,20,151.9,61.92,11.0,LS120_1a.czi,12,-38671.57,8059.23,-38957,7814,571,491,163.1,181.7
LS120_s01a_sc12,LS120,AF568,roi,Vl,21,132.32,46.58,11.0,LS120_1a.czi,12,-38493.37,7527.02,-38779,7282,571,490,163.1,181.7
LS120_s01a_sc12,LS120,AF568,roi,Vv,22,163.27,50.35,11.0,LS120_1a.czi,12,-38283.65,8197.41,-38569,7952,571,491,163.1,181.7
LS120_s01a_sc12,LS120,AF568,roi,Dl,23,57.37,59.44,11.0,LS120_1a.czi,12,-39528.93,6087.07,-39814,5842,570,490,163.1,181.7
LS120_s01a_sc12,LS120,AF568,roi,Dl,24,63.78,55.22,11.0,LS120_1a.czi,12,-39365.5,6184.18,-39651,5939,571,491,163.1,181.7
LS120_s01a_sc12,LS120,AF568,roi,Dl,25,73.96,52.82,11.0,LS120_1a.czi,12,-39209.16,6374.31,-39494,6129,570,491,163.1,181.7
LS120_s01a_sc12,LS120,AF568,roi,Dl,26,84.96,48.12,11.0,LS120_1a.czi,12,-38989.69,6562.18,-39275,6317,571,491,163.1,181.7
LS120_s01a_sc12,LS120,AF568,roi,Dl,27,20.3,65.8,11.0,LS120_1a.czi,12,-40041.1,5374.86,-40326,5129,570,491,163.1,181.7
LS120_s01a_sc14,LS120,AF568,background,__background__,,209.07,148.89,11.0,LS120_1a.czi,14,-31570.24,11654.78,-31822,11305,503,699,205.2,189.9
LS120_s01a_sc14,LS120,AF568,background,__background__,,61.15,170.77,11.0,LS120_1a.czi,14,-29886.92,7524.39,-30139,7175,504,699,205.2,189.9
LS120_s01a_sc14,LS120,AF568,background,__background__,,137.45,72.73,11.0,LS120_1a.czi,14,-29192.81,11348.59,-29444,10999,503,699,205.2,189.9
LS120_s01a_sc14,LS120,AF568,background,__background__,,71.98,92.68,11.0,LS120_1a.czi,14,-28632.65,9320.04,-28884,8970,503,700,205.2,189.9
LS120_s01a_sc14,LS120,AF568,roi,Dl,1,229.44,135.1,11.0,LS120_1a.czi,14,-31607.96,12433.96,-31860,12084,504,700,205.2,189.9
LS120_s01a_sc14,LS120,AF568,roi,Dl,2,231.01,116.82,11.0,LS120_1a.czi,14,-31300.8,12830.14,-31552,12481,503,699,205.2,189.9
LS120_s01a_sc14,LS120,AF568,roi,Dl,3,212.09,108.16,11.0,LS120_1a.czi,14,-30879.12,12525.54,-31131,12176,504,699,205.2,189.9
LS120_s01a_sc14,LS120,AF568,roi,Dl,4,195.46,95.5,11.0,LS120_1a.czi,14,-30417.57,12356.36,-30669,12007,503,699,205.2,189.9
LS120_s01a_sc14,LS120,AF568,roi,Dl,5,178.35,83.52,11.0,LS120_1a.czi,14,-29961.53,12161.88,-30213,11812,503,700,205.2,189.9
LS120_s01a_sc14,LS120,AF568,roi,Dl,6,166.99,73.52,11.0,LS120_1a.czi,14,-29621.9,12072.71,-29874,11723,504,699,205.2,189.9
LS120_s01a_sc14,LS120,AF568,roi,Dm,7,151.85,137.38,11.0,LS120_1a.czi,14,-30559.36,10446.96,-30811,10097,503,700,205.2,189.9
LS120_s01a_sc14,LS120,AF568,roi,Dm,8,145.35,127.73,11.0,LS120_1a.czi,14,-30294.28,10472.62,-30546,10123,503,699,205.2,189.9
LS120_s01a_sc14,LS120,AF568,roi,Dm,9,137.41,109.93,11.0,LS120_1a.czi,14,-29862.21,10621.34,-30114,10272,503,699,205.2,189.9
LS120_s01a_sc14,LS120,AF568,roi,Dm,10,135.6,92.86,11.0,LS120_1a.czi,14,-29529.36,10909.28,-29781,10560,503,699,205.2,189.9
LS120_s01a_sc14,LS120,AF568,roi,Dm,11,124.92,83.34,11.0,LS120_1a.czi,14,-29207.93,10827.76,-29460,10478,504,699,205.2,189.9
LS120_s01a_sc14,LS120,AF568,roi,Vd,12,116.82,67.97,11.0,LS120_1a.czi,14,-28817.36,10925.03,-29069,10575,503,700,205.2,189.9
LS120_s01a_sc14,LS120,AF568,roi,Vv,13,114.59,48.57,11.0,LS120_1a.czi,14,-28436.66,11247.94,-28688,10898,503,700,205.2,189.9
LS120_s01a_sc14,LS120,AF568,roi,Vv,15,106.48,33.2,11.0,LS120_1a.czi,14,-28045.96,11344.97,-28298,10995,504,700,205.2,189.9
LS120_s01a_sc14,LS120,AF568,roi,Dm,16,130.15,164.01,11.0,LS120_1a.czi,14,-30734.2,9383.8,-30986,9034,503,699,205.2,189.9
LS120_s01a_sc14,LS120,AF568,roi,Vl,14,118.41,145.08,11.0,LS120_1a.czi,14,-30228.41,9459.45,-30480,9110,503,699,205.2,189.9
LS120_s01a_sc14,LS120,AF568,roi,Dm,17,105.34,128.79,11.0,LS120_1a.czi,14,-29751.48,9450.26,-30003,9101,503,699,205.2,189.9
LS120_s01a_sc14,LS120,AF568,roi,Dm,18,103.26,113.56,11.0,LS120_1a.czi,14,-29447.98,9695.52,-29700,9346,504,699,205.2,189.9
LS120_s01a_sc14,LS120,AF568,roi,Dm,19,98.06,97.68,11.0,LS120_1a.czi,14,-29088.96,9875.35,-29341,9526,504,699,205.2,189.9
LS120_s01a_sc14,LS120,AF568,roi,Dm,20,89.06,80.66,11.0,LS120_1a.czi,14,-28656.05,9982.31,-28908,9633,504,699,205.2,189.9
LS120_s01a_sc14,LS120,AF568,roi,Vd,21,80.26,64.82,11.0,LS120_1a.czi,14,-28247.19,10071.24,-28499,9722,503,699,205.2,189.9
LS120_s01a_sc14,LS120,AF568,roi,Vv,22,81.74,56.16,9.34,LS120_1a.czi,14,-28112.01,10277.36,-28326,9980,428,594,174.3,161.3
LS120_s01a_sc14,LS120,AF568,roi,Vl,23,69.76,63.07,11.0,LS120_1a.czi,14,-28068.21,9842.53,-28320,9493,503,699,205.2,189.9
LS120_s01a_sc14,LS120,AF568,roi,Vv,24,76.95,42.61,11.0,LS120_1a.czi,14,-27800.71,10421.97,-28052,10072,503,700,205.2,189.9
LS120_s01a_sc14,LS120,AF568,roi,Dl,25,64.27,130.63,11.0,LS120_1a.czi,14,-29207.84,8386.14,-29459,8037,503,699,205.2,189.9
LS120_s01a_sc14,LS120,AF568,roi,Dl,26,64.17,119.85,11.0,LS120_1a.czi,14,-29012.29,8594.09,-29264,8244,503,700,205.2,189.9
LS120_s01a_sc14,LS120,AF568,roi,Dl,27,63.42,112.18,11.0,LS120_1a.czi,14,-28863.62,8725.05,-29115,8375,503,700,205.2,189.9
LS120_s01a_sc14,LS120,AF568,roi,Dl,28,60.98,183.4,11.0,LS120_1a.czi,14,-30111.99,7273.56,-30364,6924,504,699,205.2,189.9
LS120_s01a_sc14,LS120,AF568,roi,Dl,29,53.11,172.79,11.0,LS120_1a.czi,14,-29810.39,7283.67,-30062,6934,503,699,205.2,189.9
LS120_s01a_sc14,LS120,AF568,roi,Dl,30,50.89,163.58,11.0,LS120_1a.czi,14,-29613.34,7407.89,-29865,7058,503,700,205.2,189.9
LS120_s01a_sc17,LS120,AF568,background,__background__,,74.41,165.63,11.0,LS120_1a.czi,17,-18547.43,8908.34,-18779,8541,463,734,199.6,198.6
LS120_s01a_sc17,LS120,AF568,background,__background__,,188.45,149.82,11.0,LS120_1a.czi,17,-19994.24,11981.41,-20226,11614,463,734,199.6,198.6
LS120_s01a_sc17,LS120,AF568,background,__background__,,212.12,145.27,11.0,LS120_1a.czi,17,-20275.58,12648.94,-20507,12282,463,734,199.6,198.6
LS120_s01a_sc17,LS120,AF568,background,__background__,,47.62,77.5,11.0,LS120_1a.czi,17,-16835.01,10336.28,-17067,9969,464,734,199.6,198.6
LS120_s01a_sc17,LS120,AF568,background,__background__,,104.28,176.51,11.0,LS120_1a.czi,17,-19150.87,9361.65,-19382,8995,463,734,199.6,198.6
LS120_s01a_sc17,LS120,AF568,roi,Dl,1,234.8,132.54,11.0,LS120_1a.czi,17,-20420.07,13484.49,-20652,13118,463,733,199.6,198.6
LS120_s01a_sc17,LS120,AF568,roi,Dl,2,227.27,117.14,11.0,LS120_1a.czi,17,-20078.79,13666.49,-20310,13300,463,733,199.6,198.6
LS120_s01a_sc17,LS120,AF568,roi,Dl,3,215.4,107.39,11.0,LS120_1a.czi,17,-19757.9,13613.37,-19989,13246,463,734,199.6,198.6
LS120_s01a_sc17,LS120,AF568,roi,Dl,4,197.45,97.53,12.56,LS120_1a.czi,17,-19345.63,13418.72,-19610,13000,529,838,228.0,226.7
LS120_s01a_sc17,LS120,AF568,roi,Dl,5,180.5,85.8,11.0,LS120_1a.czi,17,-18920.17,13291.54,-19152,12925,463,733,199.6,198.6
LS120_s01a_sc17,LS120,AF568,roi,Dm,6,145.24,133.99,11.0,LS120_1a.czi,17,-19119.95,11327.78,-19351,10961,463,734,199.6,198.6
LS120_s01a_sc17,LS120,AF568,roi,Dm,7,132.37,116.08,11.0,LS120_1a.czi,17,-18662.35,11441.97,-18894,11075,463,734,199.6,198.6
LS120_s01a_sc17,LS120,AF568,roi,Dm,8,126.62,97.72,11.0,LS120_1a.czi,17,-18303.11,11735.44,-18535,11369,463,733,199.6,198.6
LS120_s01a_sc17,LS120,AF568,roi,Dm,9,120.1,90.48,11.0,LS120_1a.czi,17,-18098.69,11750.38,-18330,11383,463,734,199.6,198.6
LS120_s01a_sc17,LS120,AF568,roi,Dm,10,111.78,74.83,11.0,LS120_1a.czi,17,-17742.02,11919.5,-17974,11553,464,733,199.6,198.6
LS120_s01a_sc17,LS120,AF568,roi,Vd,11,104.6,62.59,11.0,LS120_1a.czi,17,-17453.13,12035.83,-17685,11669,463,734,199.6,198.6
LS120_s01a_sc17,LS120,AF568,roi,Vv,13,89.01,20.7,11.0,LS120_1a.czi,17,-16597.03,12646.86,-16829,12280,464,734,199.6,198.6
LS120_s01a_sc17,LS120,AF568,roi,Dm,14,118.42,150.26,11.0,LS120_1a.czi,17,-18967.27,10311.25,-19199,9944,463,734,199.6,198.6
LS120_s01a_sc17,LS120,AF568,roi,Dm,15,111.45,135.89,11.0,LS120_1a.czi,17,-18649.65,10482.41,-18881,10115,463,734,199.6,198.6
LS120_s01a_sc17,LS120,AF568,roi,Dm,16,103.69,121.29,11.0,LS120_1a.czi,17,-18316.94,10640.23,-18548,10273,463,734,199.6,198.6
LS120_s01a_sc17,LS120,AF568,roi,Dm,17,92.35,101.22,11.0,LS120_1a.czi,17,-17849.64,10841.24,-18081,10474,463,734,199.6,198.6
LS120_s01a_sc17,LS120,AF568,roi,Dm,18,84.8,84.5,11.0,LS120_1a.czi,17,-17488.34,11053.67,-17720,10687,463,734,199.6,198.6
LS120_s01a_sc17,LS120,AF568,roi,Vd,19,72.66,64.19,11.0,LS120_1a.czi,17,-17005.65,11241.33,-17237,10874,463,734,199.6,198.6
LS120_s01a_sc17,LS120,AF568,roi,Vv,20,57.18,47.66,11.0,LS120_1a.czi,17,-16530.16,11261.35,-16762,10894,463,734,199.6,198.6
LS120_s01a_sc17,LS120,AF568,roi,Vl,21,42.84,65.99,11.0,LS120_1a.czi,17,-16592.45,10492.4,-16824,10125,463,734,199.6,198.6
LS120_s01a_sc17,LS120,AF568,roi,Dl,22,34.69,131.21,11.0,LS120_1a.czi,17,-17446.84,8772.58,-17678,8406,463,734,199.6,198.6
LS120_s01a_sc17,LS120,AF568,roi,Dl,23,38.05,117.38,11.0,LS120_1a.czi,17,-17289.75,9175.95,-17521,8809,463,734,199.6,198.6
LS120_s01a_sc17,LS120,AF568,roi,Dl,24,40.42,106.75,11.0,LS120_1a.czi,17,-17165.87,9480.95,-17397,9114,463,734,199.6,198.6
LS120_s01a_sc17,LS120,AF568,roi,Dl,25,29.26,167.55,8.88,LS120_1a.czi,17,-17909.77,7793.24,-18097,7497,374,593,161.2,160.3
LS120_s01a_sc17,LS120,AF568,roi,Dl,26,24.97,154.45,11.0,LS120_1a.czi,17,-17650.69,7998.2,-17882,7631,463,734,199.6,198.6
LS120_s01a_sc18,LS120,AF568,background,__background__,,191.47,47.25,11.0,LS120_1a.czi,18,-8055.52,9440.32,-8305,9142,499,597,172.7,184.2
LS120_s01a_sc18,LS120,AF568,background,__background__,,211.95,93.82,11.0,LS120_1a.czi,18,-7077.76,10170.06,-7327,9872,499,597,172.7,184.2
LS120_s01a_sc18,LS120,AF568,background,__background__,,150.2,66.42,11.0,LS120_1a.czi,18,-8583.23,10499.4,-8833,10201,499,597,172.7,184.2
LS120_s01a_sc18,LS120,AF568,background,__background__,,52.02,122.42,11.0,LS120_1a.czi,18,-9705.96,13251.59,-9956,12953,500,597,172.7,184.2
LS120_s01a_sc18,LS120,AF568,background,__background__,,141.87,206.43,9.19,LS120_1a.czi,18,-6951.96,13760.38,-7161,13511,418,499,144.3,153.9
LS120_s01a_sc18,LS120,AF568,background,__background__,,199.1,149.0,11.0,LS120_1a.czi,18,-6613.91,11601.3,-6864,11303,500,597,172.7,184.2
LS120_s01a_sc18,LS120,AF568,roi,Dl,1,35.71,186.57,11.0,LS120_1a.czi,18,-9192.37,14936.43,-9442,14638,499,597,172.7,184.2
LS120_s01a_sc18,LS120,AF568,roi,Dl,2,54.74,186.36,11.35,LS120_1a.czi,18,-8838.88,14641.23,-9096,14333,515,616,178.2,190.1
LS120_s01a_sc18,LS120,AF568,roi,Dl,3,73.49,188.27,11.0,LS120_1a.czi,18,-8463.57,14397.75,-8713,14099,499,597,172.7,184.2
LS120_s01a_sc18,LS120,AF568,roi,Dl,4,93.03,193.08,11.0,LS120_1a.czi,18,-8036.46,14207.13,-8286,13909,499,597,172.7,184.2
LS120_s01a_sc18,LS120,AF568,roi,Dl,5,112.82,202.38,11.0,LS120_1a.czi,18,-7547.36,14113.19,-7797,13815,499,597,172.7,184.2
LS120_s01a_sc18,LS120,AF568,roi,Dl,6,122.82,214.57,11.0,LS120_1a.czi,18,-7204.6,14233.38,-7454,13935,499,597,172.7,184.2
LS120_s01a_sc18,LS120,AF568,roi,Dm,7,114.63,122.33,11.0,LS120_1a.czi,18,-8535.29,12293.82,-8785,11995,499,597,172.7,184.2
LS120_s01a_sc18,LS120,AF568,roi,Dm,8,129.12,136.91,11.0,LS120_1a.czi,18,-8077.99,12398.96,-8328,12100,500,597,172.7,184.2
LS120_s01a_sc18,LS120,AF568,roi,Dm,9,139.38,153.58,11.0,LS120_1a.czi,18,-7673.17,12615.46,-7923,12317,500,597,172.7,184.2
LS120_s01a_sc18,LS120,AF568,roi,Dm,10,148.85,168.67,11.0,LS120_1a.czi,18,-7303.31,12808.65,-7553,12510,499,597,172.7,184.2
LS120_s01a_sc18,LS120,AF568,roi,Dm,11,162.8,186.15,11.0,LS120_1a.czi,18,-6819.1,12986.95,-7069,12688,500,597,172.7,184.2
LS120_s01a_sc18,LS120,AF568,roi,Vd,12,169.36,200.7,11.0,LS120_1a.czi,18,-6510.6,13212.48,-6760,12914,499,597,172.7,184.2
LS120_s01a_sc18,LS120,AF568,roi,Vl,13,147.34,232.08,11.0,LS120_1a.czi,18,-6522.17,14250.99,-6772,13952,500,598,172.7,184.2
LS120_s01a_sc18,LS120,AF568,roi,Vv,14,179.83,235.08,11.0,LS120_1a.czi,18,-5875.79,13822.17,-6125,13524,499,597,172.7,184.2
LS120_s01a_sc18,LS120,AF568,roi,Dm,15,133.47,96.5,11.0,LS120_1a.czi,18,-8512.39,11428.07,-8762,11130,499,597,172.7,184.2
LS120_s01a_sc18,LS120,AF568,roi,Dm,16,151.66,109.23,11.0,LS120_1a.czi,18,-8009.45,11435.32,-8259,11137,499,597,172.7,184.2
LS120_s01a_sc18,LS120,AF568,roi,Dm,17,160.33,125.37,11.0,LS120_1a.czi,18,-7641.16,11664.23,-7891,11366,500,597,172.7,184.2
LS120_s01a_sc18,LS120,AF568,roi,Dm,18,169.27,142.04,11.0,LS120_1a.czi,18,-7261.05,11900.88,-7511,11602,500,597,172.7,184.2
LS120_s01a_sc18,LS120,AF568,roi,Dm,19,177.95,156.86,11.0,LS120_1a.czi,18,-6909.43,12100.09,-7159,11802,499,597,172.7,184.2
LS120_s01a_sc18,LS120,AF568,roi,Vd,20,190.05,173.28,11.0,LS120_1a.czi,18,-6473.37,12282.9,-6723,11984,499,597,172.7,184.2
LS120_s01a_sc18,LS120,AF568,roi,Vl,21,213.82,177.31,11.0,LS120_1a.czi,18,-5977.04,12010.25,-6227,11712,500,597,172.7,184.2
LS120_s01a_sc18,LS120,AF568,roi,Vv,22,197.66,191.27,11.0,LS120_1a.czi,18,-6101.3,12569.4,-6351,12271,499,597,172.7,184.2
LS120_s01a_sc18,LS120,AF568,roi,Dl,23,224.62,96.76,11.0,LS120_1a.czi,18,-6803.1,10042.45,-7053,9744,500,597,172.7,184.2
LS120_s01a_sc18,LS120,AF568,roi,Dl,24,225.11,109.71,11.0,LS120_1a.czi,18,-6628.63,10324.83,-6878,10026,499,597,172.7,184.2
LS120_s01a_sc18,LS120,AF568,roi,Dl,25,225.61,120.01,11.0,LS120_1a.czi,18,-6487.8,10547.74,-6737,10249,499,597,172.7,184.2
LS120_s01a_sc18,LS120,AF568,roi,Dl,26,225.05,129.52,11.0,LS120_1a.czi,18,-6376.88,10769.14,-6627,10471,500,597,172.7,184.2
LS120_s01a_sc18,LS120,AF568,roi,Dl,27,218.67,52.88,11.0,LS120_1a.czi,18,-7474.58,9151.12,-7724,8853,499,597,172.7,184.2
LS120_s01a_sc18,LS120,AF568,roi,Dl,28,226.83,62.68,11.0,LS120_1a.czi,18,-7196.76,9245.91,-7446,8947,499,597,172.7,184.2
LS120_s02a_sc00,LS120,AF568,background,__background__,,68.99,126.1,11.0,LS120_2a.czi,0,-79402.53,11907.38,-79684,11626,563,563,182.7,182.7
LS120_s02a_sc00,LS120,AF568,background,__background__,,52.39,160.86,11.0,LS120_2a.czi,0,-79157.37,12860.84,-79439,12579,563,563,182.7,182.7
LS120_s02a_sc00,LS120,AF568,background,__background__,,213.4,154.3,11.0,LS120_2a.czi,0,-76110.33,10090.18,-76392,9809,563,563,182.7,182.7
LS120_s02a_sc00,LS120,AF568,background,__background__,,161.24,77.52,11.0,LS120_2a.czi,0,-78392.24,9441.75,-78674,9160,563,563,182.7,182.7
LS120_s02a_sc00,LS120,AF568,background,__background__,,234.89,53.79,11.0,LS120_2a.czi,0,-77338.61,7768.23,-77620,7487,563,563,182.7,182.7
LS120_s02a_sc00,LS120,AF568,roi,Dl,1,37.8,194.36,11.0,LS120_2a.czi,0,-78893.51,13756.63,-79175,13475,563,563,182.7,182.7
LS120_s02a_sc00,LS120,AF568,roi,Dl,2,53.71,199.75,11.0,LS120_2a.czi,0,-78493.34,13601.16,-78775,13320,563,563,182.7,182.7
LS120_s02a_sc00,LS120,AF568,roi,Dl,3,72.99,207.2,11.0,LS120_2a.czi,0,-77993.33,13430.75,-78275,13149,563,563,182.7,182.7
LS120_s02a_sc00,LS120,AF568,roi,Dl,4,97.73,207.77,11.0,LS120_2a.czi,0,-77499.24,13035.94,-77781,12754,563,564,182.7,182.7
LS120_s02a_sc00,LS120,AF568,roi,Dl,5,113.51,211.84,11.0,LS120_2a.czi,0,-77123.27,12856.74,-77405,12575,563,563,182.7,182.7
LS120_s02a_sc00,LS120,AF568,roi,Dm,6,114.96,129.43,11.0,LS120_2a.czi,0,-78447.19,11218.27,-78729,10937,563,563,182.7,182.7
LS120_s02a_sc00,LS120,AF568,roi,Dm,7,127.79,144.39,11.0,LS120_2a.czi,0,-77950.32,11300.85,-78232,11019,563,563,182.7,182.7
LS120_s02a_sc00,LS120,AF568,roi,Dm,8,135.93,157.42,11.0,LS120_2a.czi,0,-77577.01,11422.57,-77859,11141,564,563,182.7,182.7
LS120_s02a_sc00,LS120,AF568,roi,Dm,9,146.27,173.96,11.0,LS120_2a.czi,0,-77103.0,11576.97,-77385,11295,564,564,182.7,182.7
LS120_s02a_sc00,LS120,AF568,roi,Vs,10,167.93,189.68,11.0,LS120_2a.czi,0,-76420.65,11529.54,-76702,11248,563,563,182.7,182.7
LS120_s02a_sc00,LS120,AF568,roi,Vc,11,173.56,232.14,11.0,LS120_2a.czi,0,-75613.59,12269.08,-75895,11987,563,564,182.7,182.7
LS120_s02a_sc00,LS120,AF568,roi,Dm,12,153.1,103.5,11.0,LS120_2a.czi,0,-78125.41,10084.36,-78407,9803,563,563,182.7,182.7
LS120_s02a_sc00,LS120,AF568,roi,Dm,13,156.23,119.66,11.0,LS120_2a.czi,0,-77798.9,10349.62,-78081,10068,564,563,182.7,182.7
LS120_s02a_sc00,LS120,AF568,roi,Dm,14,166.06,136.51,11.0,LS120_2a.czi,0,-77329.8,10518.46,-77611,10237,563,563,182.7,182.7
LS120_s02a_sc00,LS120,AF568,roi,Dm,15,174.07,153.79,11.0,LS120_2a.czi,0,-76889.3,10725.58,-77171,10444,563,563,182.7,182.7
LS120_s02a_sc00,LS120,AF568,roi,Vs,16,194.05,171.27,11.0,LS120_2a.czi,0,-76210.98,10740.21,-76493,10459,564,563,182.7,182.7
LS120_s02a_sc00,LS120,AF568,roi,Vc,17,220.91,177.47,11.0,LS120_2a.czi,0,-75582.97,10420.92,-75865,10139,564,564,182.7,182.7
LS120_s02a_sc00,LS120,AF568,roi,Dl,18,230.07,39.38,11.0,LS120_2a.czi,0,-77669.52,7564.99,-77951,7283,563,564,182.7,182.7
LS120_s02a_sc00,LS120,AF568,roi,Dl,19,237.14,55.17,11.0,LS120_2a.czi,0,-77271.88,7758.35,-77553,7477,563,563,182.7,182.7
LS120_s02a_sc00,LS120,AF568,roi,Dl,20,236.77,67.94,11.0,LS120_2a.czi,0,-77069.58,8014.62,-77351,7733,563,563,182.7,182.7
LS120_s02a_sc00,LS120,AF568,roi,Dl,21,236.52,82.03,11.0,LS120_2a.czi,0,-76843.27,8294.79,-77125,8013,563,563,182.7,182.7
LS120_s02a_sc00,LS120,AF568,roi,Dl,22,231.57,99.75,11.0,LS120_2a.czi,0,-76649.47,8723.21,-76931,8442,563,563,182.7,182.7
LS120_s02a_sc01,LS120,AF568,background,__background__,,221.37,141.43,11.0,LS120_2a.czi,1,-77751.48,22684.07,-78094,22389,685,590,191.6,222.3
LS120_s02a_sc01,LS120,AF568,background,__background__,,204.57,153.85,11.0,LS120_2a.czi,1,-77325.13,23106.11,-77668,22811,686,590,191.6,222.3
LS120_s02a_sc01,LS120,AF568,background,__background__,,188.9,134.24,11.0,LS120_2a.czi,1,-77894.9,23565.54,-78238,23271,686,589,191.6,222.3
LS120_s02a_sc01,LS120,AF568,background,__background__,,94.34,85.34,11.0,LS120_2a.czi,1,-79179.71,26191.55,-79522,25897,685,589,191.6,222.3
LS120_s02a_sc01,LS120,AF568,background,__background__,,78.63,72.87,11.0,LS120_2a.czi,1,-79527.95,26637.0,-79871,26342,686,590,191.6,222.3
LS120_s02a_sc01,LS120,AF568,background,__background__,,55.24,60.11,11.0,LS120_2a.czi,1,-79866.36,27287.96,-80209,26993,685,590,191.6,222.3
LS120_s02a_sc01,LS120,AF568,background,__background__,,53.74,88.71,11.0,LS120_2a.czi,1,-78975.7,27267.68,-79318,26973,685,590,191.6,222.3
LS120_s02a_sc01,LS120,AF568,roi,Dl,1,24.28,76.4,11.0,LS120_2a.czi,1,-79285.28,28079.64,-79628,27785,685,589,191.6,222.3
LS120_s02a_sc01,LS120,AF568,roi,Dl,2,13.59,89.68,11.0,LS120_2a.czi,1,-78847.23,28336.86,-79190,28042,685,590,191.6,222.3
LS120_s02a_sc01,LS120,AF568,roi,Dl,3,19.65,106.15,11.29,LS120_2a.czi,1,-78351.29,28140.45,-78703,27838,703,605,196.6,228.1
LS120_s02a_sc01,LS120,AF568,roi,Dl,4,22.45,119.81,11.0,LS120_2a.czi,1,-77934.51,28036.95,-78277,27742,685,590,191.6,222.3
LS120_s02a_sc01,LS120,AF568,roi,Dl,5,24.01,136.15,11.0,LS120_2a.czi,1,-77431.57,27960.88,-77774,27666,685,590,191.6,222.3
LS120_s02a_sc01,LS120,AF568,roi,Vc,6,47.5,195.16,11.0,LS120_2a.czi,1,-75659.04,27209.74,-76002,26915,686,590,191.6,222.3
LS120_s02a_sc01,LS120,AF568,roi,Dm,7,117.32,110.28,11.0,LS120_2a.czi,1,-78462.56,25525.85,-78805,25231,685,590,191.6,222.3
LS120_s02a_sc01,LS120,AF568,roi,Dm,8,102.95,132.92,11.0,LS120_2a.czi,1,-77725.2,25861.52,-78068,25567,685,589,191.6,222.3
LS120_s02a_sc01,LS120,AF568,roi,Dm,9,93.0,144.6,11.0,LS120_2a.czi,1,-77338.58,26102.37,-77681,25808,685,589,191.6,222.3
LS120_s02a_sc01,LS120,AF568,roi,Dm,10,83.29,164.19,11.0,LS120_2a.czi,1,-76707.23,26320.14,-77050,26025,685,590,191.6,222.3
LS120_s02a_sc01,LS120,AF568,roi,Vs,11,153.33,129.52,11.0,LS120_2a.czi,1,-77954.11,24524.52,-78297,24230,686,589,191.6,222.3
LS120_s02a_sc01,LS120,AF568,roi,Dm,12,137.73,137.93,11.0,LS120_2a.czi,1,-77655.06,24923.01,-77998,24628,686,590,191.6,222.3
LS120_s02a_sc01,LS120,AF568,roi,Dm,13,126.87,154.39,11.0,LS120_2a.czi,1,-77117.96,25178.06,-77461,24883,686,590,191.6,222.3
LS120_s02a_sc01,LS120,AF568,roi,Dm,14,120.05,173.37,11.0,LS120_2a.czi,1,-76512.62,25320.0,-76855,25025,685,590,191.6,222.3
LS120_s02a_sc01,LS120,AF568,roi,Dm,15,116.91,182.98,11.0,LS120_2a.czi,1,-76206.88,25383.52,-76550,25089,686,589,191.6,222.3
LS120_s02a_sc01,LS120,AF568,roi,Vs,16,116.87,198.58,11.0,LS120_2a.czi,1,-75722.98,25351.7,-76066,25057,686,590,191.6,222.3
LS120_s02a_sc01,LS120,AF568,roi,Vc,17,118.47,216.24,11.0,LS120_2a.czi,1,-75179.2,25271.78,-75522,24977,685,590,191.6,222.3
LS120_s02a_sc02,LS120,AF568,background,__background__,,126.43,179.73,13.64,LS120_2a.czi,2,-67915.19,11483.33,-68243,11155,656,656,213.0,213.0
LS120_s02a_sc02,LS120,AF568,background,__background__,,137.27,192.35,11.0,LS120_2a.czi,2,-68065.61,11853.57,-68330,11589,529,529,171.8,171.8
LS120_s02a_sc02,LS120,AF568,background,__background__,,148.09,204.13,18.78,LS120_2a.czi,2,-68198.31,12214.16,-68650,11763,903,903,293.2,293.2
LS120_s02a_sc02,LS120,AF568,background,__background__,,165.84,210.26,11.0,LS120_2a.czi,2,-68134.16,12660.67,-68399,12396,530,529,171.8,171.8
LS120_s02a_sc02,LS120,AF568,background,__background__,,191.51,215.72,11.0,LS120_2a.czi,2,-67968.65,13268.98,-68233,13004,529,530,171.8,171.8
LS120_s02a_sc02,LS120,AF568,background,__background__,,44.07,99.14,13.6,LS120_2a.czi,2,-67099.01,8838.4,-67426,8511,654,655,212.4,212.4
LS120_s02a_sc02,LS120,AF568,background,__background__,,85.94,88.22,11.0,LS120_2a.czi,2,-66405.57,9612.71,-66670,9348,529,529,171.8,171.8
LS120_s02a_sc02,LS120,AF568,roi,Dl,1,228.82,206.19,11.0,LS120_2a.czi,2,-67355.03,13961.17,-67620,13696,530,530,171.8,171.8
LS120_s02a_sc02,LS120,AF568,roi,Dl,2,227.84,188.25,14.29,LS120_2a.czi,2,-66982.61,13743.06,-67326,13399,687,688,223.1,223.1
LS120_s02a_sc02,LS120,AF568,roi,Dl,3,224.15,163.7,11.0,LS120_2a.czi,2,-66498.78,13394.42,-66763,13130,529,529,171.8,171.8
LS120_s02a_sc02,LS120,AF568,roi,Dl,4,227.69,143.53,11.0,LS120_2a.czi,2,-66029.05,13248.35,-66294,12984,530,529,171.8,171.8
LS120_s02a_sc02,LS120,AF568,roi,Dm,5,134.3,137.69,11.0,LS120_2a.czi,2,-66930.73,11189.38,-67195,10925,529,529,171.8,171.8
LS120_s02a_sc02,LS120,AF568,roi,Dm,6,156.19,116.1,11.0,LS120_2a.czi,2,-66228.99,11419.66,-66494,11155,530,529,171.8,171.8
LS120_s02a_sc02,LS120,AF568,roi,Dm,7,176.95,98.31,11.0,LS120_2a.czi,2,-65620.83,11667.56,-65886,11403,530,529,171.8,171.8
LS120_s02a_sc02,LS120,AF568,roi,Dm,8,103.64,119.42,11.0,LS120_2a.czi,2,-66877.46,10333.69,-67142,10069,529,529,171.8,171.8
LS120_s02a_sc02,LS120,AF568,roi,Dm,9,124.42,102.47,11.0,LS120_2a.czi,2,-66287.03,10591.25,-66552,10327,530,529,171.8,171.8
LS120_s02a_sc02,LS120,AF568,roi,Dm,10,143.53,85.57,11.0,LS120_2a.czi,2,-65716.01,10813.69,-65981,10549,530,529,171.8,171.8
LS120_s02a_sc02,LS120,AF568,roi,Dl,11,72.24,38.07,11.0,LS120_2a.czi,2,-65484.96,8768.9,-65750,8504,530,530,171.8,171.8
LS120_s02a_sc02,LS120,AF568,roi,Dl,12,91.82,36.2,11.0,LS120_2a.czi,2,-65229.81,9166.57,-65495,8902,530,529,171.8,171.8
LS120_s02a_sc02,LS120,AF568,roi,Dl,13,106.5,37.83,11.0,LS120_2a.czi,2,-65103.29,9498.04,-65368,9233,529,530,171.8,171.8
LS120_s02a_sc02,LS120,AF568,roi,Dl,14,17.63,42.71,11.0,LS120_2a.czi,2,-66184.27,7653.44,-66449,7389,529,529,171.8,171.8
LS120_s02a_sc02,LS120,AF568,roi,Dl,15,30.81,36.45,11.0,LS120_2a.czi,2,-65905.7,7866.16,-66170,7601,529,530,171.8,171.8
LS120_s02a_sc03,LS120,AF568,background,__background__,,141.63,97.19,11.0,LS120_2a.czi,3,-65750.89,27790.0,-65994,27499,487,582,173.4,175.1
LS120_s02a_sc03,LS120,AF568,background,__background__,,121.83,111.38,11.0,LS120_2a.czi,3,-65217.42,27877.34,-65461,27586,487,583,173.4,175.1
LS120_s02a_sc03,LS120,AF568,background,__background__,,96.24,118.97,11.0,LS120_2a.czi,3,-64691.27,28196.61,-64935,27905,487,583,173.4,175.1
LS120_s02a_sc03,LS120,AF568,background,__background__,,140.64,65.81,11.0,LS120_2a.czi,3,-66211.79,28410.46,-66455,28119,487,583,173.4,175.1
LS120_s02a_sc03,LS120,AF568,background,__background__,,68.27,117.33,11.0,LS120_2a.czi,3,-64267.16,28736.34,-64511,28445,487,583,173.4,175.1
LS120_s02a_sc03,LS120,AF568,roi,Dl,1,100.66,49.87,11.0,LS120_2a.czi,3,-65812.15,29442.97,-66056,29152,487,582,173.4,175.1
LS120_s02a_sc03,LS120,AF568,roi,Dl,2,74.55,48.13,11.0,LS120_2a.czi,3,-65419.41,29950.82,-65663,29660,487,582,173.4,175.1
LS120_s02a_sc03,LS120,AF568,roi,Dl,3,55.78,50.48,11.0,LS120_2a.czi,3,-65082.37,30246.76,-65326,29956,487,582,173.4,175.1
LS120_s02a_sc03,LS120,AF568,roi,Dl,4,49.01,73.49,11.0,LS120_2a.czi,3,-64624.07,29928.01,-64868,29637,488,582,173.4,175.1
LS120_s02a_sc03,LS120,AF568,roi,Dm,5,122.28,139.8,11.0,LS120_2a.czi,3,-64792.82,27323.52,-65036,27032,487,583,173.4,175.1
LS120_s02a_sc03,LS120,AF568,roi,Dm,6,99.53,151.34,11.0,LS120_2a.czi,3,-64252.25,27515.35,-64496,27224,487,583,173.4,175.1
LS120_s02a_sc03,LS120,AF568,roi,Dm,7,71.86,158.49,11.0,LS120_2a.czi,3,-63699.4,27880.86,-63943,27590,487,582,173.4,175.1
LS120_s02a_sc03,LS120,AF568,roi,Dm,8,151.73,158.0,11.0,LS120_2a.czi,3,-64989.08,26438.96,-65233,26148,488,582,173.4,175.1
LS120_s02a_sc03,LS120,AF568,roi,Dm,9,132.07,164.51,11.0,LS120_2a.czi,3,-64574.54,26671.22,-64818,26380,487,582,173.4,175.1
LS120_s02a_sc03,LS120,AF568,roi,Dm,10,111.84,177.61,11.0,LS120_2a.czi,3,-64050.73,26787.3,-64294,26496,487,583,173.4,175.1
LS120_s02a_sc04,LS120,AF568,background,__background__,,183.91,108.29,11.0,LS120_2a.czi,4,-53299.32,10369.98,-53616,10002,633,736,217.6,227.9
LS120_s02a_sc04,LS120,AF568,background,__background__,,165.15,81.52,11.0,LS120_2a.czi,4,-54187.43,10014.04,-54504,9646,633,736,217.6,227.9
LS120_s02a_sc04,LS120,AF568,background,__background__,,173.18,29.91,11.0,LS120_2a.czi,4,-54871.46,8460.97,-55188,8093,633,736,217.6,227.9
LS120_s02a_sc04,LS120,AF568,background,__background__,,66.31,164.17,11.0,LS120_2a.czi,4,-55092.18,14187.56,-55409,13820,633,735,217.6,227.9
LS120_s02a_sc04,LS120,AF568,roi,Dl,1,47.47,128.68,11.0,LS120_2a.czi,4,-56129.29,13597.39,-56446,13229,633,736,217.6,227.9
LS120_s02a_sc04,LS120,AF568,roi,Dl,2,49.51,147.11,11.0,LS120_2a.czi,4,-55770.86,14055.75,-56087,13688,633,736,217.6,227.9
LS120_s02a_sc04,LS120,AF568,roi,Dl,3,51.97,162.62,11.0,LS120_2a.czi,4,-55451.92,14426.9,-55769,14059,634,736,217.6,227.9
LS120_s02a_sc04,LS120,AF568,roi,Dl,4,78.21,171.11,11.0,LS120_2a.czi,4,-54698.25,14141.82,-55015,13774,633,736,217.6,227.9
LS120_s02a_sc04,LS120,AF568,roi,Dm,9,136.08,88.74,11.0,LS120_2a.czi,4,-54741.87,10779.44,-55058,10412,633,735,217.6,227.9
LS120_s02a_sc04,LS120,AF568,roi,Dm,10,147.67,101.24,11.0,LS120_2a.czi,4,-54261.33,10890.13,-54578,10522,633,736,217.6,227.9
LS120_s02a_sc04,LS120,AF568,roi,Dm,11,159.32,115.06,11.0,LS120_2a.czi,4,-53757.13,11035.34,-54074,10667,633,736,217.6,227.9
LS120_s02a_sc04,LS120,AF568,roi,Dl,13,218.29,40.84,11.0,LS120_2a.czi,4,-53637.64,7871.76,-53954,7504,633,736,217.6,227.9
LS120_s02a_sc04,LS120,AF568,roi,Dl,14,212.62,64.86,11.0,LS120_2a.czi,4,-53364.25,8632.49,-53681,8265,633,735,217.6,227.9
LS120_s02a_sc04,LS120,AF568,roi,Dl,15,205.06,87.9,11.0,LS120_2a.czi,4,-53151.35,9403.79,-53468,9036,633,736,217.6,227.9
LS120_s02a_sc04,LS120,AF568,roi,Dl,16,204.04,109.35,11.0,LS120_2a.czi,4,-52813.15,10003.82,-53130,9636,633,736,217.6,227.9
LS120_s02a_sc06,LS120,AF568,background,__background__,,76.32,63.44,11.0,LS120_2a.czi,6,-43021.06,5134.61,-43359,4666,675,938,244.8,284.2
LS120_s02a_sc06,LS120,AF568,background,__background__,,91.68,172.43,11.0,LS120_2a.czi,6,-44345.24,9445.23,-44683,8976,675,938,244.8,284.2
LS120_s02a_sc06,LS120,AF568,background,__background__,,63.4,190.29,11.0,LS120_2a.czi,6,-45369.68,9473.28,-45707,9004,675,938,244.8,284.2
LS120_s02a_sc06,LS120,AF568,background,__background__,,141.39,85.35,11.0,LS120_2a.czi,6,-41662.19,7366.37,-42000,6897,675,938,244.8,284.2
LS120_s02a_sc06,LS120,AF568,background,__background__,,152.09,146.69,11.0,LS120_2a.czi,6,-42353.56,9837.67,-42691,9369,675,938,244.8,284.2
LS120_s02a_sc06,LS120,AF568,roi,Dl,3,137.9,178.55,11.0,LS120_2a.czi,6,-43230.4,10686.31,-43568,10217,675,938,244.8,284.2
LS120_s02a_sc06,LS120,AF568,roi,Dl,4,147.1,169.4,11.0,LS120_2a.czi,6,-42844.22,10555.46,-43182,10087,675,937,244.8,284.2
LS120_s02a_sc06,LS120,AF568,roi,Dm,5,98.48,144.97,11.0,LS120_2a.czi,6,-43731.87,8594.18,-44069,8125,675,938,244.8,284.2
LS120_s02a_sc06,LS120,AF568,roi,Dm,6,117.9,139.84,11.0,LS120_2a.czi,6,-43141.43,8834.95,-43479,8366,675,938,244.8,284.2
LS120_s02a_sc06,LS120,AF568,roi,Dm,7,136.18,135.01,11.0,LS120_2a.czi,6,-42585.63,9061.55,-42923,8593,675,937,244.8,284.2
LS120_s02a_sc06,LS120,AF568,roi,POA,8,190.54,127.98,11.0,LS120_2a.czi,6,-41049.02,10002.65,-41386,9534,674,938,244.8,284.2
LS120_s02a_sc06,LS120,AF568,roi,Dm,9,83.35,117.8,11.0,LS120_2a.czi,6,-43698.05,7270.68,-44036,6802,675,938,244.8,284.2
LS120_s02a_sc06,LS120,AF568,roi,Dm,10,106.66,113.47,11.0,LS120_2a.czi,6,-43018.3,7626.29,-43356,7157,675,938,244.8,284.2
LS120_s02a_sc06,LS120,AF568,roi,Dm,11,127.37,108.61,11.0,LS120_2a.czi,6,-42398.31,7905.31,-42736,7436,675,938,244.8,284.2
LS120_s02a_sc06,LS120,AF568,roi,POA,12,169.22,98.17,11.0,LS120_2a.czi,6,-41135.66,8446.59,-41473,7978,675,938,244.8,284.2
LS120_s02a_sc06,LS120,AF568,roi,Dl,13,93.55,54.61,11.0,LS120_2a.czi,6,-42429.41,5192.29,-42767,4723,675,938,244.8,284.2
LS120_s02a_sc06,LS120,AF568,roi,Dl,1,105.28,64.34,11.0,LS120_2a.czi,6,-42276.04,5805.28,-42614,5336,675,938,244.8,284.2
LS120_s02a_sc06,LS120,AF568,roi,Dl,2,121.44,72.29,11.0,LS120_2a.czi,6,-41978.32,6450.96,-42316,5982,675,938,244.8,284.2
LS120_s02a_sc07,LS120,AF568,background,__background__,,77.55,77.96,11.0,LS120_2a.czi,7,-42199.96,19777.33,-42504,19252,608,1050,227.7,321.4
LS120_s02a_sc07,LS120,AF568,background,__background__,,112.12,180.77,7.11,LS120_2a.czi,7,-42490.07,24925.19,-42687,24586,394,679,147.2,207.7
LS120_s02a_sc07,LS120,AF568,background,__background__,,61.33,182.9,11.0,LS120_2a.czi,7,-43792.41,24026.99,-44096,23502,607,1050,227.7,321.4
LS120_s02a_sc07,LS120,AF568,background,__background__,,178.14,145.47,11.0,LS120_2a.czi,7,-40430.1,24677.22,-40734,24152,608,1050,227.7,321.4
LS120_s02a_sc07,LS120,AF568,roi,Dl,1,80.54,193.87,11.0,LS120_2a.czi,7,-43432.71,24879.09,-43737,24354,608,1050,227.7,321.4
LS120_s02a_sc07,LS120,AF568,roi,Dl,2,100.34,197.09,9.9,LS120_2a.czi,7,-42970.72,25405.48,-43244,24933,547,945,204.9,289.3
LS120_s02a_sc07,LS120,AF568,roi,Dl,3,120.37,195.54,11.0,LS120_2a.czi,7,-42449.1,25728.8,-42753,25204,608,1050,227.7,321.4
LS120_s02a_sc07,LS120,AF568,roi,Dm,4,105.87,145.7,11.0,LS120_2a.czi,7,-42251.61,23277.3,-42555,22752,607,1050,227.7,321.4
LS120_s02a_sc07,LS120,AF568,roi,Dm,5,124.04,143.12,11.0,LS120_2a.czi,7,-41765.19,23519.53,-42069,22995,608,1049,227.7,321.4
LS120_s02a_sc07,LS120,AF568,roi,Dm,6,141.21,142.98,11.0,LS120_2a.czi,7,-41331.47,23848.41,-41635,23323,607,1050,227.7,321.4
LS120_s02a_sc07,LS120,AF568,roi,POA,7,195.22,136.46,11.0,LS120_2a.czi,7,-39898.54,24618.4,-40202,24093,607,1050,227.7,321.4
LS120_s02a_sc07,LS120,AF568,roi,Dm,8,93.32,121.19,11.0,LS120_2a.czi,7,-42290.89,21966.0,-42595,21441,608,1050,227.7,321.4
LS120_s02a_sc07,LS120,AF568,roi,Dm,9,125.67,118.11,11.0,LS120_2a.czi,7,-41441.93,22463.1,-41746,21938,608,1050,227.7,321.4
LS120_s02a_sc07,LS120,AF568,roi,POA,10,182.4,116.11,11.0,LS120_2a.czi,7,-39991.56,23482.83,-40295,22958,607,1050,227.7,321.4
LS120_s02a_sc07,LS120,AF568,roi,Dl,11,117.74,61.24,11.0,LS120_2a.czi,7,-40999.76,19833.9,-41304,19309,608,1050,227.7,321.4
LS120_s02a_sc07,LS120,AF568,roi,Dl,12,133.64,75.42,11.0,LS120_2a.czi,7,-40759.6,20761.08,-41063,20236,607,1050,227.7,321.4
LS120_s02a_sc08,LS120,AF568,background,__background__,,206.12,103.76,11.64,LS120_2a.czi,8,-34702.37,7970.6,-34997,7561,590,820,261.6,197.9
LS120_s02a_sc08,LS120,AF568,background,__background__,,163.55,169.23,11.0,LS120_2a.czi,8,-32816.6,8795.26,-33095,8408,557,775,247.2,187.0
LS120_s02a_sc08,LS120,AF568,background,__background__,,131.29,40.77,11.0,LS120_2a.czi,8,-35729.95,11102.22,-36009,10715,558,775,247.2,187.0
LS120_s02a_sc08,LS120,AF568,background,__background__,,86.65,175.99,11.0,LS120_2a.czi,8,-32129.23,11338.21,-32408,10951,558,775,247.2,187.0
LS120_s02a_sc08,LS120,AF568,roi,Dl,1,93.24,61.78,11.0,LS120_2a.czi,8,-34959.07,12193.61,-35238,11806,558,775,247.2,187.0
LS120_s02a_sc08,LS120,AF568,roi,Dl,2,85.75,80.65,11.0,LS120_2a.czi,8,-34448.02,12269.27,-34727,11882,558,775,247.2,187.0
LS120_s02a_sc08,LS120,AF568,roi,Dl,3,79.64,103.05,11.0,LS120_2a.czi,8,-33860.27,12264.8,-34139,11877,558,775,247.2,187.0
LS120_s02a_sc08,LS120,AF568,roi,Dm,4,141.56,103.32,11.0,LS120_2a.czi,8,-34274.43,10163.25,-34553,9776,557,775,247.2,187.0
LS120_s02a_sc08,LS120,AF568,roi,Dm,5,131.6,119.4,11.0,LS120_2a.czi,8,-33814.63,10348.99,-34094,9962,558,774,247.2,187.0
LS120_s02a_sc08,LS120,AF568,roi,Dm,6,122.07,137.09,11.0,LS120_2a.czi,8,-33318.5,10504.95,-33597,10117,557,775,247.2,187.0
LS120_s02a_sc08,LS120,AF568,roi,POA,7,79.38,195.67,11.0,LS120_2a.czi,8,-31599.93,11398.76,-31879,11011,558,775,247.2,187.0
LS120_s02a_sc08,LS120,AF568,roi,Dm,8,174.65,112.19,11.0,LS120_2a.czi,8,-34282.97,8957.76,-34562,8570,558,775,247.2,187.0
LS120_s02a_sc08,LS120,AF568,roi,Dm,9,164.55,126.14,11.0,LS120_2a.czi,8,-33874.17,9168.37,-34153,8781,558,775,247.2,187.0
LS120_s02a_sc08,LS120,AF568,roi,Dm,10,148.42,143.44,11.0,LS120_2a.czi,8,-33342.7,9551.75,-33622,9164,558,775,247.2,187.0
LS120_s02a_sc08,LS120,AF568,roi,POA,11,114.45,202.28,11.0,LS120_2a.czi,8,-31677.04,10147.5,-31956,9760,558,775,247.2,187.0
LS120_s02a_sc08,LS120,AF568,roi,Dl,12,220.68,174.25,11.0,LS120_2a.czi,8,-33082.38,6811.21,-33361,6424,558,775,247.2,187.0
LS120_s02a_sc08,LS120,AF568,roi,Dl,13,202.77,181.64,11.0,LS120_2a.czi,8,-32780.48,7348.53,-33059,6961,557,775,247.2,187.0
LS120_s02a_sc08,LS120,AF568,roi,Dl,14,181.95,184.63,11.0,LS120_2a.czi,8,-32566.1,8026.06,-32845,7639,558,775,247.2,187.0
LS120_s02a_sc09,LS120,AF568,background,__background__,,196.66,48.23,11.0,LS120_2a.czi,9,-29455.48,21737.97,-29728,21412,545,652,198.0,192.4
LS120_s02a_sc09,LS120,AF568,background,__background__,,121.02,204.21,11.0,LS120_2a.czi,9,-27724.47,26436.05,-27997,26110,545,652,198.0,192.4
LS120_s02a_sc09,LS120,AF568,background,__background__,,180.91,136.9,11.0,LS120_2a.czi,9,-28034.55,23793.67,-28307,23467,545,653,198.0,192.4
LS120_s02a_sc09,LS120,AF568,background,__background__,,65.29,132.13,11.0,LS120_2a.czi,9,-29978.37,26311.78,-30251,25986,545,652,198.0,192.4
LS120_s02a_sc09,LS120,AF568,roi,Dl,1,29.08,131.98,11.0,LS120_2a.czi,9,-30561.77,27126.17,-30835,26800,546,652,198.0,192.4
LS120_s02a_sc09,LS120,AF568,roi,Dl,2,30.65,152.56,11.0,LS120_2a.czi,9,-30148.2,27485.35,-30421,27159,546,653,198.0,192.4
LS120_s02a_sc09,LS120,AF568,roi,Dl,3,41.23,173.7,11.0,LS120_2a.czi,9,-29579.59,27651.91,-29852,27326,545,652,198.0,192.4
LS120_s02a_sc09,LS120,AF568,roi,Dm,4,95.48,113.41,11.0,LS120_2a.czi,9,-29847.62,25271.43,-30120,24945,545,653,198.0,192.4
LS120_s02a_sc09,LS120,AF568,roi,Dm,5,107.55,131.08,11.0,LS120_2a.czi,9,-29320.61,25337.83,-29593,25012,545,652,198.0,192.4
LS120_s02a_sc09,LS120,AF568,roi,Dm,6,109.55,147.41,11.0,LS120_2a.czi,9,-28980.35,25605.81,-29253,25280,546,652,198.0,192.4
LS120_s02a_sc09,LS120,AF568,roi,POA,7,142.44,215.57,11.0,LS120_2a.czi,9,-27166.63,26170.42,-27439,25844,545,653,198.0,192.4
LS120_s02a_sc09,LS120,AF568,roi,Dm,8,137.57,84.34,11.0,LS120_2a.czi,9,-29721.4,23764.04,-29994,23438,545,652,198.0,192.4
LS120_s02a_sc09,LS120,AF568,roi,Dm,9,129.62,104.62,11.0,LS120_2a.czi,9,-29466.12,24332.34,-29739,24006,546,653,198.0,192.4
LS120_s02a_sc09,LS120,AF568,roi,Dm,10,140.72,125.49,11.0,LS120_2a.czi,9,-28894.28,24481.99,-29167,24156,546,652,198.0,192.4
LS120_s02a_sc09,LS120,AF568,roi,POA,11,173.97,186.76,11.0,LS120_2a.czi,9,-27204.82,24906.36,-27478,24580,546,653,198.0,192.4
LS120_s02a_sc09,LS120,AF568,roi,Dl,12,223.74,73.99,11.0,LS120_2a.czi,9,-28535.12,21620.71,-28808,21294,546,653,198.0,192.4
LS120_s02a_sc09,LS120,AF568,roi,Dl,13,219.99,93.37,11.0,LS120_2a.czi,9,-28229.49,22076.95,-28502,21751,545,652,198.0,192.4
LS120_s02a_sc09,LS120,AF568,roi,Dl,14,212.15,107.58,11.0,LS120_2a.czi,9,-28087.01,22526.37,-28360,22200,546,653,198.0,192.4
LS120_s03a_sc00,LS120,AF568,background,__background__,,144.93,118.1,11.0,LS120_3a.czi,0,-81309.79,8027.96,-81627,7481,634,1094,339.9,230.6
LS120_s03a_sc00,LS120,AF568,background,__background__,,123.77,135.93,11.0,LS120_3a.czi,0,-81050.21,9328.64,-81367,8781,634,1095,339.9,230.6
LS120_s03a_sc00,LS120,AF568,background,__background__,,147.77,143.35,11.0,LS120_3a.czi,0,-80602.77,8347.84,-80920,7801,634,1094,339.9,230.6
LS120_s03a_sc00,LS120,AF568,background,__background__,,77.36,168.23,8.23,LS120_3a.czi,0,-80663.54,12059.64,-80901,11650,475,819,254.3,172.5
LS120_s03a_sc00,LS120,AF568,background,__background__,,66.17,111.13,11.0,LS120_3a.czi,0,-82311.72,11557.49,-82629,11010,634,1095,339.9,230.6
LS120_s03a_sc00,LS120,AF568,roi,Dl,1,55.56,129.44,11.0,LS120_3a.czi,0,-81930.11,12377.26,-82247,11830,634,1095,339.9,230.6
LS120_s03a_sc00,LS120,AF568,roi,Dl,2,55.15,144.49,11.0,LS120_3a.czi,0,-81530.45,12665.48,-81847,12118,633,1095,339.9,230.6
LS120_s03a_sc00,LS120,AF568,roi,Dl,3,54.98,160.09,11.0,LS120_3a.czi,0,-81113.55,12952.4,-81430,12405,633,1095,339.9,230.6
LS120_s03a_sc00,LS120,AF568,roi,Dm,4,90.77,122.81,11.0,LS120_3a.czi,0,-81743.74,10625.05,-82061,10078,634,1094,339.9,230.6
LS120_s03a_sc00,LS120,AF568,roi,Dm,5,95.52,140.75,11.0,LS120_3a.czi,0,-81213.14,10725.55,-81530,10178,634,1095,339.9,230.6
LS120_s03a_sc00,LS120,AF568,roi,Dm,6,96.13,156.64,11.0,LS120_3a.czi,0,-80780.39,10981.47,-81097,10434,633,1095,339.9,230.6
LS120_s03a_sc00,LS120,AF568,roi,POA,7,102.46,204.27,11.0,LS120_3a.czi,0,-79436.64,11539.73,-79753,10992,633,1095,339.9,230.6
LS120_s03a_sc00,LS120,AF568,roi,POA,8,103.01,221.48,11.0,LS120_3a.czi,0,-78969.08,11822.04,-79286,11275,634,1094,339.9,230.6
LS120_s03a_sc00,LS120,AF568,roi,Dm,9,117.46,111.58,11.0,LS120_3a.czi,0,-81768.98,9185.86,-82086,8639,634,1094,339.9,230.6
LS120_s03a_sc00,LS120,AF568,roi,Dm,10,116.21,139.29,11.0,LS120_3a.czi,0,-81038.26,9739.49,-81355,9192,634,1095,339.9,230.6
LS120_s03a_sc00,LS120,AF568,roi,POA,11,122.01,192.98,11.0,LS120_3a.czi,0,-79537.36,10430.73,-79854,9883,633,1095,339.9,230.6
LS120_s03a_sc00,LS120,AF568,roi,POA,12,130.06,213.97,11.0,LS120_3a.czi,0,-78890.76,10432.68,-79208,9885,634,1095,339.9,230.6
LS120_s03a_sc00,LS120,AF568,roi,Dl,13,159.1,132.49,11.0,LS120_3a.czi,0,-80777.0,7627.92,-81094,7081,634,1094,339.9,230.6
LS120_s03a_sc00,LS120,AF568,roi,Dl,14,161.33,153.48,11.0,LS120_3a.czi,0,-80190.61,7899.89,-80507,7353,633,1094,339.9,230.6
LS120_s04a_sc01,LS120,AF568,background,__background__,,42.84,125.68,11.0,LS120_4a.czi,1,-66906.9,8627.53,-67328,8088,842,1079,339.0,287.8
LS120_s04a_sc01,LS120,AF568,background,__background__,,65.33,147.75,11.0,LS120_4a.czi,1,-67326.69,10075.77,-67748,9536,842,1079,339.0,287.8
LS120_s04a_sc01,LS120,AF568,background,__background__,,97.75,206.06,11.0,LS120_4a.czi,1,-68857.1,12693.44,-69278,12154,842,1079,339.0,287.8
LS120_s04a_sc01,LS120,AF568,background,__background__,,115.02,223.31,11.0,LS120_4a.czi,1,-69190.01,13811.59,-69611,13272,842,1079,339.0,287.8
LS120_s04a_sc01,LS120,AF568,background,__background__,,155.88,230.49,11.0,LS120_4a.czi,1,-68803.15,15784.33,-69224,15245,842,1079,339.0,287.8
LS120_s04a_sc01,LS120,AF568,background,__background__,,45.78,60.5,11.0,LS120_4a.czi,1,-64584.79,7455.35,-65006,6916,842,1079,339.0,287.8
LS120_s04a_sc01,LS120,AF568,background,__background__,,154.01,115.82,11.0,LS120_4a.czi,1,-64827.8,13406.88,-65249,12867,842,1080,339.0,287.8
LS120_s04a_sc01,LS120,AF568,background,__background__,,131.62,22.61,11.0,LS120_4a.czi,1,-61922.09,10540.11,-62343,10000,842,1080,339.0,287.8
LS120_s04a_sc01,LS120,AF568,background,__background__,,196.32,103.89,11.0,LS120_4a.czi,1,-63750.95,15062.27,-64172,14523,842,1079,339.0,287.8
LS120_s04a_sc01,LS120,AF568,roi,Posterior tuberculum,1,156.72,86.45,11.0,LS120_4a.czi,1,-63759.85,12940.71,-64181,12401,842,1079,339.0,287.8
LS120_s04a_sc01,LS120,AF568,roi,Posterior tuberculum,2,142.6,70.92,11.0,LS120_4a.czi,1,-63437.85,11997.98,-63859,11458,842,1080,339.0,287.8
LS120_s04a_sc01,LS120,AF568,roi,Anterior tuberal nucleus,3,156.22,51.57,11.0,LS120_4a.czi,1,-62549.57,12220.62,-62971,11681,843,1079,339.0,287.8
LS120_s04a_sc01,LS120,AF568,roi,Anterior tuberal nucleus,4,177.71,58.62,11.0,LS120_4a.czi,1,-62460.43,13323.65,-62882,12784,843,1079,339.0,287.8
LS120_s04a_sc02,LS120,AF568,background,__background__,,107.43,58.16,11.0,LS120_4a.czi,2,-56413.47,8707.84,-56823,8098,819,1220,315.5,357.9
LS120_s04a_sc02,LS120,AF568,background,__background__,,78.55,81.3,11.0,LS120_4a.czi,2,-56791.69,10679.25,-57201,10069,819,1220,315.5,357.9
LS120_s04a_sc02,LS120,AF568,background,__background__,,144.35,170.04,14.23,LS120_4a.czi,2,-52887.11,12580.86,-53417,11792,1059,1578,408.2,463.0
LS120_s04a_sc02,LS120,AF568,background,__background__,,116.28,206.24,11.0,LS120_4a.czi,2,-52959.84,15116.55,-53369,14507,819,1219,315.5,357.9
LS120_s04a_sc02,LS120,AF568,background,__background__,,71.27,198.93,11.0,LS120_4a.czi,2,-54482.28,16228.77,-54892,15619,819,1220,315.5,357.9
LS120_s04a_sc02,LS120,AF568,roi,Posterior tuberculum,1,178.26,173.55,11.0,LS120_4a.czi,2,-51783.08,11652.66,-52193,11043,819,1219,315.5,357.9
LS120_s04a_sc02,LS120,AF568,roi,Anterior tuberal nucleus,2,198.32,201.12,11.0,LS120_4a.czi,2,-50581.61,12255.74,-50991,11646,819,1220,315.5,357.9
LS120_s04a_sc02,LS120,AF568,roi,Posterior tuberculum,3,191.38,158.69,11.0,LS120_4a.czi,2,-51704.78,10560.58,-52114,9951,819,1219,315.5,357.9
LS120_s04a_sc02,LS120,AF568,roi,Anterior tuberal nucleus,4,208.55,175.96,11.0,LS120_4a.czi,2,-50812.51,10790.77,-51222,10181,819,1220,315.5,357.9
LS120_s04a_sc04,LS120,AF568,background,__background__,,189.09,85.11,11.0,LS120_4a.czi,4,-39445.44,8329.52,-39871,7784,851,1091,280.8,350.5
LS120_s04a_sc04,LS120,AF568,background,__background__,,190.75,108.36,11.0,LS120_4a.czi,4,-39178.0,9431.74,-39603,8887,850,1090,280.8,350.5
LS120_s04a_sc04,LS120,AF568,background,__background__,,150.98,152.6,11.0,LS120_4a.czi,4,-40283.77,12014.26,-40709,11469,851,1090,280.8,350.5
LS120_s04a_sc04,LS120,AF568,background,__background__,,128.47,227.17,11.0,LS120_4a.czi,4,-40472.91,15864.04,-40898,15319,851,1090,280.8,350.5
LS120_s04a_sc04,LS120,AF568,background,__background__,,77.99,222.56,11.0,LS120_4a.czi,4,-42412.25,16212.34,-42838,15667,851,1091,280.8,350.5
LS120_s04a_sc04,LS120,AF568,roi,Posterior tuberculum,1,184.79,150.92,11.0,LS120_4a.czi,4,-39026.89,11551.11,-39452,11006,851,1090,280.8,350.5
LS120_s04a_sc04,LS120,AF568,roi,Posterior tuberculum,2,194.79,136.09,11.0,LS120_4a.czi,4,-38781.53,10723.06,-39207,10178,851,1090,280.8,350.5
LS120_s04a_sc04,LS120,AF568,roi,Anterior tuberal nucleus,3,215.71,152.41,11.0,LS120_4a.czi,4,-37850.77,11273.46,-38276,10728,851,1091,280.8,350.5
LS120_s04a_sc04,LS120,AF568,roi,Anterior tuberal nucleus,4,215.77,172.23,11.0,LS120_4a.czi,4,-37673.75,12228.4,-38099,11683,851,1091,280.8,350.5
LS120_s04a_sc06,LS120,AF568,background,__background__,,168.6,104.28,11.0,LS120_4a.czi,6,-27568.8,9696.95,-27983,9166,828,1062,278.4,337.2
LS120_s04a_sc06,LS120,AF568,background,__background__,,141.78,157.61,11.0,LS120_4a.czi,6,-27851.41,12552.16,-28266,12021,829,1062,278.4,337.2
LS120_s04a_sc06,LS120,AF568,background,__background__,,30.54,155.9,11.0,LS120_4a.czi,6,-31817.67,14261.85,-32232,13731,829,1062,278.4,337.2
LS120_s04a_sc06,LS120,AF568,background,__background__,,43.8,195.98,11.0,LS120_4a.czi,6,-30845.03,15870.74,-31259,15340,828,1062,278.4,337.2
LS120_s04a_sc06,LS120,AF568,background,__background__,,76.07,228.2,11.0,LS120_4a.czi,6,-29296.79,16816.87,-29711,16286,828,1062,278.4,337.2
LS120_s04a_sc06,LS120,AF568,background,__background__,,107.66,34.39,11.0,LS120_4a.czi,6,-30605.95,7499.1,-31020,6968,828,1062,278.4,337.2
LS120_s04a_sc06,LS120,AF568,background,__background__,,81.64,62.64,11.0,LS120_4a.czi,6,-31174.56,9201.38,-31589,8671,829,1061,278.4,337.2
LS120_s04a_sc06,LS120,AF568,background,__background__,,180.07,18.47,11.0,LS120_4a.czi,6,-28237.68,5611.92,-28652,5081,829,1062,278.4,337.2
LS120_s04a_sc06,LS120,AF568,background,__background__,,214.35,70.59,11.0,LS120_4a.czi,6,-26368.71,7430.36,-26783,6900,829,1061,278.4,337.2
LS120_s04a_sc06,LS120,AF568,roi,Posterior tuberculum,1,192.11,137.81,11.0,LS120_4a.czi,6,-26314.78,10843.39,-26729,10313,828,1061,278.4,337.2
LS120_s04a_sc06,LS120,AF568,roi,Posterior tuberculum,2,182.66,160.24,11.0,LS120_4a.czi,6,-26368.74,12014.85,-26783,11484,828,1062,278.4,337.2
LS120_s04a_sc06,LS120,AF568,roi,Anterior tuberal nucleus,3,210.45,175.94,11.0,LS120_4a.czi,6,-25186.45,12282.0,-25601,11751,829,1062,278.4,337.2
LS120_s04a_sc06,LS120,AF568,roi,Anterior tuberal nucleus,4,224.13,177.96,13.91,LS120_4a.czi,6,-24676.0,12154.01,-25200,11483,1048,1342,352.0,426.3
LS120_s04a_sc06,LS120,AF568,roi,Anterior tuberal nucleus,5,211.88,155.89,11.0,LS120_4a.czi,6,-25387.06,11347.59,-25801,10817,828,1061,278.4,337.2
LS120_s04a_sc06,LS120,AF568,roi,Anterior tuberal nucleus,6,226.6,158.48,11.0,LS120_4a.czi,6,-24832.59,11228.81,-25247,10698,829,1062,278.4,337.2
LS120_s04a_sc07,LS120,AF568,background,__background__,,60.91,152.4,11.0,LS120_4a.czi,7,-25769.99,24900.44,-26198,24412,856,977,278.3,317.0
LS120_s04a_sc07,LS120,AF568,background,__background__,,83.65,107.56,11.0,LS120_4a.czi,7,-26515.89,26962.39,-26944,26474,856,977,278.3,317.0
LS120_s04a_sc07,LS120,AF568,background,__background__,,103.4,119.46,11.0,LS120_4a.czi,7,-27317.61,26504.21,-27746,26016,857,977,278.3,317.0
LS120_s04a_sc07,LS120,AF568,background,__background__,,157.97,168.13,11.0,LS120_4a.czi,7,-29580.57,24539.81,-30009,24051,857,977,278.3,317.0
LS120_s04a_sc07,LS120,AF568,background,__background__,,218.47,70.0,11.0,LS120_4a.czi,7,-31629.12,29089.35,-32057,28601,856,977,278.3,317.0
LS120_s04a_sc07,LS120,AF568,background,__background__,,208.89,50.97,11.0,LS120_4a.czi,7,-31200.11,29898.03,-31628,29410,856,976,278.3,317.0
LS120_s04a_sc07,LS120,AF568,background,__background__,,157.73,17.83,11.0,LS120_4a.czi,7,-29116.36,31187.26,-29545,30699,857,977,278.3,317.0
LS120_s04a_sc07,LS120,AF568,roi,Posterior tuberculum,1,66.31,115.38,11.0,LS120_4a.czi,7,-25867.3,26556.61,-26295,26068,856,977,278.3,317.0
LS120_s04a_sc07,LS120,AF568,roi,Posterior tuberculum,2,51.44,146.34,11.0,LS120_4a.czi,7,-25384.5,25135.79,-25813,24647,857,977,278.3,317.0
LS120_s04a_sc07,LS120,AF568,roi,Anterior tuberal nucleus,3,30.71,93.12,11.0,LS120_4a.czi,7,-24419.73,27418.31,-24848,26930,856,977,278.3,317.0
LS120_s04a_sc07,LS120,AF568,roi,Anterior tuberal nucleus,4,14.66,121.37,11.0,LS120_4a.czi,7,-23882.98,26113.29,-24311,25625,856,977,278.3,317.0
LS120_s05a_sc00,LS120,AF568,background,__background__,,147.11,106.23,11.0,LS120_5a.czi,0,-82152.37,7055.79,-82827,6298,1349,1515,464.0,467.8
LS120_s05a_sc00,LS120,AF568,background,__background__,,200.47,102.04,11.0,LS120_5a.czi,0,-79933.87,4342.12,-80609,3585,1350,1514,464.0,467.8
LS120_s05a_sc00,LS120,AF568,background,__background__,,75.69,174.51,11.0,LS120_5a.czi,0,-82502.61,13843.1,-83177,13086,1349,1514,464.0,467.8
LS120_s05a_sc00,LS120,AF568,background,__background__,,91.17,214.99,11.0,LS120_5a.czi,0,-80116.52,15154.99,-80791,14398,1349,1514,464.0,467.8
LS120_s05a_sc00,LS120,AF568,background,__background__,,155.4,210.46,11.0,LS120_5a.czi,0,-77424.63,11914.37,-78099,11157,1349,1515,464.0,467.8
LS120_s05a_sc00,LS120,AF568,background,__background__,,195.91,182.85,11.0,LS120_5a.czi,0,-76761.3,8624.33,-77436,7867,1350,1515,464.0,467.8
LS120_s05a_sc00,LS120,AF568,roi,Posterior tuberculum,1,169.41,204.17,11.0,LS120_5a.czi,0,-77059.04,10940.6,-77734,10183,1350,1515,464.0,467.8
LS120_s05a_sc00,LS120,AF568,roi,Posterior tuberculum,2,184.43,189.9,11.0,LS120_5a.czi,0,-76981.64,9517.7,-77656,8760,1349,1515,464.0,467.8
LS136_s02a_sc00,LS136,AF568,background,__background__,,120.16,48.5,11.0,LS136_2a.czi,0,-81194.04,11813.34,-81431,11485,474,657,199.3,171.3
LS136_s02a_sc00,LS136,AF568,background,__background__,,62.37,105.37,11.0,LS136_2a.czi,0,-79509.6,12420.5,-79746,12092,473,657,199.3,171.3
LS136_s02a_sc00,LS136,AF568,background,__background__,,205.01,208.2,11.0,LS136_2a.czi,0,-79189.56,7193.17,-79426,6864,473,658,199.3,171.3
LS136_s02a_sc00,LS136,AF568,background,__background__,,170.6,184.15,11.0,LS136_2a.czi,0,-79252.84,8442.59,-79489,8114,473,657,199.3,171.3
LS136_s02a_sc00,LS136,AF568,roi,Dl,1,115.7,20.99,11.0,LS136_2a.czi,0,-81651.35,12349.27,-81888,12021,473,657,199.3,171.3
LS136_s02a_sc00,LS136,AF568,roi,Dl,2,93.53,20.77,11.0,LS136_2a.czi,0,-81410.88,12920.07,-81647,12591,473,658,199.3,171.3
LS136_s02a_sc00,LS136,AF568,roi,Dl,3,71.41,26.0,11.0,LS136_2a.czi,0,-81070.62,13406.02,-81307,13077,473,658,199.3,171.3
LS136_s02a_sc00,LS136,AF568,roi,Dl,4,55.18,37.06,11.0,LS136_2a.czi,0,-80687.98,13651.84,-80925,13323,474,658,199.3,171.3
LS136_s02a_sc00,LS136,AF568,roi,Dm,7,134.89,78.78,11.0,LS136_2a.czi,0,-80799.0,10972.09,-81036,10643,474,658,199.3,171.3
LS136_s02a_sc00,LS136,AF568,roi,Dm,8,128.78,101.4,11.0,LS136_2a.czi,0,-80315.14,10781.66,-80552,10453,473,657,199.3,171.3
LS136_s02a_sc00,LS136,AF568,roi,Dm,9,112.5,113.3,11.0,LS136_2a.czi,0,-79916.49,11015.88,-80153,10687,473,658,199.3,171.3
LS136_s02a_sc00,LS136,AF568,roi,Dm,10,90.83,118.14,11.0,LS136_2a.czi,0,-79588.38,11496.3,-79825,11168,473,657,199.3,171.3
LS136_s02a_sc00,LS136,AF568,roi,Dm,15,188.98,140.57,11.0,LS136_2a.czi,0,-80257.92,8640.34,-80495,8312,474,657,199.3,171.3
LS136_s02a_sc00,LS136,AF568,roi,Dm,16,169.58,136.35,13.47,LS136_2a.czi,0,-80121.65,9201.57,-80411,8799,579,805,244.0,209.8
LS136_s02a_sc00,LS136,AF568,roi,Dm,17,147.35,130.69,11.0,LS136_2a.czi,0,-79980.68,9857.3,-80217,9529,473,657,199.3,171.3
LS136_s02a_sc00,LS136,AF568,roi,Dm,18,131.68,145.98,11.0,LS136_2a.czi,0,-79526.34,10023.94,-79763,9695,473,658,199.3,171.3
LS136_s02a_sc02,LS136,AF568,background,__background__,,58.88,80.94,11.0,LS136_2a.czi,2,-71925.5,13180.62,-72112,12755,373,851,229.2,195.9
LS136_s02a_sc02,LS136,AF568,background,__background__,,180.58,67.36,11.0,LS136_2a.czi,2,-70829.02,9168.28,-71015,8743,372,851,229.2,195.9
LS136_s02a_sc02,LS136,AF568,background,__background__,,214.85,85.08,11.0,LS136_2a.czi,2,-70234.73,8554.92,-70421,8130,373,850,229.2,195.9
LS136_s02a_sc02,LS136,AF568,background,__background__,,190.62,163.06,11.0,LS136_2a.czi,2,-69455.35,11158.43,-69642,10733,373,851,229.2,195.9
LS136_s02a_sc02,LS136,AF568,background,__background__,,112.64,168.97,11.0,LS136_2a.czi,2,-70194.92,13662.43,-70381,13237,372,851,229.2,195.9
LS136_s02a_sc02,LS136,AF568,roi,Dl,1,25.2,124.66,11.0,LS136_2a.czi,2,-71699.31,15249.06,-71886,14824,373,850,229.2,195.9
LS136_s02a_sc02,LS136,AF568,roi,Dm,5,91.37,93.35,11.0,LS136_2a.czi,2,-71420.25,12493.88,-71607,12068,373,851,229.2,195.9
LS136_s02a_sc02,LS136,AF568,roi,Dm,6,99.64,108.12,11.0,LS136_2a.czi,2,-71137.75,12597.45,-71324,12172,373,851,229.2,195.9
LS136_s02a_sc02,LS136,AF568,roi,Dm,7,109.09,125.84,11.0,LS136_2a.czi,2,-70803.78,12735.99,-70990,12311,373,850,229.2,195.9
LS136_s02a_sc02,LS136,AF568,roi,Dm,8,128.59,91.58,11.0,LS136_2a.czi,2,-71053.32,11323.91,-71240,10899,373,850,229.2,195.9
LS136_s02a_sc02,LS136,AF568,roi,Dm,9,135.68,106.94,11.0,LS136_2a.czi,2,-70775.38,11477.36,-70962,11052,373,851,229.2,195.9
LS136_s02a_sc02,LS136,AF568,roi,Dm,10,146.31,123.48,11.0,LS136_2a.czi,2,-70444.67,11551.87,-70631,11126,373,851,229.2,195.9
LS136_s02a_sc03,LS136,AF568,background,__background__,,197.12,21.27,11.0,LS136_2a.czi,3,-69280.07,20692.57,-69518,20281,476,823,234.3,200.8
LS136_s02a_sc03,LS136,AF568,background,__background__,,155.18,26.59,11.0,LS136_2a.czi,3,-69720.49,22076.24,-69959,21665,477,823,234.3,200.8
LS136_s02a_sc03,LS136,AF568,background,__background__,,74.24,60.86,11.0,LS136_2a.czi,3,-70151.1,25274.32,-70389,24863,476,823,234.3,200.8
LS136_s02a_sc03,LS136,AF568,background,__background__,,88.42,100.44,11.0,LS136_2a.czi,3,-69279.29,25716.22,-69517,25305,476,823,234.3,200.8
LS136_s02a_sc03,LS136,AF568,background,__background__,,119.14,128.8,11.0,LS136_2a.czi,3,-68393.17,25411.9,-68631,25000,476,823,234.3,200.8
LS136_s02a_sc03,LS136,AF568,roi,Dl,1,27.57,67.95,11.0,LS136_2a.czi,3,-70620.74,26839.77,-70859,26428,476,823,234.3,200.8
LS136_s02a_sc03,LS136,AF568,roi,Dl,2,32.88,80.94,11.0,LS136_2a.czi,3,-70326.28,26964.98,-70564,26554,476,822,234.3,200.8
LS136_s02a_sc03,LS136,AF568,roi,Dl,3,32.29,94.53,11.0,LS136_2a.czi,3,-70096.36,27281.58,-70335,26870,477,823,234.3,200.8
LS136_s02a_sc03,LS136,AF568,roi,Dl,4,38.2,116.39,11.0,LS136_2a.czi,3,-69639.3,27583.69,-69877,27172,476,823,234.3,200.8
LS136_s02a_sc03,LS136,AF568,roi,Dm,5,105.55,73.26,11.0,LS136_2a.czi,3,-69536.29,24601.28,-69774,24190,476,823,234.3,200.8
LS136_s02a_sc03,LS136,AF568,roi,Dm,6,113.23,92.76,11.0,LS136_2a.czi,3,-69097.96,24798.04,-69336,24387,476,822,234.3,200.8
LS136_s02a_sc03,LS136,AF568,roi,Dm,7,121.5,102.21,11.0,LS136_2a.czi,3,-68827.69,24756.02,-69066,24345,476,822,234.3,200.8
LS136_s02a_sc03,LS136,AF568,roi,Dm,8,143.95,63.22,12.42,LS136_2a.czi,3,-69223.36,23220.75,-69492,22756,538,929,264.6,226.7
LS136_s02a_sc03,LS136,AF568,roi,Dm,9,143.36,83.31,12.42,LS136_2a.czi,3,-68879.88,23680.26,-69149,23216,538,929,264.6,226.7
LS136_s02a_sc03,LS136,AF568,roi,Dm,10,147.5,103.98,11.0,LS136_2a.czi,3,-68466.12,24009.66,-68704,23598,476,823,234.3,200.8
LS136_s02a_sc05,LS136,AF568,background,__background__,,138.87,75.76,11.0,LS136_2a.czi,5,-61165.04,22435.51,-61328,22194,326,483,123.1,143.4
LS136_s02a_sc05,LS136,AF568,background,__background__,,148.86,94.02,11.0,LS136_2a.czi,5,-60894.42,22651.14,-61057,22409,325,484,123.1,143.4
LS136_s02a_sc05,LS136,AF568,background,__background__,,147.09,114.06,11.0,LS136_2a.czi,5,-60754.7,23040.5,-60917,22799,325,483,123.1,143.4
LS136_s02a_sc05,LS136,AF568,background,__background__,,160.48,137.15,11.0,LS136_2a.czi,5,-60403.15,23304.09,-60566,23062,326,484,123.1,143.4
LS136_s02a_sc05,LS136,AF568,background,__background__,,64.82,158.36,11.0,LS136_2a.czi,5,-61413.65,24840.85,-61576,24599,325,484,123.1,143.4
LS136_s02a_sc05,LS136,AF568,roi,Dm,9,103.26,80.63,11.0,LS136_2a.czi,5,-61565.6,22952.0,-61728,22710,325,484,123.1,143.4
LS136_s02a_sc05,LS136,AF568,roi,Dm,10,106.98,103.32,11.0,LS136_2a.czi,5,-61336.7,23324.2,-61499,23082,325,484,123.1,143.4
LS136_s02a_sc05,LS136,AF568,roi,Dm,11,114.46,126.23,11.0,LS136_2a.czi,5,-61059.6,23655.35,-61222,23414,325,483,123.1,143.4
LS136_s02a_sc05,LS136,AF568,roi,POA,12,149.08,183.51,11.0,LS136_2a.czi,5,-60170.16,24292.42,-60333,24051,326,483,123.1,143.4
LS136_s02a_sc05,LS136,AF568,roi,Dl,13,222.66,39.79,11.0,LS136_2a.czi,5,-60420.15,20769.95,-60583,20528,326,484,123.1,143.4
LS136_s02a_sc05,LS136,AF568,roi,Dl,14,205.05,55.82,11.0,LS136_2a.czi,5,-60508.4,21275.6,-60671,21034,325,483,123.1,143.4
LS136_s02a_sc05,LS136,AF568,roi,Dl,15,183.3,76.23,11.0,LS136_2a.czi,5,-60612.48,21911.35,-60775,21670,325,483,123.1,143.4
LS136_s02a_sc07,LS136,AF568,background,__background__,,190.06,165.05,11.0,LS136_2a.czi,7,-53321.24,25093.28,-53600,24760,558,667,201.3,197.7
LS136_s02a_sc07,LS136,AF568,background,__background__,,166.73,145.91,11.0,LS136_2a.czi,7,-52565.95,24956.5,-52845,24623,558,667,201.3,197.7
LS136_s02a_sc07,LS136,AF568,background,__background__,,81.24,151.39,11.0,LS136_2a.czi,7,-51220.27,22922.81,-51499,22589,558,667,201.3,197.7
LS136_s02a_sc07,LS136,AF568,background,__background__,,165.79,124.46,11.0,LS136_2a.czi,7,-52146.65,25370.07,-52426,25037,558,667,201.3,197.7
LS136_s02a_sc07,LS136,AF568,roi,Dl,1,228.25,153.84,11.0,LS136_2a.czi,7,-53757.61,26179.34,-54037,25846,558,667,201.3,197.7
LS136_s02a_sc07,LS136,AF568,roi,Dl,2,239.59,140.35,11.0,LS136_2a.czi,7,-53696.1,26707.77,-53975,26374,558,667,201.3,197.7
LS136_s02a_sc07,LS136,AF568,roi,Dl,3,246.91,124.59,11.0,LS136_2a.czi,7,-53523.78,27191.79,-53803,26858,558,667,201.3,197.7
LS136_s02a_sc07,LS136,AF568,roi,Dm,4,166.09,178.46,11.0,LS136_2a.czi,7,-53167.22,24282.44,-53446,23949,558,667,201.3,197.7
LS136_s02a_sc07,LS136,AF568,roi,Dm,5,156.82,163.95,12.12,LS136_2a.czi,7,-52737.26,24368.02,-53045,24001,615,734,221.8,217.8
LS136_s02a_sc07,LS136,AF568,roi,Dm,6,142.9,150.28,11.0,LS136_2a.czi,7,-52244.3,24332.01,-52523,23998,558,668,201.3,197.7
LS136_s02a_sc07,LS136,AF568,roi,POA,7,139.18,107.12,11.0,LS136_2a.czi,7,-51369.62,25123.04,-51649,24790,558,667,201.3,197.7
LS136_s02a_sc07,LS136,AF568,roi,Dm,8,71.48,196.43,11.0,LS136_2a.czi,7,-51901.87,21790.52,-52181,21457,558,667,201.3,197.7
LS136_s02a_sc07,LS136,AF568,roi,Dm,9,85.41,180.66,11.0,LS136_2a.czi,7,-51841.37,22423.4,-52120,22090,558,667,201.3,197.7
LS136_s02a_sc07,LS136,AF568,roi,Dm,10,95.0,167.48,11.0,LS136_2a.czi,7,-51756.03,22906.18,-52035,22573,558,667,201.3,197.7
LS136_s02a_sc07,LS136,AF568,roi,POA,11,101.69,118.8,11.0,LS136_2a.czi,7,-50953.96,24043.2,-51233,23710,558,667,201.3,197.7
LS136_s02a_sc07,LS136,AF568,roi,Dl,12,29.55,180.7,11.0,LS136_2a.czi,7,-50895.5,21166.32,-51174,20833,557,667,201.3,197.7
LS136_s02a_sc07,LS136,AF568,roi,Dl,13,43.23,173.38,11.0,LS136_2a.czi,7,-50989.67,21622.33,-51269,21289,558,667,201.3,197.7
LS136_s02a_sc07,LS136,AF568,roi,Dl,14,58.11,162.84,11.0,LS136_2a.czi,7,-51043.62,22170.58,-51323,21837,558,667,201.3,197.7
LS136_s04a_sc07,LS136,AF568,background,__background__,,190.62,72.08,11.0,LS136_4a.czi,7,-36902.25,5900.63,-37376,5273,947,1255,407.1,308.2
LS136_s04a_sc07,LS136,AF568,background,__background__,,167.58,63.81,11.0,LS136_4a.czi,7,-37175.18,7248.78,-37649,6621,947,1255,407.1,308.2
LS136_s04a_sc07,LS136,AF568,background,__background__,,139.23,70.31,11.0,LS136_4a.czi,7,-36796.43,8829.45,-37270,8202,947,1255,407.1,308.2
LS136_s04a_sc07,LS136,AF568,background,__background__,,70.1,121.12,11.0,LS136_4a.czi,7,-34374.73,12519.94,-34848,11892,947,1256,407.1,308.2
LS136_s04a_sc07,LS136,AF568,background,__background__,,200.08,174.29,11.0,LS136_4a.czi,7,-32555.8,4883.81,-33029,4256,947,1255,407.1,308.2
LS136_s04a_sc07,LS136,AF568,roi,Posterior tuberculum,1,89.6,132.34,11.0,LS136_4a.czi,7,-33962.87,11359.14,-34436,10731,947,1256,407.1,308.2
LS136_s04a_sc07,LS136,AF568,roi,Posterior tuberculum,2,119.14,140.61,11.0,LS136_4a.czi,7,-33712.91,9641.59,-34186,9014,946,1255,407.1,308.2
LS136_s04a_sc07,LS136,AF568,roi,Anterior tuberal nucleus,3,77.78,159.52,11.0,LS136_4a.czi,7,-32756.37,11903.45,-33230,11276,947,1255,407.1,308.2
LS136_s04a_sc07,LS136,AF568,roi,Anterior tuberal nucleus,4,106.14,167.79,11.0,LS136_4a.czi,7,-32502.24,10252.96,-32976,9625,947,1256,407.1,308.2
LS136_s06a_sc00,LS136,AF568,background,__background__,,136.64,99.58,11.0,LS136_6a.czi,0,-77505.51,10499.7,-78060,9808,1109,1383,374.7,437.2
LS136_s06a_sc00,LS136,AF568,background,__background__,,142.06,175.19,11.0,LS136_6a.czi,0,-78717.38,15015.7,-79272,14324,1109,1383,374.7,437.2
LS136_s06a_sc00,LS136,AF568,background,__background__,,77.87,45.06,11.0,LS136_6a.czi,0,-79183.7,5918.95,-79738,5227,1109,1383,374.7,437.2
LS136_s06a_sc00,LS136,AF568,background,__background__,,38.87,180.16,11.0,LS136_6a.czi,0,-83613.74,12812.86,-84168,12121,1109,1383,374.7,437.2
LS136_s06a_sc00,LS136,AF568,roi,Posterior tuberculum,1,172.83,155.8,11.0,LS136_6a.czi,0,-76910.6,14633.94,-77465,13942,1109,1383,374.7,437.2
LS136_s06a_sc00,LS136,AF568,roi,Posterior tuberculum,2,177.26,132.58,11.0,LS136_6a.czi,0,-76254.93,13394.19,-76810,12703,1110,1383,374.7,437.2
LS136_s06a_sc00,LS136,AF568,roi,Anterior tuberal nucleus,3,209.45,156.17,11.0,LS136_6a.czi,0,-75214.29,15539.43,-75769,14848,1109,1383,374.7,437.2
LS136_s06a_sc00,LS136,AF568,roi,Anterior tuberal nucleus,4,209.48,133.92,11.0,LS136_6a.czi,0,-74782.08,14249.72,-75337,13558,1110,1383,374.7,437.2
LS138_s01a_sc01,LS138,AF568,background,__background__,,233.25,156.34,11.0,LS138_1a.czi,1,-69683.89,4072.29,-69969,3676,570,792,244.8,200.9
LS138_s01a_sc01,LS138,AF568,background,__background__,,124.52,136.98,11.0,LS138_1a.czi,1,-68895.76,7889.03,-69181,7493,570,792,244.8,200.9
LS138_s01a_sc01,LS138,AF568,background,__background__,,96.64,138.7,11.0,LS138_1a.czi,1,-68538.43,8761.92,-68823,8366,570,792,244.8,200.9
LS138_s01a_sc01,LS138,AF568,background,__background__,,112.8,110.2,11.0,LS138_1a.czi,1,-69384.3,8691.21,-69669,8295,570,792,244.8,200.9
LS138_s01a_sc01,LS138,AF568,roi,Dl,1,198.09,76.0,11.0,LS138_1a.czi,1,-71149.51,6478.81,-71434,6083,569,792,244.8,200.9
LS138_s01a_sc01,LS138,AF568,roi,Dl,2,184.63,92.06,11.0,LS138_1a.czi,1,-70623.3,6659.22,-70908,6263,570,792,244.8,200.9
LS22_s01a_sc08,LS22,AF568,background,__background__,,145.45,208.3,7.14,LS22_1a.czi,8,-39540.25,22092.46,-39692,21866,304,452,101.6,144.5
LS22_s01a_sc08,LS22,AF568,background,__background__,,112.7,206.32,6.74,LS22_1a.czi,8,-38872.25,22387.75,-39016,22174,287,427,95.9,136.4
LS22_s01a_sc08,LS22,AF568,background,__background__,,74.33,156.49,8.4,LS22_1a.czi,8,-38318.23,24195.55,-38497,23930,358,531,119.5,170.0
LS22_s01a_sc08,LS22,AF568,roi,Dl,1,202.26,56.41,15.09,LS22_1a.czi,8,-41446.38,26359.36,-41767,25882,642,954,214.7,305.5
LS22_s01a_sc08,LS22,AF568,roi,Dl,2,178.31,47.99,14.44,LS22_1a.czi,8,-40991.42,26789.83,-41299,26333,615,913,205.5,292.3
LS22_s01a_sc08,LS22,AF568,roi,Dl,3,164.68,31.3,13.68,LS22_1a.czi,8,-40789.75,27400.9,-41081,26968,582,865,194.7,276.9
LS22_s01a_sc08,LS22,AF568,roi,Dl,4,137.53,23.63,16.32,LS22_1a.czi,8,-40264.98,27831.2,-40612,27315,694,1032,232.2,330.4
LS22_s01a_sc08,LS22,AF568,roi,Dl,5,116.91,22.25,15.91,LS22_1a.czi,8,-39845.04,28021.22,-40183,27518,676,1006,226.4,322.1
LS22_s01a_sc08,LS22,AF568,roi,Dm,6,153.38,120.15,16.02,LS22_1a.czi,8,-40128.46,24747.97,-40469,24241,681,1013,227.9,324.3
LS22_s01a_sc08,LS22,AF568,roi,Dm,7,135.88,112.6,15.84,LS22_1a.czi,8,-39802.75,25105.51,-40140,24605,674,1001,225.4,320.6
LS22_s01a_sc08,LS22,AF568,roi,Dm,8,123.34,88.82,12.26,LS22_1a.czi,8,-39657.75,25926.93,-39919,25539,522,776,174.4,248.2
LS22_s01a_sc08,LS22,AF568,roi,Dm,9,104.55,79.97,14.55,LS22_1a.czi,8,-39311.61,26333.71,-39621,25874,619,920,207.0,294.5
LS22_s01a_sc08,LS22,AF568,roi,Vd,10,73.57,87.58,10.83,LS22_1a.czi,8,-38634.08,26321.26,-38865,25979,461,685,154.1,219.2
LS22_s01a_sc08,LS22,AF568,roi,Vv,11,65.14,81.54,10.09,LS22_1a.czi,8,-38488.75,26567.43,-38704,26248,430,639,143.6,204.2
LS22_s01a_sc08,LS22,AF568,roi,Vl,12,70.69,41.43,12.38,LS22_1a.czi,8,-38796.56,27761.85,-39060,27370,527,783,176.2,250.6
LS22_s01a_sc08,LS22,AF568,roi,Vv,13,56.4,64.86,13.84,LS22_1a.czi,8,-38388.2,27143.2,-38683,26706,589,875,196.9,280.2
LS22_s01a_sc08,LS22,AF568,roi,Dm,14,150.73,152.35,10.86,LS22_1a.czi,8,-39918.7,23776.18,-40150,23433,462,687,154.5,219.8
LS22_s01a_sc08,LS22,AF568,roi,Dm,15,136.3,149.36,12.0,LS22_1a.czi,8,-39634.56,23971.45,-39890,23592,511,759,170.7,242.9
LS22_s01a_sc08,LS22,AF568,roi,Dm,16,123.85,142.45,13.59,LS22_1a.czi,8,-39410.25,24273.16,-39699,23843,578,860,193.4,275.1
LS22_s01a_sc08,LS22,AF568,roi,Dm,17,98.64,146.27,13.98,LS22_1a.czi,8,-38870.32,24336.03,-39168,23894,595,884,198.9,283.0
LS22_s01a_sc08,LS22,AF568,roi,Vd,18,83.08,122.47,13.93,LS22_1a.czi,8,-38662.94,25179.68,-38959,24739,592,881,198.2,282.0
LS22_s01a_sc08,LS22,AF568,roi,Vv,19,62.32,113.82,11.23,LS22_1a.czi,8,-38275.09,25594.4,-38514,25239,478,711,159.8,227.3
LS22_s01a_sc08,LS22,AF568,roi,Vl,20,35.02,148.45,15.33,LS22_1a.czi,8,-37543.68,24724.25,-37870,24240,652,969,218.1,310.3
LS22_s01a_sc08,LS22,AF568,roi,Vv,21,47.38,116.7,18.6,LS22_1a.czi,8,-37952.15,25612.7,-38348,25025,791,1176,264.7,376.5
LS22_s01a_sc08,LS22,AF568,roi,Dl,22,68.86,228.64,15.91,LS22_1a.czi,8,-37857.9,22014.74,-38196,21512,676,1006,226.4,322.1
LS22_s01a_sc08,LS22,AF568,roi,Dl,23,62.23,211.07,10.88,LS22_1a.czi,8,-37805.28,22602.79,-38037,22259,463,688,154.8,220.2
LS22_s01a_sc08,LS22,AF568,roi,Dl,24,57.37,201.51,8.57,LS22_1a.czi,8,-37750.74,22931.72,-37933,22661,365,542,121.9,173.5
LS22_s01a_sc08,LS22,AF568,roi,Dl,25,120.14,239.68,13.5,LS22_1a.czi,8,-38865.65,21308.07,-39153,20881,575,854,192.1,273.3
LS22_s01a_sc08,LS22,AF568,roi,Dl,26,102.56,248.89,10.6,LS22_1a.czi,8,-38457.64,21150.5,-38683,20815,451,671,150.8,214.6
LS22_s01a_sc08,LS22,AF568,roi,Dl,27,89.4,251.93,12.17,LS22_1a.czi,8,-38170.76,21151.14,-38430,20766,518,770,173.2,246.4
LS22_s01a_sc09,LS22,AF568,background,__background__,,228.98,148.51,10.52,LS22_1a.czi,9,-28953.09,6579.89,-29258,6275,610,610,198.0,198.0
LS22_s01a_sc09,LS22,AF568,background,__background__,,201.86,128.24,7.68,LS22_1a.czi,9,-29358.75,7472.48,-29582,7250,446,445,144.6,144.6
LS22_s01a_sc09,LS22,AF568,background,__background__,,195.58,149.8,6.39,LS22_1a.czi,9,-28709.99,7516.76,-28895,7331,371,371,120.3,120.3
LS22_s01a_sc09,LS22,AF568,roi,Dl,1,98.83,52.41,13.95,LS22_1a.czi,9,-30866.58,10856.18,-31271,10452,809,809,262.6,262.6
LS22_s01a_sc09,LS22,AF568,roi,Dl,2,78.77,64.41,12.0,LS22_1a.czi,9,-30403.02,11349.42,-30751,11001,696,696,225.9,225.9
LS22_s01a_sc09,LS22,AF568,roi,Dl,3,68.05,77.59,15.02,LS22_1a.czi,9,-29963.86,11571.15,-30399,11136,871,871,282.7,282.7
LS22_s01a_sc09,LS22,AF568,roi,Dl,4,51.5,79.05,14.74,LS22_1a.czi,9,-29820.18,12030.31,-30247,11603,854,855,277.4,277.4
LS22_s01a_sc09,LS22,AF568,roi,Dl,5,30.75,91.27,11.83,LS22_1a.czi,9,-29346.13,12541.71,-29689,12199,686,686,222.7,222.7
LS22_s01a_sc09,LS22,AF568,roi,Dl,6,21.05,104.3,12.38,LS22_1a.czi,9,-28917.52,12735.51,-29276,12377,717,717,233.0,233.0
LS22_s01a_sc09,LS22,AF568,roi,Dm,7,148.36,93.29,12.9,LS22_1a.czi,9,-30016.51,9202.14,-30390,8828,747,748,242.8,242.8
LS22_s01a_sc09,LS22,AF568,roi,Dm,8,134.22,107.7,12.23,LS22_1a.czi,9,-29521.39,9513.01,-29876,9158,709,710,230.2,230.2
LS22_s01a_sc09,LS22,AF568,roi,Dm,9,120.93,122.91,11.09,LS22_1a.czi,9,-29008.91,9794.88,-29330,9473,643,643,208.7,208.7
LS22_s01a_sc09,LS22,AF568,roi,Dm,10,101.31,122.03,15.91,LS22_1a.czi,9,-28912.43,10355.36,-29374,9894,923,922,299.5,299.5
LS22_s01a_sc09,LS22,AF568,roi,Vd,11,71.95,133.36,9.12,LS22_1a.czi,9,-28410.3,11115.84,-28675,10851,529,529,171.7,171.7
LS22_s01a_sc09,LS22,AF568,roi,Vv,12,68.05,148.61,10.4,LS22_1a.czi,9,-27954.77,11131.83,-28256,10830,603,603,195.8,195.8
LS22_s01a_sc09,LS22,AF568,roi,Vl,13,30.7,143.1,12.42,LS22_1a.czi,9,-27879.6,12222.51,-28240,11862,720,721,233.8,233.8
LS22_s01a_sc09,LS22,AF568,roi,Vv,14,61.37,166.0,11.09,LS22_1a.czi,9,-27421.5,11213.23,-27743,10892,643,643,208.7,208.7
LS22_s01a_sc09,LS22,AF568,roi,Dm,15,166.44,117.89,11.08,LS22_1a.czi,9,-29432.44,8538.5,-29754,8217,643,643,208.6,208.6
LS22_s01a_sc09,LS22,AF568,roi,Dm,16,155.14,131.79,12.8,LS22_1a.czi,9,-28969.32,8772.18,-29340,8401,742,742,240.9,240.9
LS22_s01a_sc09,LS22,AF568,roi,Dm,17,146.38,148.04,10.94,LS22_1a.czi,9,-28455.43,8919.47,-28773,8602,635,635,205.9,205.9
LS22_s01a_sc09,LS22,AF568,roi,Dm,18,129.12,155.65,10.4,LS22_1a.czi,9,-28133.39,9360.67,-28435,9059,603,603,195.8,195.8
LS22_s01a_sc09,LS22,AF568,roi,Vd,19,107.73,161.77,12.8,LS22_1a.czi,9,-27827.94,9927.91,-28199,9557,742,742,240.9,240.9
LS22_s01a_sc09,LS22,AF568,roi,Vv,20,101.87,179.14,9.82,LS22_1a.czi,9,-27300.31,9986.24,-27585,9701,570,570,184.8,184.8
LS22_s01a_sc09,LS22,AF568,roi,Vl,21,123.87,199.51,13.71,LS22_1a.czi,9,-26860.15,9237.87,-27258,8840,795,795,258.1,258.1
LS22_s01a_sc09,LS22,AF568,roi,Vv,22,94.19,191.67,12.26,LS22_1a.czi,9,-26898.34,10125.99,-27254,9771,711,710,230.8,230.8
LS22_s01a_sc09,LS22,AF568,roi,Dl,23,226.13,195.18,11.87,LS22_1a.czi,9,-27615.21,6371.82,-27959,6028,688,688,223.4,223.4
LS22_s01a_sc09,LS22,AF568,roi,Dl,24,215.05,193.56,12.23,LS22_1a.czi,9,-27592.5,6695.28,-27947,6341,709,709,230.2,230.2
LS22_s01a_sc09,LS22,AF568,roi,Dl,25,196.92,199.56,9.55,LS22_1a.czi,9,-27310.62,7171.05,-27588,6894,554,554,179.8,179.8
LS22_s01a_sc09,LS22,AF568,roi,Dl,26,187.5,198.7,12.45,LS22_1a.czi,9,-27276.67,7442.85,-27638,7082,722,722,234.3,234.3
LS22_s01a_sc09,LS22,AF568,roi,Dl,27,252.67,174.16,12.77,LS22_1a.czi,9,-28374.02,5751.05,-28744,5381,740,740,240.4,240.4
LS22_s01a_sc10,LS22,AF568,background,__background__,,181.17,75.04,9.23,LS22_1a.czi,10,-29386.54,22437.77,-29603,22137,433,601,171.3,168.5
LS22_s01a_sc10,LS22,AF568,background,__background__,,76.01,72.67,10.06,LS22_1a.czi,10,-31120.86,24863.28,-31357,24536,472,655,186.7,183.7
LS22_s01a_sc10,LS22,AF568,background,__background__,,70.1,181.38,10.86,LS22_1a.czi,10,-29372.88,27437.13,-29627,27084,509,707,201.5,198.3
LS22_s01a_sc10,LS22,AF568,roi,Dl,1,36.09,81.42,10.94,LS22_1a.czi,10,-31615.62,26000.13,-31872,25644,513,712,203.0,199.7
LS22_s01a_sc10,LS22,AF568,roi,Dl,2,31.17,97.28,11.08,LS22_1a.czi,10,-31425.97,26471.28,-31686,26111,520,721,205.6,202.3
LS22_s01a_sc10,LS22,AF568,roi,Dl,3,32.81,115.88,12.15,LS22_1a.czi,10,-31084.19,26849.17,-31369,26454,569,791,225.5,221.8
LS22_s01a_sc10,LS22,AF568,roi,Dl,4,37.46,135.41,14.83,LS22_1a.czi,10,-30678.14,27176.95,-31025,26694,694,965,275.2,270.8
LS22_s01a_sc10,LS22,AF568,roi,Dl,5,27.08,157.32,17.15,LS22_1a.czi,10,-30473.88,27912.27,-30875,27354,803,1116,318.3,313.1
LS22_s01a_sc10,LS22,AF568,roi,Dl,6,40.34,176.36,14.7,LS22_1a.czi,10,-29937.43,28026.14,-30282,27548,689,956,272.8,268.4
LS22_s01a_sc10,LS22,AF568,roi,Dm,7,108.39,92.74,11.36,LS22_1a.czi,10,-30258.93,24549.56,-30525,24180,532,739,210.8,207.4
LS22_s01a_sc10,LS22,AF568,roi,Dm,8,111.28,110.04,9.55,LS22_1a.czi,10,-29919.05,24868.87,-30143,24558,448,622,177.2,174.4
LS22_s01a_sc10,LS22,AF568,roi,Dm,9,115.89,129.64,13.31,LS22_1a.czi,10,-29512.46,25199.16,-29824,24766,623,866,247.0,243.0
LS22_s01a_sc10,LS22,AF568,roi,Dm,10,113.58,145.21,11.36,LS22_1a.czi,10,-29285.68,25602.29,-29552,25233,532,739,210.8,207.4
LS22_s01a_sc10,LS22,AF568,roi,Dm,11,117.04,163.67,11.61,LS22_1a.czi,10,-28916.95,25934.15,-29189,25556,544,756,215.4,212.0
LS22_s01a_sc10,LS22,AF568,roi,Vd,12,96.28,183.28,12.8,LS22_1a.czi,10,-28918.9,26862.63,-29219,26446,600,833,237.5,233.7
LS22_s01a_sc10,LS22,AF568,roi,Vv,13,110.12,201.15,12.17,LS22_1a.czi,10,-28392.95,26936.62,-28678,26541,570,792,225.8,222.2
LS22_s01a_sc10,LS22,AF568,roi,Vl,14,72.06,216.72,14.74,LS22_1a.czi,10,-28742.11,28182.37,-29087,27703,690,959,273.5,269.1
LS22_s01a_sc10,LS22,AF568,roi,Vv,15,114.74,221.34,11.89,LS22_1a.czi,10,-27976.2,27279.88,-28255,26893,557,774,220.6,217.1
LS22_s01a_sc10,LS22,AF568,roi,Dm,16,141.84,92.16,12.6,LS22_1a.czi,10,-29729.88,23748.16,-30025,23338,590,820,233.8,230.1
LS22_s01a_sc10,LS22,AF568,roi,Dm,17,144.15,109.46,13.31,LS22_1a.czi,10,-29399.34,24081.15,-29711,23648,623,866,247.0,243.0
LS22_s01a_sc10,LS22,AF568,roi,Dm,18,145.88,130.22,12.42,LS22_1a.czi,10,-29019.48,24505.29,-29310,24101,581,808,230.5,226.8
LS22_s01a_sc10,LS22,AF568,roi,Dm,19,148.76,146.94,13.41,LS22_1a.czi,10,-28689.6,24811.86,-29004,24375,628,873,248.9,244.8
LS22_s01a_sc10,LS22,AF568,roi,Dm,20,148.76,153.86,12.9,LS22_1a.czi,10,-28572.27,24966.83,-28874,24547,604,840,239.4,235.5
LS22_s01a_sc10,LS22,AF568,roi,Vd,21,149.91,179.82,11.87,LS22_1a.czi,10,-28113.58,25521.1,-28392,25135,556,772,220.3,216.7
LS22_s01a_sc10,LS22,AF568,roi,Vv,22,159.14,200.0,15.32,LS22_1a.czi,10,-27622.73,25755.48,-27981,25257,717,997,284.3,279.7
LS22_s01a_sc10,LS22,AF568,roi,Vl,23,192.01,189.62,12.8,LS22_1a.czi,10,-27269.19,24748.29,-27569,24332,600,833,237.5,233.7
LS22_s01a_sc10,LS22,AF568,roi,Vv,24,166.64,212.11,12.45,LS22_1a.czi,10,-27296.58,25849.91,-27588,25445,583,810,231.0,227.3
LS22_s01a_sc10,LS22,AF568,roi,Dl,25,231.23,128.49,12.38,LS22_1a.czi,10,-27673.82,22454.88,-27964,22052,580,806,229.7,226.0
LS22_s01a_sc10,LS22,AF568,roi,Dl,26,226.04,142.33,7.13,LS22_1a.czi,10,-27522.77,22887.15,-27690,22655,334,464,132.3,130.2
LS22_s01a_sc10,LS22,AF568,roi,Dl,27,223.15,150.4,8.16,LS22_1a.czi,10,-27432.5,23136.0,-27624,22870,383,532,151.4,149.0
LS22_s01a_sc10,LS22,AF568,roi,Dl,28,227.19,81.78,11.2,LS22_1a.czi,10,-28530.88,21504.03,-28793,21139,525,730,207.8,204.5
LS22_s01a_sc10,LS22,AF568,roi,Dl,29,239.3,89.28,10.77,LS22_1a.czi,10,-28208.62,21386.57,-28461,21036,505,701,199.9,196.6
LS22_s01a_sc10,LS22,AF568,roi,Dl,30,246.22,101.96,15.14,LS22_1a.czi,10,-27882.15,21507.43,-28237,21015,709,985,281.0,276.4
LS22_s01a_sc12,LS22,AF568,background,__background__,,133.89,92.38,7.95,LS22_1a.czi,12,-8660.27,10290.17,-8879,10036,437,508,141.9,164.5
LS22_s01a_sc12,LS22,AF568,background,__background__,,19.18,131.91,9.62,LS22_1a.czi,12,-11693.34,11879.74,-11958,11573,529,614,171.7,199.1
LS22_s01a_sc12,LS22,AF568,background,__background__,,95.27,208.0,12.12,LS22_1a.czi,12,-9424.49,14072.8,-9757,13686,665,774,216.3,250.8
LS22_s01a_sc12,LS22,AF568,roi,Dl,1,6.47,170.55,13.22,LS22_1a.czi,12,-11943.37,13143.32,-12306,12721,726,844,236.0,273.6
LS22_s01a_sc12,LS22,AF568,roi,Dl,2,20.86,182.38,14.07,LS22_1a.czi,12,-11520.71,13476.81,-11907,13028,773,898,251.2,291.2
LS22_s01a_sc12,LS22,AF568,roi,Dl,3,39.21,196.39,12.15,LS22_1a.czi,12,-10984.45,13867.94,-11318,13480,667,776,216.9,251.5
LS22_s01a_sc12,LS22,AF568,roi,Dl,4,55.75,203.35,10.07,LS22_1a.czi,12,-10515.32,14040.57,-10792,13719,553,643,179.8,208.4
LS22_s01a_sc12,LS22,AF568,roi,Dl,5,62.41,217.38,12.04,LS22_1a.czi,12,-10298.23,14466.46,-10629,14082,661,769,214.9,249.2
LS22_s01a_sc12,LS22,AF568,roi,Dl,6,77.97,229.43,15.75,LS22_1a.czi,12,-9843.07,14803.51,-10275,14301,864,1005,281.1,326.0
LS22_s01a_sc12,LS22,AF568,roi,Dm,7,50.7,114.58,9.55,LS22_1a.czi,12,-10876.15,11237.66,-11139,10933,525,610,170.5,197.6
LS22_s01a_sc12,LS22,AF568,roi,Dm,8,65.33,123.41,11.89,LS22_1a.czi,12,-10454.48,11475.23,-10781,11096,653,759,212.2,246.1
LS22_s01a_sc12,LS22,AF568,roi,Dm,9,79.71,136.73,10.59,LS22_1a.czi,12,-10028.36,11856.04,-10319,11518,582,676,189.0,219.2
LS22_s01a_sc12,LS22,AF568,roi,Dm,10,94.85,148.39,10.52,LS22_1a.czi,12,-9585.66,12181.95,-9875,11846,578,672,187.8,217.7
LS22_s01a_sc12,LS22,AF568,roi,Dm,11,107.98,150.34,8.78,LS22_1a.czi,12,-9222.22,12205.51,-9463,11925,482,561,156.7,181.7
LS22_s01a_sc12,LS22,AF568,roi,Vd,12,124.58,168.06,10.09,LS22_1a.czi,12,-8724.43,12719.51,-9002,12397,555,645,180.1,208.8
LS22_s01a_sc12,LS22,AF568,roi,Vl,13,119.0,213.98,12.8,LS22_1a.czi,12,-8761.48,14193.34,-9113,13785,703,817,228.5,264.9
LS22_s01a_sc12,LS22,AF568,roi,Vv,14,146.04,184.79,12.48,LS22_1a.czi,12,-8096.42,13187.89,-8439,12790,685,796,222.8,258.3
LS22_s01a_sc12,LS22,AF568,roi,Dm,15,76.3,90.34,7.69,LS22_1a.czi,12,-10237.98,10393.53,-10449,10148,422,491,137.3,159.2
LS22_s01a_sc12,LS22,AF568,roi,Dm,16,83.65,101.08,9.32,LS22_1a.czi,12,-10010.3,10712.97,-10266,10415,512,596,166.4,192.9
LS22_s01a_sc12,LS22,AF568,roi,Dm,17,94.56,108.82,8.95,LS22_1a.czi,12,-9692.95,10926.8,-9939,10641,492,572,159.8,185.2
LS22_s01a_sc12,LS22,AF568,roi,Dm,18,108.72,116.44,8.0,LS22_1a.czi,12,-9287.15,11127.33,-9507,10872,440,511,142.8,165.6
LS22_s01a_sc12,LS22,AF568,roi,Dm,19,116.79,124.7,8.0,LS22_1a.czi,12,-9046.04,11365.95,-9266,11110,440,511,142.8,165.6
LS22_s01a_sc12,LS22,AF568,roi,Vd,20,136.9,148.82,8.0,LS22_1a.czi,12,-8436.33,12072.84,-8656,11817,440,511,142.8,165.6
LS22_s01a_sc12,LS22,AF568,roi,Vl,21,176.22,142.0,8.0,LS22_1a.czi,12,-7379.76,11741.59,-7600,11486,440,511,142.8,165.6
LS22_s01a_sc12,LS22,AF568,roi,Vv,22,161.05,171.97,2.0,LS22_1a.czi,12,-7718.74,12737.15,-7774,12673,111,128,35.7,41.4
LS22_s01a_sc12,LS22,AF568,roi,Dl,23,157.54,59.47,8.0,LS22_1a.czi,12,-8097.11,9176.53,-8317,8921,440,511,142.8,165.6
LS22_s01a_sc12,LS22,AF568,roi,Dl,24,164.17,72.68,8.0,LS22_1a.czi,12,-7882.89,9576.47,-8103,9321,440,511,142.8,165.6
LS22_s01a_sc12,LS22,AF568,roi,Dl,25,169.96,85.11,8.0,LS22_1a.czi,12,-7693.57,9954.11,-7913,9699,439,511,142.8,165.6
LS22_s01a_sc12,LS22,AF568,roi,Dl,26,176.4,93.43,8.0,LS22_1a.czi,12,-7496.82,10199.4,-7717,9944,440,511,142.8,165.6
LS22_s01a_sc12,LS22,AF568,roi,Dl,27,136.53,32.94,8.0,LS22_1a.czi,12,-8737.45,8395.77,-8957,8140,439,511,142.8,165.6
LS22_s01a_sc12,LS22,AF568,roi,Dl,28,147.61,34.55,8.0,LS22_1a.czi,12,-8430.85,8414.53,-8651,8159,440,511,142.8,165.6
LS22_s02a_sc01,LS22,AF568,background,__background__,,165.29,88.09,7.11,LS22_2a.czi,1,-79845.61,25029.87,-80050,24793,408,474,142.3,144.6
LS22_s02a_sc01,LS22,AF568,background,__background__,,95.49,100.6,8.52,LS22_2a.czi,1,-78120.54,26273.95,-78365,25990,489,568,170.5,173.2
LS22_s02a_sc01,LS22,AF568,background,__background__,,195.26,196.41,9.02,LS22_2a.czi,1,-78409.36,21683.12,-78668,21382,517,602,180.6,183.4
LS22_s02a_sc01,LS22,AF568,roi,Dl,1,166.47,36.9,8.0,LS22_2a.czi,1,-80850.9,26269.99,-81080,26003,459,534,160.1,162.7
LS22_s02a_sc01,LS22,AF568,roi,Dl,2,147.84,41.15,8.0,LS22_2a.czi,1,-80373.02,26579.5,-80603,26313,460,533,160.1,162.7
LS22_s02a_sc01,LS22,AF568,roi,Dl,3,132.46,49.8,8.0,LS22_2a.czi,1,-79880.07,26707.83,-80110,26441,459,534,160.1,162.7
LS22_s02a_sc01,LS22,AF568,roi,Dl,4,117.06,54.68,8.0,LS22_2a.czi,1,-79458.87,26929.86,-79688,26663,459,534,160.1,162.7
LS22_s02a_sc01,LS22,AF568,roi,Dl,5,102.06,55.73,8.0,LS22_2a.czi,1,-79119.53,27237.75,-79349,26971,459,533,160.1,162.7
LS22_s02a_sc01,LS22,AF568,roi,Dm,6,175.37,129.48,8.0,LS22_2a.czi,1,-79267.61,23781.58,-79497,23515,459,533,160.1,162.7
LS22_s02a_sc01,LS22,AF568,roi,Dm,7,157.48,131.09,8.0,LS22_2a.czi,1,-78856.04,24139.94,-79086,23873,459,534,160.1,162.7
LS22_s02a_sc01,LS22,AF568,roi,Dm,8,143.06,130.99,8.0,LS22_2a.czi,1,-78551.06,24463.36,-78781,24197,459,533,160.1,162.7
LS22_s02a_sc01,LS22,AF568,roi,Dm,9,128.07,130.88,8.0,LS22_2a.czi,1,-78234.14,24799.72,-78464,24533,459,533,160.1,162.7
LS22_s02a_sc01,LS22,AF568,roi,Vs,10,84.21,135.19,8.0,LS22_2a.czi,1,-77218.15,25669.29,-77448,25403,459,533,160.1,162.7
LS22_s02a_sc01,LS22,AF568,roi,Vc,11,65.9,113.73,8.0,LS22_2a.czi,1,-77239.38,26607.72,-77469,26341,459,533,160.1,162.7
LS22_s02a_sc01,LS22,AF568,roi,Dm,12,164.79,157.09,8.0,LS22_2a.czi,1,-78513.77,23334.03,-78743,23067,459,534,160.1,162.7
LS22_s02a_sc01,LS22,AF568,roi,Dm,13,149.79,157.56,8.0,LS22_2a.czi,1,-78185.53,23656.26,-78415,23390,459,533,160.1,162.7
LS22_s02a_sc01,LS22,AF568,roi,Dm,14,136.52,158.62,8.0,LS22_2a.czi,1,-77882.81,23925.39,-78112,23659,459,533,160.1,162.7
LS22_s02a_sc01,LS22,AF568,roi,Dm,15,127.3,157.41,16.81,LS22_2a.czi,1,-77709.76,24160.53,-78191,23601,963,1119,336.5,341.8
LS22_s02a_sc01,LS22,AF568,roi,Vs,16,86.3,165.77,13.5,LS22_2a.czi,1,-76677.09,24866.26,-77064,24417,774,899,270.2,274.5
LS22_s02a_sc01,LS22,AF568,roi,Vc,17,64.8,188.69,8.0,LS22_2a.czi,1,-75780.65,24777.78,-76010,24511,459,534,160.1,162.7
LS22_s02a_sc01,LS22,AF568,roi,Dl,18,172.35,230.39,8.0,LS22_2a.czi,1,-77271.14,21352.41,-77501,21086,459,533,160.1,162.7
LS22_s02a_sc01,LS22,AF568,roi,Dl,19,156.73,238.35,8.0,LS22_2a.czi,1,-76786.28,21503.15,-77016,21236,459,534,160.1,162.7
LS22_s02a_sc01,LS22,AF568,roi,Dl,20,139.42,238.81,8.0,LS22_2a.czi,1,-76409.07,21877.04,-76639,21610,459,534,160.1,162.7
LS22_s02a_sc01,LS22,AF568,roi,Dl,21,123.89,233.51,8.0,LS22_2a.czi,1,-76180.04,22353.81,-76410,22087,459,534,160.1,162.7
LS22_s02a_sc01,LS22,AF568,roi,Dl,22,112.42,224.2,8.0,LS22_2a.czi,1,-76114.19,22839.42,-76344,22573,459,533,160.1,162.7
LS22_s02a_sc02,LS22,AF568,background,__background__,,116.15,89.08,10.03,LS22_2a.czi,2,-67001.8,11738.62,-67238,11411,472,655,157.1,209.8
LS22_s02a_sc02,LS22,AF568,background,__background__,,187.18,107.36,11.47,LS22_2a.czi,2,-65485.51,12873.58,-65755,12499,539,749,179.7,240.0
LS22_s02a_sc02,LS22,AF568,background,__background__,,23.06,191.99,15.41,LS22_2a.czi,2,-69703.0,14271.41,-70065,13768,724,1007,241.4,322.4
LS22_s02a_sc02,LS22,AF568,background,__background__,,159.44,198.96,18.2,LS22_2a.czi,2,-66633.37,15559.23,-67061,14965,855,1189,285.1,380.7
LS22_s02a_sc02,LS22,AF568,roi,Dl,1,47.46,232.5,8.0,LS22_2a.czi,2,-69374.78,15746.0,-69563,15484,377,524,125.3,167.4
LS22_s02a_sc02,LS22,AF568,roi,Dl,2,65.68,234.7,8.0,LS22_2a.czi,2,-68971.82,15958.26,-69160,15697,377,523,125.3,167.4
LS22_s02a_sc02,LS22,AF568,roi,Dl,3,83.82,233.44,8.0,LS22_2a.czi,2,-68551.22,16060.25,-68740,15799,377,523,125.3,167.4
LS22_s02a_sc02,LS22,AF568,roi,Dl,4,101.5,230.87,8.0,LS22_2a.czi,2,-68133.73,16117.13,-68322,15856,377,523,125.3,167.4
LS22_s02a_sc02,LS22,AF568,roi,Dm,5,89.1,138.3,13.38,LS22_2a.czi,2,-67895.43,13086.71,-68210,12649,629,875,209.6,279.9
LS22_s02a_sc02,LS22,AF568,roi,Dm,6,110.84,148.04,9.55,LS22_2a.czi,2,-67454.67,13565.43,-67679,13253,449,625,149.6,199.8
LS22_s02a_sc02,LS22,AF568,roi,Dm,7,128.98,151.85,10.97,LS22_2a.czi,2,-67062.6,13828.08,-67321,13470,516,717,171.8,229.5
LS22_s02a_sc02,LS22,AF568,roi,Dm,8,102.92,119.03,12.22,LS22_2a.czi,2,-67471.94,12584.19,-67759,12185,574,799,191.4,255.6
LS22_s02a_sc02,LS22,AF568,roi,Dm,9,121.9,127.92,14.42,LS22_2a.czi,2,-67089.32,13014.39,-67428,12543,678,943,225.9,301.7
LS22_s02a_sc02,LS22,AF568,roi,Dm,10,142.28,134.23,14.03,LS22_2a.czi,2,-66660.25,13373.78,-66990,12915,660,917,219.8,293.5
LS22_s02a_sc02,LS22,AF568,roi,Dl,11,191.92,67.49,11.09,LS22_2a.czi,2,-65153.08,11647.24,-65414,11285,522,725,173.7,232.0
LS22_s02a_sc02,LS22,AF568,roi,Dl,12,207.04,75.19,9.39,LS22_2a.czi,2,-64851.75,12009.53,-65073,11703,442,614,147.1,196.4
LS22_s02a_sc02,LS22,AF568,roi,Dl,13,218.42,87.17,8.0,LS22_2a.czi,2,-64659.75,12478.19,-64848,12217,377,523,125.3,167.4
LS22_s02a_sc02,LS22,AF568,roi,Dl,14,153.34,38.05,8.0,LS22_2a.czi,2,-65866.85,10412.5,-66055,10151,376,523,125.3,167.4
LS22_s02a_sc02,LS22,AF568,roi,Dl,15,168.52,39.73,8.0,LS22_2a.czi,2,-65530.27,10584.5,-65719,10323,377,523,125.3,167.4
LS22_s02a_sc03,LS22,AF568,background,__background__,,130.32,62.76,21.04,LS22_2a.czi,3,-66901.53,28224.22,-67402,27626,1001,1196,333.4,381.2
LS22_s02a_sc03,LS22,AF568,background,__background__,,237.38,164.43,16.9,LS22_2a.czi,3,-70131.92,26590.72,-70534,26110,804,961,267.8,306.2
LS22_s02a_sc03,LS22,AF568,roi,Dl,1,215.89,97.85,8.0,LS22_2a.czi,3,-69097.57,28146.43,-69288,27919,381,455,126.8,145.0
LS22_s02a_sc03,LS22,AF568,roi,Dl,2,196.44,92.5,8.0,LS22_2a.czi,3,-68620.36,28094.28,-68811,27867,381,455,126.8,145.0
LS22_s02a_sc03,LS22,AF568,roi,Dl,3,187.0,86.33,10.22,LS22_2a.czi,3,-68358.88,28164.0,-68602,27873,486,582,162.0,185.2
LS22_s02a_sc03,LS22,AF568,roi,Dl,4,177.5,74.54,11.49,LS22_2a.czi,3,-68049.09,28382.56,-68323,28056,547,653,182.1,208.2
LS22_s02a_sc03,LS22,AF568,roi,Dm,5,132.94,145.64,8.0,LS22_2a.czi,3,-67652.53,26046.43,-67843,25819,381,455,126.8,145.0
LS22_s02a_sc03,LS22,AF568,roi,Dm,6,124.4,134.01,8.0,LS22_2a.czi,3,-67365.42,26270.33,-67556,26043,381,455,126.8,145.0
LS22_s02a_sc03,LS22,AF568,roi,Dm,7,115.05,120.14,8.0,LS22_2a.czi,3,-67041.59,26545.71,-67232,26318,381,455,126.8,145.0
LS22_s02a_sc03,LS22,AF568,roi,Dm,8,113.82,158.54,8.0,LS22_2a.czi,3,-67335.19,25512.26,-67526,25285,381,455,126.8,145.0
LS22_s02a_sc03,LS22,AF568,roi,Dm,9,103.34,144.04,8.0,LS22_2a.czi,3,-66980.96,25793.1,-67171,25565,381,456,126.8,145.0
LS22_s02a_sc03,LS22,AF568,roi,Dm,10,98.34,135.59,14.14,LS22_2a.czi,3,-66799.16,25967.83,-67136,25566,673,804,224.1,256.2
LS22_s02a_sc03,LS22,AF568,roi,Dl,11,23.73,181.74,8.0,LS22_2a.czi,3,-65525.85,23994.8,-65716,23767,381,456,126.8,145.0
LS22_s02a_sc03,LS22,AF568,roi,Dl,12,23.48,163.83,8.0,LS22_2a.czi,3,-65370.6,24468.57,-65561,24241,381,455,126.8,145.0
LS22_s02a_sc03,LS22,AF568,roi,Dl,13,24.68,149.1,8.0,LS22_2a.czi,3,-65274.16,24872.27,-65465,24645,381,455,126.8,145.0
LS22_s02a_sc03,LS22,AF568,roi,Dl,14,22.05,136.96,8.0,LS22_2a.czi,3,-65114.21,25168.81,-65305,24941,381,456,126.8,145.0
LS22_s02a_sc05,LS22,AF568,background,__background__,,43.08,194.89,9.19,LS22_2a.czi,5,-58817.01,24887.05,-59074,24530,514,714,186.8,215.5
LS22_s02a_sc05,LS22,AF568,background,__background__,,152.75,168.08,9.02,LS22_2a.czi,5,-55823.22,26239.57,-56075,25889,504,701,183.4,211.5
LS22_s02a_sc05,LS22,AF568,background,__background__,,144.94,87.5,8.86,LS22_2a.czi,5,-54826.44,23424.16,-55074,23080,495,688,180.1,207.8
LS22_s02a_sc05,LS22,AF568,roi,Dl,1,78.47,211.93,10.94,LS22_2a.czi,5,-58227.78,26170.36,-58533,25746,611,849,222.4,256.6
LS22_s02a_sc05,LS22,AF568,roi,Dl,2,94.89,209.38,8.0,LS22_2a.czi,5,-57801.02,26421.13,-58025,26111,448,621,162.6,187.6
LS22_s02a_sc05,LS22,AF568,roi,Dl,3,113.12,198.25,8.0,LS22_2a.czi,5,-57205.49,26425.97,-57429,26115,447,622,162.6,187.6
LS22_s02a_sc05,LS22,AF568,roi,Dl,4,131.55,186.24,15.53,LS22_2a.czi,5,-56592.3,26405.89,-57026,25804,867,1204,315.7,364.2
LS22_s02a_sc05,LS22,AF568,roi,Dm,5,89.11,142.08,14.28,LS22_2a.czi,5,-56950.9,24084.86,-57350,23531,798,1108,290.3,334.9
LS22_s02a_sc05,LS22,AF568,roi,Dm,6,111.95,141.37,12.34,LS22_2a.czi,5,-56398.89,24527.18,-56743,24048,689,958,250.8,289.4
LS22_s02a_sc05,LS22,AF568,roi,Dm,7,128.45,136.23,13.15,LS22_2a.czi,5,-55932.25,24694.2,-56299,24184,734,1020,267.3,308.4
LS22_s02a_sc05,LS22,AF568,roi,Dm,8,182.07,128.41,8.0,LS22_2a.czi,5,-54546.09,25529.78,-54770,25219,447,621,162.6,187.6
LS22_s02a_sc05,LS22,AF568,roi,Dm,9,91.34,119.09,10.6,LS22_2a.czi,5,-56560.79,23372.52,-56857,22961,592,823,215.5,248.6
LS22_s02a_sc05,LS22,AF568,roi,Dm,10,112.3,119.27,13.96,LS22_2a.czi,5,-56066.42,23805.84,-56456,23264,779,1083,283.8,327.4
LS22_s02a_sc05,LS22,AF568,roi,Dl,11,137.5,118.33,18.32,LS22_2a.czi,5,-55455.09,24288.7,-55966,23578,1022,1421,372.4,429.6
LS22_s02a_sc05,LS22,AF568,roi,Dl,12,180.03,110.62,14.27,LS22_2a.czi,5,-54333.51,24901.78,-54732,24348,797,1107,290.1,334.7
LS22_s02a_sc05,LS22,AF568,roi,Dl,13,113.83,53.62,8.0,LS22_2a.czi,5,-55067.17,21673.02,-55291,21362,447,622,162.6,187.6
LS22_s02a_sc05,LS22,AF568,roi,Dl,14,129.42,50.68,8.0,LS22_2a.czi,5,-54654.37,21894.0,-54878,21583,447,622,162.6,187.6
LS22_s02a_sc07,LS22,AF568,background,__background__,,201.26,161.32,9.62,LS22_2a.czi,7,-44448.41,27415.77,-44711,27154,525,524,170.1,170.1
LS22_s02a_sc07,LS22,AF568,background,__background__,,147.05,86.65,13.12,LS22_2a.czi,7,-42197.16,28525.86,-42555,28168,715,715,232.0,232.0
LS22_s02a_sc07,LS22,AF568,background,__background__,,70.0,145.35,11.47,LS22_2a.czi,7,-41086.7,26136.38,-41399,25824,625,625,202.8,202.8
LS22_s02a_sc07,LS22,AF568,background,__background__,,103.08,215.99,10.86,LS22_2a.czi,7,-42778.29,24855.45,-43074,24560,592,591,192.0,192.0
LS22_s02a_sc07,LS22,AF568,roi,Dl,1,234.0,121.28,8.0,LS22_2a.czi,7,-44728.9,28794.48,-44947,28576,436,437,141.5,141.5
LS22_s02a_sc07,LS22,AF568,roi,Dl,2,219.34,112.68,8.0,LS22_2a.czi,7,-44267.04,28815.65,-44485,28598,436,436,141.5,141.5
LS22_s02a_sc07,LS22,AF568,roi,Dl,3,202.72,106.27,8.0,LS22_2a.czi,7,-43785.77,28759.27,-44004,28541,436,436,141.5,141.5
LS22_s02a_sc07,LS22,AF568,roi,Dl,4,188.74,96.01,8.0,LS22_2a.czi,7,-43319.24,28829.01,-43537,28611,436,436,141.5,141.5
LS22_s02a_sc07,LS22,AF568,roi,Dm,5,148.3,168.88,15.14,LS22_2a.czi,7,-43269.54,26562.52,-43682,26150,825,825,267.7,267.7
LS22_s02a_sc07,LS22,AF568,roi,Dm,6,136.49,150.28,12.66,LS22_2a.czi,7,-42749.53,26860.5,-43094,26516,689,689,223.8,223.8
LS22_s02a_sc07,LS22,AF568,roi,Dm,7,129.05,134.01,11.68,LS22_2a.czi,7,-42364.23,27157.8,-42682,26840,636,636,206.5,206.5
LS22_s02a_sc07,LS22,AF568,roi,POA,8,88.2,78.96,16.79,LS22_2a.czi,7,-40683.24,27965.0,-41140,27508,914,914,296.9,296.9
LS22_s02a_sc07,LS22,AF568,roi,Dm,9,132.02,178.9,18.86,LS22_2a.czi,7,-43004.71,26114.99,-43518,25601,1027,1028,333.5,333.5
LS22_s02a_sc07,LS22,AF568,roi,Dm,10,112.49,153.82,13.86,LS22_2a.czi,7,-42216.75,26471.09,-42594,26094,755,755,245.1,245.1
LS22_s02a_sc07,LS22,AF568,roi,Dm,11,110.48,135.51,16.41,LS22_2a.czi,7,-41936.28,26886.32,-42383,26439,894,894,290.2,290.2
LS22_s02a_sc07,LS22,AF568,roi,POA,12,64.96,89.21,16.06,LS22_2a.czi,7,-40253.8,27423.72,-40691,26986,875,875,284.0,284.0
LS22_s02a_sc07,LS22,AF568,roi,Dl,13,61.01,209.64,12.8,LS22_2a.czi,7,-41685.22,24475.04,-42034,24126,697,698,226.3,226.3
LS22_s02a_sc07,LS22,AF568,roi,Dl,14,42.99,197.98,12.96,LS22_2a.czi,7,-41103.7,24527.27,-41457,24174,706,706,229.2,229.2
LS22_s02a_sc07,LS22,AF568,roi,Dl,15,44.86,173.23,14.28,LS22_2a.czi,7,-40835.0,25146.68,-41224,24758,778,778,252.5,252.5
LS22_s02a_sc08,LS22,AF568,background,__background__,,57.14,150.34,10.06,LS22_2a.czi,8,-29573.67,9055.38,-29863,8719,579,673,188.0,218.4
LS22_s02a_sc08,LS22,AF568,background,__background__,,113.46,185.4,8.86,LS22_2a.czi,8,-31145.08,7800.51,-31400,7504,510,593,165.6,192.3
LS22_s02a_sc08,LS22,AF568,background,__background__,,145.73,95.1,12.53,LS22_2a.czi,8,-32188.61,10765.26,-32549,10346,721,838,234.1,272.0
LS22_s02a_sc08,LS22,AF568,roi,Dl,1,193.38,63.17,12.0,LS22_2a.czi,8,-33598.0,11758.97,-33943,11358,690,802,224.2,260.5
LS22_s02a_sc08,LS22,AF568,roi,Dl,2,172.83,55.55,8.0,LS22_2a.czi,8,-33017.91,12044.24,-33248,11776,460,536,149.5,173.7
LS22_s02a_sc08,LS22,AF568,roi,Dl,3,151.57,56.56,8.0,LS22_2a.czi,8,-32406.25,12042.58,-32637,11775,461,535,149.5,173.7
LS22_s02a_sc08,LS22,AF568,roi,Dm,4,138.91,127.66,16.16,LS22_2a.czi,8,-31950.6,9688.98,-32416,9149,930,1080,302.0,350.8
LS22_s02a_sc08,LS22,AF568,roi,Dm,5,116.42,118.64,13.95,LS22_2a.czi,8,-31316.63,10023.89,-31718,9557,803,933,260.7,302.8
LS22_s02a_sc08,LS22,AF568,roi,Dm,6,98.4,115.31,12.23,LS22_2a.czi,8,-30803.62,10162.18,-31156,9753,704,818,228.5,265.5
LS22_s02a_sc08,LS22,AF568,roi,POA,7,39.64,95.77,16.06,LS22_2a.czi,8,-29142.02,10902.82,-29604,10366,924,1074,300.1,348.6
LS22_s02a_sc08,LS22,AF568,roi,Dm,8,117.25,150.37,11.09,LS22_2a.czi,8,-31299.32,8963.78,-31619,8593,639,742,207.2,240.7
LS22_s02a_sc08,LS22,AF568,roi,Dm,9,101.27,142.27,12.42,LS22_2a.czi,8,-30851.05,9258.17,-31208,8843,714,831,232.1,269.6
LS22_s02a_sc08,LS22,AF568,roi,POA,10,20.86,110.31,14.27,LS22_2a.czi,8,-28584.02,10445.91,-28995,9969,822,954,266.7,309.8
LS22_s02a_sc08,LS22,AF568,roi,Dl,11,86.28,194.82,14.45,LS22_2a.czi,8,-30352.56,7527.12,-30768,7044,831,966,270.0,313.7
LS22_s02a_sc08,LS22,AF568,roi,Dl,12,61.14,193.46,12.0,LS22_2a.czi,8,-29632.58,7610.4,-29978,7209,691,803,224.2,260.5
LS22_s02a_sc10,LS22,AF568,background,__background__,,88.01,143.32,4.76,LS22_2a.czi,10,-16449.34,9303.41,-16610,9117,321,373,103.9,120.6
LS22_s02a_sc10,LS22,AF568,background,__background__,,74.1,158.75,5.91,LS22_2a.czi,10,-15946.37,8742.06,-16145,8511,397,462,129.1,149.8
LS22_s02a_sc10,LS22,AF568,background,__background__,,111.72,102.36,12.34,LS22_2a.czi,10,-17342.11,10830.68,-17757,10349,829,963,269.5,312.7
LS22_s02a_sc10,LS22,AF568,background,__background__,,202.6,127.15,12.17,LS22_2a.czi,10,-20324.58,9610.62,-20733,9135,817,951,265.8,308.4
LS22_s02a_sc10,LS22,AF568,background,__background__,,133.11,103.39,12.18,LS22_2a.czi,10,-18055.7,10730.49,-18465,10255,819,951,266.0,308.7
LS22_s02a_sc10,LS22,AF568,background,__background__,,176.98,126.6,5.85,LS22_2a.czi,10,-19468.23,9704.02,-19665,9475,394,458,127.7,148.3
LS22_s02a_sc10,LS22,AF568,roi,Dl,1,210.5,86.13,12.15,LS22_2a.czi,10,-20688.22,11184.66,-21096,10710,816,949,265.3,307.9
LS22_s02a_sc10,LS22,AF568,roi,Dl,2,191.72,80.79,12.76,LS22_2a.czi,10,-20072.43,11445.24,-20501,10947,857,996,278.6,323.4
LS22_s02a_sc10,LS22,AF568,roi,Dl,3,169.46,81.03,12.29,LS22_2a.czi,10,-19326.65,11498.45,-19740,11019,826,959,268.4,311.5
LS22_s02a_sc10,LS22,AF568,roi,Dm,4,157.18,131.97,12.17,LS22_2a.czi,10,-18792.4,9550.7,-19201,9076,817,950,265.8,308.4
LS22_s02a_sc10,LS22,AF568,roi,Dm,5,143.54,129.5,14.78,LS22_2a.czi,10,-18341.74,9685.14,-18838,9108,993,1154,322.7,374.6
LS22_s02a_sc10,LS22,AF568,roi,Dm,6,118.83,124.58,11.14,LS22_2a.czi,10,-17526.41,9946.04,-17901,9511,749,870,243.3,282.3
LS22_s02a_sc10,LS22,AF568,roi,POA,7,83.23,101.75,11.87,LS22_2a.czi,10,-16389.82,10934.48,-16789,10471,798,927,259.2,300.8
LS22_s02a_sc10,LS22,AF568,roi,POA,8,65.54,92.01,12.8,LS22_2a.czi,10,-15821.15,11363.21,-16251,10863,860,1000,279.5,324.4
LS22_s02a_sc10,LS22,AF568,roi,Dm,9,122.12,153.51,11.09,LS22_2a.czi,10,-17566.61,8811.02,-17939,8378,745,866,242.2,281.0
LS22_s02a_sc10,LS22,AF568,roi,Dm,10,110.13,141.51,13.45,LS22_2a.czi,10,-17194.23,9311.68,-17646,8787,904,1050,293.7,340.9
LS22_s02a_sc10,LS22,AF568,roi,POA,11,64.2,119.85,11.68,LS22_2a.czi,10,-15708.99,10283.62,-16101,9828,784,912,255.1,296.0
LS22_s02a_sc10,LS22,AF568,roi,POA,12,49.59,111.69,14.03,LS22_2a.czi,10,-15239.61,10642.21,-15711,10094,943,1096,306.4,355.6
LS22_s02a_sc10,LS22,AF568,roi,Dl,13,96.79,181.34,12.65,LS22_2a.czi,10,-16651.36,7799.23,-17076,7305,850,988,276.2,320.6
LS22_s02a_sc10,LS22,AF568,roi,Dl,14,80.32,178.06,13.95,LS22_2a.czi,10,-16107.92,7973.15,-16577,7429,938,1089,304.6,353.5
LS22_s04a_sc05,LS22,AF568,background,__background__,,126.03,93.02,10.32,LS22_4a.czi,5,-49852.32,26892.57,-50320,26368,936,1050,322.7,323.1
LS22_s04a_sc05,LS22,AF568,background,__background__,,163.26,10.9,7.11,LS22_4a.czi,5,-53666.5,28529.47,-53989,28168,645,723,222.3,222.6
LS22_s04a_sc05,LS22,AF568,background,__background__,,154.45,156.61,7.21,LS22_4a.czi,5,-48742.19,23578.7,-49069,23212,654,734,225.5,225.7
LS22_s04a_sc05,LS22,AF568,background,__background__,,157.54,213.88,10.99,LS22_4a.czi,5,-47017.73,21398.63,-47516,20840,996,1118,343.7,344.1
LS22_s04a_sc05,LS22,AF568,background,__background__,,100.64,106.43,4.26,LS22_4a.czi,5,-48607.69,27315.5,-48801,27098,387,435,133.2,133.4
LS22_s04a_sc05,LS22,AF568,roi,Posterior tuberculum,1,111.45,121.01,8.0,LS22_4a.czi,5,-48491.41,26402.21,-48854,25995,725,814,250.2,250.5
LS22_s04a_sc05,LS22,AF568,roi,Posterior tuberculum,2,107.77,144.8,9.86,LS22_4a.czi,5,-47615.25,25674.02,-48062,25172,894,1004,308.3,308.7
LS22_s04a_sc05,LS22,AF568,roi,Anterior tuberal nucleus,3,75.53,149.22,9.06,LS22_4a.czi,5,-46436.36,26666.68,-46847,26206,821,922,283.3,283.7
LS22_s04a_sc05,LS22,AF568,roi,Anterior tuberal nucleus,4,76.69,135.81,12.96,LS22_4a.czi,5,-46900.8,27109.83,-47488,26451,1175,1318,405.3,405.8
LS22_s04a_sc06,LS22,AF568,background,__background__,,199.15,139.45,10.06,LS22_4a.czi,6,-36662.84,11669.15,-37211,11054,1097,1231,397.1,359.0
LS22_s04a_sc06,LS22,AF568,background,__background__,,187.94,117.56,7.7,LS22_4a.czi,6,-35659.83,10672.82,-36080,10202,840,942,304.0,274.8
LS22_s04a_sc06,LS22,AF568,background,__background__,,138.68,112.83,7.52,LS22_4a.czi,6,-36077.23,7684.42,-36487,7224,820,921,296.9,268.3
LS22_s04a_sc06,LS22,AF568,background,__background__,,97.14,86.24,6.89,LS22_4a.czi,6,-35236.91,4820.93,-35613,4399,752,844,272.0,245.9
LS22_s04a_sc06,LS22,AF568,roi,Posterior tuberculum,1,198.16,100.98,13.24,LS22_4a.czi,6,-34646.8,11025.98,-35368,10216,1443,1620,522.7,472.5
LS22_s04a_sc06,LS22,AF568,roi,Anterior tuberal nucleus,2,215.05,77.35,10.09,LS22_4a.czi,6,-33171.54,11666.92,-33722,11050,1100,1234,398.3,360.1
LS22_s04a_sc06,LS22,AF568,roi,Posterior tuberculum,3,179.58,83.93,11.01,LS22_4a.czi,6,-33998.9,9666.84,-34599,8993,1200,1347,434.7,392.9
LS22_s04a_sc06,LS22,AF568,roi,Anterior tuberal nucleus,4,193.21,68.06,11.53,LS22_4a.czi,6,-32977.15,10232.68,-33606,9527,1257,1411,455.2,411.4
LS22_s05a_sc00,LS22,AF568,background,__background__,,100.59,101.93,6.28,LS22_5a.czi,0,-78543.68,12306.11,-78855,11957,623,699,218.5,211.1
LS22_s05a_sc00,LS22,AF568,background,__background__,,121.41,160.79,9.83,LS22_5a.czi,0,-76808.95,9434.53,-77296,8888,974,1093,341.9,330.5
LS22_s05a_sc00,LS22,AF568,background,__background__,,148.26,198.31,8.78,LS22_5a.czi,0,-76101.95,6996.6,-76537,6508,870,977,305.4,295.2
LS22_s05a_sc00,LS22,AF568,background,__background__,,105.72,198.68,9.02,LS22_5a.czi,0,-74837.8,8887.5,-75285,8386,894,1003,313.8,303.3
LS22_s05a_sc00,LS22,AF568,background,__background__,,60.34,111.04,10.06,LS22_5a.czi,0,-76998.41,13806.47,-77497,13247,997,1119,349.9,338.2
LS22_s05a_sc00,LS22,AF568,roi,Posterior tuberculum,1,81.65,171.3,11.54,LS22_5a.czi,0,-75222.26,10866.82,-75794,10225,1144,1284,401.4,388.0
LS22_s05a_sc00,LS22,AF568,roi,Posterior tuberculum,2,71.33,150.16,9.11,LS22_5a.czi,0,-75761.82,12025.33,-76213,11519,903,1013,316.9,306.3
LS22_s05a_sc00,LS22,AF568,roi,Anterior tuberal nucleus,3,52.48,176.4,8.0,LS22_5a.czi,0,-74162.25,12003.68,-74559,11559,793,890,278.3,269.0
LS22_s05a_sc00,LS22,AF568,roi,Anterior tuberal nucleus,4,49.65,156.59,8.0,LS22_5a.czi,0,-74868.78,12783.27,-75265,12338,793,890,278.3,269.0
LS22_s05a_sc00,LS22,AF568,roi,Anterior tuberal nucleus,5,38.19,167.31,8.0,LS22_5a.czi,0,-74104.89,12942.6,-74501,12498,793,890,278.3,269.0
LS22_s05a_sc00,LS22,AF568,roi,Anterior tuberal nucleus,6,41.43,179.21,8.26,LS22_5a.czi,0,-73725.7,12405.4,-74135,11946,819,919,287.3,277.7
LS22_s08a_sc00,LS22,AF568,background,__background__,,31.61,111.38,9.53,LS22_8a.czi,0,-75648.98,13688.16,-76039,13298,780,780,253.2,253.2
LS22_s08a_sc00,LS22,AF568,background,__background__,,78.98,96.34,7.21,LS22_8a.czi,0,-77603.04,13132.28,-77898,12837,590,591,191.6,191.6
LS22_s08a_sc00,LS22,AF568,background,__background__,,37.2,156.91,9.25,LS22_8a.czi,0,-74812.47,12010.01,-75191,11631,757,758,245.8,245.8
LS22_s08a_sc00,LS22,AF568,roi,Rm,1,55.49,102.87,8.97,LS22_8a.czi,0,-76654.99,13439.57,-77022,13072,734,735,238.3,238.3
LS22_s08a_sc00,LS22,AF568,roi,Rm,2,60.66,146.13,7.97,LS22_8a.czi,0,-75855.37,11848.27,-76182,11522,653,653,211.8,211.8
LS22_s08a_sc02,LS22,AF568,background,__background__,,56.88,48.46,9.02,LS22_8a.czi,2,-60736.41,13383.95,-61172,12896,871,976,284.6,315.4
LS22_s08a_sc02,LS22,AF568,background,__background__,,49.22,86.39,6.36,LS22_8a.czi,2,-59951.98,11484.72,-60259,11140,614,689,200.7,222.4
LS22_s08a_sc02,LS22,AF568,background,__background__,,125.94,52.0,8.72,LS22_8a.czi,2,-63934.2,12328.57,-64355,11856,842,945,275.1,304.9
LS22_s08a_sc02,LS22,AF568,background,__background__,,119.68,110.18,10.33,LS22_8a.czi,2,-62988.34,9346.29,-63487,8787,997,1119,325.9,361.2
LS22_s08a_sc02,LS22,AF568,roi,Rm,1,84.66,50.59,10.18,LS22_8a.czi,2,-62014.83,12922.27,-62506,12371,982,1102,321.2,356.0
LS22_s08a_sc02,LS22,AF568,roi,Rm,2,80.54,89.78,11.63,LS22_8a.czi,2,-61382.23,10912.19,-61943,10283,1122,1259,366.9,406.7
LS22_s08a_sc03,LS22,AF568,background,__background__,,225.29,200.7,7.11,LS22_8a.czi,3,-58780.17,26779.2,-59031,26493,502,572,164.1,184.2
LS22_s08a_sc03,LS22,AF568,background,__background__,,122.19,186.78,10.65,LS22_8a.czi,3,-62415.95,27268.75,-62791,26841,750,856,245.9,275.9
LS22_s08a_sc03,LS22,AF568,background,__background__,,137.13,123.38,13.94,LS22_8a.czi,3,-62462.36,24654.1,-62953,24094,982,1120,321.8,361.2
LS22_s08a_sc03,LS22,AF568,background,__background__,,40.66,151.52,10.45,LS22_8a.czi,3,-65503.59,26712.84,-65872,26293,737,840,241.3,270.7
LS22_s08a_sc03,LS22,AF568,roi,Rm,1,160.02,200.08,10.83,LS22_8a.czi,3,-61010.1,27407.68,-61392,26972,764,871,250.0,280.6
LS22_s08a_sc03,LS22,AF568,roi,Rm,2,197.43,171.54,9.06,LS22_8a.czi,3,-59985.21,25923.88,-60305,25560,639,728,209.2,234.7
LS22_s08a_sc04,LS22,AF568,background,__background__,,129.18,178.42,11.82,LS22_8a.czi,4,-48907.55,13964.64,-49396,13407,977,1115,317.4,362.1
LS22_s08a_sc04,LS22,AF568,background,__background__,,142.77,206.19,12.12,LS22_8a.czi,4,-48320.72,15258.9,-48822,14687,1002,1143,325.5,371.3
LS22_s08a_sc04,LS22,AF568,background,__background__,,183.53,217.42,5.85,LS22_8a.czi,4,-46627.0,15745.25,-46869,15469,484,552,157.1,179.2
LS22_s08a_sc04,LS22,AF568,background,__background__,,150.45,115.21,12.68,LS22_8a.czi,4,-48087.29,10963.84,-48611,10366,1048,1196,340.5,388.4
LS22_s08a_sc04,LS22,AF568,roi,Rm,1,171.22,191.93,10.09,LS22_8a.czi,4,-47158.87,14557.08,-47576,14081,834,952,271.0,309.1
LS22_s08a_sc04,LS22,AF568,roi,Rm,2,196.93,166.76,12.29,LS22_8a.czi,4,-46120.22,13344.06,-46628,12764,1016,1160,330.0,376.5
LS22_s08a_sc05,LS22,AF568,background,__background__,,117.75,130.07,7.93,LS22_8a.czi,5,-47559.94,29300.69,-47950,28856,780,889,266.7,276.0
LS22_s08a_sc05,LS22,AF568,background,__background__,,101.25,67.91,9.53,LS22_8a.czi,5,-46348.61,25974.53,-46817,25440,937,1069,320.6,331.7
LS22_s08a_sc05,LS22,AF568,background,__background__,,125.28,38.62,9.02,LS22_8a.czi,5,-44538.05,25489.83,-44981,24984,886,1011,303.4,314.0
LS22_s08a_sc05,LS22,AF568,background,__background__,,172.27,84.37,9.25,LS22_8a.czi,5,-44071.28,29124.02,-44526,28606,909,1037,311.2,322.0
LS22_s08a_sc05,LS22,AF568,roi,Rm,1,143.32,109.8,10.45,LS22_8a.czi,5,-45958.46,29269.57,-46472,28684,1027,1171,351.5,363.8
LS22_s08a_sc05,LS22,AF568,roi,Rm,2,144.87,76.85,9.79,LS22_8a.czi,5,-44914.99,27856.91,-45396,27308,962,1098,329.3,340.8
LS22_s08a_sc06,LS22,AF568,background,__background__,,104.1,116.7,7.4,LS22_8a.czi,6,-34202.53,8808.1,-34583,8428,761,761,247.0,247.0
LS22_s08a_sc06,LS22,AF568,background,__background__,,131.46,96.87,9.62,LS22_8a.czi,6,-35935.06,8903.52,-36429,8409,988,989,321.1,321.1
LS22_s08a_sc06,LS22,AF568,background,__background__,,22.42,63.52,10.04,LS22_8a.czi,6,-32154.77,13374.96,-32671,12859,1032,1032,335.1,335.1
LS22_s08a_sc06,LS22,AF568,background,__background__,,15.33,89.78,7.47,LS22_8a.czi,6,-31118.57,12438.38,-31503,12054,768,768,249.3,249.3
LS22_s08a_sc06,LS22,AF568,roi,Rm,1,54.87,67.5,12.23,LS22_8a.czi,6,-33445.06,12300.93,-34073,11673,1256,1256,408.2,408.2
LS22_s08a_sc06,LS22,AF568,roi,Rm,2,51.73,100.94,14.73,LS22_8a.czi,6,-32379.76,10944.54,-33137,10188,1514,1513,491.7,491.7
LS22_s08a_sc07,LS22,AF568,background,__background__,,89.01,144.75,5.57,LS22_8a.czi,7,-34042.83,26546.88,-34260,26330,434,434,140.8,140.8
LS22_s08a_sc07,LS22,AF568,background,__background__,,147.5,127.62,11.36,LS22_8a.czi,7,-32757.05,24555.9,-33199,24114,884,884,287.1,287.1
LS22_s08a_sc07,LS22,AF568,background,__background__,,138.63,57.31,10.89,LS22_8a.czi,7,-34805.43,22712.3,-35229,22288,847,848,275.3,275.3
LS22_s08a_sc07,LS22,AF568,background,__background__,,204.21,142.39,9.54,LS22_8a.czi,7,-30712.72,23548.92,-31084,23178,743,742,241.1,241.1
LS22_s08a_sc07,LS22,AF568,roi,Rm,1,134.02,201.77,10.45,LS22_8a.czi,7,-31268.77,27080.66,-31676,26674,814,813,264.1,264.1
LS22_s08a_sc07,LS22,AF568,roi,Rm,2,177.24,188.1,12.01,LS22_8a.czi,7,-30344.4,25579.68,-30812,25112,935,935,303.6,303.6
LS22_s08a_sc08,LS22,AF568,background,__background__,,71.87,179.61,11.96,LS22_8a.czi,8,-21601.29,13728.88,-22250,13080,1297,1297,421.3,421.3
LS22_s08a_sc08,LS22,AF568,background,__background__,,135.09,150.07,12.56,LS22_8a.czi,8,-19697.75,10461.7,-20379,9781,1362,1362,442.4,442.4
LS22_s08a_sc08,LS22,AF568,background,__background__,,102.01,89.81,14.77,LS22_8a.czi,8,-23031.2,8799.27,-23832,7999,1602,1601,520.2,520.2
LS22_s08a_sc08,LS22,AF568,background,__background__,,68.33,111.66,11.82,LS22_8a.czi,8,-23856.59,10812.06,-24497,10171,1281,1282,416.3,416.3
LS22_s08a_sc08,LS22,AF568,roi,Rm,1,103.38,213.26,12.77,LS22_8a.czi,8,-19159.22,14254.72,-19852,13562,1385,1385,449.8,449.8
LS22_s08a_sc08,LS22,AF568,roi,Rm,2,134.02,208.89,10.04,LS22_8a.czi,8,-17929.6,13114.24,-18474,12570,1089,1089,353.6,353.6
LS22_s09a_sc01,LS22,AF568,background,__background__,,91.74,162.81,7.21,LS22_9a.czi,1,-79786.83,26050.47,-80143,25694,712,713,231.2,231.2
LS22_s09a_sc01,LS22,AF568,background,__background__,,74.9,129.03,13.21,LS22_9a.czi,1,-81498.74,25316.99,-82151,24665,1304,1304,423.7,423.7
LS22_s09a_sc01,LS22,AF568,background,__background__,,148.33,87.21,11.15,LS22_9a.czi,1,-80070.73,21399.52,-80621,20849,1101,1101,357.6,357.6
LS22_s09a_sc01,LS22,AF568,roi,Rm,1,120.92,197.23,10.06,LS22_9a.czi,1,-77590.18,26414.13,-78087,25917,994,994,322.7,322.7
LS22_s09a_sc01,LS22,AF568,roi,Rm,2,151.2,185.68,10.51,LS22_9a.czi,1,-76819.53,25012.99,-77339,24494,1038,1038,337.1,337.1
LS22_s09a_sc02,LS22,AF568,background,__background__,,75.67,101.38,17.97,LS22_9a.czi,2,-68495.1,12381.32,-69252,11625,1513,1513,491.5,491.5
LS22_s09a_sc02,LS22,AF568,background,__background__,,151.99,87.47,19.32,LS22_9a.czi,2,-66370.18,9903.65,-67184,9090,1627,1627,528.4,528.4
LS22_s09a_sc02,LS22,AF568,background,__background__,,100.16,123.6,21.3,LS22_9a.czi,2,-67105.89,12458.12,-68003,11561,1794,1794,582.5,582.5
LS22_s09a_sc02,LS22,AF568,background,__background__,,68.73,18.33,12.68,LS22_9a.czi,2,-70923.44,9851.74,-71457,9318,1068,1068,346.8,346.8
LS22_s09a_sc02,LS22,AF568,roi,Rm,1,114.83,197.11,13.51,LS22_9a.czi,2,-64677.88,14471.07,-65247,13902,1138,1138,369.5,369.5
LS22_s09a_sc02,LS22,AF568,roi,Rm,2,153.43,187.82,13.23,LS22_9a.czi,2,-63662.94,13144.28,-64220,12587,1114,1114,361.8,361.8
LS22_s09a_sc03,LS22,AF568,background,__background__,,64.79,99.85,21.87,LS22_9a.czi,3,-69679.11,26272.21,-70615,25337,1872,1871,608.0,608.0
LS22_s09a_sc03,LS22,AF568,background,__background__,,142.18,69.72,14.63,LS22_9a.czi,3,-67592.3,23398.1,-68218,22772,1252,1252,406.7,406.7
LS22_s09a_sc03,LS22,AF568,background,__background__,,106.73,112.85,20.88,LS22_9a.czi,3,-67869.74,25769.62,-68763,24876,1787,1787,580.4,580.4
LS22_s09a_sc03,LS22,AF568,roi,Rm,1,105.02,187.55,17.64,LS22_9a.czi,3,-66203.19,28496.24,-66958,27741,1510,1510,490.4,490.4
LS22_s09a_sc03,LS22,AF568,roi,Rm,2,148.24,170.04,18.71,LS22_9a.czi,3,-65053.58,26866.55,-65854,26066,1601,1601,520.1,520.1
LS22_s09a_sc04,LS22,AF568,background,__background__,,93.14,128.72,17.22,LS22_9a.czi,4,-53113.2,10291.64,-53868,9630,1509,1323,485.7,434.5
LS22_s09a_sc04,LS22,AF568,background,__background__,,151.34,59.7,14.77,LS22_9a.czi,4,-51498.15,7129.16,-52145,6562,1294,1134,416.6,372.7
LS22_s09a_sc04,LS22,AF568,background,__background__,,85.63,35.44,16.22,LS22_9a.czi,4,-54556.77,6930.46,-55267,6308,1421,1245,457.5,409.2
LS22_s09a_sc04,LS22,AF568,background,__background__,,135.07,168.98,14.81,LS22_9a.czi,4,-50861.95,11332.45,-51511,10764,1298,1137,417.8,373.7
LS22_s09a_sc04,LS22,AF568,roi,Rm,1,154.84,206.63,13.68,LS22_9a.czi,4,-49574.84,12511.77,-50174,11986,1199,1051,385.9,345.2
LS22_s09a_sc04,LS22,AF568,roi,Rm,2,188.87,178.25,15.17,LS22_9a.czi,4,-48485.74,11104.41,-49150,10522,1329,1165,427.9,382.7
LS22_s09a_sc05,LS22,AF568,background,__background__,,78.81,124.24,17.22,LS22_9a.czi,5,-53913.78,22799.76,-54615,22099,1402,1402,455.2,455.2
LS22_s09a_sc05,LS22,AF568,background,__background__,,119.51,105.99,14.28,LS22_9a.czi,5,-52404.37,21793.33,-52986,21212,1163,1163,377.5,377.5
LS22_s09a_sc05,LS22,AF568,background,__background__,,118.43,58.81,20.98,LS22_9a.czi,5,-52765.8,19908.24,-53619,19055,1707,1707,554.7,554.7
LS22_s09a_sc05,LS22,AF568,roi,Posterior tuberculum,1,157.87,210.13,15.13,LS22_9a.czi,5,-50163.59,25711.71,-50779,25096,1231,1231,400.0,400.0
LS22_s09a_sc05,LS22,AF568,roi,Posterior tuberculum,2,192.37,179.38,13.0,LS22_9a.czi,5,-48987.14,24245.72,-49516,23717,1058,1058,343.7,343.7
LS22_s09a_sc06,LS22,AF568,background,__background__,,85.46,179.53,13.47,LS22_9a.czi,6,-38047.05,5119.72,-38620,4547,1146,1145,371.9,371.9
LS22_s09a_sc06,LS22,AF568,background,__background__,,146.95,179.74,14.59,LS22_9a.czi,6,-40056.85,6787.9,-40677,6168,1240,1240,402.8,402.8
LS22_s09a_sc06,LS22,AF568,background,__background__,,118.57,145.86,19.03,LS22_9a.czi,6,-38208.98,7119.03,-39018,6310,1618,1618,525.4,525.4
LS22_s09a_sc06,LS22,AF568,background,__background__,,189.93,225.54,19.43,LS22_9a.czi,6,-42705.28,6465.99,-43531,5640,1652,1652,536.5,536.5
LS22_s09a_sc06,LS22,AF568,roi,Rm,1,140.47,61.96,15.68,LS22_9a.czi,6,-36637.26,10450.06,-37304,9784,1333,1333,432.9,432.9
LS22_s09a_sc06,LS22,AF568,roi,Rm,2,99.13,69.42,12.34,LS22_9a.czi,6,-35493.13,9080.8,-36018,8556,1050,1049,340.7,340.7
LS37_s01a_sc04,LS37,AF568,background,__background__,,54.15,96.89,10.04,LS37_1a.czi,4,-65641.2,25948.25,-65971,25618,660,660,214.0,214.0
LS37_s01a_sc04,LS37,AF568,background,__background__,,237.89,98.08,9.53,LS37_1a.czi,4,-70640.07,22582.84,-70953,22270,626,626,203.2,203.2
LS37_s01a_sc04,LS37,AF568,background,__background__,,122.09,186.7,9.62,LS37_1a.czi,4,-65868.49,22261.93,-66184,21946,632,632,205.1,205.1
LS37_s01a_sc04,LS37,AF568,background,__background__,,26.97,60.27,21.42,LS37_1a.czi,4,-65562.8,27441.86,-66266,26739,1406,1406,456.6,456.6
LS37_s01a_sc04,LS37,AF568,roi,Dl,1,18.11,75.63,13.78,LS37_1a.czi,4,-65042.09,27182.88,-65495,26730,905,905,293.8,293.8
LS37_s01a_sc04,LS37,AF568,roi,Dl,2,13.98,93.94,12.64,LS37_1a.czi,4,-64597.12,26757.5,-65012,26342,830,831,269.5,269.5
LS37_s01a_sc04,LS37,AF568,roi,Dl,3,38.79,118.16,16.72,LS37_1a.czi,4,-64835.69,25645.69,-65385,25097,1098,1098,356.4,356.4
LS37_s01a_sc04,LS37,AF568,roi,Dm,4,99.05,101.62,15.73,LS37_1a.czi,4,-66782.24,25004.56,-67299,24488,1033,1033,335.3,335.3
LS37_s01a_sc04,LS37,AF568,roi,Dm,5,86.64,128.21,14.82,LS37_1a.czi,4,-65960.83,24503.13,-66447,24017,973,973,315.9,315.9
LS37_s01a_sc04,LS37,AF568,roi,Dm,6,172.31,103.98,20.07,LS37_1a.czi,4,-68741.16,23611.19,-69400,22952,1318,1318,427.8,427.8
LS37_s01a_sc04,LS37,AF568,roi,Dm,7,153.4,129.98,17.86,LS37_1a.czi,4,-67752.85,23243.79,-68339,22658,1172,1172,380.7,380.7
LS37_s01a_sc04,LS37,AF568,roi,Dl,8,225.48,119.34,15.73,LS37_1a.czi,4,-69915.34,22227.04,-70432,21711,1033,1032,335.3,335.3
LS37_s01a_sc04,LS37,AF568,roi,Dl,9,205.39,144.75,13.47,LS37_1a.czi,4,-68905.49,21897.16,-69348,21455,885,884,287.2,287.2
LS37_s01a_sc04,LS37,AF568,roi,Dl,10,171.72,168.97,15.41,LS37_1a.czi,4,-67546.17,21846.13,-68052,21340,1012,1012,328.5,328.5
LS37_s01a_sc05,LS37,AF568,background,__background__,,189.11,62.44,13.74,LS37_1a.czi,5,-55453.69,14322.15,-55900,13803,893,1038,330.1,297.9
LS37_s01a_sc05,LS37,AF568,background,__background__,,134.18,236.77,10.65,LS37_1a.czi,5,-59942.88,9810.6,-60289,9408,692,805,255.9,230.9
LS37_s01a_sc05,LS37,AF568,background,__background__,,105.99,197.42,7.95,LS37_1a.czi,5,-58407.12,9422.66,-58666,9122,517,601,191.0,172.3
LS37_s01a_sc05,LS37,AF568,background,__background__,,73.83,134.59,7.95,LS37_1a.czi,5,-56120.39,9248.48,-56379,8948,517,601,191.0,172.3
LS37_s01a_sc05,LS37,AF568,roi,Dl,1,200.26,22.1,12.18,LS37_1a.czi,5,-54394.8,15312.04,-54791,14852,792,920,292.6,264.0
LS37_s01a_sc05,LS37,AF568,roi,Dl,2,173.9,19.81,14.59,LS37_1a.czi,5,-53987.24,14433.0,-54461,13882,948,1102,350.5,316.3
LS37_s01a_sc05,LS37,AF568,roi,Dl,3,148.37,17.36,16.42,LS37_1a.czi,5,-53585.6,13585.11,-54119,12965,1067,1240,394.5,356.0
LS37_s01a_sc05,LS37,AF568,roi,Dm,4,146.45,79.77,13.94,LS37_1a.czi,5,-55421.13,12584.8,-55874,12058,906,1053,334.9,302.2
LS37_s01a_sc05,LS37,AF568,roi,Dm,5,125.26,70.99,14.67,LS37_1a.czi,5,-54886.67,11981.99,-55363,11428,953,1108,352.4,318.0
LS37_s01a_sc05,LS37,AF568,roi,Dm,6,123.26,139.79,14.29,LS37_1a.czi,5,-56911.64,10883.29,-57376,10344,929,1079,343.3,309.8
LS37_s01a_sc05,LS37,AF568,roi,Dm,7,101.19,121.82,13.5,LS37_1a.czi,5,-56091.93,10387.5,-56531,9878,878,1019,324.3,292.7
LS37_s01a_sc05,LS37,AF568,roi,Dl,8,116.73,229.84,16.3,LS37_1a.czi,5,-59511.7,9309.7,-60041,8694,1059,1231,391.6,353.4
LS37_s01a_sc05,LS37,AF568,roi,Dl,9,98.32,208.63,14.63,LS37_1a.czi,5,-58642.53,8989.19,-59118,8437,951,1105,351.5,317.2
LS37_s01a_sc05,LS37,AF568,roi,Dl,10,93.84,159.74,13.08,LS37_1a.czi,5,-57127.6,9565.47,-57553,9071,851,989,314.2,283.6
LS37_s01a_sc06,LS37,AF568,background,__background__,,57.36,44.0,21.18,LS37_1a.czi,6,-54156.13,29207.52,-54829,28535,1346,1345,437.1,437.1
LS37_s01a_sc06,LS37,AF568,background,__background__,,237.67,196.02,16.93,LS37_1a.czi,6,-59257.2,23726.59,-59795,23189,1076,1075,349.4,349.4
LS37_s01a_sc06,LS37,AF568,background,__background__,,112.87,217.21,13.21,LS37_1a.czi,6,-55242.91,23536.23,-55663,23116,840,840,272.6,272.6
LS37_s01a_sc06,LS37,AF568,background,__background__,,80.36,59.95,15.1,LS37_1a.czi,6,-54819.98,28616.84,-55300,28137,960,960,311.6,311.6
LS37_s01a_sc06,LS37,AF568,roi,Dl,1,26.57,39.34,15.1,LS37_1a.czi,6,-53203.58,29472.18,-53683,28992,959,960,311.6,311.6
LS37_s01a_sc06,LS37,AF568,roi,Dl,2,26.39,67.79,15.91,LS37_1a.czi,6,-53089.06,28576.23,-53595,28071,1011,1011,328.3,328.3
LS37_s01a_sc06,LS37,AF568,roi,Dl,3,14.79,85.97,17.97,LS37_1a.czi,6,-52653.92,28047.65,-53225,27477,1142,1142,370.8,370.8
LS37_s01a_sc06,LS37,AF568,roi,Dl,4,26.3,105.87,21.18,LS37_1a.czi,6,-52940.53,27376.44,-53613,26704,1345,1345,437.1,437.1
LS37_s01a_sc06,LS37,AF568,roi,Dl,5,21.54,142.93,17.7,LS37_1a.czi,6,-52648.73,26226.67,-53211,25664,1125,1125,365.3,365.3
LS37_s01a_sc06,LS37,AF568,roi,Dm,6,106.0,86.21,15.73,LS37_1a.czi,6,-55527.58,27691.13,-56027,27191,999,1000,324.6,324.6
LS37_s01a_sc06,LS37,AF568,roi,Dm,7,98.44,109.62,18.49,LS37_1a.czi,6,-55199.76,26982.26,-55787,26395,1175,1175,381.6,381.6
LS37_s01a_sc06,LS37,AF568,roi,Dm,8,94.93,130.3,11.77,LS37_1a.czi,6,-55010.02,26343.94,-55384,25970,748,748,242.9,242.9
LS37_s01a_sc06,LS37,AF568,roi,Dm,9,69.76,137.06,15.34,LS37_1a.czi,6,-54190.9,26227.18,-54678,25740,974,975,316.6,316.6
LS37_s01a_sc06,LS37,AF568,roi,Vd,10,53.25,157.16,16.0,LS37_1a.czi,6,-53593.66,25656.88,-54102,25149,1017,1016,330.2,330.2
LS37_s01a_sc06,LS37,AF568,roi,Vv,11,55.22,178.81,12.46,LS37_1a.czi,6,-53572.92,24967.01,-53969,24571,792,792,257.1,257.1
LS37_s01a_sc06,LS37,AF568,roi,Vl,12,17.85,176.17,13.12,LS37_1a.czi,6,-52405.26,25193.19,-52822,24776,834,834,270.7,270.7
LS37_s01a_sc06,LS37,AF568,roi,Vv,13,45.07,200.68,10.57,LS37_1a.czi,6,-53169.36,24316.59,-53505,23981,672,672,218.1,218.1
LS37_s01a_sc06,LS37,AF568,roi,Dm,14,176.25,125.62,14.23,LS37_1a.czi,6,-57590.82,26180.31,-58043,25728,904,904,293.6,293.6
LS37_s01a_sc06,LS37,AF568,roi,Dm,15,180.07,150.52,15.76,LS37_1a.czi,6,-57615.94,25380.95,-58117,24880,1002,1002,325.2,325.2
LS37_s01a_sc06,LS37,AF568,roi,Dm,16,152.67,154.46,12.53,LS37_1a.czi,6,-56737.33,25361.6,-57136,24963,797,797,258.6,258.6
LS37_s01a_sc06,LS37,AF568,roi,Dm,17,133.39,153.8,15.85,LS37_1a.czi,6,-56132.22,25456.17,-56636,24953,1007,1007,327.1,327.1
LS37_s01a_sc06,LS37,AF568,roi,Vd,18,107.74,167.28,14.95,LS37_1a.czi,6,-55272.26,25129.46,-55747,24654,950,950,308.5,308.5
LS37_s01a_sc06,LS37,AF568,roi,Vv,19,90.96,190.33,10.89,LS37_1a.czi,6,-54655.23,24467.21,-55001,24121,692,692,224.7,224.7
LS37_s01a_sc06,LS37,AF568,roi,Vl,20,102.42,217.34,14.63,LS37_1a.czi,6,-54913.07,23572.12,-55378,23107,930,930,301.9,301.9
LS37_s01a_sc06,LS37,AF568,roi,Vv,21,77.34,209.87,13.84,LS37_1a.czi,6,-54151.23,23903.5,-54591,23464,880,879,285.6,285.6
LS37_s01a_sc06,LS37,AF568,roi,Dl,22,234.78,196.59,11.65,LS37_1a.czi,6,-59163.93,23719.69,-59534,23349,740,741,240.4,240.4
LS37_s01a_sc06,LS37,AF568,roi,Dl,23,217.91,210.03,9.74,LS37_1a.czi,6,-58580.84,23360.65,-58890,23051,619,619,201.0,201.0
LS37_s01a_sc06,LS37,AF568,roi,Dl,24,202.1,219.64,13.39,LS37_1a.czi,6,-58045.8,23118.27,-58471,22693,851,851,276.3,276.3
LS37_s01a_sc06,LS37,AF568,roi,Dl,25,249.71,178.24,11.0,LS37_1a.czi,6,-59704.67,24240.89,-60054,23891,699,700,227.0,227.0
LS37_s01a_sc06,LS37,AF568,roi,Dl,26,240.76,159.05,11.0,LS37_1a.czi,6,-59496.02,24879.92,-59846,24530,700,700,227.0,227.0
LS37_s01a_sc07,LS37,AF568,background,__background__,,46.24,71.55,12.18,LS37_1a.czi,7,-42073.83,12419.63,-42475,11953,802,933,275.5,289.3
LS37_s01a_sc07,LS37,AF568,background,__background__,,145.2,147.01,16.93,LS37_1a.czi,7,-43287.57,7873.37,-43845,7225,1115,1296,382.9,402.1
LS37_s01a_sc07,LS37,AF568,background,__background__,,235.3,95.15,15.61,LS37_1a.czi,7,-46692.67,7491.64,-47207,6894,1028,1195,353.0,370.8
LS37_s01a_sc07,LS37,AF568,background,__background__,,41.28,122.24,15.73,LS37_1a.czi,7,-40973.82,10949.81,-41492,10348,1036,1204,355.8,373.6
LS37_s01a_sc07,LS37,AF568,roi,Dl,1,16.8,67.77,11.0,LS37_1a.czi,7,-41356.6,13190.28,-41719,12769,725,842,248.8,261.3
LS37_s01a_sc07,LS37,AF568,roi,Dl,2,15.51,92.56,11.0,LS37_1a.czi,7,-40849.09,12446.28,-41211,12025,724,842,248.8,261.3
LS37_s01a_sc07,LS37,AF568,roi,Dl,3,17.28,113.88,11.0,LS37_1a.czi,7,-40489.82,11742.57,-40852,11321,725,843,248.8,261.3
LS37_s01a_sc07,LS37,AF568,roi,Dl,4,33.6,122.02,11.0,LS37_1a.czi,7,-40772.1,11126.98,-41134,10706,724,842,248.8,261.3
LS37_s01a_sc07,LS37,AF568,roi,Dl,5,44.44,135.92,11.0,LS37_1a.czi,7,-40797.57,10453.39,-41160,10032,725,843,248.8,261.3
LS37_s01a_sc07,LS37,AF568,roi,Dl,6,43.23,158.35,11.0,LS37_1a.czi,7,-40337.22,9781.17,-40700,9360,725,842,248.8,261.3
LS37_s01a_sc07,LS37,AF568,roi,Dm,7,86.65,63.81,11.0,LS37_1a.czi,7,-43304.96,11764.75,-43667,11344,724,842,248.8,261.3
LS37_s01a_sc07,LS37,AF568,roi,Dm,8,95.5,85.34,11.0,LS37_1a.czi,7,-43131.51,10897.49,-43494,10476,725,843,248.8,261.3
LS37_s01a_sc07,LS37,AF568,roi,Dm,9,93.68,108.34,11.0,LS37_1a.czi,7,-42643.94,10221.03,-43006,9800,724,842,248.8,261.3
LS37_s01a_sc07,LS37,AF568,roi,Dm,10,83.74,125.79,11.0,LS37_1a.czi,7,-42044.53,9897.61,-42407,9476,725,843,248.8,261.3
LS37_s01a_sc07,LS37,AF568,roi,Vd,11,76.69,145.1,11.0,LS37_1a.czi,7,-41487.12,9452.13,-41850,9031,725,842,248.8,261.3
LS37_s01a_sc07,LS37,AF568,roi,Vv,12,96.26,163.96,11.0,LS37_1a.czi,7,-41652.03,8430.37,-42014,8009,724,843,248.8,261.3
LS37_s01a_sc07,LS37,AF568,roi,Vl,13,68.8,173.84,11.0,LS37_1a.czi,7,-40727.29,8731.39,-41090,8310,725,843,248.8,261.3
LS37_s01a_sc07,LS37,AF568,roi,Vv,14,89.75,185.65,11.0,LS37_1a.czi,7,-41063.7,7898.74,-41426,7478,725,842,248.8,261.3
LS37_s01a_sc07,LS37,AF568,roi,Dm,15,176.03,79.9,11.0,LS37_1a.czi,7,-45394.45,9281.26,-45757,8860,725,842,248.8,261.3
LS37_s01a_sc07,LS37,AF568,roi,Dm,16,160.91,92.48,11.0,LS37_1a.czi,7,-44749.07,9224.48,-45111,8803,724,843,248.8,261.3
LS37_s01a_sc07,LS37,AF568,roi,Dm,17,148.24,101.59,11.0,LS37_1a.czi,7,-44235.57,9221.52,-44598,8800,725,843,248.8,261.3
LS37_s01a_sc07,LS37,AF568,roi,Dm,18,141.14,123.25,11.0,LS37_1a.czi,7,-43631.99,8703.91,-43994,8283,724,842,248.8,261.3
LS37_s01a_sc07,LS37,AF568,roi,Vd,19,125.28,161.82,11.0,LS37_1a.czi,7,-42470.94,7853.54,-42833,7432,724,843,248.8,261.3
LS37_s01a_sc07,LS37,AF568,roi,Vv,20,121.85,178.86,11.0,LS37_1a.czi,7,-42053.9,7398.53,-42416,6977,725,843,248.8,261.3
LS37_s01a_sc07,LS37,AF568,roi,Vl,21,141.83,182.97,11.0,LS37_1a.czi,7,-42511.19,6827.38,-42874,6406,725,843,248.8,261.3
LS37_s01a_sc07,LS37,AF568,roi,Vv,22,112.51,195.74,11.0,LS37_1a.czi,7,-41481.45,7079.57,-41844,6658,725,843,248.8,261.3
LS37_s01a_sc07,LS37,AF568,roi,Dl,23,235.05,125.29,11.0,LS37_1a.czi,7,-46110.97,6557.84,-46473,6137,724,842,248.8,261.3
LS37_s01a_sc07,LS37,AF568,roi,Dl,24,219.89,139.05,11.0,LS37_1a.czi,7,-45442.0,6465.18,-45804,6044,724,842,248.8,261.3
LS37_s01a_sc07,LS37,AF568,roi,Dl,25,195.17,135.4,11.0,LS37_1a.czi,7,-44848.84,7127.11,-45211,6706,725,842,248.8,261.3
LS37_s01a_sc07,LS37,AF568,roi,Dl,26,179.63,141.47,11.0,LS37_1a.czi,7,-44316.39,7282.54,-44679,6861,725,843,248.8,261.3
LS37_s01a_sc07,LS37,AF568,roi,Dl,27,247.13,94.89,11.0,LS37_1a.czi,7,-47014.81,7237.41,-47377,6816,725,843,248.8,261.3
LS37_s01a_sc08,LS37,AF568,background,__background__,,51.79,53.18,11.82,LS37_1a.czi,8,-43471.72,27101.02,-43885,26688,827,826,268.4,268.4
LS37_s01a_sc08,LS37,AF568,background,__background__,,53.56,167.79,8.78,LS37_1a.czi,8,-41041.13,23918.68,-41348,23612,614,614,199.4,199.4
LS37_s01a_sc08,LS37,AF568,background,__background__,,197.71,142.39,11.0,LS37_1a.czi,8,-45544.98,21497.34,-45930,21113,770,769,249.8,249.8
LS37_s01a_sc08,LS37,AF568,background,__background__,,243.2,96.89,14.67,LS37_1a.czi,8,-47777.1,21761.53,-48290,21249,1026,1025,333.1,333.1
LS37_s01a_sc08,LS37,AF568,background,__background__,,143.36,181.97,15.25,LS37_1a.czi,8,-43197.85,21587.21,-43731,21054,1066,1066,346.3,346.3
LS37_s01a_sc08,LS37,AF568,roi,Dl,1,12.2,57.9,11.0,LS37_1a.czi,8,-42283.56,27827.91,-42668,27443,769,770,249.8,249.8
LS37_s01a_sc08,LS37,AF568,roi,Dl,2,12.2,77.4,11.0,LS37_1a.czi,8,-41861.75,27292.98,-42246,26908,769,770,249.8,249.8
LS37_s01a_sc08,LS37,AF568,roi,Dl,3,10.43,98.67,11.0,LS37_1a.czi,8,-41353.1,26747.77,-41738,26363,770,769,249.8,249.8
LS37_s01a_sc08,LS37,AF568,roi,Dl,4,22.25,111.66,11.0,LS37_1a.czi,8,-41396.37,26135.74,-41781,25751,769,769,249.8,249.8
LS37_s01a_sc08,LS37,AF568,roi,Dl,5,32.88,131.16,11.0,LS37_1a.czi,8,-41266.17,25370.87,-41651,24986,770,770,249.8,249.8
LS37_s01a_sc08,LS37,AF568,roi,Dl,6,45.88,147.11,11.0,LS37_1a.czi,8,-41277.78,24652.11,-41662,24267,769,770,249.8,249.8
LS37_s01a_sc08,LS37,AF568,roi,Dm,7,84.87,61.45,11.0,LS37_1a.czi,8,-44200.3,26158.59,-44585,25774,769,769,249.8,249.8
LS37_s01a_sc08,LS37,AF568,roi,Dm,8,90.19,79.76,11.0,LS37_1a.czi,8,-43950.18,25541.22,-44335,25157,770,769,249.8,249.8
LS37_s01a_sc08,LS37,AF568,roi,Dm,9,95.51,98.67,11.0,LS37_1a.czi,8,-43687.07,24907.4,-44072,24523,770,769,249.8,249.8
LS37_s01a_sc08,LS37,AF568,roi,Dm,10,93.73,119.34,11.0,LS37_1a.czi,8,-43191.13,24378.87,-43576,23994,770,770,249.8,249.8
LS37_s01a_sc08,LS37,AF568,roi,Dm,11,83.69,135.89,11.0,LS37_1a.czi,8,-42557.71,24142.03,-42942,23757,769,770,249.8,249.8
LS37_s01a_sc08,LS37,AF568,roi,Vd,12,89.01,162.47,11.0,LS37_1a.czi,8,-42128.7,23297.8,-42513,22913,769,770,249.8,249.8
LS37_s01a_sc08,LS37,AF568,roi,Vv,13,104.37,174.29,11.0,LS37_1a.czi,8,-42294.38,22641.29,-42679,22257,769,769,249.8,249.8
LS37_s01a_sc08,LS37,AF568,roi,Vl,14,77.19,190.24,11.0,LS37_1a.czi,8,-41203.75,22791.67,-41588,22407,769,769,249.8,249.8
LS37_s01a_sc08,LS37,AF568,roi,Vv,15,103.78,197.33,11.0,LS37_1a.czi,8,-41779.81,22022.0,-42165,21637,770,770,249.8,249.8
LS37_s01a_sc08,LS37,AF568,roi,Dm,16,181.17,75.63,11.0,LS37_1a.czi,8,-46535.33,23686.52,-46920,23302,769,769,249.8,249.8
LS37_s01a_sc08,LS37,AF568,roi,Dm,17,157.54,87.44,11.0,LS37_1a.czi,8,-45631.64,23873.69,-46016,23489,769,769,249.8,249.8
LS37_s01a_sc08,LS37,AF568,roi,Dm,18,143.36,101.03,11.0,LS37_1a.czi,8,-44948.67,23807.61,-45333,23423,769,769,249.8,249.8
LS37_s01a_sc08,LS37,AF568,roi,Dm,19,134.5,122.89,11.0,LS37_1a.czi,8,-44232.77,23399.58,-44617,23015,769,769,249.8,249.8
LS37_s01a_sc08,LS37,AF568,roi,Dm,20,131.54,144.75,11.0,LS37_1a.czi,8,-43678.71,22863.93,-44063,22479,769,770,249.8,249.8
LS37_s01a_sc08,LS37,AF568,roi,Vd,21,128.0,160.7,11.0,LS37_1a.czi,8,-43236.58,22502.95,-43621,22118,769,770,249.8,249.8
LS37_s01a_sc08,LS37,AF568,roi,Vv,22,125.05,177.24,11.0,LS37_1a.czi,8,-42797.88,22113.03,-43183,21728,770,770,249.8,249.8
LS37_s01a_sc08,LS37,AF568,roi,Vl,23,150.45,194.38,11.0,LS37_1a.czi,8,-43123.91,21093.41,-43509,20709,770,769,249.8,249.8
LS37_s01a_sc08,LS37,AF568,roi,Vv,24,125.05,194.38,11.0,LS37_1a.czi,8,-42427.12,21642.84,-42812,21258,770,770,249.8,249.8
LS37_s01a_sc08,LS37,AF568,roi,Dl,25,217.8,143.57,11.0,LS37_1a.czi,8,-46070.57,21030.4,-46455,20646,769,769,249.8,249.8
LS37_s01a_sc08,LS37,AF568,roi,Dl,26,194.76,132.34,11.0,LS37_1a.czi,8,-45681.44,21836.85,-46066,21452,769,770,249.8,249.8
LS37_s01a_sc08,LS37,AF568,roi,Dl,27,179.4,142.98,11.0,LS37_1a.czi,8,-45029.92,21877.22,-45415,21493,770,769,249.8,249.8
LS37_s01a_sc08,LS37,AF568,roi,Dl,28,247.93,93.94,11.0,LS37_1a.czi,8,-47970.67,21740.14,-48355,21355,769,770,249.8,249.8
LS37_s01a_sc08,LS37,AF568,roi,Dl,29,246.16,111.07,11.0,LS37_1a.czi,8,-47551.57,21308.5,-47936,20924,769,769,249.8,249.8
LS37_s01a_sc08,LS37,AF568,roi,Dl,30,234.93,128.8,11.0,LS37_1a.czi,8,-46859.98,21065.04,-47245,20680,770,770,249.8,249.8
LS37_s01a_sc09,LS37,AF568,background,__background__,,141.0,153.02,10.57,LS37_1a.czi,9,-32042.87,9094.43,-32409,8657,732,875,249.5,273.7
LS37_s01a_sc09,LS37,AF568,background,__background__,,64.79,67.36,11.73,LS37_1a.czi,9,-31195.98,13726.19,-31602,13241,812,971,276.9,303.7
LS37_s01a_sc09,LS37,AF568,background,__background__,,235.52,111.66,13.37,LS37_1a.czi,9,-35592.8,8671.34,-36056,8118,926,1107,315.6,346.2
LS37_s01a_sc09,LS37,AF568,roi,Dl,1,23.43,68.54,11.0,LS37_1a.czi,9,-29929.11,14521.29,-30310,14066,762,911,259.7,284.8
LS37_s01a_sc09,LS37,AF568,roi,Dl,2,15.75,86.26,11.0,LS37_1a.czi,9,-29397.5,14037.96,-29778,13583,761,910,259.7,284.8
LS37_s01a_sc09,LS37,AF568,roi,Dl,3,13.98,102.21,11.0,LS37_1a.czi,9,-29074.03,13498.76,-29455,13043,762,911,259.7,284.8
LS37_s01a_sc09,LS37,AF568,roi,Dl,4,25.2,118.16,11.0,LS37_1a.czi,9,-29142.17,12696.48,-29523,12241,762,911,259.7,284.8
LS37_s01a_sc09,LS37,AF568,roi,Dl,5,36.43,133.52,11.0,LS37_1a.czi,9,-29220.61,11915.26,-29601,11460,761,911,259.7,284.8
LS37_s01a_sc09,LS37,AF568,roi,Dm,6,92.55,73.26,11.0,LS37_1a.czi,9,-31932.95,12951.27,-32314,12496,762,911,259.7,284.8
LS37_s01a_sc09,LS37,AF568,roi,Dm,7,93.73,92.17,11.0,LS37_1a.czi,9,-31648.29,12245.61,-32029,11790,761,911,259.7,284.8
LS37_s01a_sc09,LS37,AF568,roi,Dm,8,100.23,110.48,11.0,LS37_1a.czi,9,-31534.17,11453.83,-31915,10999,762,910,259.7,284.8
LS37_s01a_sc09,LS37,AF568,roi,Dm,9,94.92,129.39,11.0,LS37_1a.czi,9,-31053.85,10879.6,-31435,10424,762,911,259.7,284.8
LS37_s01a_sc09,LS37,AF568,roi,Dm,10,78.96,137.66,11.0,LS37_1a.czi,9,-30432.65,10904.67,-30813,10449,761,911,259.7,284.8
LS37_s01a_sc09,LS37,AF568,roi,Vd,11,74.24,157.75,11.0,LS37_1a.czi,9,-29950.14,10275.95,-30331,9821,762,910,259.7,284.8
LS37_s01a_sc09,LS37,AF568,roi,Vl,12,41.74,174.88,11.0,LS37_1a.czi,9,-28680.27,10316.56,-29061,9861,762,911,259.7,284.8
LS37_s01a_sc09,LS37,AF568,roi,Vv,13,80.74,195.56,11.0,LS37_1a.czi,9,-29505.8,8781.13,-29887,8326,762,910,259.7,284.8
LS37_s01a_sc09,LS37,AF568,roi,Dm,14,168.17,106.35,11.0,LS37_1a.czi,9,-33652.31,10226.78,-34033,9772,761,910,259.7,284.8
LS37_s01a_sc09,LS37,AF568,roi,Dm,15,146.91,111.66,11.0,LS37_1a.czi,9,-32921.46,10465.9,-33302,10011,761,910,259.7,284.8
LS37_s01a_sc09,LS37,AF568,roi,Dm,16,130.95,130.57,11.0,LS37_1a.czi,9,-32120.07,10107.36,-32501,9652,762,911,259.7,284.8
LS37_s01a_sc09,LS37,AF568,roi,Dm,17,119.73,144.16,11.0,LS37_1a.czi,9,-31551.68,9844.63,-31932,9389,761,911,259.7,284.8
LS37_s01a_sc09,LS37,AF568,roi,Dm,18,106.14,160.7,11.0,LS37_1a.czi,9,-30861.88,9523.54,-31243,9068,762,911,259.7,284.8
LS37_s01a_sc09,LS37,AF568,roi,Vd,19,101.41,177.83,11.0,LS37_1a.czi,9,-30429.19,9001.74,-30810,8546,762,911,259.7,284.8
LS37_s01a_sc09,LS37,AF568,roi,Vv,20,101.41,197.92,11.0,LS37_1a.czi,9,-30088.97,8277.43,-30470,7822,762,911,259.7,284.8
LS37_s01a_sc09,LS37,AF568,roi,Vl,21,125.64,197.33,11.0,LS37_1a.czi,9,-30829.43,7807.98,-31210,7353,761,910,259.7,284.8
LS37_s01a_sc09,LS37,AF568,roi,Dl,22,192.4,153.61,11.0,LS37_1a.czi,9,-33582.44,8032.18,-33963,7577,761,910,259.7,284.8
LS37_s01a_sc09,LS37,AF568,roi,Dl,23,174.67,148.29,11.0,LS37_1a.czi,9,-33138.02,8583.06,-33519,8128,762,910,259.7,284.8
LS37_s01a_sc09,LS37,AF568,roi,Dl,24,161.08,160.7,11.0,LS37_1a.czi,9,-32518.16,8410.87,-32899,7956,762,910,259.7,284.8
LS37_s01a_sc09,LS37,AF568,roi,Dl,25,233.75,144.75,11.0,LS37_1a.czi,9,-34979.07,7514.18,-35360,7059,762,910,259.7,284.8
LS37_s01a_sc09,LS37,AF568,roi,Dl,26,218.98,159.52,11.0,LS37_1a.czi,9,-34283.67,7280.8,-34664,6826,761,910,259.7,284.8
LS37_s01a_sc10,LS37,AF568,background,__background__,,57.7,76.81,16.34,LS37_1a.czi,10,-30130.92,27721.58,-30701,27059,1140,1326,387.8,415.1
LS37_s01a_sc10,LS37,AF568,background,__background__,,37.02,77.99,17.01,LS37_1a.czi,10,-29494.5,28119.15,-30088,27429,1187,1380,403.7,432.1
LS37_s01a_sc10,LS37,AF568,background,__background__,,66.56,160.7,12.96,LS37_1a.czi,10,-28864.58,24634.3,-29317,24108,905,1052,307.6,329.2
LS37_s01a_sc10,LS37,AF568,roi,Dl,1,18.11,67.36,11.0,LS37_1a.czi,10,-29126.07,28887.38,-29510,28441,768,893,261.1,279.4
LS37_s01a_sc10,LS37,AF568,roi,Dl,2,10.43,91.58,11.0,LS37_1a.czi,10,-28456.05,28213.07,-28840,27767,768,893,261.1,279.4
LS37_s01a_sc10,LS37,AF568,roi,Dl,3,13.98,111.66,11.0,LS37_1a.czi,10,-28195.43,27443.8,-28580,26997,769,893,261.1,279.4
LS37_s01a_sc10,LS37,AF568,roi,Dl,4,28.16,126.43,11.0,LS37_1a.czi,10,-28347.72,26632.73,-28732,26186,768,893,261.1,279.4
LS37_s01a_sc10,LS37,AF568,roi,Dl,5,35.84,144.75,11.0,LS37_1a.czi,10,-28242.0,25836.75,-28626,25390,768,893,261.1,279.4
LS37_s01a_sc10,LS37,AF568,roi,Dl,6,38.2,163.06,11.0,LS37_1a.czi,10,-27978.28,25153.88,-28362,24707,768,893,261.1,279.4
LS37_s01a_sc10,LS37,AF568,roi,Dm,7,91.37,63.22,11.0,LS37_1a.czi,10,-31379.89,27477.58,-31764,27031,768,893,261.1,279.4
LS37_s01a_sc10,LS37,AF568,roi,Dm,8,91.37,80.94,11.0,LS37_1a.czi,10,-31056.76,26865.13,-31441,26419,768,893,261.1,279.4
LS37_s01a_sc10,LS37,AF568,roi,Dm,9,93.14,104.58,11.0,LS37_1a.czi,10,-30678.29,26010.55,-31062,25564,768,893,261.1,279.4
LS37_s01a_sc10,LS37,AF568,roi,Dm,10,102.01,124.07,11.0,LS37_1a.czi,10,-30586.62,25148.9,-30971,24702,769,893,261.1,279.4
LS37_s01a_sc10,LS37,AF568,roi,Dm,11,90.78,135.3,11.0,LS37_1a.czi,10,-30047.92,24998.8,-30432,24552,768,893,261.1,279.4
LS37_s01a_sc10,LS37,AF568,roi,Vd,12,84.28,160.7,11.0,LS37_1a.czi,10,-29391.46,24258.69,-29776,23812,769,893,261.1,279.4
LS37_s01a_sc10,LS37,AF568,roi,Vl,13,54.74,184.33,11.0,LS37_1a.czi,10,-28082.21,24068.13,-28466,23622,768,893,261.1,279.4
LS37_s01a_sc10,LS37,AF568,roi,Vv,14,81.92,191.42,11.0,LS37_1a.czi,10,-28761.09,23246.95,-29145,22800,768,893,261.1,279.4
LS37_s01a_sc10,LS37,AF568,roi,Dm,15,185.31,87.44,11.0,LS37_1a.czi,10,-33731.45,24649.22,-34116,24203,769,893,261.1,279.4
LS37_s01a_sc10,LS37,AF568,roi,Dm,16,162.27,94.53,11.0,LS37_1a.czi,10,-32917.08,24892.55,-33301,24446,768,893,261.1,279.4
LS37_s01a_sc10,LS37,AF568,roi,Dm,17,141.0,102.21,11.0,LS37_1a.czi,10,-32144.59,25077.97,-32529,24632,769,892,261.1,279.4
LS37_s01a_sc10,LS37,AF568,roi,Dm,18,130.95,114.62,11.0,LS37_1a.czi,10,-31619.46,24862.08,-32004,24416,769,893,261.1,279.4
LS37_s01a_sc10,LS37,AF568,roi,Dm,19,117.37,135.3,11.0,LS37_1a.czi,10,-30838.55,24435.18,-31223,23989,769,893,261.1,279.4
LS37_s01a_sc10,LS37,AF568,roi,Vd,20,109.09,151.84,11.0,LS37_1a.czi,10,-30290.74,24039.02,-30675,23593,768,892,261.1,279.4
LS37_s01a_sc10,LS37,AF568,roi,Vl,21,135.68,178.42,11.0,LS37_1a.czi,10,-30596.66,22556.71,-30981,22110,769,893,261.1,279.4
LS37_s01a_sc10,LS37,AF568,roi,Vv,22,109.69,184.92,11.0,LS37_1a.czi,10,-29705.34,22882.97,-30090,22436,769,893,261.1,279.4
LS37_s01a_sc10,LS37,AF568,roi,Dl,23,205.39,154.2,11.0,LS37_1a.czi,10,-33111.1,21916.18,-33495,21470,768,893,261.1,279.4
LS37_s01a_sc10,LS37,AF568,roi,Dl,24,190.03,142.98,11.0,LS37_1a.czi,10,-32858.99,22629.56,-33243,22183,768,893,261.1,279.4
LS37_s01a_sc10,LS37,AF568,roi,Dl,25,172.9,137.07,11.0,LS37_1a.czi,10,-32457.41,23196.93,-32842,22750,769,893,261.1,279.4
LS37_s01a_sc10,LS37,AF568,roi,Dl,26,162.27,147.11,11.0,LS37_1a.czi,10,-31958.25,23075.24,-32342,22629,768,893,261.1,279.4
LS37_s01a_sc10,LS37,AF568,roi,Dl,27,243.2,118.75,11.0,LS37_1a.czi,10,-34881.8,22339.97,-35266,21893,768,893,261.1,279.4
LS37_s01a_sc10,LS37,AF568,roi,Dl,28,230.21,139.43,11.0,LS37_1a.czi,10,-34118.44,21900.56,-34503,21454,769,893,261.1,279.4
LS37_s01a_sc11,LS37,AF568,background,__background__,,37.61,62.63,14.95,LS37_1a.czi,11,-16354.79,13348.4,-16971,12818,1232,1061,376.6,370.0
LS37_s01a_sc11,LS37,AF568,background,__background__,,245.57,82.12,21.72,LS37_1a.czi,11,-22224.69,7939.07,-23120,7169,1790,1540,547.1,537.5
LS37_s01a_sc11,LS37,AF568,background,__background__,,148.09,142.98,13.6,LS37_1a.czi,11,-17558.83,8620.62,-18119,8138,1121,965,342.6,336.6
LS37_s01a_sc11,LS37,AF568,roi,Dl,1,9.25,82.72,11.0,LS37_1a.czi,11,-14932.14,13483.54,-15386,13093,907,781,277.1,272.2
LS37_s01a_sc11,LS37,AF568,roi,Dl,2,22.84,102.8,11.0,LS37_1a.czi,11,-14801.38,12631.9,-15255,12242,907,780,277.1,272.2
LS37_s01a_sc11,LS37,AF568,roi,Dl,3,39.38,114.03,11.0,LS37_1a.czi,11,-15003.5,11945.27,-15457,11555,907,780,277.1,272.2
LS37_s01a_sc11,LS37,AF568,roi,Dl,4,52.97,134.11,11.0,LS37_1a.czi,11,-14872.74,11093.64,-15326,10703,907,781,277.1,272.2
LS37_s01a_sc11,LS37,AF568,roi,Dl,5,67.74,155.97,11.0,LS37_1a.czi,11,-14729.63,10167.09,-15183,9777,907,780,277.1,272.2
LS37_s01a_sc11,LS37,AF568,roi,Dm,6,86.64,62.63,11.0,LS37_1a.czi,11,-17864.39,12194.77,-18318,11805,907,780,277.1,272.2
LS37_s01a_sc11,LS37,AF568,roi,Dm,7,95.51,78.58,11.0,LS37_1a.czi,11,-17701.26,11563.59,-18155,11173,907,781,277.1,272.2
LS37_s01a_sc11,LS37,AF568,roi,Dm,8,102.6,100.44,11.0,LS37_1a.czi,11,-17321.69,10817.75,-17775,10428,907,780,277.1,272.2
LS37_s01a_sc11,LS37,AF568,roi,Dm,9,104.37,118.75,11.0,LS37_1a.czi,11,-16875.41,10291.11,-17329,9901,907,780,277.1,272.2
LS37_s01a_sc11,LS37,AF568,roi,Vs,10,107.91,166.61,11.0,LS37_1a.czi,11,-15675.44,8940.1,-16129,8550,907,780,277.1,272.2
LS37_s01a_sc11,LS37,AF568,roi,Vc,11,83.1,192.01,11.0,LS37_1a.czi,11,-14216.87,8851.06,-14670,8461,907,780,277.1,272.2
LS37_s01a_sc11,LS37,AF568,roi,Dm,12,183.53,69.72,11.0,LS37_1a.czi,11,-20653.66,9727.26,-21107,9337,907,780,277.1,272.2
LS37_s01a_sc11,LS37,AF568,roi,Dm,13,165.22,76.22,11.0,LS37_1a.czi,11,-19912.13,9985.9,-20366,9596,907,780,277.1,272.2
LS37_s01a_sc11,LS37,AF568,roi,Dm,14,150.45,85.67,11.0,LS37_1a.czi,11,-19198.92,10083.11,-19652,9693,907,780,277.1,272.2
LS37_s01a_sc11,LS37,AF568,roi,Dm,15,137.45,99.85,11.0,LS37_1a.czi,11,-18410.83,10013.39,-18864,9623,907,781,277.1,272.2
LS37_s01a_sc11,LS37,AF568,roi,Vs,16,127.41,165.43,11.0,LS37_1a.czi,11,-16308.1,8512.55,-16762,8122,907,781,277.1,272.2
LS37_s01a_sc11,LS37,AF568,roi,Vc,17,154.59,184.92,11.0,LS37_1a.czi,11,-16611.91,7356.78,-17065,6967,907,780,277.1,272.2
LS37_s01a_sc11,LS37,AF568,roi,Dl,18,244.39,99.26,11.0,LS37_1a.czi,11,-21719.58,7512.84,-22173,7123,907,780,277.1,272.2
LS37_s01a_sc11,LS37,AF568,roi,Dl,19,238.48,118.16,11.0,LS37_1a.czi,11,-21020.71,7151.27,-21474,6761,907,780,277.1,272.2
LS37_s01a_sc11,LS37,AF568,roi,Dl,20,231.39,131.16,11.0,LS37_1a.czi,11,-20446.86,6973.75,-20900,6584,907,780,277.1,272.2
LS37_s01a_sc11,LS37,AF568,roi,Dl,21,216.03,136.48,11.0,LS37_1a.czi,11,-19828.43,7194.24,-20282,6804,907,780,277.1,272.2
LS37_s01a_sc11,LS37,AF568,roi,Dl,22,197.71,128.21,11.0,LS37_1a.czi,11,-19490.56,7844.34,-19944,7454,907,781,277.1,272.2
LS37_s01a_sc12,LS37,AF568,background,__background__,,71.87,64.4,14.91,LS37_1a.czi,12,-15995.35,28144.22,-16568,27651,1145,986,363.3,329.7
LS37_s01a_sc12,LS37,AF568,background,__background__,,34.06,41.95,9.69,LS37_1a.czi,12,-15039.56,29340.72,-15412,29020,745,641,236.1,214.3
LS37_s01a_sc12,LS37,AF568,background,__background__,,224.89,119.94,13.01,LS37_1a.czi,12,-20432.06,24360.36,-20932,23930,1000,860,317.0,287.7
LS37_s01a_sc12,LS37,AF568,roi,Dl,1,15.75,47.86,11.0,LS37_1a.czi,12,-14306.54,29417.19,-14729,29054,845,727,268.1,243.2
LS37_s01a_sc12,LS37,AF568,roi,Dl,2,13.39,66.17,11.0,LS37_1a.czi,12,-13929.55,28901.11,-14352,28537,845,728,268.1,243.2
LS37_s01a_sc12,LS37,AF568,roi,Dl,3,20.48,86.26,11.0,LS37_1a.czi,12,-13853.12,28200.81,-14276,27837,846,727,268.1,243.2
LS37_s01a_sc12,LS37,AF568,roi,Dl,4,33.47,103.39,11.0,LS37_1a.czi,12,-14029.89,27507.5,-14453,27144,846,727,268.1,243.2
LS37_s01a_sc12,LS37,AF568,roi,Dl,5,55.92,121.71,11.0,LS37_1a.czi,12,-14517.06,26647.51,-14940,26284,846,727,268.1,243.2
LS37_s01a_sc12,LS37,AF568,roi,Vc,6,62.42,204.42,11.0,LS37_1a.czi,12,-13411.96,24078.62,-13835,23715,846,727,268.1,243.2
LS37_s01a_sc12,LS37,AF568,roi,Dm,7,94.32,69.72,11.0,LS37_1a.czi,12,-16691.81,27673.85,-17114,27310,845,728,268.1,243.2
LS37_s01a_sc12,LS37,AF568,roi,Dm,8,96.69,92.17,11.0,LS37_1a.czi,12,-16412.95,26968.19,-16836,26605,846,727,268.1,243.2
LS37_s01a_sc12,LS37,AF568,roi,Dm,9,99.05,114.03,11.0,LS37_1a.czi,12,-16143.24,26280.35,-16566,25917,845,727,268.1,243.2
LS37_s01a_sc12,LS37,AF568,roi,Dm,10,94.32,137.07,11.0,LS37_1a.czi,12,-15607.54,25655.33,-16030,25292,845,727,268.1,243.2
LS37_s01a_sc12,LS37,AF568,roi,Vs,11,86.64,168.38,11.0,LS37_1a.czi,12,-14835.93,24823.32,-15259,24460,846,727,268.1,243.2
LS37_s01a_sc12,LS37,AF568,roi,Dm,12,188.26,103.98,11.0,LS37_1a.czi,12,-19412.9,25346.01,-19836,24982,846,728,268.1,243.2
LS37_s01a_sc12,LS37,AF568,roi,Dm,13,165.81,106.35,11.0,LS37_1a.czi,12,-18592.64,25585.91,-19015,25222,845,728,268.1,243.2
LS37_s01a_sc12,LS37,AF568,roi,Dm,14,146.31,109.89,11.0,LS37_1a.czi,12,-17856.32,25749.88,-18279,25386,845,728,268.1,243.2
LS37_s01a_sc12,LS37,AF568,roi,Dm,15,123.86,140.61,11.0,LS37_1a.czi,12,-16579.66,25140.11,-17002,24776,845,728,268.1,243.2
LS37_s01a_sc12,LS37,AF568,roi,Vs,16,113.23,168.97,11.0,LS37_1a.czi,12,-15752.77,24437.37,-16175,24074,845,727,268.1,243.2
LS37_s01a_sc12,LS37,AF568,roi,Vc,17,129.18,204.42,11.0,LS37_1a.czi,12,-15737.72,23154.01,-16160,22790,845,728,268.1,243.2
LS37_s01a_sc12,LS37,AF568,roi,Dl,18,217.21,173.7,11.0,LS37_1a.czi,12,-19299.03,22855.51,-19722,22492,846,727,268.1,243.2
LS37_s01a_sc12,LS37,AF568,roi,Dl,19,197.71,163.06,11.0,LS37_1a.czi,12,-18790.99,23444.47,-19214,23081,846,727,268.1,243.2
LS37_s01a_sc12,LS37,AF568,roi,Dl,20,182.94,151.84,11.0,LS37_1a.czi,12,-18457.07,23985.3,-18880,23622,846,727,268.1,243.2
LS37_s01a_sc12,LS37,AF568,roi,Dl,21,249.7,148.88,11.0,LS37_1a.czi,12,-20830.48,23149.4,-21253,22786,845,727,268.1,243.2
LS37_s01a_sc12,LS37,AF568,roi,Dl,22,237.89,168.97,11.0,LS37_1a.czi,12,-20095.62,22710.86,-20518,22347,845,728,268.1,243.2
LS37_s03a_sc01,LS37,AF568,background,__background__,,120.37,86.16,14.3,LS37_3a.czi,1,-78923.17,23894.73,-79307,23362,767,1066,340.2,256.8
LS37_s03a_sc01,LS37,AF568,background,__background__,,65.61,186.31,10.47,LS37_3a.czi,1,-76721.01,26842.15,-77002,26452,562,780,249.1,188.0
LS37_s03a_sc01,LS37,AF568,background,__background__,,16.53,165.65,10.45,LS37_3a.czi,1,-77600.49,28402.83,-77881,28013,561,779,248.6,187.7
LS37_s03a_sc01,LS37,AF568,background,__background__,,126.78,39.33,10.65,LS37_3a.czi,1,-80088.09,23206.02,-80374,22809,572,794,253.4,191.3
LS37_s03a_sc01,LS37,AF568,roi,Dl,1,25.35,229.77,11.0,LS37_3a.czi,1,-75881.56,28713.75,-76177,28304,590,820,261.7,197.6
LS37_s03a_sc01,LS37,AF568,roi,Dl,2,40.59,221.43,11.0,LS37_3a.czi,1,-75989.73,28084.68,-76285,27675,590,820,261.7,197.6
LS37_s03a_sc01,LS37,AF568,roi,Dl,3,59.5,209.62,11.0,LS37_3a.czi,1,-76161.72,27289.82,-76457,26880,590,820,261.7,197.6
LS37_s03a_sc01,LS37,AF568,roi,Dl,4,78.5,207.06,11.0,LS37_3a.czi,1,-76094.06,26582.28,-76389,26172,590,820,261.7,197.6
LS37_s03a_sc01,LS37,AF568,roi,Dm,5,35.65,149.35,11.0,LS37_3a.czi,1,-77887.02,27556.47,-78182,27147,590,819,261.7,197.6
LS37_s03a_sc01,LS37,AF568,roi,Dm,6,56.54,150.99,11.0,LS37_3a.czi,1,-77697.53,26822.16,-77993,26412,591,820,261.7,197.6
LS37_s03a_sc01,LS37,AF568,roi,Dm,7,73.5,155.32,11.0,LS37_3a.czi,1,-77466.2,26255.35,-77761,25845,590,820,261.7,197.6
LS37_s03a_sc01,LS37,AF568,roi,Dm,8,88.64,56.88,11.0,LS37_3a.czi,1,-79903.21,24747.81,-80198,24338,590,820,261.7,197.6
LS37_s03a_sc01,LS37,AF568,roi,Dm,9,89.43,83.55,11.0,LS37_3a.czi,1,-79208.51,24980.53,-79504,24571,591,819,261.7,197.6
LS37_s03a_sc01,LS37,AF568,roi,Dm,10,98.97,112.53,11.0,LS37_3a.czi,1,-78392.5,24921.57,-78688,24512,591,820,261.7,197.6
LS37_s03a_sc01,LS37,AF568,roi,Dl,11,159.14,78.11,11.0,LS37_3a.czi,1,-78858.14,22423.31,-79153,22013,590,820,261.7,197.6
LS37_s03a_sc01,LS37,AF568,roi,Dl,12,142.92,95.18,11.0,LS37_3a.czi,1,-78531.29,23173.04,-78826,22763,590,820,261.7,197.6
LS37_s03a_sc01,LS37,AF568,roi,Dl,13,126.97,111.72,11.0,LS37_3a.czi,1,-78216.24,23907.88,-78511,23498,590,820,261.7,197.6
LS37_s03a_sc01,LS37,AF568,roi,Dl,14,154.96,30.06,11.0,LS37_3a.czi,1,-80129.16,22103.05,-80424,21693,590,820,261.7,197.6
LS37_s03a_sc01,LS37,AF568,roi,Dl,15,170.78,52.9,11.0,LS37_3a.czi,1,-79427.58,21758.4,-79723,21348,590,820,261.7,197.6
LS37_s03a_sc02,LS37,AF568,background,__background__,,88.73,79.88,11.82,LS37_3a.czi,2,-69888.18,10056.83,-70231,9580,686,954,292.6,244.5
LS37_s03a_sc02,LS37,AF568,background,__background__,,57.27,179.06,7.4,LS37_3a.czi,2,-67777.87,13051.56,-67993,12753,430,597,183.2,153.1
LS37_s03a_sc02,LS37,AF568,background,__background__,,99.67,187.69,14.04,LS37_3a.czi,2,-66980.24,11706.3,-67388,11140,815,1132,347.6,290.4
LS37_s03a_sc02,LS37,AF568,background,__background__,,77.03,33.27,9.34,LS37_3a.czi,2,-71240.21,9591.68,-71511,9215,542,753,231.2,193.2
LS37_s03a_sc02,LS37,AF568,roi,Dl,1,44.45,231.68,11.0,LS37_3a.czi,2,-66605.58,14502.69,-66925,14059,639,887,272.3,227.5
LS37_s03a_sc02,LS37,AF568,roi,Dl,2,59.81,227.56,11.0,LS37_3a.czi,2,-66502.08,13878.32,-66821,13435,638,887,272.3,227.5
LS37_s03a_sc02,LS37,AF568,roi,Dl,3,68.74,212.56,11.0,LS37_3a.czi,2,-66764.49,13276.97,-67084,12833,639,888,272.3,227.5
LS37_s03a_sc02,LS37,AF568,roi,Dl,4,74.08,197.73,11.0,LS37_3a.czi,2,-67071.39,12806.56,-67391,12363,639,887,272.3,227.5
LS37_s03a_sc02,LS37,AF568,roi,Dm,5,29.96,158.55,11.0,LS37_3a.czi,2,-68674.27,13635.31,-68994,13192,639,887,272.3,227.5
LS37_s03a_sc02,LS37,AF568,roi,Dm,6,44.3,153.12,11.0,LS37_3a.czi,2,-68618.17,13022.46,-68937,12579,638,887,272.3,227.5
LS37_s03a_sc02,LS37,AF568,roi,Dm,7,62.15,148.11,11.0,LS37_3a.czi,2,-68503.58,12292.68,-68823,11849,639,887,272.3,227.5
LS37_s03a_sc02,LS37,AF568,roi,Dm,8,51.84,49.9,11.0,LS37_3a.czi,2,-71157.27,10802.33,-71477,10359,639,887,272.3,227.5
LS37_s03a_sc02,LS37,AF568,roi,Dm,9,58.48,69.14,11.0,LS37_3a.czi,2,-70574.54,10929.93,-70894,10486,639,888,272.3,227.5
LS37_s03a_sc02,LS37,AF568,roi,Dm,10,68.04,88.72,11.0,LS37_3a.czi,2,-69943.39,10960.07,-70263,10516,639,888,272.3,227.5
LS37_s03a_sc02,LS37,AF568,roi,Dl,11,84.15,8.53,11.0,LS37_3a.czi,2,-71776.51,8870.55,-72096,8427,639,887,272.3,227.5
LS37_s03a_sc02,LS37,AF568,roi,Dl,12,100.6,15.26,11.0,LS37_3a.czi,2,-71380.5,8412.57,-71700,7969,639,887,272.3,227.5
LS37_s03a_sc02,LS37,AF568,roi,Dl,13,110.68,35.5,11.0,LS37_3a.czi,2,-70725.39,8436.7,-71045,7993,639,887,272.3,227.5
LS37_s03a_sc02,LS37,AF568,roi,Dl,14,113.51,56.66,11.0,LS37_3a.czi,2,-70145.36,8736.15,-70465,8292,639,888,272.3,227.5
LS37_s03a_sc03,LS37,AF568,background,__background__,,63.32,182.62,15.14,LS37_3a.czi,3,-62412.22,28395.11,-62922,27885,1020,1020,331.2,331.2
LS37_s03a_sc03,LS37,AF568,background,__background__,,37.0,204.55,11.96,LS37_3a.czi,3,-62191.12,29526.87,-62594,29124,806,806,261.7,261.7
LS37_s03a_sc03,LS37,AF568,background,__background__,,99.76,36.44,9.83,LS37_3a.czi,3,-66136.26,24953.24,-66468,24622,663,663,215.1,215.1
LS37_s03a_sc03,LS37,AF568,roi,Dl,1,40.74,228.62,11.0,LS37_3a.czi,3,-61420.24,29806.16,-61791,29435,741,742,240.7,240.7
LS37_s03a_sc03,LS37,AF568,roi,Dl,2,54.76,218.03,11.0,LS37_3a.czi,3,-61505.8,29220.97,-61877,28850,742,742,240.7,240.7
LS37_s03a_sc03,LS37,AF568,roi,Dl,3,70.65,199.9,11.0,LS37_3a.czi,3,-61783.6,28458.54,-62154,28088,741,741,240.7,240.7
LS37_s03a_sc03,LS37,AF568,roi,Dl,4,88.57,192.04,11.0,LS37_3a.czi,3,-61725.45,27802.45,-62096,27432,741,741,240.7,240.7
LS37_s03a_sc03,LS37,AF568,roi,Dm,5,42.94,158.82,11.0,LS37_3a.czi,3,-63444.51,28611.26,-63815,28241,741,741,240.7,240.7
LS37_s03a_sc03,LS37,AF568,roi,Dm,6,56.37,154.7,11.0,LS37_3a.czi,3,-63348.69,28148.22,-63719,27777,741,742,240.7,240.7
LS37_s03a_sc03,LS37,AF568,roi,Dm,7,73.27,144.97,11.0,LS37_3a.czi,3,-63362.24,27491.97,-63733,27121,741,742,240.7,240.7
LS37_s03a_sc03,LS37,AF568,roi,POA,8,107.34,142.14,11.0,LS37_3a.czi,3,-62894.2,26440.7,-63265,26070,742,741,240.7,240.7
LS37_s03a_sc03,LS37,AF568,roi,Dm,9,61.78,49.6,11.0,LS37_3a.czi,3,-66362.74,26287.13,-66733,25916,741,742,240.7,240.7
LS37_s03a_sc03,LS37,AF568,roi,Dm,10,70.66,62.86,11.0,LS37_3a.czi,3,-65827.67,26239.73,-66198,25869,741,741,240.7,240.7
LS37_s03a_sc03,LS37,AF568,roi,Dm,11,74.29,81.59,11.0,LS37_3a.czi,3,-65216.15,26435.82,-65587,26065,742,742,240.7,240.7
LS37_s03a_sc03,LS37,AF568,roi,POA,12,113.66,124.92,11.0,LS37_3a.czi,3,-63300.08,25975.42,-63671,25605,742,741,240.7,240.7
LS37_s03a_sc03,LS37,AF568,roi,Dl,13,124.95,13.82,14.53,LS37_3a.czi,3,-66396.01,23843.66,-66886,23354,980,979,317.9,317.9
LS37_s03a_sc03,LS37,AF568,roi,Dl,14,138.22,31.05,11.0,LS37_3a.czi,3,-65672.71,23730.98,-66043,23360,741,742,240.7,240.7
LS37_s03a_sc03,LS37,AF568,roi,Dl,15,131.96,54.21,11.0,LS37_3a.czi,3,-65090.57,24290.65,-65461,23920,741,741,240.7,240.7
LS37_s03a_sc03,LS37,AF568,roi,Dl,16,121.15,68.65,11.0,LS37_3a.czi,3,-64839.42,24843.44,-65210,24473,741,741,240.7,240.7
LS37_s03a_sc04,LS37,AF568,background,__background__,,77.19,73.26,7.4,LS37_3a.czi,4,-56358.44,12843.19,-56562,12607,407,473,133.1,152.2
LS37_s03a_sc04,LS37,AF568,background,__background__,,55.92,103.39,12.75,LS37_3a.czi,4,-55599.38,12066.33,-55949,11659,700,814,229.4,262.3
LS37_s03a_sc04,LS37,AF568,background,__background__,,172.31,145.93,11.36,LS37_3a.czi,4,-58433.21,9886.51,-58745,9524,624,725,204.4,233.7
LS37_s03a_sc04,LS37,AF568,roi,Dl,1,24.02,60.86,11.0,LS37_3a.czi,4,-55019.12,13620.92,-55321,13270,604,702,197.9,226.3
LS37_s03a_sc04,LS37,AF568,roi,Dl,2,40.56,74.44,11.0,LS37_3a.czi,4,-55373.88,13077.53,-55676,12726,604,703,197.9,226.3
LS37_s03a_sc04,LS37,AF568,roi,Dl,3,42.93,87.44,11.0,LS37_3a.czi,4,-55354.38,12656.94,-55657,12306,605,702,197.9,226.3
LS37_s03a_sc04,LS37,AF568,roi,Dl,4,51.79,108.12,11.0,LS37_3a.czi,4,-55459.12,11950.22,-55761,11599,604,702,197.9,226.3
LS37_s03a_sc04,LS37,AF568,roi,Dm,5,106.14,67.36,11.0,LS37_3a.czi,4,-57168.18,12811.99,-57470,12461,604,702,197.9,226.3
LS37_s03a_sc04,LS37,AF568,roi,Dm,6,113.82,81.53,11.0,LS37_3a.czi,4,-57282.86,12315.85,-57585,11965,604,702,197.9,226.3
LS37_s03a_sc04,LS37,AF568,roi,Dm,7,113.82,99.26,11.0,LS37_3a.czi,4,-57170.05,11766.13,-57472,11415,604,702,197.9,226.3
LS37_s03a_sc04,LS37,AF568,roi,POA,8,105.55,141.2,11.0,LS37_3a.czi,4,-56682.59,10526.95,-56985,10176,605,702,197.9,226.3
LS37_s03a_sc04,LS37,AF568,roi,Dm,9,226.07,121.12,11.0,LS37_3a.czi,4,-60025.04,10258.11,-60327,9907,604,702,197.9,226.3
LS37_s03a_sc04,LS37,AF568,roi,Dm,10,205.98,121.12,11.0,LS37_3a.czi,4,-59489.17,10406.71,-59791,10056,604,702,197.9,226.3
LS37_s03a_sc04,LS37,AF568,roi,Dm,11,182.94,123.48,11.0,LS37_3a.czi,4,-58859.6,10503.95,-59162,10153,605,702,197.9,226.3
LS37_s03a_sc04,LS37,AF568,roi,POA,12,129.77,147.7,11.0,LS37_3a.czi,4,-57287.26,10146.27,-57589,9795,604,702,197.9,226.3
LS37_s03a_sc04,LS37,AF568,roi,Dl,13,233.75,197.92,11.0,LS37_3a.czi,4,-59741.21,7820.13,-60043,7469,604,702,197.9,226.3
LS37_s03a_sc04,LS37,AF568,roi,Dl,14,213.07,203.24,11.0,LS37_3a.czi,4,-59155.75,7808.14,-59458,7457,604,702,197.9,226.3
LS37_s03a_sc04,LS37,AF568,roi,Dl,15,193.58,189.65,11.0,LS37_3a.czi,4,-58722.36,8373.65,-59024,8023,604,702,197.9,226.3
LS37_s03a_sc05,LS37,AF568,background,__background__,,162.86,113.44,10.65,LS37_3a.czi,5,-45638.69,9862.72,-45869,9543,460,639,206.3,150.8
LS37_s03a_sc05,LS37,AF568,background,__background__,,159.31,145.93,10.65,LS37_3a.czi,5,-44934.87,9821.31,-45165,9502,460,639,206.3,150.8
LS37_s03a_sc05,LS37,AF568,background,__background__,,93.14,187.29,7.52,LS37_3a.czi,5,-43838.83,11594.75,-44001,11369,325,452,145.7,106.5
LS37_s03a_sc05,LS37,AF568,background,__background__,,74.83,187.29,10.86,LS37_3a.czi,5,-43779.42,12137.11,-44014,11811,469,652,210.3,153.7
LS37_s03a_sc05,LS37,AF568,roi,Dl,1,44.7,190.83,11.0,LS37_3a.czi,5,-43606.21,13013.62,-43844,12684,475,660,213.1,155.7
LS37_s03a_sc05,LS37,AF568,roi,Dl,2,61.24,197.33,11.0,LS37_3a.czi,5,-43521.38,12494.37,-43759,12164,475,660,213.1,155.7
LS37_s03a_sc05,LS37,AF568,roi,Dl,3,87.83,198.51,11.0,LS37_3a.czi,5,-43582.52,11701.42,-43820,11371,475,661,213.1,155.7
LS37_s03a_sc05,LS37,AF568,roi,Dm,4,65.38,147.7,11.0,LS37_3a.czi,5,-44592.34,12595.62,-44830,12266,475,660,213.1,155.7
LS37_s03a_sc05,LS37,AF568,roi,Dm,5,87.83,153.02,11.0,LS37_3a.czi,5,-44551.83,11906.63,-44789,11577,475,660,213.1,155.7
LS37_s03a_sc05,LS37,AF568,roi,Dm,6,106.73,157.75,11.0,LS37_3a.czi,5,-44512.38,11325.46,-44750,10995,475,661,213.1,155.7
LS37_s03a_sc05,LS37,AF568,roi,POA,7,128.59,179.01,11.0,LS37_3a.czi,5,-44130.3,10582.04,-44368,10252,475,660,213.1,155.7
LS37_s03a_sc05,LS37,AF568,roi,Dm,8,165.81,75.63,11.0,LS37_3a.czi,5,-46453.93,9945.9,-46692,9616,476,660,213.1,155.7
LS37_s03a_sc05,LS37,AF568,roi,Dm,9,155.77,93.94,11.0,LS37_3a.czi,5,-46031.2,10160.69,-46269,9831,475,660,213.1,155.7
LS37_s03a_sc05,LS37,AF568,roi,POA,10,139.82,151.84,11.0,LS37_3a.czi,5,-44745.69,10371.96,-44983,10042,475,660,213.1,155.7
LS37_s03a_sc05,LS37,AF568,roi,Dl,11,227.25,93.35,11.0,LS37_3a.czi,5,-46275.73,8046.05,-46513,7716,475,660,213.1,155.7
LS37_s03a_sc05,LS37,AF568,roi,Dl,12,218.98,114.62,11.0,LS37_3a.czi,5,-45795.66,8195.06,-46033,7865,475,660,213.1,155.7
LS37_s03a_sc06,LS37,AF568,background,__background__,,168.17,92.76,11.89,LS37_3a.czi,6,-39971.88,23139.44,-40274,22739,604,800,225.8,234.1
LS37_s03a_sc06,LS37,AF568,background,__background__,,165.81,73.26,9.0,LS37_3a.czi,6,-40252.57,23684.5,-40481,23382,457,605,170.9,177.2
LS37_s03a_sc06,LS37,AF568,background,__background__,,78.37,98.67,13.28,LS37_3a.czi,6,-38162.03,24979.02,-38499,24532,674,894,252.2,261.5
LS37_s03a_sc06,LS37,AF568,background,__background__,,45.29,78.58,6.36,LS37_3a.czi,6,-37867.2,26219.39,-38029,26005,323,429,120.8,125.2
LS37_s03a_sc06,LS37,AF568,roi,Dl,1,34.65,74.44,11.0,LS37_3a.czi,6,-37733.6,26559.67,-38013,26190,559,740,208.9,216.6
LS37_s03a_sc06,LS37,AF568,roi,Dl,2,53.56,81.53,11.0,LS37_3a.czi,6,-37975.52,25961.67,-38255,25592,559,740,208.9,216.6
LS37_s03a_sc06,LS37,AF568,roi,Dl,3,70.1,90.99,11.0,LS37_3a.czi,6,-38132.7,25356.27,-38412,24986,558,740,208.9,216.6
LS37_s03a_sc06,LS37,AF568,roi,Dm,4,90.78,53.77,11.0,LS37_3a.czi,6,-39148.36,25838.83,-39428,25469,559,740,208.9,216.6
LS37_s03a_sc06,LS37,AF568,roi,Dm,5,99.05,69.13,11.0,LS37_3a.czi,6,-39049.42,25267.5,-39329,24897,559,741,208.9,216.6
LS37_s03a_sc06,LS37,AF568,roi,Dm,6,106.73,87.44,11.0,LS37_3a.czi,6,-38889.98,24634.69,-39169,24265,558,740,208.9,216.6
LS37_s03a_sc06,LS37,AF568,roi,POA,7,91.96,150.66,11.0,LS37_3a.czi,6,-37552.73,23364.18,-37832,22994,558,740,208.9,216.6
LS37_s03a_sc06,LS37,AF568,roi,Dm,8,191.21,44.9,11.0,LS37_3a.czi,6,-41210.19,23838.61,-41489,23469,558,740,208.9,216.6
LS37_s03a_sc06,LS37,AF568,roi,Dm,9,176.45,53.77,11.0,LS37_3a.czi,6,-40780.81,23941.37,-41060,23571,558,740,208.9,216.6
LS37_s03a_sc06,LS37,AF568,roi,Dm,10,161.68,68.54,11.0,LS37_3a.czi,6,-40252.7,23895.25,-40532,23525,558,740,208.9,216.6
LS37_s03a_sc06,LS37,AF568,roi,POA,11,118.55,121.71,11.0,LS37_3a.czi,6,-38542.88,23506.85,-38822,23137,558,740,208.9,216.6
LS37_s03a_sc06,LS37,AF568,roi,Dl,12,236.12,96.89,11.0,LS37_3a.czi,6,-41197.7,21530.08,-41477,21160,558,740,208.9,216.6
LS37_s03a_sc06,LS37,AF568,roi,Dl,13,223.12,103.98,11.0,LS37_3a.czi,6,-40831.57,21638.84,-41111,21269,559,740,208.9,216.6
LS37_s03a_sc06,LS37,AF568,roi,Dl,14,203.03,100.44,11.0,LS37_3a.czi,6,-40507.88,22173.26,-40787,21803,558,740,208.9,216.6
LS37_s03a_sc07,LS37,AF568,background,__background__,,166.99,86.85,13.74,LS37_3a.czi,7,-32962.26,7722.31,-33307,7310,689,824,260.8,231.3
LS37_s03a_sc07,LS37,AF568,background,__background__,,171.13,134.11,15.36,LS37_3a.czi,7,-31921.29,7037.99,-32306,6578,770,920,291.6,258.6
LS37_s03a_sc07,LS37,AF568,background,__background__,,82.51,150.07,10.45,LS37_3a.czi,7,-30660.48,9273.4,-30923,8960,525,627,198.4,175.9
LS37_s03a_sc07,LS37,AF568,roi,Dl,1,39.97,138.25,11.0,LS37_3a.czi,7,-30501.61,10581.78,-30777,10252,551,660,208.8,185.2
LS37_s03a_sc07,LS37,AF568,roi,Dl,2,60.06,140.02,11.0,LS37_3a.czi,7,-30663.98,10009.93,-30940,9680,552,660,208.8,185.2
LS37_s03a_sc07,LS37,AF568,roi,Dl,3,74.24,145.34,11.0,LS37_3a.czi,7,-30685.32,9557.13,-30961,9227,552,660,208.8,185.2
LS37_s03a_sc07,LS37,AF568,roi,Dm,4,64.79,99.85,11.0,LS37_3a.czi,7,-31632.11,10365.57,-31908,10036,552,659,208.8,185.2
LS37_s03a_sc07,LS37,AF568,roi,Dm,5,87.83,101.62,11.0,LS37_3a.czi,7,-31824.28,9712.89,-32100,9383,552,660,208.8,185.2
LS37_s03a_sc07,LS37,AF568,roi,POA,6,122.68,145.93,11.0,LS37_3a.czi,7,-31161.09,8222.74,-31437,7893,552,660,208.8,185.2
LS37_s03a_sc07,LS37,AF568,roi,POA,7,125.05,170.15,11.0,LS37_3a.czi,7,-30630.11,7865.24,-30906,7535,552,660,208.8,185.2
LS37_s03a_sc07,LS37,AF568,roi,Dm,8,169.95,60.27,11.0,LS37_3a.czi,7,-33601.15,7962.28,-33877,7632,552,660,208.8,185.2
LS37_s03a_sc07,LS37,AF568,roi,Dm,9,160.49,76.81,11.0,LS37_3a.czi,7,-33126.64,8021.69,-33403,7692,552,659,208.8,185.2
LS37_s03a_sc07,LS37,AF568,roi,POA,10,142.77,114.03,11.0,LS37_3a.czi,7,-32094.89,8057.62,-32371,7728,552,659,208.8,185.2
LS37_s03a_sc07,LS37,AF568,roi,POA,11,135.68,133.52,11.0,LS37_3a.czi,7,-31576.73,8016.45,-31853,7687,552,659,208.8,185.2
LS37_s03a_sc07,LS37,AF568,roi,Dl,12,230.21,81.53,11.0,LS37_3a.czi,7,-33722.73,6054.34,-33999,5725,552,659,208.8,185.2
LS37_s03a_sc07,LS37,AF568,roi,Dl,13,213.07,96.3,11.0,LS37_3a.czi,7,-33211.2,6345.56,-33487,6016,552,659,208.8,185.2
LS37_s03a_sc07,LS37,AF568,roi,Dl,14,196.53,102.21,11.0,LS37_3a.czi,7,-32908.72,6727.37,-33185,6398,552,659,208.8,185.2
LS37_s05a_sc03,LS37,AF568,background,__background__,,153.02,124.28,15.14,LS37_5a.czi,3,-52521.31,10559.44,-53467,9498,1892,2123,659.1,647.9
LS37_s05a_sc03,LS37,AF568,background,__background__,,139.09,118.87,2.0,LS37_5a.czi,3,-52832.69,9571.66,-52958,9431,251,281,87.1,85.6
LS37_s05a_sc03,LS37,AF568,background,__background__,,108.01,161.71,22.14,LS37_5a.czi,3,-56127.84,9878.78,-57511,8326,2766,3105,963.8,947.4
LS37_s05a_sc03,LS37,AF568,background,__background__,,115.35,120.67,19.38,LS37_5a.czi,3,-53885.22,8392.19,-55096,7033,2422,2718,843.6,829.3
LS37_s05a_sc03,LS37,AF568,roi,Posterior tuberculum,1,148.67,104.55,11.0,LS37_5a.czi,3,-51764.19,9426.0,-52452,8654,1375,1544,478.8,470.7
LS37_s05a_sc03,LS37,AF568,roi,Posterior tuberculum,2,125.6,104.61,11.0,LS37_5a.czi,3,-52707.02,8202.57,-53395,7431,1375,1543,478.8,470.7
LS37_s05a_sc03,LS37,AF568,roi,Anterior tuberal nucleus,3,151.5,82.81,11.0,LS37_5a.czi,3,-50619.33,8582.27,-51307,7811,1375,1543,478.8,470.7
LS37_s05a_sc03,LS37,AF568,roi,Anterior tuberal nucleus,4,133.74,83.12,11.0,LS37_5a.czi,3,-51357.64,7652.5,-52045,6881,1375,1543,478.8,470.7
LS37_s05a_sc04,LS37,AF568,background,__background__,,130.95,153.61,13.01,LS37_5a.czi,4,-48454.27,27029.96,-49282,26203,1655,1654,537.6,537.6
LS37_s05a_sc04,LS37,AF568,background,__background__,,179.99,155.38,23.99,LS37_5a.czi,4,-49891.74,24261.4,-51417,22736,3050,3050,991.3,991.3
LS37_s05a_sc04,LS37,AF568,background,__background__,,76.6,118.16,20.33,LS37_5a.czi,4,-48713.9,31146.79,-50006,29854,2585,2585,840.0,840.0
LS37_s05a_sc04,LS37,AF568,background,__background__,,230.21,171.93,16.34,LS37_5a.czi,4,-50548.45,20964.81,-51587,19926,2077,2078,675.2,675.2
LS37_s05a_sc04,LS37,AF568,roi,Posterior tuberculum,1,143.36,172.52,11.0,LS37_5a.czi,4,-47796.62,25751.32,-48496,25052,1399,1399,454.5,454.5
LS37_s05a_sc04,LS37,AF568,roi,Posterior tuberculum,2,165.81,170.15,11.0,LS37_5a.czi,4,-48630.63,24583.48,-49330,23884,1399,1399,454.5,454.5
LS37_s05a_sc04,LS37,AF568,roi,Anterior tuberal nucleus,3,149.86,200.28,6.61,LS37_5a.czi,4,-46464.3,24522.57,-46885,24102,841,841,273.1,273.1
LS37_s05a_sc04,LS37,AF568,roi,Anterior tuberal nucleus,4,162.27,201.47,6.39,LS37_5a.czi,4,-46787.01,23798.73,-47194,23392,814,813,264.0,264.0
LS37_s05a_sc05,LS37,AF568,background,__background__,,99.64,132.34,26.24,LS37_5a.czi,5,-38933.85,12039.14,-40098,10551,2328,2977,914.3,819.8
LS37_s05a_sc05,LS37,AF568,background,__background__,,224.89,142.39,22.82,LS37_5a.czi,5,-41464.93,5690.43,-42477,4396,2025,2589,795.1,712.9
LS37_s05a_sc05,LS37,AF568,background,__background__,,182.35,82.72,19.86,LS37_5a.czi,5,-42730.36,9518.47,-43612,8392,1763,2253,692.0,620.4
LS37_s05a_sc05,LS37,AF568,background,__background__,,32.88,138.84,15.46,LS37_5a.czi,5,-37136.86,15070.75,-37823,14194,1372,1754,538.7,483.0
LS37_s05a_sc05,LS37,AF568,roi,Posterior tuberculum,1,121.5,163.06,8.36,LS37_5a.czi,5,-38281.42,10070.32,-38653,9596,743,949,291.3,261.2
LS37_s05a_sc05,LS37,AF568,roi,Anterior tuberal nucleus,2,146.91,163.06,9.19,LS37_5a.czi,5,-38871.92,8842.92,-39280,8321,816,1044,320.2,287.1
LS37_s05a_sc05,LS37,AF568,roi,Posterior tuberculum,3,123.86,184.92,9.23,LS37_5a.czi,5,-37510.5,9306.72,-37920,8783,819,1048,321.6,288.4
LS37_s05a_sc05,LS37,AF568,roi,Anterior tuberal nucleus,4,141.59,188.47,10.1,LS37_5a.czi,5,-37788.43,8344.8,-38237,7772,897,1146,351.9,315.5
LS37_s05a_sc06,LS37,AF568,background,__background__,,94.32,147.11,11.41,LS37_5a.czi,6,-35333.11,27082.51,-35894,26454,1121,1257,402.1,371.0
LS37_s05a_sc06,LS37,AF568,background,__background__,,20.48,112.85,14.04,LS37_5a.czi,6,-35480.84,31562.87,-36170,30789,1379,1548,494.8,456.5
LS37_s05a_sc06,LS37,AF568,background,__background__,,151.63,127.03,16.8,LS37_5a.czi,6,-37330.33,24600.05,-38155,23674,1650,1852,592.1,546.2
LS37_s05a_sc06,LS37,AF568,background,__background__,,357.23,127.62,11.0,LS37_5a.czi,6,-41208.92,14145.95,-41749,13540,1080,1212,387.7,357.6
LS37_s05a_sc06,LS37,AF568,roi,Posterior tuberculum,1,119.14,150.66,11.0,LS37_5a.czi,6,-35643.92,25746.33,-36184,25140,1080,1213,387.7,357.6
LS37_s05a_sc06,LS37,AF568,roi,Posterior tuberculum,2,141.59,152.43,11.0,LS37_5a.czi,6,-35990.25,24568.46,-36531,23962,1081,1213,387.7,357.6
LS37_s05a_sc06,LS37,AF568,roi,Anterior tuberal nucleus,3,123.86,178.42,11.0,LS37_5a.czi,6,-34477.42,24914.84,-35018,24308,1081,1213,387.7,357.6
LS37_s05a_sc06,LS37,AF568,roi,Anterior tuberal nucleus,4,147.5,176.06,11.0,LS37_5a.czi,6,-35033.24,23764.57,-35574,23158,1081,1213,387.7,357.6
LS45_s03a_sc01,LS45,AF568,background,__background__,,44.7,59.08,12.53,LS45_3a.czi,1,-84301.85,25959.73,-84577,25577,550,765,241.1,188.0
LS45_s03a_sc01,LS45,AF568,background,__background__,,58.88,79.76,13.94,LS45_3a.czi,1,-83769.59,25769.03,-84076,25344,612,850,268.2,209.2
LS45_s03a_sc01,LS45,AF568,background,__background__,,89.6,119.34,15.6,LS45_3a.czi,1,-82724.06,25301.51,-83067,24826,685,951,300.2,234.1
LS45_s03a_sc01,LS45,AF568,background,__background__,,126.23,121.71,16.8,LS45_3a.czi,1,-82400.8,24277.21,-82770,23765,738,1025,323.2,252.1
LS45_s03a_sc01,LS45,AF568,background,__background__,,149.27,148.88,11.96,LS45_3a.czi,1,-81668.46,23900.37,-81931,23535,525,730,230.1,179.5
LS45_s03a_sc01,LS45,AF568,roi,Dl,1,19.88,69.13,11.0,LS45_3a.czi,1,-84280.77,26775.18,-84522,26439,483,672,211.6,165.0
LS45_s03a_sc01,LS45,AF568,roi,Dl,2,24.02,84.49,11.0,LS45_3a.czi,1,-83933.32,26816.59,-84175,26481,483,671,211.6,165.0
LS45_s03a_sc01,LS45,AF568,roi,Dl,3,37.61,99.85,11.0,LS45_3a.czi,1,-83515.08,26587.38,-83757,26252,484,671,211.6,165.0
LS45_s03a_sc01,LS45,AF568,roi,Dm,4,78.96,49.04,11.0,LS45_3a.czi,1,-84252.0,24874.04,-84494,24538,484,672,211.6,165.0
LS45_s03a_sc01,LS45,AF568,roi,Dm,5,87.83,66.76,11.0,LS45_3a.czi,1,-83820.5,24804.58,-84062,24469,483,671,211.6,165.0
LS45_s03a_sc01,LS45,AF568,roi,Dm,6,99.64,80.35,11.0,LS45_3a.czi,1,-83452.06,24607.91,-83694,24272,484,672,211.6,165.0
LS45_s03a_sc01,LS45,AF568,roi,POA,7,110.28,180.2,11.0,LS45_3a.czi,1,-81315.36,25343.14,-81557,25007,483,672,211.6,165.0
LS45_s03a_sc01,LS45,AF568,roi,Dm,8,128.0,80.35,11.0,LS45_3a.czi,1,-83239.58,23795.76,-83481,23460,483,671,211.6,165.0
LS45_s03a_sc01,LS45,AF568,roi,Dm,9,126.23,99.85,11.0,LS45_3a.czi,1,-82851.13,24049.54,-83093,23714,483,671,211.6,165.0
LS45_s03a_sc01,LS45,AF568,roi,Dm,10,142.18,179.01,11.0,LS45_3a.czi,1,-81100.88,24417.22,-81343,24082,484,671,211.6,165.0
LS45_s03a_sc01,LS45,AF568,roi,POA,11,187.08,98.08,11.0,LS45_3a.czi,1,-82431.69,22288.51,-82673,21953,483,671,211.6,165.0
LS45_s03a_sc01,LS45,AF568,roi,Dl,12,171.72,114.03,11.0,LS45_3a.czi,1,-82218.19,22894.5,-82460,22559,483,671,211.6,165.0
LS45_s03a_sc02,LS45,AF568,background,__background__,,47.38,156.25,15.41,LS45_3a.czi,2,-69679.24,7366.54,-70126,6847,893,1039,337.1,290.2
LS45_s03a_sc02,LS45,AF568,background,__background__,,53.21,186.1,10.86,LS45_3a.czi,2,-70535.16,7607.71,-70850,7242,630,732,237.5,204.5
LS45_s03a_sc02,LS45,AF568,background,__background__,,29.11,136.03,9.0,LS45_3a.czi,2,-69118.07,6721.62,-69379,6418,522,607,196.9,169.5
LS45_s03a_sc02,LS45,AF568,background,__background__,,166.9,149.74,9.25,LS45_3a.czi,2,-69335.46,11375.68,-69604,11064,537,624,202.3,174.2
LS45_s03a_sc02,LS45,AF568,background,__background__,,188.52,117.63,9.17,LS45_3a.czi,2,-68378.45,12054.13,-68644,11745,532,618,200.6,172.7
LS45_s03a_sc02,LS45,AF568,roi,Dl,1,206.29,194.84,11.0,LS45_3a.czi,2,-70588.89,12768.4,-70908,12398,638,741,240.6,207.1
LS45_s03a_sc02,LS45,AF568,roi,Dl,2,204.96,166.45,11.0,LS45_3a.czi,2,-69769.35,12680.75,-70088,12310,638,742,240.6,207.1
LS45_s03a_sc02,LS45,AF568,roi,Dl,3,208.61,180.06,11.0,LS45_3a.czi,2,-70158.31,12824.06,-70477,12453,638,742,240.6,207.1
LS45_s03a_sc02,LS45,AF568,roi,Dm,4,162.45,178.73,11.0,LS45_3a.czi,2,-70179.88,11269.88,-70499,10899,638,742,240.6,207.1
LS45_s03a_sc02,LS45,AF568,roi,Dm,5,154.33,167.4,11.0,LS45_3a.czi,2,-69862.68,10979.7,-70182,10609,638,741,240.6,207.1
LS45_s03a_sc02,LS45,AF568,roi,Dm,6,150.85,151.36,11.0,LS45_3a.czi,2,-69403.2,10838.43,-69722,10468,638,741,240.6,207.1
LS45_s03a_sc02,LS45,AF568,roi,POA,7,193.95,95.17,11.0,LS45_3a.czi,2,-67721.66,12202.76,-68041,11832,638,742,240.6,207.1
LS45_s03a_sc02,LS45,AF568,roi,Dm,8,103.44,157.7,12.78,LS45_3a.czi,2,-69648.27,9253.81,-70019,8823,741,861,279.5,240.6
LS45_s03a_sc02,LS45,AF568,roi,Dm,9,115.75,154.24,11.0,LS45_3a.czi,2,-69532.17,9662.51,-69851,9292,638,741,240.6,207.1
LS45_s03a_sc02,LS45,AF568,roi,Dm,10,131.06,153.0,11.0,LS45_3a.czi,2,-69476.38,10175.45,-69795,9805,638,741,240.6,207.1
LS45_s03a_sc02,LS45,AF568,roi,POA,11,153.11,104.26,11.0,LS45_3a.czi,2,-68037.74,10843.22,-68357,10472,638,742,240.6,207.1
LS45_s03a_sc02,LS45,AF568,roi,Dl,12,25.02,114.2,11.0,LS45_3a.czi,2,-68491.89,6551.09,-68811,6180,638,742,240.6,207.1
LS45_s03a_sc02,LS45,AF568,roi,Dl,13,40.58,121.74,11.0,LS45_3a.czi,2,-68689.77,7085.71,-69009,6715,638,741,240.6,207.1
LS45_s03a_sc02,LS45,AF568,roi,Dl,14,56.72,131.33,11.0,LS45_3a.czi,2,-68946.2,7642.93,-69265,7272,638,742,240.6,207.1
LS45_s03a_sc04,LS45,AF568,background,__background__,,219.37,174.43,10.65,LS45_3a.czi,4,-60432.71,6565.73,-60746,6150,627,831,231.7,246.1
LS45_s03a_sc04,LS45,AF568,background,__background__,,200.31,183.9,11.0,LS45_3a.czi,4,-59821.4,6742.31,-60145,6313,647,859,239.3,254.1
LS45_s03a_sc04,LS45,AF568,background,__background__,,208.41,211.71,11.0,LS45_3a.czi,4,-59495.98,5698.79,-59820,5269,648,859,239.3,254.1
LS45_s03a_sc04,LS45,AF568,background,__background__,,177.68,219.35,11.0,LS45_3a.czi,4,-58650.61,6215.56,-58974,5786,647,859,239.3,254.1
LS45_s03a_sc04,LS45,AF568,background,__background__,,120.66,127.22,11.0,LS45_3a.czi,4,-59036.25,10408.48,-59360,9979,648,859,239.3,254.1
LS45_s03a_sc04,LS45,AF568,background,__background__,,97.52,121.46,11.0,LS45_3a.czi,4,-58611.32,11147.86,-58935,10719,648,858,239.3,254.1
LS45_s03a_sc04,LS45,AF568,roi,Dl,1,135.62,59.71,11.0,LS45_3a.czi,4,-60620.45,12097.56,-60944,11668,647,859,239.3,254.1
LS45_s03a_sc04,LS45,AF568,roi,Dl,2,129.79,80.21,11.0,LS45_3a.czi,4,-60109.87,11616.04,-60434,11187,648,858,239.3,254.1
LS45_s03a_sc04,LS45,AF568,roi,Dl,3,123.34,97.02,11.0,LS45_3a.czi,4,-59652.89,11261.89,-59977,10833,648,858,239.3,254.1
LS45_s03a_sc04,LS45,AF568,roi,Dm,4,146.97,101.19,11.0,LS45_3a.czi,4,-60118.29,10558.94,-60442,10130,648,858,239.3,254.1
LS45_s03a_sc04,LS45,AF568,roi,Dm,5,136.28,117.58,11.0,LS45_3a.czi,4,-59571.77,10320.94,-59896,9892,648,858,239.3,254.1
LS45_s03a_sc04,LS45,AF568,roi,POA,6,91.35,138.79,12.18,LS45_3a.czi,4,-58151.21,10771.07,-58510,10296,717,950,265.0,281.4
LS45_s03a_sc04,LS45,AF568,roi,POA,7,73.35,137.65,11.0,LS45_3a.czi,4,-57759.26,11244.58,-58083,10815,648,859,239.3,254.1
LS45_s04a_sc05,LS45,AF568,background,__background__,,136.76,159.75,11.0,LS45_4a.czi,5,-56993.75,23214.86,-57298,22792,608,846,255.9,220.8
LS45_s04a_sc05,LS45,AF568,background,__background__,,149.66,180.41,11.0,LS45_4a.czi,5,-56691.11,22380.14,-56995,21957,608,846,255.9,220.8
LS45_s04a_sc05,LS45,AF568,background,__background__,,99.08,83.11,11.0,LS45_4a.czi,5,-58262.21,25977.61,-58566,25555,608,845,255.9,220.8
LS45_s04a_sc05,LS45,AF568,background,__background__,,100.14,167.91,11.0,LS45_4a.czi,5,-56276.41,24253.51,-56581,23831,609,845,255.9,220.8
LS45_s04a_sc05,LS45,AF568,roi,Posterior tuberculum,1,77.56,142.81,11.0,LS45_4a.czi,5,-56545.1,25494.2,-56849,25072,608,845,255.9,220.8
LS45_s04a_sc05,LS45,AF568,roi,Posterior tuberculum,2,98.73,159.16,11.0,LS45_4a.czi,5,-56462.68,24474.07,-56767,24051,608,846,255.9,220.8
LS45_s04a_sc05,LS45,AF568,roi,Anterior tuberal nucleus,3,56.7,168.67,11.0,LS45_4a.czi,5,-55635.96,25663.29,-55940,25241,608,845,255.9,220.8
LS45_s04a_sc05,LS45,AF568,roi,Anterior tuberal nucleus,4,69.07,183.07,11.0,LS45_4a.czi,5,-55473.44,24970.66,-55778,24548,609,845,255.9,220.8
LS45_s04a_sc06,LS45,AF568,background,__background__,,98.46,120.53,11.0,LS45_4a.czi,6,-47079.62,11742.29,-47505,11137,851,1211,378.1,296.7
LS45_s04a_sc06,LS45,AF568,background,__background__,,216.03,158.93,11.0,LS45_4a.czi,6,-43953.41,6596.57,-44379,5991,851,1211,378.1,296.7
LS45_s04a_sc06,LS45,AF568,background,__background__,,47.06,141.2,11.0,LS45_4a.czi,6,-47112.11,14789.7,-47538,14184,851,1211,378.1,296.7
LS45_s04a_sc06,LS45,AF568,background,__background__,,117.96,77.4,11.0,LS45_4a.czi,6,-48324.26,9834.6,-48750,9229,851,1211,378.1,296.7
LS45_s04a_sc06,LS45,AF568,background,__background__,,160.49,151.25,11.0,LS45_4a.czi,6,-45057.64,9250.18,-45483,8645,851,1211,378.1,296.7
LS45_s04a_sc06,LS45,AF568,roi,Posterior tuberculum,1,118.55,151.84,11.0,LS45_4a.czi,6,-45663.89,11390.09,-46089,10784,851,1212,378.1,296.7
LS45_s04a_sc06,LS45,AF568,roi,Posterior tuberculum,2,141.59,150.66,11.0,LS45_4a.czi,6,-45361.33,10196.29,-45787,9591,851,1211,378.1,296.7
LS45_s04a_sc06,LS45,AF568,roi,Anterior tuberal nucleus,3,128.0,185.51,13.64,LS45_4a.czi,6,-44323.23,11627.86,-44851,10877,1055,1502,468.9,368.0
LS45_s04a_sc06,LS45,AF568,roi,Anterior tuberal nucleus,4,149.86,188.47,11.0,LS45_4a.czi,6,-43890.85,10582.08,-44316,9976,851,1212,378.1,296.7
LS45_s04a_sc08,LS45,AF568,background,__background__,,100.23,119.94,11.0,LS45_4a.czi,8,-32935.89,11405.45,-33387,10828,902,1155,373.4,294.8
LS45_s04a_sc08,LS45,AF568,background,__background__,,152.81,122.3,11.0,LS45_4a.czi,8,-32512.54,8697.99,-32963,8120,901,1156,373.4,294.8
LS45_s04a_sc08,LS45,AF568,background,__background__,,137.45,154.2,11.0,LS45_4a.czi,8,-31317.98,9749.43,-31769,9172,902,1155,373.4,294.8
LS45_s04a_sc08,LS45,AF568,background,__background__,,35.25,128.8,11.0,LS45_4a.czi,8,-32982.74,14845.54,-33433,14268,901,1155,373.4,294.8
LS45_s04a_sc08,LS45,AF568,roi,Posterior tuberculum,1,107.91,163.65,11.0,LS45_4a.czi,8,-31119.95,11356.65,-31571,10779,902,1155,373.4,294.8
LS45_s04a_sc08,LS45,AF568,roi,Posterior tuberculum,2,128.59,176.06,11.0,LS45_4a.czi,8,-30489.0,10383.57,-30940,9806,902,1155,373.4,294.8
LS45_s04a_sc08,LS45,AF568,roi,Anterior tuberal nucleus,3,106.73,192.01,11.0,LS45_4a.czi,8,-29980.16,11644.54,-30431,11067,902,1155,373.4,294.8
LS45_s04a_sc08,LS45,AF568,roi,Anterior tuberal nucleus,4,122.68,199.1,11.0,LS45_4a.czi,8,-29593.9,10874.19,-30045,10297,902,1155,373.4,294.8
LS45_s05a_sc00,LS45,AF568,background,__background__,,108.95,98.26,11.0,LS45_5a.czi,0,-79632.33,7931.48,-80143,7204,1022,1455,391.7,424.2
LS45_s05a_sc00,LS45,AF568,background,__background__,,150.21,70.13,11.0,LS45_5a.czi,0,-80328.97,11079.11,-80840,10352,1022,1454,391.7,424.2
LS45_s05a_sc00,LS45,AF568,background,__background__,,173.81,130.2,11.0,LS45_5a.czi,0,-82914.3,8925.23,-83425,8198,1022,1455,391.7,424.2
LS45_s05a_sc00,LS45,AF568,background,__background__,,144.97,125.71,11.0,LS45_5a.czi,0,-81733.85,7979.1,-82245,7252,1022,1454,391.7,424.2
LS45_s05a_sc00,LS45,AF568,roi,Posterior tuberculum,1,-35.34,291.35,11.0,LS45_5a.czi,0,-79915.86,-7993.86,-80427,-8721,1022,1454,391.7,424.2
LS45_s05a_sc00,LS45,AF568,roi,Anterior tuberal nucleus,2,109.95,24.31,11.0,LS45_5a.czi,0,-77545.37,11811.9,-78056,11085,1022,1454,391.7,424.2
LS45_s05a_sc00,LS45,AF568,roi,Posterior tuberculum,3,107.15,62.34,11.0,LS45_5a.czi,0,-78535.29,9722.86,-79046,8996,1022,1454,391.7,424.2
LS45_s05a_sc00,LS45,AF568,roi,Anterior tuberal nucleus,4,86.61,41.1,11.0,LS45_5a.czi,0,-77176.49,9985.79,-77687,9258,1021,1455,391.7,424.2
LS45_s05a_sc01,LS45,AF568,background,__background__,,136.79,74.26,11.0,LS45_5a.czi,1,-77943.3,23827.61,-78578,23122,1270,1411,412.6,458.1
LS45_s05a_sc01,LS45,AF568,background,__background__,,138.6,138.28,11.0,LS45_5a.czi,1,-78024.69,27931.4,-78660,27226,1270,1411,412.6,458.1
LS45_s05a_sc01,LS45,AF568,background,__background__,,124.1,196.79,11.0,LS45_5a.czi,1,-79029.89,31629.93,-79665,30924,1270,1411,412.6,458.1
LS45_s05a_sc01,LS45,AF568,background,__background__,,67.78,44.65,11.0,LS45_5a.czi,1,-81833.81,21709.91,-82469,21004,1270,1411,412.6,458.1
LS45_s05a_sc01,LS45,AF568,roi,Posterior tuberculum,1,159.05,136.27,11.0,LS45_5a.czi,1,-76840.53,27868.63,-77476,27163,1271,1411,412.6,458.1
LS45_s05a_sc01,LS45,AF568,roi,Posterior tuberculum,2,161.51,117.44,11.0,LS45_5a.czi,1,-76644.16,26671.24,-77279,25966,1270,1411,412.6,458.1
LS45_s05a_sc01,LS45,AF568,roi,Anterior tuberal nucleus,3,182.23,140.93,11.0,LS45_5a.czi,1,-75518.4,28241.6,-76154,27536,1271,1411,412.6,458.1
LS45_s05a_sc01,LS45,AF568,roi,Anterior tuberal nucleus,4,188.93,119.43,11.0,LS45_5a.czi,1,-75069.98,26886.97,-75705,26181,1270,1411,412.6,458.1
LS45_s05a_sc02,LS45,AF568,background,__background__,,163.25,122.53,11.0,LS45_5a.czi,2,-65930.21,13447.81,-66402,12860,943,1175,369.8,320.4
LS45_s05a_sc02,LS45,AF568,background,__background__,,123.2,101.55,11.0,LS45_5a.czi,2,-65824.16,11038.03,-66296,10450,943,1176,369.8,320.4
LS45_s05a_sc02,LS45,AF568,background,__background__,,64.65,52.15,11.0,LS45_5a.czi,2,-64939.5,7100.41,-65411,6513,943,1175,369.8,320.4
LS45_s05a_sc02,LS45,AF568,background,__background__,,155.75,146.03,11.0,LS45_5a.czi,2,-66978.88,13603.87,-67450,13016,943,1175,369.8,320.4
LS45_s05a_sc02,LS45,AF568,roi,Posterior tuberculum,1,149.21,65.66,11.0,LS45_5a.czi,2,-63964.08,11506.67,-64435,10919,942,1175,369.8,320.4
LS45_s05a_sc02,LS45,AF568,roi,Posterior tuberculum,2,170.19,77.88,11.0,LS45_5a.czi,2,-64067.54,12796.25,-64539,12209,943,1175,369.8,320.4
LS45_s05a_sc02,LS45,AF568,roi,Anterior tuberal nucleus,3,184.6,52.66,11.0,LS45_5a.czi,2,-62829.14,12937.73,-63301,12350,943,1175,369.8,320.4
LS45_s05a_sc02,LS45,AF568,roi,Anterior tuberal nucleus,4,168.21,40.0,11.0,LS45_5a.czi,2,-62627.02,11861.35,-63098,11274,942,1175,369.8,320.4
LS45_s05a_sc05,LS45,AF568,background,__background__,,151.32,216.02,11.0,LS45_5a.czi,5,-48233.21,21841.02,-48870,21048,1273,1586,442.9,490.2
LS45_s05a_sc05,LS45,AF568,background,__background__,,129.74,142.3,11.0,LS45_5a.czi,5,-49368.05,27193.94,-50004,26401,1272,1586,442.9,490.2
LS45_s05a_sc05,LS45,AF568,background,__background__,,154.89,197.6,11.0,LS45_5a.czi,5,-48960.32,22844.63,-49597,22051,1273,1587,442.9,490.2
LS45_s05a_sc05,LS45,AF568,background,__background__,,127.36,200.56,11.0,LS45_5a.czi,5,-47509.36,23687.64,-48146,22894,1273,1587,442.9,490.2
LS45_s05a_sc05,LS45,AF568,roi,Posterior tuberculum,1,100.63,166.16,9.62,LS45_5a.czi,5,-47214.36,26806.15,-47771,26112,1113,1388,387.4,428.7
LS45_s05a_sc05,LS45,AF568,roi,Posterior tuberculum,2,103.44,183.22,11.0,LS45_5a.czi,5,-46843.66,25648.77,-47480,24855,1273,1587,442.9,490.2
LS45_s05a_sc05,LS45,AF568,roi,Anterior tuberal nucleus,3,73.42,180.15,11.0,LS45_5a.czi,5,-45449.64,26956.62,-46086,26163,1273,1587,442.9,490.2
LS45_s05a_sc05,LS45,AF568,roi,Anterior tuberal nucleus,4,78.23,199.68,11.0,LS45_5a.czi,5,-45104.11,25572.31,-45741,24779,1273,1587,442.9,490.2
LS61_s01a_sc11,LS61,AF568,background,__background__,,145.12,49.4,8.78,LS61_1a.czi,11,-26015.28,11316.56,-26304,10981,577,671,190.3,214.8
LS61_s01a_sc11,LS61,AF568,background,__background__,,69.77,158.39,12.64,LS61_1a.czi,11,-22560.58,8252.37,-22976,7770,830,965,273.9,309.3
LS61_s01a_sc11,LS61,AF568,background,__background__,,239.19,161.03,16.22,LS61_1a.czi,11,-27818.37,6161.15,-28351,5542,1065,1238,351.5,396.9
LS61_s01a_sc11,LS61,AF568,background,__background__,,138.85,175.1,13.37,LS61_1a.czi,11,-24546.0,6832.86,-24985,6323,878,1020,289.8,327.2
LS61_s01a_sc11,LS61,AF568,roi,Dl,1,93.34,68.7,11.0,LS61_1a.czi,11,-24204.6,11226.68,-24566,10807,723,839,238.4,269.2
LS61_s01a_sc11,LS61,AF568,roi,Dl,2,104.99,90.46,11.0,LS61_1a.czi,11,-24347.49,10300.5,-24709,9881,723,839,238.4,269.2
LS61_s01a_sc11,LS61,AF568,roi,Dl,3,116.26,112.67,11.0,LS61_1a.czi,11,-24473.97,9362.48,-24835,8943,722,839,238.4,269.2
LS61_s01a_sc11,LS61,AF568,roi,Dl,4,112.14,136.43,11.0,LS61_1a.czi,11,-24104.7,8549.53,-24466,8130,722,839,238.4,269.2
LS61_s01a_sc11,LS61,AF568,roi,Dm,5,156.65,86.67,11.0,LS61_1a.czi,11,-25997.27,9829.44,-26358,9410,722,839,238.4,269.2
LS61_s01a_sc11,LS61,AF568,roi,Dm,6,153.83,105.31,11.0,LS61_1a.czi,11,-25720.43,9186.82,-26082,8767,723,840,238.4,269.2
LS61_s01a_sc11,LS61,AF568,roi,Dm,7,144.04,120.27,11.0,LS61_1a.czi,11,-25263.48,8759.72,-25625,8340,723,839,238.4,269.2
LS61_s01a_sc11,LS61,AF568,roi,Dm,8,184.41,139.5,11.0,LS61_1a.czi,11,-26327.84,7587.0,-26689,7167,722,840,238.4,269.2
LS61_s01a_sc11,LS61,AF568,roi,Dm,9,164.39,146.42,11.0,LS61_1a.czi,11,-25633.26,7571.9,-25994,7152,722,840,238.4,269.2
LS61_s01a_sc11,LS61,AF568,roi,Dm,10,148.4,156.81,11.0,LS61_1a.czi,11,-25029.22,7383.52,-25390,6964,722,839,238.4,269.2
LS61_s01a_sc11,LS61,AF568,roi,Dl,11,215.77,207.15,11.0,LS61_1a.czi,11,-26620.53,4764.82,-26982,4345,723,840,238.4,269.2
LS61_s01a_sc11,LS61,AF568,roi,Dl,12,193.47,205.86,11.0,LS61_1a.czi,11,-25938.02,5074.25,-26299,4654,722,840,238.4,269.2
LS61_s01a_sc11,LS61,AF568,roi,Dl,13,178.22,186.45,11.0,LS61_1a.czi,11,-25659.02,5957.62,-26020,5538,722,839,238.4,269.2
LS61_s01a_sc11,LS61,AF568,roi,Dl,14,156.17,188.49,11.0,LS61_1a.czi,11,-24950.57,6143.37,-25312,5724,723,839,238.4,269.2
LS61_s02a_sc01,LS61,AF568,background,__background__,,175.14,191.67,12.53,LS61_2a.czi,1,-81478.29,22956.2,-81912,22452,867,1008,287.1,322.1
LS61_s02a_sc01,LS61,AF568,background,__background__,,145.89,167.69,13.84,LS61_2a.czi,1,-80246.04,23462.11,-80725,22906,958,1112,317.1,355.8
LS61_s02a_sc01,LS61,AF568,background,__background__,,171.68,67.38,13.12,LS61_2a.czi,1,-79904.66,27602.87,-80358,27075,907,1055,300.6,337.3
LS61_s02a_sc01,LS61,AF568,background,__background__,,64.24,133.1,17.57,LS61_2a.czi,1,-77186.58,23652.64,-77794,22946,1215,1413,402.5,451.7
LS61_s02a_sc01,LS61,AF568,roi,Dl,1,129.43,41.93,11.0,LS61_2a.czi,1,-78232.76,27986.64,-78613,27544,761,885,252.0,282.8
LS61_s02a_sc01,LS61,AF568,roi,Dl,2,123.95,58.8,11.0,LS61_2a.czi,1,-78253.05,27274.64,-78634,26832,762,885,252.0,282.8
LS61_s02a_sc01,LS61,AF568,roi,Dl,3,130.89,77.25,11.0,LS61_2a.czi,1,-78695.43,26672.69,-79076,26230,761,885,252.0,282.8
LS61_s02a_sc01,LS61,AF568,roi,Dm,4,165.07,95.96,11.0,LS61_2a.czi,1,-80025.9,26433.18,-80406,25991,761,884,252.0,282.8
LS61_s02a_sc01,LS61,AF568,roi,Dm,5,151.27,104.93,11.0,LS61_2a.czi,1,-79683.0,25905.83,-80064,25464,762,884,252.0,282.8
LS61_s02a_sc01,LS61,AF568,roi,Dm,6,132.24,112.0,11.0,LS61_2a.czi,1,-79147.83,25378.77,-79528,24936,761,885,252.0,282.8
LS61_s02a_sc01,LS61,AF568,roi,POA,7,100.91,118.05,11.0,LS61_2a.czi,1,-78201.05,24722.14,-78582,24280,762,884,252.0,282.8
LS61_s02a_sc01,LS61,AF568,roi,Dm,8,159.91,148.4,11.0,LS61_2a.czi,1,-80474.76,24382.21,-80855,23940,761,884,252.0,282.8
LS61_s02a_sc01,LS61,AF568,roi,Dm,9,139.91,142.38,11.0,LS61_2a.czi,1,-79754.19,24336.25,-80135,23894,761,885,252.0,282.8
LS61_s02a_sc01,LS61,AF568,roi,POA,10,99.1,140.79,11.0,LS61_2a.czi,1,-78409.59,23838.61,-78790,23396,761,885,252.0,282.8
LS61_s02a_sc01,LS61,AF568,roi,Dl,11,131.42,207.6,11.0,LS61_2a.czi,1,-80245.11,21757.13,-80626,21315,761,884,252.0,282.8
LS61_s02a_sc01,LS61,AF568,roi,Dl,12,129.22,188.74,11.0,LS61_2a.czi,1,-79951.9,22439.33,-80332,21997,761,885,252.0,282.8
LS61_s02a_sc05,LS61,AF568,background,__background__,,217.97,135.95,9.69,LS61_2a.czi,5,-39718.63,8699.06,-39970,8399,502,600,169.4,189.2
LS61_s02a_sc05,LS61,AF568,background,__background__,,162.97,147.88,12.96,LS61_2a.czi,5,-38302.83,9103.54,-38639,8702,672,803,226.5,253.1
LS61_s02a_sc05,LS61,AF568,background,__background__,,101.0,118.56,11.0,LS61_2a.czi,5,-37186.79,10751.4,-37472,10411,570,681,192.3,214.8
LS61_s02a_sc05,LS61,AF568,roi,Dl,1,59.22,62.38,11.0,LS61_2a.czi,5,-36842.4,12877.49,-37127,12537,570,681,192.3,214.8
LS61_s02a_sc05,LS61,AF568,roi,Dl,2,76.59,77.77,11.0,LS61_2a.czi,5,-37074.85,12215.67,-37360,11875,570,681,192.3,214.8
LS61_s02a_sc05,LS61,AF568,roi,Dl,3,88.15,94.2,11.0,LS61_2a.czi,5,-37160.22,11602.71,-37445,11262,570,681,192.3,214.8
LS61_s02a_sc05,LS61,AF568,roi,Dm,4,143.25,58.5,11.0,LS61_2a.czi,5,-38844.71,11859.55,-39130,11519,570,681,192.3,214.8
LS61_s02a_sc05,LS61,AF568,roi,Dm,5,149.02,70.67,11.0,LS61_2a.czi,5,-38842.84,11442.95,-39128,11102,570,682,192.3,214.8
LS61_s02a_sc05,LS61,AF568,roi,Dm,6,138.12,87.01,11.0,LS61_2a.czi,5,-38405.65,11133.5,-38691,10793,570,681,192.3,214.8
LS61_s02a_sc05,LS61,AF568,roi,POA,7,205.43,101.82,11.0,LS61_2a.czi,5,-39808.77,9818.59,-40094,9478,570,681,192.3,214.8
LS61_s02a_sc05,LS61,AF568,roi,Dm,8,187.71,105.44,11.0,LS61_2a.czi,5,-39355.13,9955.14,-39640,9614,570,682,192.3,214.8
LS61_s02a_sc05,LS61,AF568,roi,Dm,9,170.25,112.51,11.0,LS61_2a.czi,5,-38868.89,9992.02,-39154,9651,570,682,192.3,214.8
LS61_s02a_sc05,LS61,AF568,roi,Dm,10,100.37,142.07,11.0,LS61_2a.czi,5,-36908.66,10104.42,-37194,9764,570,681,192.3,214.8
LS61_s02a_sc05,LS61,AF568,roi,POA,11,119.36,150.34,11.0,LS61_2a.czi,5,-37258.67,9619.38,-37544,9279,570,681,192.3,214.8
LS61_s02a_sc05,LS61,AF568,roi,Dl,12,228.94,167.97,11.0,LS61_2a.czi,5,-39615.55,7659.39,-39901,7319,570,681,192.3,214.8
LS61_s02a_sc05,LS61,AF568,roi,Dl,13,208.06,168.67,11.0,LS61_2a.czi,5,-39120.96,7919.69,-39406,7579,570,681,192.3,214.8
LS61_s02a_sc05,LS61,AF568,roi,Dl,14,188.53,162.78,11.0,LS61_2a.czi,5,-38731.7,8345.62,-39017,8005,570,681,192.3,214.8
LS61_s03a_sc00,LS61,AF568,background,__background__,,140.77,187.14,11.0,LS61_3a.czi,0,-81506.25,7436.58,-81851,7036,689,801,239.0,245.6
LS61_s03a_sc00,LS61,AF568,background,__background__,,119.08,172.0,11.0,LS61_3a.czi,0,-80682.32,7355.23,-81027,6955,689,800,239.0,245.6
LS61_s03a_sc00,LS61,AF568,background,__background__,,62.41,166.2,11.0,LS61_3a.czi,0,-79204.7,6199.88,-79549,5800,689,800,239.0,245.6
LS61_s03a_sc00,LS61,AF568,background,__background__,,32.95,153.75,11.0,LS61_3a.czi,0,-78247.87,5862.79,-78592,5463,688,800,239.0,245.6
LS61_s03a_sc00,LS61,AF568,background,__background__,,41.6,70.54,11.0,LS61_3a.czi,0,-76791.66,8387.86,-77136,7988,689,800,239.0,245.6
LS61_s03a_sc00,LS61,AF568,background,__background__,,84.97,332.08,11.0,LS61_3a.czi,0,-83064.05,2091.38,-83408,1691,688,801,239.0,245.6
LS61_s03a_sc00,LS61,AF568,roi,Dl,1,135.78,60.28,11.0,LS61_3a.czi,0,-78849.39,10863.7,-79194,10464,689,800,239.0,245.6
LS61_s03a_sc00,LS61,AF568,roi,Dl,2,119.81,73.98,11.0,LS61_3a.czi,0,-78739.64,10109.84,-79084,9710,689,800,239.0,245.6
LS61_s03a_sc00,LS61,AF568,roi,Dl,3,111.5,88.6,11.0,LS61_3a.czi,0,-78832.35,9508.34,-79177,9108,689,801,239.0,245.6
LS61_s03a_sc00,LS61,AF568,roi,Dm,4,145.73,113.44,11.0,LS61_3a.czi,0,-80151.56,9610.27,-80496,9210,689,800,239.0,245.6
LS61_s03a_sc00,LS61,AF568,roi,Dm,5,125.47,121.48,11.0,LS61_3a.czi,0,-79825.55,8914.76,-80170,8515,689,800,239.0,245.6
LS61_s03a_sc00,LS61,AF568,roi,POA,6,90.11,111.46,11.0,LS61_3a.czi,0,-78775.56,8372.65,-79120,7972,689,801,239.0,245.6
LS61_s03a_sc00,LS61,AF568,roi,POA,7,72.94,97.82,11.0,LS61_3a.czi,0,-78090.23,8354.47,-78435,7954,689,801,239.0,245.6
LS61_s03a_sc00,LS61,AF568,roi,Dm,8,132.58,146.37,11.0,LS61_3a.czi,0,-80494.14,8384.88,-80839,7985,689,800,239.0,245.6
LS61_s03a_sc00,LS61,AF568,roi,Dm,9,116.01,141.89,11.0,LS61_3a.czi,0,-80006.41,8124.82,-80351,7725,689,800,239.0,245.6
LS61_s03a_sc00,LS61,AF568,roi,POA,10,81.67,123.65,11.0,LS61_3a.czi,0,-78816.54,7835.99,-79161,7436,689,800,239.0,245.6
LS61_s03a_sc00,LS61,AF568,roi,POA,11,63.36,121.83,11.0,LS61_3a.czi,0,-78340.2,7461.19,-78685,7061,689,800,239.0,245.6
LS61_s03a_sc00,LS61,AF568,roi,Dl,12,136.65,211.02,11.0,LS61_3a.czi,0,-81884.81,6673.85,-82229,6274,689,800,239.0,245.6
LS61_s03a_sc00,LS61,AF568,roi,Dl,13,120.99,201.89,11.0,LS61_3a.czi,0,-81325.96,6564.82,-81670,6165,688,800,239.0,245.6
LS61_s03a_sc00,LS61,AF568,roi,Dl,14,103.34,184.55,11.0,LS61_3a.czi,0,-80555.11,6638.83,-80899,6239,688,800,239.0,245.6
LS61_s03a_sc01,LS61,AF568,background,__background__,,114.33,47.96,11.0,LS61_3a.czi,1,-76231.18,23108.25,-76516,22767,570,682,208.9,198.7
LS61_s03a_sc01,LS61,AF568,background,__background__,,92.6,33.64,11.0,LS61_3a.czi,1,-75598.09,22834.82,-75883,22494,570,682,208.9,198.7
LS61_s03a_sc01,LS61,AF568,background,__background__,,77.85,57.97,11.0,LS61_3a.czi,1,-75873.95,22018.92,-76159,21678,570,682,208.9,198.7
LS61_s03a_sc01,LS61,AF568,background,__background__,,114.58,25.51,11.0,LS61_3a.czi,1,-75769.84,23530.01,-76055,23189,570,682,208.9,198.7
LS61_s03a_sc01,LS61,AF568,roi,Dl,1,186.75,69.91,11.0,LS61_3a.czi,1,-77806.97,24496.62,-78092,24156,570,681,208.9,198.7
LS61_s03a_sc01,LS61,AF568,roi,Dl,2,168.99,83.29,11.0,LS61_3a.czi,1,-77809.34,23808.82,-78094,23468,570,682,208.9,198.7
LS61_s03a_sc01,LS61,AF568,roi,Dl,3,147.62,84.56,11.0,LS61_3a.czi,1,-77504.88,23255.73,-77790,22915,570,681,208.9,198.7
LS61_s03a_sc01,LS61,AF568,roi,Dm,4,180.87,126.25,11.0,LS61_3a.czi,1,-78883.43,23308.0,-79168,22967,570,682,208.9,198.7
LS61_s03a_sc01,LS61,AF568,roi,Dm,5,165.14,125.78,11.0,LS61_3a.czi,1,-78630.22,22926.88,-78915,22586,570,682,208.9,198.7
LS61_s03a_sc01,LS61,AF568,roi,Dm,6,145.77,126.31,11.0,LS61_3a.czi,1,-78341.38,22437.05,-78626,22096,570,682,208.9,198.7
LS61_s03a_sc01,LS61,AF568,roi,POA,7,119.18,110.64,11.0,LS61_3a.czi,1,-77605.1,22068.18,-77890,21727,570,682,208.9,198.7
LS61_s03a_sc01,LS61,AF568,roi,POA,8,103.45,94.1,11.0,LS61_3a.czi,1,-77018.88,21984.53,-77304,21644,570,681,208.9,198.7
LS61_s03a_sc01,LS61,AF568,roi,Dm,9,159.0,180.46,11.0,LS61_3a.czi,1,-79668.26,21762.55,-79953,21422,570,681,208.9,198.7
LS61_s03a_sc01,LS61,AF568,roi,Dm,10,152.13,163.79,11.0,LS61_3a.czi,1,-79216.49,21900.88,-79501,21560,570,682,208.9,198.7
LS61_s03a_sc01,LS61,AF568,roi,POA,11,109.42,129.1,11.0,LS61_3a.czi,1,-77836.56,21484.6,-78122,21144,570,681,208.9,198.7
LS61_s03a_sc01,LS61,AF568,roi,POA,12,93.17,117.3,11.0,LS61_3a.czi,1,-77340.51,21300.32,-77626,20960,570,681,208.9,198.7
LS61_s03a_sc01,LS61,AF568,roi,Dl,13,122.49,211.63,11.0,LS61_3a.czi,1,-79749.04,20280.79,-80034,19940,570,682,208.9,198.7
LS61_s03a_sc01,LS61,AF568,roi,Dl,14,119.96,192.99,11.0,LS61_3a.czi,1,-79323.62,20563.14,-79609,20222,570,682,208.9,198.7
LS61_s04a_sc09,LS61,AF568,background,__background__,,200.67,39.0,11.0,LS61_4a.czi,9,-18581.58,9098.06,-19043,8522,923,1152,364.0,311.7
LS61_s04a_sc09,LS61,AF568,background,__background__,,239.66,93.35,11.0,LS61_4a.czi,9,-17098.27,6129.34,-17560,5554,924,1151,364.0,311.7
LS61_s04a_sc09,LS61,AF568,background,__background__,,210.12,135.3,11.0,LS61_4a.czi,9,-14999.33,6720.44,-15461,6145,924,1151,364.0,311.7
LS61_s04a_sc09,LS61,AF568,background,__background__,,84.28,38.41,11.0,LS61_4a.czi,9,-16742.4,14735.67,-17204,14160,923,1151,364.0,311.7
LS61_s04a_sc09,LS61,AF568,background,__background__,,36.43,60.86,11.0,LS61_4a.czi,9,-15106.51,16600.76,-15568,16025,923,1151,364.0,311.7
LS61_s04a_sc09,LS61,AF568,background,__background__,,16.34,115.21,11.0,LS61_4a.czi,9,-12678.03,16487.74,-13140,15912,924,1151,364.0,311.7
LS61_s04a_sc09,LS61,AF568,roi,Posterior tuberculum,1,110.28,145.93,8.46,LS61_4a.czi,9,-12989.94,11334.29,-13345,10891,710,886,280.0,239.8
LS61_s04a_sc09,LS61,AF568,roi,Posterior tuberculum,2,132.14,148.29,11.0,LS61_4a.czi,9,-13248.17,10230.58,-13710,9655,924,1151,364.0,311.7
LS61_s04a_sc09,LS61,AF568,roi,Anterior tuberal nucleus,3,99.64,182.56,11.0,LS61_4a.czi,9,-11399.62,11117.94,-11861,10542,923,1152,364.0,311.7
LS61_s04a_sc09,LS61,AF568,roi,Anterior tuberal nucleus,4,131.54,181.97,11.0,LS61_4a.czi,9,-11932.84,9587.79,-12395,9012,924,1151,364.0,311.7
LS61_s05a_sc00,LS61,AF568,background,__background__,,146.31,142.39,11.0,LS61_5a.czi,0,-80370.74,9143.71,-80946,8498,1151,1291,417.5,376.1
LS61_s05a_sc00,LS61,AF568,background,__background__,,95.51,154.2,11.0,LS61_5a.czi,0,-79192.93,11903.61,-79768,11258,1151,1291,417.5,376.1
LS61_s05a_sc00,LS61,AF568,background,__background__,,80.74,172.52,11.0,LS61_5a.czi,0,-78090.71,12516.93,-78666,11871,1151,1292,417.5,376.1
LS61_s05a_sc00,LS61,AF568,background,__background__,,161.68,181.38,11.0,LS61_5a.czi,0,-78554.7,7767.95,-79130,7122,1151,1292,417.5,376.1
LS61_s05a_sc00,LS61,AF568,background,__background__,,70.1,64.99,11.0,LS61_5a.czi,0,-83458.51,14492.48,-84034,13847,1151,1291,417.5,376.1
LS61_s05a_sc00,LS61,AF568,background,__background__,,104.96,85.67,11.0,LS61_5a.czi,0,-82797.62,12232.9,-83373,11587,1151,1292,417.5,376.1
LS61_s05a_sc00,LS61,AF568,roi,Posterior tuberculum,1,134.5,180.79,11.0,LS61_5a.czi,0,-78277.15,9332.37,-78853,8687,1151,1291,417.5,376.1
LS61_s05a_sc00,LS61,AF568,roi,Posterior tuberculum,2,111.46,182.56,11.0,LS61_5a.czi,0,-77926.01,10629.67,-78501,9984,1150,1291,417.5,376.1
LS61_s05a_sc00,LS61,AF568,roi,Anterior tuberal nucleus,3,110.28,203.24,11.0,LS61_5a.czi,0,-76857.16,10434.54,-77433,9789,1151,1291,417.5,376.1
LS61_s05a_sc00,LS61,AF568,roi,Anterior tuberal nucleus,4,130.36,207.37,11.0,LS61_5a.czi,0,-76873.66,9231.85,-77449,8586,1151,1292,417.5,376.1
LS61_s05a_sc00,LS61,AF568,roi,Anterior tuberal nucleus,5,115.59,224.51,11.0,LS61_5a.czi,0,-75831.66,9860.16,-76407,9214,1151,1292,417.5,376.1
LS61_s05a_sc00,LS61,AF568,roi,Anterior tuberal nucleus,6,132.14,228.05,11.0,LS61_5a.czi,0,-75838.32,8867.16,-76414,8221,1151,1292,417.5,376.1
LS61_s05a_sc01,LS61,AF568,background,__background__,,112.89,149.19,11.0,LS61_5a.czi,1,-81026.16,26034.59,-81647,25239,1241,1591,469.5,456.9
LS61_s05a_sc01,LS61,AF568,background,__background__,,145.93,113.08,11.0,LS61_5a.czi,1,-78268.08,26076.42,-78888,25281,1240,1591,469.5,456.9
LS61_s05a_sc01,LS61,AF568,background,__background__,,109.22,98.68,11.0,LS61_5a.czi,1,-79041.31,23405.78,-79662,22611,1241,1590,469.5,456.9
LS61_s05a_sc01,LS61,AF568,background,__background__,,175.75,80.48,11.0,LS61_5a.czi,1,-75778.41,26113.72,-76399,25319,1241,1590,469.5,456.9
LS61_s05a_sc01,LS61,AF568,background,__background__,,199.3,128.84,11.0,LS61_5a.czi,1,-76926.45,29709.97,-77547,28915,1241,1590,469.5,456.9
LS61_s05a_sc01,LS61,AF568,roi,Posterior tuberculum,1,158.03,75.84,11.0,LS61_5a.czi,1,-76248.77,24935.83,-76869,24141,1241,1590,469.5,456.9
LS61_s05a_sc01,LS61,AF568,roi,Posterior tuberculum,2,140.64,67.04,11.0,LS61_5a.czi,1,-76531.91,23575.48,-77152,22780,1240,1591,469.5,456.9
LS61_s05a_sc01,LS61,AF568,roi,Anterior tuberal nucleus,3,171.22,49.76,11.0,LS61_5a.czi,1,-74657.52,24391.1,-75278,23596,1241,1590,469.5,456.9
LS61_s05a_sc01,LS61,AF568,roi,Anterior tuberal nucleus,4,151.74,36.85,11.0,LS61_5a.czi,1,-74846.42,22720.35,-75467,21925,1241,1590,469.5,456.9
LS61_s05a_sc02,LS61,AF568,background,__background__,,115.75,143.65,11.0,LS61_5a.czi,2,-64651.3,9707.09,-65351,9007,1400,1400,454.6,454.6
LS61_s05a_sc02,LS61,AF568,background,__background__,,124.54,121.81,11.0,LS61_5a.czi,2,-64724.01,8212.09,-65424,7512,1400,1400,454.6,454.6
LS61_s05a_sc02,LS61,AF568,background,__background__,,119.82,175.37,11.0,LS61_5a.czi,2,-63573.29,11430.98,-64273,10731,1400,1400,454.6,454.6
LS61_s05a_sc02,LS61,AF568,background,__background__,,68.21,153.03,11.0,LS61_5a.czi,2,-67147.8,11512.2,-67848,10812,1400,1400,454.6,454.6
LS61_s05a_sc02,LS61,AF568,roi,Posterior tuberculum,1,151.99,173.1,11.0,LS61_5a.czi,2,-61775.58,10444.97,-62475,9745,1399,1400,454.6,454.6
LS61_s05a_sc02,LS61,AF568,roi,Posterior tuberculum,2,157.39,149.22,11.0,LS61_5a.czi,2,-62098.29,8922.24,-62798,8222,1400,1400,454.6,454.6
LS61_s05a_sc02,LS61,AF568,roi,Anterior tuberal nucleus,3,179.72,174.64,11.0,LS61_5a.czi,2,-60133.05,9797.01,-60833,9097,1400,1400,454.6,454.6
LS61_s05a_sc02,LS61,AF568,roi,Anterior tuberal nucleus,4,182.76,150.58,11.0,LS61_5a.czi,2,-60596.85,8326.59,-61297,7627,1400,1399,454.6,454.6
LS61_s05a_sc08,LS61,AF568,background,__background__,,190.38,145.51,11.0,LS61_5a.czi,8,-21782.03,13247.81,-22479,12465,1394,1565,505.7,455.9
LS61_s05a_sc08,LS61,AF568,background,__background__,,165.19,149.23,11.0,LS61_5a.czi,8,-22369.07,11561.64,-23066,10779,1394,1565,505.7,455.9
LS61_s05a_sc08,LS61,AF568,background,__background__,,125.04,158.83,11.0,LS61_5a.czi,8,-23531.38,8932.53,-24229,8150,1395,1565,505.7,455.9
LS61_s05a_sc08,LS61,AF568,background,__background__,,94.68,164.72,11.0,LS61_5a.czi,8,-24325.74,6922.69,-25023,6140,1394,1565,505.7,455.9
LS61_s05a_sc08,LS61,AF568,background,__background__,,155.13,218.73,11.0,LS61_5a.czi,8,-26802.57,11971.22,-27500,11189,1395,1565,505.7,455.9
LS61_s05a_sc08,LS61,AF568,roi,Posterior tuberculum,1,149.28,119.64,11.0,LS61_5a.czi,8,-20767.97,9988.1,-21465,9206,1394,1564,505.7,455.9
LS61_s05a_sc08,LS61,AF568,roi,Posterior tuberculum,2,123.59,124.58,11.0,LS61_5a.czi,8,-21437.43,8286.71,-22135,7504,1395,1565,505.7,455.9
LS61_s05a_sc08,LS61,AF568,roi,Anterior tuberal nucleus,3,146.83,95.53,11.0,LS61_5a.czi,8,-19314.24,9434.44,-20011,8652,1394,1565,505.7,455.9
LS61_s05a_sc08,LS61,AF568,roi,Anterior tuberal nucleus,4,125.63,97.16,11.0,LS61_5a.czi,8,-19715.64,7991.46,-20413,7209,1395,1565,505.7,455.9
LS69_s01a_sc02,LS69,AF568,background,__background__,,207.9,121.64,11.0,LS69_1a.czi,2,-71546.85,17712.03,-71804,17405,514,614,185.2,182.0
LS69_s01a_sc02,LS69,AF568,background,__background__,,153.24,182.9,11.0,LS69_1a.czi,2,-71344.04,19986.51,-71601,19680,514,613,185.2,182.0
LS69_s01a_sc02,LS69,AF568,background,__background__,,60.23,150.18,11.0,LS69_1a.czi,2,-73363.68,21295.02,-73620,20988,513,614,185.2,182.0
LS69_s01a_sc02,LS69,AF568,background,__background__,,51.08,167.4,11.0,LS69_1a.czi,2,-73209.46,21806.04,-73466,21499,513,614,185.2,182.0
LS69_s01a_sc02,LS69,AF568,background,__background__,,108.65,74.22,11.0,LS69_1a.czi,2,-73917.9,18874.44,-74175,18567,514,614,185.2,182.0
LS69_s01a_sc02,LS69,AF568,roi,Dl,1,21.43,137.58,11.0,LS69_1a.czi,2,-74188.07,21860.51,-74445,21554,514,613,185.2,182.0
LS69_s01a_sc02,LS69,AF568,roi,Dl,2,15.31,160.42,11.0,LS69_1a.czi,2,-73889.43,22414.09,-74146,22107,513,614,185.2,182.0
LS69_s01a_sc02,LS69,AF568,roi,Dl,3,22.3,187.55,11.0,LS69_1a.czi,2,-73311.68,22777.2,-73568,22470,513,614,185.2,182.0
LS69_s01a_sc02,LS69,AF568,roi,Dm,4,47.56,128.72,11.0,LS69_1a.czi,2,-73932.36,21155.24,-74189,20848,513,614,185.2,182.0
LS69_s01a_sc02,LS69,AF568,roi,Dm,5,75.92,135.77,11.0,LS69_1a.czi,2,-73367.08,20701.52,-73624,20395,514,613,185.2,182.0
LS69_s01a_sc02,LS69,AF568,roi,Dm,6,77.9,77.94,11.0,LS69_1a.czi,2,-74334.6,19578.96,-74591,19272,513,614,185.2,182.0
LS69_s01a_sc02,LS69,AF568,roi,Dm,7,93.84,95.79,11.0,LS69_1a.czi,2,-73777.1,19583.69,-74034,19277,514,614,185.2,182.0
LS69_s01a_sc02,LS69,AF568,roi,Dl,8,117.24,48.01,11.0,LS69_1a.czi,2,-74236.09,18206.82,-74493,17900,514,614,185.2,182.0
LS69_s01a_sc02,LS69,AF568,roi,Dl,9,139.85,63.37,11.0,LS69_1a.czi,2,-73617.26,18027.26,-73874,17720,514,614,185.2,182.0
LS69_s01a_sc02,LS69,AF568,roi,Dl,10,162.26,65.26,11.0,LS69_1a.czi,2,-73234.13,17599.88,-73491,17293,514,614,185.2,182.0
LS69_s01a_sc04,LS69,AF568,background,__background__,,122.87,42.4,11.0,LS69_1a.czi,4,-65012.09,7480.36,-65256,7189,488,583,173.6,174.8
LS69_s01a_sc04,LS69,AF568,background,__background__,,37.44,215.7,11.0,LS69_1a.czi,4,-63717.22,12347.47,-63961,12056,487,583,173.6,174.8
LS69_s01a_sc04,LS69,AF568,background,__background__,,231.95,136.32,11.0,LS69_1a.czi,4,-61835.2,7270.49,-62079,6979,487,583,173.6,174.8
LS69_s01a_sc04,LS69,AF568,background,__background__,,161.06,217.17,11.0,LS69_1a.czi,4,-61725.46,10109.91,-61969,9819,487,582,173.6,174.8
LS69_s01a_sc04,LS69,AF568,roi,Dl,1,15.48,190.23,11.0,LS69_1a.czi,4,-64457.35,12264.71,-64701,11973,487,583,173.6,174.8
LS69_s01a_sc04,LS69,AF568,roi,Dl,2,19.01,217.78,11.0,LS69_1a.czi,4,-63978.92,12724.85,-64223,12434,488,582,173.6,174.8
LS69_s01a_sc04,LS69,AF568,roi,Dl,3,40.3,223.6,11.0,LS69_1a.czi,4,-63550.59,12445.55,-63794,12154,487,583,173.6,174.8
LS69_s01a_sc04,LS69,AF568,roi,Dl,4,57.99,210.07,11.0,LS69_1a.czi,4,-63476.14,11863.6,-63720,11572,487,583,173.6,174.8
LS69_s01a_sc04,LS69,AF568,roi,Dl,5,81.67,198.05,11.0,LS69_1a.czi,4,-63283.13,11200.63,-63527,10909,487,583,173.6,174.8
LS69_s01a_sc04,LS69,AF568,roi,Dm,6,60.52,136.61,11.0,LS69_1a.czi,4,-64561.58,10417.78,-64805,10127,487,582,173.6,174.8
LS69_s01a_sc04,LS69,AF568,roi,Dm,7,78.75,133.72,11.0,LS69_1a.czi,4,-64315.47,10028.63,-64559,9737,487,583,173.6,174.8
LS69_s01a_sc04,LS69,AF568,roi,Dm,8,95.48,136.81,11.0,LS69_1a.czi,4,-64001.61,9780.89,-64245,9490,487,582,173.6,174.8
LS69_s01a_sc04,LS69,AF568,roi,Dm,9,109.9,149.54,11.0,LS69_1a.czi,4,-63576.83,9759.13,-63820,9468,487,582,173.6,174.8
LS69_s01a_sc04,LS69,AF568,roi,Vd,10,129.44,179.07,11.0,LS69_1a.czi,4,-62813.03,9963.58,-63057,9672,488,583,173.6,174.8
LS69_s01a_sc04,LS69,AF568,roi,Vv,11,158.39,170.88,11.0,LS69_1a.czi,4,-62477.37,9277.0,-62721,8986,487,582,173.6,174.8
LS69_s01a_sc04,LS69,AF568,roi,Vl,12,153.14,213.14,11.0,LS69_1a.czi,4,-61913.38,10178.28,-62157,9887,487,583,173.6,174.8
LS69_s01a_sc04,LS69,AF568,roi,Vv,13,175.64,177.72,11.0,LS69_1a.czi,4,-62097.76,9091.16,-62341,8800,487,582,173.6,174.8
LS69_s01a_sc04,LS69,AF568,roi,Dm,14,77.5,86.2,11.0,LS69_1a.czi,4,-65063.6,9146.26,-65307,8855,487,582,173.6,174.8
LS69_s01a_sc04,LS69,AF568,roi,Dm,15,90.63,105.72,11.0,LS69_1a.czi,4,-64555.31,9277.49,-64799,8986,487,583,173.6,174.8
LS69_s01a_sc04,LS69,AF568,roi,Dm,16,105.65,117.43,11.0,LS69_1a.czi,4,-64136.6,9225.3,-64380,8934,487,583,173.6,174.8
LS69_s01a_sc04,LS69,AF568,roi,Dm,17,126.17,133.79,11.0,LS69_1a.czi,4,-63559.01,9160.9,-63803,8870,488,582,173.6,174.8
LS69_s01a_sc04,LS69,AF568,roi,Vd,18,147.95,133.01,11.0,LS69_1a.czi,4,-63224.02,8746.89,-63468,8456,488,582,173.6,174.8
LS69_s01a_sc04,LS69,AF568,roi,Vv,19,173.71,142.87,11.0,LS69_1a.czi,4,-62662.57,8462.63,-62906,8171,487,583,173.6,174.8
LS69_s01a_sc04,LS69,AF568,roi,Vl,20,210.55,128.38,11.0,LS69_1a.czi,4,-62297.77,7511.42,-62541,7220,487,583,173.6,174.8
LS69_s01a_sc04,LS69,AF568,roi,Vv,21,194.11,153.65,11.0,LS69_1a.czi,4,-62172.4,8294.12,-62416,8003,487,582,173.6,174.8
LS69_s01a_sc04,LS69,AF568,roi,Dl,22,172.89,68.1,11.0,LS69_1a.czi,4,-63821.45,7053.25,-64065,6762,487,582,173.6,174.8
LS69_s01a_sc04,LS69,AF568,roi,Dl,23,190.23,73.62,11.0,LS69_1a.czi,4,-63460.64,6840.62,-63704,6549,487,583,173.6,174.8
LS69_s01a_sc04,LS69,AF568,roi,Dl,24,208.8,84.0,11.0,LS69_1a.czi,4,-63005.75,6698.04,-63249,6407,487,582,173.6,174.8
LS69_s01a_sc04,LS69,AF568,roi,Dl,25,96.59,28.8,11.0,LS69_1a.czi,4,-65639.14,7702.9,-65883,7412,487,582,173.6,174.8
LS69_s01a_sc04,LS69,AF568,roi,Dl,26,120.29,27.11,11.0,LS69_1a.czi,4,-65287.5,7236.36,-65531,6945,487,583,173.6,174.8
LS69_s01a_sc04,LS69,AF568,roi,Dl,27,141.9,35.86,11.0,LS69_1a.czi,4,-64809.17,7007.01,-65053,6716,487,582,173.6,174.8
LS69_s01a_sc05,LS69,AF568,background,__background__,,50.02,145.34,11.0,LS69_1a.czi,5,-62112.49,25831.26,-62370,25523,515,616,199.2,168.1
LS69_s01a_sc05,LS69,AF568,background,__background__,,211.3,73.26,11.0,LS69_1a.czi,5,-63175.25,21056.44,-63433,20748,516,617,199.2,168.1
LS69_s01a_sc05,LS69,AF568,background,__background__,,192.99,123.48,11.0,LS69_1a.czi,5,-62084.0,21786.01,-62342,21478,516,616,199.2,168.1
LS69_s01a_sc05,LS69,AF568,background,__background__,,121.5,217.42,16.22,LS69_1a.czi,5,-60181.65,24179.02,-60561,23725,759,908,293.8,247.9
LS69_s01a_sc05,LS69,AF568,background,__background__,,137.45,214.46,11.0,LS69_1a.czi,5,-60190.51,23725.4,-60448,23417,515,617,199.2,168.1
LS69_s01a_sc05,LS69,AF568,roi,Dl,1,28.75,124.07,11.0,LS69_1a.czi,5,-62682.92,26323.71,-62941,26016,516,616,199.2,168.1
LS69_s01a_sc05,LS69,AF568,roi,Dl,2,22.25,142.98,11.0,LS69_1a.czi,5,-62270.55,26587.53,-62528,26279,515,617,199.2,168.1
LS69_s01a_sc05,LS69,AF568,roi,Dl,3,21.07,163.06,11.0,LS69_1a.czi,5,-61811.32,26709.67,-62069,26402,515,616,199.2,168.1
LS69_s01a_sc05,LS69,AF568,roi,Dl,4,43.52,174.88,11.0,LS69_1a.czi,5,-61454.68,26142.49,-61712,25834,515,617,199.2,168.1
LS69_s01a_sc05,LS69,AF568,roi,Dl,5,68.33,176.65,11.0,LS69_1a.czi,5,-61321.29,25465.33,-61579,25157,515,616,199.2,168.1
LS69_s01a_sc05,LS69,AF568,roi,Dm,6,67.15,97.49,11.0,LS69_1a.czi,5,-63153.41,25144.84,-63411,24837,515,616,199.2,168.1
LS69_s01a_sc05,LS69,AF568,roi,Dm,7,85.46,108.71,11.0,LS69_1a.czi,5,-62826.07,24689.3,-63084,24381,516,616,199.2,168.1
LS69_s01a_sc05,LS69,AF568,roi,Dm,8,108.5,122.89,11.0,LS69_1a.czi,5,-62412.74,24116.36,-62670,23808,515,617,199.2,168.1
LS69_s01a_sc05,LS69,AF568,roi,Dm,9,124.46,136.48,11.0,LS69_1a.czi,5,-62039.43,23736.28,-62297,23428,515,616,199.2,168.1
LS69_s01a_sc05,LS69,AF568,roi,Vd,10,108.5,167.2,11.0,LS69_1a.czi,5,-61389.66,24313.99,-61647,24006,515,616,199.2,168.1
LS69_s01a_sc05,LS69,AF568,roi,Vv,11,129.77,188.47,11.0,LS69_1a.czi,5,-60819.23,23821.54,-61077,23513,516,617,199.2,168.1
LS69_s01a_sc05,LS69,AF568,roi,Vl,12,107.32,209.74,11.0,LS69_1a.czi,5,-60411.86,24536.31,-60670,24228,516,616,199.2,168.1
LS69_s01a_sc05,LS69,AF568,roi,Vv,13,141.59,204.42,11.0,LS69_1a.czi,5,-60406.88,23566.3,-60665,23258,516,616,199.2,168.1
LS69_s01a_sc05,LS69,AF568,roi,Dm,14,132.73,51.99,11.0,LS69_1a.czi,5,-63959.38,23131.08,-64217,22823,515,616,199.2,168.1
LS69_s01a_sc05,LS69,AF568,roi,Dm,15,130.36,72.67,11.0,LS69_1a.czi,5,-63490.74,23288.76,-63748,22981,515,616,199.2,168.1
LS69_s01a_sc05,LS69,AF568,roi,Dm,16,133.32,95.12,11.0,LS69_1a.czi,5,-62961.35,23307.16,-63219,22999,515,616,199.2,168.1
LS69_s01a_sc05,LS69,AF568,roi,Dm,17,138.04,114.03,11.0,LS69_1a.czi,5,-62507.13,23261.17,-62765,22953,516,616,199.2,168.1
LS69_s01a_sc05,LS69,AF568,roi,Vd,18,142.18,152.43,11.0,LS69_1a.czi,5,-61605.08,23318.12,-61863,23010,516,616,199.2,168.1
LS69_s01a_sc05,LS69,AF568,roi,Vv,19,155.77,174.88,11.0,LS69_1a.czi,5,-61036.04,23043.0,-61294,22735,516,616,199.2,168.1
LS69_s01a_sc05,LS69,AF568,roi,Vl,20,203.03,195.56,11.0,LS69_1a.czi,5,-60382.3,21830.28,-60640,21522,515,616,199.2,168.1
LS69_s01a_sc05,LS69,AF568,roi,Vv,21,165.81,195.56,11.0,LS69_1a.czi,5,-60521.12,22858.01,-60779,22550,516,616,199.2,168.1
LS69_s01a_sc05,LS69,AF568,roi,Dl,22,192.4,106.35,11.0,LS69_1a.czi,5,-62481.72,21725.9,-62739,21418,515,616,199.2,168.1
LS69_s01a_sc05,LS69,AF568,roi,Dl,23,190.62,123.48,11.0,LS69_1a.czi,5,-62092.84,21851.46,-62351,21543,516,617,199.2,168.1
LS69_s01a_sc05,LS69,AF568,roi,Dl,24,205.39,138.25,11.0,LS69_1a.czi,5,-61696.73,21509.5,-61954,21201,515,617,199.2,168.1
LS69_s01a_sc05,LS69,AF568,roi,Dl,25,197.12,53.18,11.0,LS69_1a.czi,5,-63691.76,21358.42,-63950,21050,516,617,199.2,168.1
LS69_s01a_sc05,LS69,AF568,roi,Dl,26,212.48,69.72,11.0,LS69_1a.czi,5,-63252.58,21008.07,-63510,20700,515,616,199.2,168.1
LS69_s01a_sc05,LS69,AF568,roi,Dl,27,194.17,85.67,11.0,LS69_1a.czi,5,-62952.6,21584.79,-63210,21277,515,616,199.2,168.1
LS69_s01a_sc08,LS69,AF568,background,__background__,,134.7,145.1,11.0,LS69_1a.czi,8,-45162.42,4774.3,-45528,4408,732,732,237.6,237.6
LS69_s01a_sc08,LS69,AF568,background,__background__,,92.99,131.66,11.0,LS69_1a.czi,8,-44546.98,6094.32,-44913,5728,732,732,237.6,237.6
LS69_s01a_sc08,LS69,AF568,background,__background__,,205.86,69.69,11.0,LS69_1a.czi,8,-48608.28,4745.32,-48974,4379,732,732,237.6,237.6
LS69_s01a_sc08,LS69,AF568,background,__background__,,74.02,49.0,11.0,LS69_1a.czi,8,-46132.01,8425.08,-46498,8059,732,732,237.6,237.6
LS69_s01a_sc08,LS69,AF568,background,__background__,,220.36,111.66,11.0,LS69_1a.czi,8,-47913.54,3443.29,-48280,3077,733,732,237.6,237.6
LS69_s01a_sc08,LS69,AF568,background,__background__,,164.31,77.6,11.0,LS69_1a.czi,8,-47476.3,5578.8,-47842,5213,732,732,237.6,237.6
LS69_s01a_sc08,LS69,AF568,roi,Dl,1,61.4,31.24,11.0,LS69_1a.czi,8,-46279.42,9134.02,-46645,8768,732,732,237.6,237.6
LS69_s01a_sc08,LS69,AF568,roi,Dl,2,48.23,40.13,11.0,LS69_1a.czi,8,-45765.11,9253.92,-46131,8888,732,732,237.6,237.6
LS69_s01a_sc08,LS69,AF568,roi,Dl,3,48.67,55.46,11.0,LS69_1a.czi,8,-45401.57,8896.65,-45768,8531,732,732,237.6,237.6
LS69_s01a_sc08,LS69,AF568,roi,Dl,4,57.13,72.79,11.0,LS69_1a.czi,8,-45170.6,8298.78,-45537,7933,732,732,237.6,237.6
LS69_s01a_sc08,LS69,AF568,roi,Dl,5,70.32,85.82,11.0,LS69_1a.czi,8,-45151.32,7682.88,-45517,7317,732,732,237.6,237.6
LS69_s01a_sc08,LS69,AF568,roi,Dl,6,74.49,103.3,11.0,LS69_1a.czi,8,-44819.72,7186.13,-45186,6820,732,732,237.6,237.6
LS69_s01a_sc08,LS69,AF568,roi,Dm,7,113.27,30.77,11.0,LS69_1a.czi,8,-47463.43,7880.92,-47829,7515,732,732,237.6,237.6
LS69_s01a_sc08,LS69,AF568,roi,Dm,8,125.75,51.54,11.0,LS69_1a.czi,8,-47239.53,7107.35,-47606,6741,733,732,237.6,237.6
LS69_s01a_sc08,LS69,AF568,roi,Dm,9,126.05,67.45,11.0,LS69_1a.czi,8,-46858.69,6740.38,-47225,6374,732,732,237.6,237.6
LS69_s01a_sc08,LS69,AF568,roi,Dm,10,121.48,85.79,11.0,LS69_1a.czi,8,-46308.56,6437.13,-46675,6071,733,732,237.6,237.6
LS69_s01a_sc08,LS69,AF568,roi,Dm,11,115.32,100.7,11.0,LS69_1a.czi,8,-45806.05,6250.16,-46172,5884,732,732,237.6,237.6
LS69_s01a_sc08,LS69,AF568,roi,Vd,12,108.74,117.32,11.0,LS69_1a.czi,8,-45252.39,6034.76,-45618,5669,732,732,237.6,237.6
LS69_s01a_sc08,LS69,AF568,roi,Vv,13,108.32,133.66,11.0,LS69_1a.czi,8,-44844.8,5675.62,-45211,5310,732,732,237.6,237.6
LS69_s01a_sc08,LS69,AF568,roi,Vl,14,81.24,125.08,11.0,LS69_1a.czi,8,-44441.67,6529.33,-44808,6163,732,732,237.6,237.6
LS69_s01a_sc08,LS69,AF568,roi,Vv,15,99.16,143.55,11.0,LS69_1a.czi,8,-44396.78,5675.21,-44763,5309,732,732,237.6,237.6
LS69_s01a_sc08,LS69,AF568,roi,Dm,16,165.73,54.81,11.0,LS69_1a.czi,8,-48063.64,6059.39,-48430,5693,732,732,237.6,237.6
LS69_s01a_sc08,LS69,AF568,roi,Dm,17,156.14,71.3,11.0,LS69_1a.czi,8,-47445.1,5920.26,-47811,5554,732,732,237.6,237.6
LS69_s01a_sc08,LS69,AF568,roi,Dm,18,149.71,89.79,11.0,LS69_1a.czi,8,-46849.27,5658.94,-47215,5293,732,732,237.6,237.6
LS69_s01a_sc08,LS69,AF568,roi,Dm,19,144.27,109.13,11.0,LS69_1a.czi,8,-46255.11,5354.28,-46621,4988,732,732,237.6,237.6
LS69_s01a_sc08,LS69,AF568,roi,Dm,20,137.26,122.61,11.0,LS69_1a.czi,8,-45768.22,5220.34,-46134,4854,732,732,237.6,237.6
LS69_s01a_sc08,LS69,AF568,roi,Vd,21,130.68,134.36,11.0,LS69_1a.czi,8,-45333.21,5115.03,-45699,4749,732,732,237.6,237.6
LS69_s01a_sc08,LS69,AF568,roi,Vv,22,128.25,144.11,11.0,LS69_1a.czi,8,-45040.74,4953.83,-45407,4588,732,732,237.6,237.6
LS69_s01a_sc08,LS69,AF568,roi,Vl,23,152.61,158.71,11.0,LS69_1a.czi,8,-45235.71,4030.29,-45602,3664,732,732,237.6,237.6
LS69_s01a_sc08,LS69,AF568,roi,Vv,24,130.55,159.29,11.0,LS69_1a.czi,8,-44722.9,4554.64,-45089,4189,732,732,237.6,237.6
LS69_s01a_sc08,LS69,AF568,roi,Dl,25,206.47,120.99,11.0,LS69_1a.czi,8,-47372.24,3570.78,-47738,3205,732,732,237.6,237.6
LS69_s01a_sc08,LS69,AF568,roi,Dl,26,199.6,131.45,11.0,LS69_1a.czi,8,-46962.09,3501.7,-47328,3136,732,732,237.6,237.6
LS69_s01a_sc08,LS69,AF568,roi,Dl,27,190.57,135.9,11.0,LS69_1a.czi,8,-46649.55,3621.1,-47016,3255,733,732,237.6,237.6
LS69_s01a_sc08,LS69,AF568,roi,Dl,28,215.75,78.85,11.0,LS69_1a.czi,8,-48608.68,4297.29,-48975,3931,732,732,237.6,237.6
LS69_s01a_sc08,LS69,AF568,roi,Dl,29,221.78,91.32,8.52,LS69_1a.czi,8,-48441.19,3868.49,-48725,3585,567,567,184.1,184.1
LS69_s01a_sc08,LS69,AF568,roi,Dl,30,216.92,103.5,11.0,LS69_1a.czi,8,-48034.58,3711.56,-48401,3345,732,733,237.6,237.6
LS69_s01a_sc10,LS69,AF568,background,__background__,,196.99,139.06,11.0,LS69_1a.czi,10,-34515.42,6903.99,-34824,6596,617,616,200.0,200.0
LS69_s01a_sc10,LS69,AF568,background,__background__,,186.71,172.66,11.0,LS69_1a.czi,10,-33943.18,6104.96,-34251,5797,616,616,200.0,200.0
LS69_s01a_sc10,LS69,AF568,background,__background__,,112.19,68.67,11.0,LS69_1a.czi,10,-32895.27,9526.44,-33203,9218,616,617,200.0,200.0
LS69_s01a_sc10,LS69,AF568,background,__background__,,94.82,30.54,11.0,LS69_1a.czi,10,-32774.92,10692.2,-33083,10384,616,616,200.0,200.0
LS69_s01a_sc10,LS69,AF568,background,__background__,,51.4,128.23,11.0,LS69_1a.czi,10,-30752.46,8489.77,-31061,8182,617,616,200.0,200.0
LS69_s01a_sc10,LS69,AF568,roi,Dl,1,63.2,38.61,11.0,LS69_1a.czi,10,-31864.69,10760.32,-32173,10452,616,616,200.0,200.0
LS69_s01a_sc10,LS69,AF568,roi,Dl,2,70.19,56.04,11.0,LS69_1a.czi,10,-31894.52,10235.9,-32203,9928,617,616,200.0,200.0
LS69_s01a_sc10,LS69,AF568,roi,Dl,3,68.45,75.71,11.0,LS69_1a.czi,10,-31672.93,9729.98,-31981,9422,616,616,200.0,200.0
LS69_s01a_sc10,LS69,AF568,roi,Dl,4,61.63,92.12,11.0,LS69_1a.czi,10,-31345.76,9355.78,-31654,9048,616,616,200.0,200.0
LS69_s01a_sc10,LS69,AF568,roi,Dl,5,66.52,109.16,11.0,LS69_1a.czi,10,-31323.39,8860.44,-31632,8552,617,617,200.0,200.0
LS69_s01a_sc10,LS69,AF568,roi,Dl,6,56.16,113.94,11.0,LS69_1a.czi,10,-31006.11,8826.13,-31314,8518,616,616,200.0,200.0
LS69_s01a_sc10,LS69,AF568,roi,Dm,7,145.55,64.75,11.0,LS69_1a.czi,10,-33814.6,9332.79,-34123,9025,617,616,200.0,200.0
LS69_s01a_sc10,LS69,AF568,roi,Dm,8,148.83,85.17,11.0,LS69_1a.czi,10,-33719.41,8762.2,-34028,8454,617,616,200.0,200.0
LS69_s01a_sc10,LS69,AF568,roi,Dm,9,143.72,103.22,11.0,LS69_1a.czi,10,-33422.94,8329.28,-33731,8021,616,616,200.0,200.0
LS69_s01a_sc10,LS69,AF568,roi,Dm,10,129.68,112.66,11.0,LS69_1a.czi,10,-32966.53,8204.26,-33275,7896,617,616,200.0,200.0
LS69_s01a_sc10,LS69,AF568,roi,Dm,11,116.56,127.09,11.0,LS69_1a.czi,10,-32490.01,7938.76,-32798,7631,616,616,200.0,200.0
LS69_s01a_sc10,LS69,AF568,roi,Vd,12,90.07,141.76,11.0,LS69_1a.czi,10,-31656.9,7786.15,-31965,7478,616,616,200.0,200.0
LS69_s01a_sc10,LS69,AF568,roi,Vl,13,50.46,146.21,11.0,LS69_1a.czi,10,-30567.16,8021.5,-30875,7713,616,617,200.0,200.0
LS69_s01a_sc10,LS69,AF568,roi,Vv,14,48.71,165.88,11.0,LS69_1a.czi,10,-30345.31,7515.67,-30653,7208,616,616,200.0,200.0
LS69_s01a_sc10,LS69,AF568,roi,Dm,15,179.45,115.55,11.0,LS69_1a.czi,10,-34260.15,7683.7,-34568,7376,616,616,200.0,200.0
LS69_s01a_sc10,LS69,AF568,roi,Dm,16,164.99,125.41,11.0,LS69_1a.czi,10,-33788.86,7551.29,-34097,7243,616,616,200.0,200.0
LS69_s01a_sc10,LS69,AF568,roi,Dm,17,148.08,137.82,11.0,LS69_1a.czi,10,-33229.88,7373.15,-33538,7065,616,616,200.0,200.0
LS69_s01a_sc10,LS69,AF568,roi,Dm,18,134.44,146.0,11.0,LS69_1a.czi,10,-32795.32,7277.97,-33103,6970,616,616,200.0,200.0
LS69_s01a_sc10,LS69,AF568,roi,Dm,19,117.92,157.15,11.0,LS69_1a.czi,10,-32257.92,7129.74,-32566,6822,616,616,200.0,200.0
LS69_s01a_sc10,LS69,AF568,roi,Vd,20,103.92,169.09,11.0,LS69_1a.czi,10,-31780.28,6938.09,-32088,6630,616,616,200.0,200.0
LS69_s01a_sc10,LS69,AF568,roi,Vl,21,98.2,200.53,11.0,LS69_1a.czi,10,-31348.2,6155.65,-31656,5848,616,616,200.0,200.0
LS69_s01a_sc10,LS69,AF568,roi,Vv,22,72.47,186.36,11.0,LS69_1a.czi,10,-30792.5,6760.8,-31101,6453,617,616,200.0,200.0
LS69_s01a_sc10,LS69,AF568,roi,Dl,23,165.98,206.03,11.0,LS69_1a.czi,10,-33095.97,5405.24,-33404,5097,616,616,200.0,200.0
LS69_s01a_sc10,LS69,AF568,roi,Dl,24,151.81,207.95,11.0,LS69_1a.czi,10,-32703.2,5480.74,-33011,5173,616,616,200.0,200.0
LS69_s01a_sc10,LS69,AF568,roi,Dl,25,141.04,213.15,11.0,LS69_1a.czi,10,-32371.31,5438.96,-32679,5131,616,616,200.0,200.0
LS69_s01a_sc10,LS69,AF568,roi,Dl,26,131.51,217.92,11.0,LS69_1a.czi,10,-32076.12,5397.51,-32384,5089,616,617,200.0,200.0
LS69_s01a_sc10,LS69,AF568,roi,Dl,27,216.21,187.19,11.29,LS69_1a.czi,10,-34595.62,5456.63,-34912,5140,633,633,205.3,205.3
LS69_s01a_sc10,LS69,AF568,roi,Dl,28,204.82,204.94,11.0,LS69_1a.czi,10,-34135.34,5087.68,-34443,4780,616,616,200.0,200.0
LS69_s01a_sc11,LS69,AF568,background,__background__,,168.83,141.26,11.0,LS69_1a.czi,11,-34824.94,22624.48,-35194,22307,738,635,206.6,239.5
LS69_s01a_sc11,LS69,AF568,background,__background__,,215.8,139.03,11.0,LS69_1a.czi,11,-34891.98,23979.77,-35261,23662,738,636,206.6,239.5
LS69_s01a_sc11,LS69,AF568,background,__background__,,101.01,184.54,11.0,LS69_1a.czi,11,-36066.01,20563.76,-36435,20246,738,636,206.6,239.5
LS69_s01a_sc11,LS69,AF568,background,__background__,,75.15,180.89,11.0,LS69_1a.czi,11,-35866.2,19830.23,-36236,19512,739,636,206.6,239.5
LS69_s01a_sc11,LS69,AF568,background,__background__,,69.27,99.97,11.0,LS69_1a.czi,11,-33146.01,19871.04,-33515,19553,738,636,206.6,239.5
LS69_s01a_sc11,LS69,AF568,roi,Dl,1,238.49,122.75,11.0,LS69_1a.czi,11,-34416.65,24673.87,-34786,24356,739,636,206.6,239.5
LS69_s01a_sc11,LS69,AF568,roi,Dl,2,230.4,104.92,11.0,LS69_1a.czi,11,-33796.81,24487.66,-34166,24170,739,635,206.6,239.5
LS69_s01a_sc11,LS69,AF568,roi,Dl,3,210.41,97.25,11.0,LS69_1a.czi,11,-33480.42,23933.2,-33850,23615,739,636,206.6,239.5
LS69_s01a_sc11,LS69,AF568,roi,Dl,4,191.68,88.19,11.0,LS69_1a.czi,11,-33121.41,23418.55,-33491,23101,739,635,206.6,239.5
LS69_s01a_sc11,LS69,AF568,roi,Dl,5,178.59,75.92,11.0,LS69_1a.czi,11,-32672.19,23074.27,-33042,22756,739,636,206.6,239.5
LS69_s01a_sc11,LS69,AF568,roi,Dm,6,164.38,162.13,11.0,LS69_1a.czi,11,-35508.52,22442.53,-35878,22125,739,635,206.6,239.5
LS69_s01a_sc11,LS69,AF568,roi,Dm,7,149.15,154.47,11.0,LS69_1a.czi,11,-35206.81,22024.81,-35576,21707,739,636,206.6,239.5
LS69_s01a_sc11,LS69,AF568,roi,Dm,8,141.8,135.55,11.0,LS69_1a.czi,11,-34552.8,21862.68,-34922,21545,739,635,206.6,239.5
LS69_s01a_sc11,LS69,AF568,roi,Dm,9,130.7,120.79,11.0,LS69_1a.czi,11,-34026.42,21582.03,-34396,21264,739,636,206.6,239.5
LS69_s01a_sc11,LS69,AF568,roi,Vs,10,123.55,80.69,11.0,LS69_1a.czi,11,-32665.66,21480.54,-33035,21163,739,635,206.6,239.5
LS69_s01a_sc11,LS69,AF568,roi,Vc,11,136.12,63.36,11.0,LS69_1a.czi,11,-32124.77,21886.61,-32494,21569,739,635,206.6,239.5
LS69_s01a_sc11,LS69,AF568,roi,Dm,12,132.88,186.82,11.0,LS69_1a.czi,11,-36238.18,21473.51,-36608,21156,739,635,206.6,239.5
LS69_s01a_sc11,LS69,AF568,roi,Dm,13,126.91,169.15,11.0,LS69_1a.czi,11,-35630.07,21347.78,-35999,21030,738,636,206.6,239.5
LS69_s01a_sc11,LS69,AF568,roi,Dm,14,120.52,148.32,11.0,LS69_1a.czi,11,-34915.16,21218.18,-35285,20900,739,636,206.6,239.5
LS69_s01a_sc11,LS69,AF568,roi,Dm,15,114.55,130.64,11.0,LS69_1a.czi,11,-34306.72,21092.49,-34676,20775,739,635,206.6,239.5
LS69_s01a_sc11,LS69,AF568,roi,Vs,16,98.59,98.95,11.0,LS69_1a.czi,11,-33200.28,20716.08,-33570,20398,739,636,206.6,239.5
LS69_s01a_sc11,LS69,AF568,roi,Vc,17,68.49,90.22,11.0,LS69_1a.czi,11,-32818.04,19873.9,-33187,19556,738,636,206.6,239.5
LS69_s01a_sc11,LS69,AF568,roi,Dl,18,68.56,206.37,11.0,LS69_1a.czi,11,-36697.29,19574.85,-37067,19257,739,636,206.6,239.5
LS69_s01a_sc11,LS69,AF568,roi,Dl,19,52.69,196.37,11.0,LS69_1a.czi,11,-36315.51,19144.8,-36685,18827,739,636,206.6,239.5
LS69_s01a_sc11,LS69,AF568,roi,Dl,20,35.5,181.67,11.0,LS69_1a.czi,11,-35772.78,18689.02,-36142,18371,739,636,206.6,239.5
LS69_s01a_sc11,LS69,AF568,roi,Dl,21,54.59,167.43,11.0,LS69_1a.czi,11,-35354.73,19274.41,-35724,18957,739,635,206.6,239.5
LS69_s01a_sc11,LS69,AF568,roi,Dl,22,61.82,149.05,11.0,LS69_1a.czi,11,-34762.68,19529.77,-35132,19212,739,636,206.6,239.5
LS69_s01a_sc12,LS69,AF568,background,__background__,,181.56,159.59,11.0,LS69_1a.czi,12,-23327.59,8226.62,-23618,7880,580,693,191.3,222.4
LS69_s01a_sc12,LS69,AF568,background,__background__,,190.85,198.47,11.0,LS69_1a.czi,12,-23277.36,6969.64,-23567,6623,580,693,191.3,222.4
LS69_s01a_sc12,LS69,AF568,background,__background__,,124.64,75.61,11.0,LS69_1a.czi,12,-22504.36,11264.83,-22794,10918,580,694,191.3,222.4
LS69_s01a_sc12,LS69,AF568,background,__background__,,52.8,123.62,11.0,LS69_1a.czi,12,-20336.11,10443.26,-20626,10097,580,693,191.3,222.4
LS69_s01a_sc12,LS69,AF568,roi,Dl,1,80.12,43.76,11.0,LS69_1a.czi,12,-21612.38,12618.2,-21902,12271,580,694,191.3,222.4
LS69_s01a_sc12,LS69,AF568,roi,Dl,2,59.4,48.04,11.0,LS69_1a.czi,12,-21057.16,12670.49,-21347,12324,580,693,191.3,222.4
LS69_s01a_sc12,LS69,AF568,roi,Dl,3,62.1,70.5,11.0,LS69_1a.czi,12,-20960.73,11967.75,-21251,11621,580,694,191.3,222.4
LS69_s01a_sc12,LS69,AF568,roi,Dl,4,64.9,95.47,11.0,LS69_1a.czi,12,-20848.43,11188.25,-21138,10841,580,694,191.3,222.4
LS69_s01a_sc12,LS69,AF568,roi,Dl,5,60.8,115.72,11.0,LS69_1a.czi,12,-20596.29,10611.96,-20886,10265,580,694,191.3,222.4
LS69_s01a_sc12,LS69,AF568,roi,Vc,6,33.89,158.35,11.0,LS69_1a.czi,12,-19603.38,9559.05,-19893,9212,580,694,191.3,222.4
LS69_s01a_sc12,LS69,AF568,roi,Dm,7,147.57,74.15,11.0,LS69_1a.czi,12,-23094.77,11107.9,-23385,10761,580,694,191.3,222.4
LS69_s01a_sc12,LS69,AF568,roi,Dm,8,145.94,93.46,11.0,LS69_1a.czi,12,-22911.97,10538.37,-23202,10192,580,693,191.3,222.4
LS69_s01a_sc12,LS69,AF568,roi,Dm,9,134.1,109.05,11.0,LS69_1a.czi,12,-22498.32,10170.84,-22788,9824,580,694,191.3,222.4
LS69_s01a_sc12,LS69,AF568,roi,Dm,10,115.47,122.44,11.0,LS69_1a.czi,12,-21929.15,9929.37,-22219,9583,580,693,191.3,222.4
LS69_s01a_sc12,LS69,AF568,roi,Vs,11,90.93,134.43,11.0,LS69_1a.czi,12,-21220.82,9782.06,-21511,9435,580,694,191.3,222.4
LS69_s01a_sc12,LS69,AF568,roi,Dm,12,187.42,113.74,11.0,LS69_1a.czi,12,-23811.94,9561.47,-24102,9215,580,693,191.3,222.4
LS69_s01a_sc12,LS69,AF568,roi,Dm,13,166.82,120.53,11.0,LS69_1a.czi,12,-23241.35,9536.83,-23531,9190,580,694,191.3,222.4
LS69_s01a_sc12,LS69,AF568,roi,Dm,14,150.91,129.2,11.0,LS69_1a.czi,12,-22775.55,9414.21,-23066,9067,580,694,191.3,222.4
LS69_s01a_sc12,LS69,AF568,roi,Dm,15,130.57,141.83,11.0,LS69_1a.czi,12,-22168.72,9210.72,-22459,8864,580,693,191.3,222.4
LS69_s01a_sc12,LS69,AF568,roi,Vs,16,108.51,162.49,11.0,LS69_1a.czi,12,-21459.52,8779.52,-21750,8433,581,693,191.3,222.4
LS69_s01a_sc12,LS69,AF568,roi,Vc,17,99.46,193.42,11.0,LS69_1a.czi,12,-21003.92,7923.74,-21294,7577,580,693,191.3,222.4
LS69_s01a_sc12,LS69,AF568,roi,Dl,18,192.18,190.89,11.0,LS69_1a.czi,12,-23366.57,7187.16,-23657,6840,580,694,191.3,222.4
LS69_s01a_sc12,LS69,AF568,roi,Dl,19,172.99,191.76,11.0,LS69_1a.czi,12,-22875.04,7329.13,-23165,6982,580,694,191.3,222.4
LS69_s01a_sc12,LS69,AF568,roi,Dl,20,153.16,188.06,11.0,LS69_1a.czi,12,-22400.84,7614.89,-22691,7268,580,694,191.3,222.4
LS69_s01a_sc12,LS69,AF568,roi,Dl,21,226.75,160.04,11.0,LS69_1a.czi,12,-24466.75,7816.74,-24757,7470,580,693,191.3,222.4
LS69_s01a_sc12,LS69,AF568,roi,Dl,22,218.44,179.66,11.0,LS69_1a.czi,12,-24112.8,7296.41,-24403,6950,580,693,191.3,222.4
LS69_s01a_sc13,LS69,AF568,background,__background__,,120.84,157.58,11.0,LS69_1a.czi,13,-23796.41,24068.11,-24124,23677,655,783,251.7,215.3
LS69_s01a_sc13,LS69,AF568,background,__background__,,135.23,195.95,11.0,LS69_1a.czi,13,-25007.26,24223.24,-25335,23832,655,783,251.7,215.3
LS69_s01a_sc13,LS69,AF568,background,__background__,,88.91,104.87,11.0,LS69_1a.czi,13,-22042.87,23436.45,-22370,23045,655,783,251.7,215.3
LS69_s01a_sc13,LS69,AF568,background,__background__,,145.05,67.58,11.0,LS69_1a.czi,13,-21385.86,25699.08,-21713,25308,655,782,251.7,215.3
LS69_s01a_sc13,LS69,AF568,background,__background__,,194.23,136.28,11.0,LS69_1a.czi,13,-23727.41,26782.67,-24055,26391,655,783,251.7,215.3
LS69_s01a_sc13,LS69,AF568,roi,Dl,1,224.08,112.0,11.0,LS69_1a.czi,13,-23249.93,28025.2,-23577,27634,654,783,251.7,215.3
LS69_s01a_sc13,LS69,AF568,roi,Dl,2,218.77,95.45,11.0,LS69_1a.czi,13,-22734.3,27989.15,-23062,27598,655,783,251.7,215.3
LS69_s01a_sc13,LS69,AF568,roi,Dl,3,199.95,86.41,11.0,LS69_1a.czi,13,-22334.66,27421.58,-22662,27030,655,783,251.7,215.3
LS69_s01a_sc13,LS69,AF568,roi,Dl,4,177.76,84.85,11.0,LS69_1a.czi,13,-22125.29,26671.73,-22453,26280,655,783,251.7,215.3
LS69_s01a_sc13,LS69,AF568,roi,Dl,5,160.58,76.08,11.0,LS69_1a.czi,13,-21745.58,26158.21,-22073,25767,655,783,251.7,215.3
LS69_s01a_sc13,LS69,AF568,roi,Vc,6,121.48,48.86,11.0,LS69_1a.czi,13,-20672.44,25053.84,-21000,24662,655,783,251.7,215.3
LS69_s01a_sc13,LS69,AF568,roi,Dm,7,172.14,157.18,11.0,LS69_1a.czi,13,-24165.13,25837.17,-24493,25446,655,783,251.7,215.3
LS69_s01a_sc13,LS69,AF568,roi,Dm,8,156.47,144.42,11.0,LS69_1a.czi,13,-23681.78,25410.99,-24009,25020,655,782,251.7,215.3
LS69_s01a_sc13,LS69,AF568,roi,Dm,9,149.17,127.12,11.0,LS69_1a.czi,13,-23129.82,25313.1,-23457,24922,655,783,251.7,215.3
LS69_s01a_sc13,LS69,AF568,roi,Dm,10,139.67,107.76,11.0,LS69_1a.czi,13,-22502.27,25157.76,-22830,24766,655,783,251.7,215.3
LS69_s01a_sc13,LS69,AF568,roi,Vs,11,128.52,83.05,11.0,LS69_1a.czi,13,-21708.53,24993.06,-22036,24602,655,782,251.7,215.3
LS69_s01a_sc13,LS69,AF568,roi,Dm,12,145.38,175.61,11.0,LS69_1a.czi,13,-24497.16,24752.85,-24825,24361,655,783,251.7,215.3
LS69_s01a_sc13,LS69,AF568,roi,Dm,13,140.0,156.94,11.0,LS69_1a.czi,13,-23920.0,24733.18,-24247,24342,654,783,251.7,215.3
LS69_s01a_sc13,LS69,AF568,roi,Dm,14,127.62,139.64,11.0,LS69_1a.czi,13,-23330.39,24460.47,-23658,24069,655,783,251.7,215.3
LS69_s01a_sc13,LS69,AF568,roi,Dm,15,120.52,118.57,11.0,LS69_1a.czi,13,-22671.42,24402.88,-22999,24011,655,783,251.7,215.3
LS69_s01a_sc13,LS69,AF568,roi,Vs,16,107.86,97.84,11.0,LS69_1a.czi,13,-21981.02,24150.93,-22308,23760,654,782,251.7,215.3
LS69_s01a_sc13,LS69,AF568,roi,Vc,17,77.76,75.07,11.0,LS69_1a.czi,13,-21102.65,23316.86,-21430,22925,655,783,251.7,215.3
LS69_s01a_sc13,LS69,AF568,roi,Dl,18,85.96,163.66,11.0,LS69_1a.czi,13,-23712.84,22813.8,-24040,22422,655,783,251.7,215.3
LS69_s01a_sc13,LS69,AF568,roi,Dl,19,85.94,148.41,11.0,LS69_1a.czi,13,-23273.84,22948.29,-23601,22557,655,783,251.7,215.3
LS69_s01a_sc13,LS69,AF568,roi,Dl,20,84.0,134.54,11.0,LS69_1a.czi,13,-22860.31,23004.47,-23188,22613,655,783,251.7,215.3
LS69_s01a_sc13,LS69,AF568,roi,Dl,21,101.32,211.51,11.0,LS69_1a.czi,13,-25203.7,22918.28,-25531,22527,655,783,251.7,215.3
LS69_s01a_sc13,LS69,AF568,roi,Dl,22,84.21,199.79,11.0,LS69_1a.czi,13,-24739.61,22433.32,-25067,22042,655,783,251.7,215.3
LS69_s02a_sc00,LS69,AF568,background,__background__,,175.65,168.42,11.0,LS69_2a.czi,0,-81002.56,10839.8,-81338,10449,671,781,246.4,225.9
LS69_s02a_sc00,LS69,AF568,background,__background__,,157.07,151.88,11.0,LS69_2a.czi,0,-80294.76,10522.76,-80631,10132,672,781,246.4,225.9
LS69_s02a_sc00,LS69,AF568,background,__background__,,197.26,114.22,11.0,LS69_2a.czi,0,-79834.98,12400.4,-80171,12010,672,781,246.4,225.9
LS69_s02a_sc00,LS69,AF568,background,__background__,,229.09,129.05,11.0,LS69_2a.czi,0,-80681.42,13162.71,-81017,12772,671,781,246.4,225.9
LS69_s02a_sc00,LS69,AF568,background,__background__,,176.74,222.2,11.0,LS69_2a.czi,0,-82475.69,10001.33,-82812,9611,672,781,246.4,225.9
LS69_s02a_sc00,LS69,AF568,background,__background__,,186.39,85.73,11.0,LS69_2a.czi,0,-78910.88,12520.25,-79247,12130,672,781,246.4,225.9
LS69_s02a_sc00,LS69,AF568,roi,Dl,1,230.57,59.35,11.0,LS69_2a.czi,0,-78812.6,14340.55,-79148,13950,671,781,246.4,225.9
LS69_s02a_sc00,LS69,AF568,roi,Dl,2,211.55,58.87,11.0,LS69_2a.czi,0,-78534.03,13748.99,-78870,13359,672,780,246.4,225.9
LS69_s02a_sc00,LS69,AF568,roi,Dl,3,191.48,66.53,13.01,LS69_2a.czi,0,-78461.46,12992.25,-78859,12531,795,923,291.5,267.2
LS69_s02a_sc00,LS69,AF568,roi,Dl,4,178.48,66.95,11.0,LS69_2a.czi,0,-78291.34,12575.79,-78627,12185,672,781,246.4,225.9
LS69_s02a_sc00,LS69,AF568,roi,Dm,5,202.79,143.84,11.0,LS69_2a.czi,0,-80715.16,12093.94,-81051,11704,672,780,246.4,225.9
LS69_s02a_sc00,LS69,AF568,roi,Dm,6,185.94,130.86,11.0,LS69_2a.czi,0,-80128.02,11773.63,-80464,11383,672,781,246.4,225.9
LS69_s02a_sc00,LS69,AF568,roi,Dm,7,168.37,118.82,11.0,LS69_2a.czi,0,-79556.32,11415.39,-79892,11025,672,781,246.4,225.9
LS69_s02a_sc00,LS69,AF568,roi,Dm,8,190.6,173.22,11.0,LS69_2a.czi,0,-81341.42,11232.99,-81677,10843,671,780,246.4,225.9
LS69_s02a_sc00,LS69,AF568,roi,Dm,9,179.18,159.96,11.0,LS69_2a.czi,0,-80822.51,11088.34,-81158,10698,671,781,246.4,225.9
LS69_s02a_sc00,LS69,AF568,roi,Dm,10,161.8,142.84,11.0,LS69_2a.czi,0,-80115.74,10818.52,-80452,10428,672,781,246.4,225.9
LS69_s02a_sc00,LS69,AF568,roi,Dl,11,127.24,165.44,11.0,LS69_2a.czi,0,-80245.87,9362.71,-80582,8972,672,781,246.4,225.9
LS69_s02a_sc00,LS69,AF568,roi,Dl,12,123.07,149.56,11.0,LS69_2a.czi,0,-79757.16,9489.04,-80093,9099,672,780,246.4,225.9
LS69_s02a_sc00,LS69,AF568,roi,Dl,13,117.71,134.24,11.0,LS69_2a.czi,0,-79267.01,9568.77,-79603,9178,672,781,246.4,225.9
LS69_s02a_sc00,LS69,AF568,roi,Dl,14,127.97,219.69,11.0,LS69_2a.czi,0,-81726.71,8505.27,-82063,8115,672,781,246.4,225.9
LS69_s02a_sc00,LS69,AF568,roi,Dl,15,126.03,204.78,11.0,LS69_2a.czi,0,-81295.44,8686.12,-81631,8296,671,780,246.4,225.9
LS69_s02a_sc01,LS69,AF568,background,__background__,,119.14,133.52,11.0,LS69_2a.czi,1,-82741.65,24250.91,-83142,23695,800,1112,341.0,285.4
LS69_s02a_sc01,LS69,AF568,background,__background__,,128.59,153.02,11.0,LS69_2a.czi,1,-82279.62,23365.2,-82680,22809,800,1112,341.0,285.4
LS69_s02a_sc01,LS69,AF568,background,__background__,,74.24,165.43,11.0,LS69_2a.czi,1,-80949.65,25487.64,-81350,24932,800,1112,341.0,285.4
LS69_s02a_sc01,LS69,AF568,background,__background__,,61.24,129.98,11.0,LS69_2a.czi,1,-81861.33,26911.83,-82261,26356,800,1112,341.0,285.4
LS69_s02a_sc01,LS69,AF568,background,__background__,,110.87,193.19,11.0,LS69_2a.czi,1,-80689.65,23195.41,-81090,22640,800,1111,341.0,285.4
LS69_s02a_sc01,LS69,AF568,roi,Dl,1,38.2,153.02,11.0,LS69_2a.czi,1,-80728.41,27387.43,-81128,26832,800,1111,341.0,285.4
LS69_s02a_sc01,LS69,AF568,roi,Dl,2,45.88,166.02,11.0,LS69_2a.czi,1,-80444.07,26735.55,-80844,26180,800,1111,341.0,285.4
LS69_s02a_sc01,LS69,AF568,roi,Dl,3,58.29,174.29,11.0,LS69_2a.czi,1,-80392.31,25986.03,-80792,25430,800,1112,341.0,285.4
LS69_s02a_sc01,LS69,AF568,roi,Dl,4,65.38,190.24,11.0,LS69_2a.czi,1,-80003.42,25290.03,-80403,24734,800,1112,341.0,285.4
LS69_s02a_sc01,LS69,AF568,roi,Dm,5,91.37,140.61,11.0,LS69_2a.czi,1,-82038.12,25317.5,-82438,24762,800,1111,341.0,285.4
LS69_s02a_sc01,LS69,AF568,roi,Dm,6,90.19,157.75,11.0,LS69_2a.czi,1,-81469.21,24961.11,-81869,24405,800,1112,341.0,285.4
LS69_s02a_sc01,LS69,AF568,roi,Dm,7,87.83,170.74,11.0,LS69_2a.czi,1,-81012.89,24756.23,-81413,24200,800,1112,341.0,285.4
LS69_s02a_sc01,LS69,AF568,roi,POA,8,73.65,213.28,11.0,LS69_2a.czi,1,-79407.82,24372.37,-79808,23816,800,1112,341.0,285.4
LS69_s02a_sc01,LS69,AF568,roi,Dm,9,116.77,131.16,11.0,LS69_2a.czi,1,-82776.52,24412.67,-83177,23857,801,1112,341.0,285.4
LS69_s02a_sc01,LS69,AF568,roi,Dm,10,110.87,146.52,11.0,LS69_2a.czi,1,-82183.59,24308.78,-82584,23753,800,1112,341.0,285.4
LS69_s02a_sc01,LS69,AF568,roi,Dm,11,109.69,159.52,11.0,LS69_2a.czi,1,-81747.2,24051.16,-82147,23495,800,1112,341.0,285.4
LS69_s02a_sc01,LS69,AF568,roi,POA,12,93.73,219.19,11.0,LS69_2a.czi,1,-79563.23,23337.85,-79963,22782,800,1112,341.0,285.4
LS69_s02a_sc01,LS69,AF568,roi,Dl,13,164.04,130.57,11.0,LS69_2a.czi,1,-83606.62,22323.3,-84007,21767,800,1112,341.0,285.4
LS69_s02a_sc01,LS69,AF568,roi,Dl,14,163.45,148.29,11.0,LS69_2a.czi,1,-83029.27,21926.83,-83429,21371,800,1112,341.0,285.4
LS69_s02a_sc01,LS69,AF568,roi,Dl,15,149.86,165.43,11.0,LS69_2a.czi,1,-82247.39,22122.66,-82647,21567,800,1112,341.0,285.4
LS69_s02a_sc02,LS69,AF568,background,__background__,,55.07,153.14,11.0,LS69_2a.czi,2,-71963.54,21105.86,-72223,20795,519,621,182.5,189.0
LS69_s02a_sc02,LS69,AF568,background,__background__,,75.69,150.32,11.0,LS69_2a.czi,2,-71545.0,21411.9,-71805,21101,520,621,182.5,189.0
LS69_s02a_sc02,LS69,AF568,background,__background__,,97.12,143.28,11.0,LS69_2a.czi,2,-71048.76,21640.22,-71309,21330,520,621,182.5,189.0
LS69_s02a_sc02,LS69,AF568,background,__background__,,189.45,178.0,11.0,LS69_2a.czi,2,-69880.48,24044.44,-70140,23734,519,621,182.5,189.0
LS69_s02a_sc02,LS69,AF568,background,__background__,,175.96,116.91,11.0,LS69_2a.czi,2,-69216.1,22469.96,-69476,22159,520,622,182.5,189.0
LS69_s02a_sc02,LS69,AF568,background,__background__,,109.47,93.92,11.0,LS69_2a.czi,2,-70087.43,20782.56,-70347,20472,519,621,182.5,189.0
LS69_s02a_sc02,LS69,AF568,roi,Dl,1,228.5,191.11,11.0,LS69_2a.czi,2,-69362.9,25026.89,-69623,24716,520,621,182.5,189.0
LS69_s02a_sc02,LS69,AF568,roi,Dl,2,223.82,171.54,11.0,LS69_2a.czi,2,-69156.62,24516.12,-69416,24206,519,621,182.5,189.0
LS69_s02a_sc02,LS69,AF568,roi,Dl,3,219.95,149.06,11.0,LS69_2a.czi,2,-68892.16,23956.25,-69152,23646,520,621,182.5,189.0
LS69_s02a_sc02,LS69,AF568,roi,Dl,4,213.37,207.96,11.0,LS69_2a.czi,2,-69890.35,25125.1,-70150,24815,519,621,182.5,189.0
LS69_s02a_sc02,LS69,AF568,roi,Dm,5,116.8,176.38,11.0,LS69_2a.czi,2,-71182.86,22713.86,-71443,22403,520,621,182.5,189.0
LS69_s02a_sc02,LS69,AF568,roi,Dm,6,130.07,161.91,11.0,LS69_2a.czi,2,-70724.85,22634.47,-70985,22324,520,621,182.5,189.0
LS69_s02a_sc02,LS69,AF568,roi,Dm,7,142.04,142.14,11.0,LS69_2a.czi,2,-70211.57,22416.16,-70471,22106,519,621,182.5,189.0
LS69_s02a_sc02,LS69,AF568,roi,POA,8,191.45,75.76,11.0,LS69_2a.czi,2,-68319.83,21847.55,-68580,21537,520,621,182.5,189.0
LS69_s02a_sc02,LS69,AF568,roi,Dm,9,94.64,166.52,11.0,LS69_2a.czi,2,-71440.49,22103.49,-71700,21793,519,621,182.5,189.0
LS69_s02a_sc02,LS69,AF568,roi,Dm,10,106.61,148.07,11.0,LS69_2a.czi,2,-70946.89,21914.01,-71207,21603,520,622,182.5,189.0
LS69_s02a_sc02,LS69,AF568,roi,Dm,11,120.43,127.26,11.0,LS69_2a.czi,2,-70384.32,21705.98,-70644,21395,519,622,182.5,189.0
LS69_s02a_sc02,LS69,AF568,roi,POA,12,165.1,59.8,11.0,LS69_2a.czi,2,-68563.03,21029.28,-68823,20719,520,621,182.5,189.0
LS69_s02a_sc02,LS69,AF568,roi,Dl,13,27.46,120.0,11.0,LS69_2a.czi,2,-71973.64,19889.98,-72233,19579,519,622,182.5,189.0
LS69_s02a_sc02,LS69,AF568,roi,Dl,14,49.16,111.11,11.0,LS69_2a.czi,2,-71444.89,20082.72,-71705,19772,520,621,182.5,189.0
LS69_s02a_sc02,LS69,AF568,roi,Dl,15,71.92,101.43,11.0,LS69_2a.czi,2,-70885.01,20277.11,-71145,19967,520,621,182.5,189.0
LS69_s02a_sc04,LS69,AF568,background,__background__,,106.91,193.45,11.0,LS69_2a.czi,4,-62519.28,23777.68,-62780,23517,522,522,169.4,169.4
LS69_s02a_sc04,LS69,AF568,background,__background__,,87.11,174.25,11.0,LS69_2a.czi,4,-61934.07,23486.95,-62195,23226,522,522,169.4,169.4
LS69_s02a_sc04,LS69,AF568,background,__background__,,186.7,106.27,11.0,LS69_2a.czi,4,-61201.74,26248.33,-61463,25987,522,522,169.4,169.4
LS69_s02a_sc04,LS69,AF568,background,__background__,,93.23,106.27,11.0,LS69_2a.czi,4,-60463.82,24160.35,-60725,23899,522,522,169.4,169.4
LS69_s02a_sc04,LS69,AF568,background,__background__,,57.52,115.42,11.0,LS69_2a.czi,4,-60386.29,23290.4,-60647,23029,522,523,169.4,169.4
LS69_s02a_sc04,LS69,AF568,roi,Dl,1,232.81,58.17,11.0,LS69_2a.czi,4,-60491.28,27658.09,-60752,27397,522,522,169.4,169.4
LS69_s02a_sc04,LS69,AF568,roi,Dl,2,212.01,50.64,11.0,LS69_2a.czi,4,-60158.86,27252.9,-60420,26992,522,522,169.4,169.4
LS69_s02a_sc04,LS69,AF568,roi,Dl,3,189.08,43.21,11.0,LS69_2a.czi,4,-59811.86,26799.33,-60073,26538,522,522,169.4,169.4
LS69_s02a_sc04,LS69,AF568,roi,Dm,4,163.22,150.35,11.0,LS69_2a.czi,4,-62001.05,25375.82,-62262,25115,522,522,169.4,169.4
LS69_s02a_sc04,LS69,AF568,roi,Dm,5,146.42,136.27,11.0,LS69_2a.czi,4,-61553.89,25111.69,-61815,24851,522,522,169.4,169.4
LS69_s02a_sc04,LS69,AF568,roi,Dm,6,131.62,114.89,11.0,LS69_2a.czi,4,-60959.45,24949.87,-61221,24689,523,522,169.4,169.4
LS69_s02a_sc04,LS69,AF568,roi,POA,7,88.13,44.98,11.0,LS69_2a.czi,4,-59054.43,24530.29,-59316,24269,523,522,169.4,169.4
LS69_s02a_sc04,LS69,AF568,roi,Dm,8,139.33,167.71,11.0,LS69_2a.czi,4,-62200.24,24705.1,-62461,24444,522,522,169.4,169.4
LS69_s02a_sc04,LS69,AF568,roi,Dm,9,124.44,152.24,11.0,LS69_2a.czi,4,-61737.11,24494.61,-61998,24233,522,523,169.4,169.4
LS69_s02a_sc04,LS69,AF568,roi,POA,10,67.75,56.13,11.0,LS69_2a.czi,4,-59142.61,23987.01,-59404,23726,523,522,169.4,169.4
LS69_s02a_sc04,LS69,AF568,roi,Dl,11,47.3,228.0,11.0,LS69_2a.czi,4,-62820.47,22173.32,-63082,21912,523,522,169.4,169.4
LS69_s02a_sc04,LS69,AF568,roi,Dl,12,46.49,203.76,11.0,LS69_2a.czi,4,-62272.59,22346.59,-62534,22085,523,523,169.4,169.4
LS69_s02a_sc06,LS69,AF568,background,__background__,,123.11,142.79,11.0,LS69_2a.czi,6,-48438.89,20623.86,-48698,20315,518,618,177.6,192.3
LS69_s02a_sc06,LS69,AF568,background,__background__,,120.79,169.33,11.0,LS69_2a.czi,6,-48719.92,19955.53,-48979,19646,518,619,177.6,192.3
LS69_s02a_sc06,LS69,AF568,background,__background__,,112.76,62.87,11.0,LS69_2a.czi,6,-47246.27,22380.69,-47505,22071,517,619,177.6,192.3
LS69_s02a_sc06,LS69,AF568,background,__background__,,58.58,131.0,11.0,LS69_2a.czi,6,-47004.23,19953.61,-47263,19644,518,619,177.6,192.3
LS69_s02a_sc06,LS69,AF568,background,__background__,,161.9,19.66,11.0,LS69_2a.czi,6,-47695.01,24138.01,-47954,23829,518,618,177.6,192.3
LS69_s02a_sc06,LS69,AF568,roi,Dl,1,168.14,21.82,11.0,LS69_2a.czi,6,-47846.32,24178.46,-48105,23869,517,619,177.6,192.3
LS69_s02a_sc06,LS69,AF568,roi,Dl,2,146.71,25.08,11.0,LS69_2a.czi,6,-47458.39,23784.43,-47717,23475,517,619,177.6,192.3
LS69_s02a_sc06,LS69,AF568,roi,Dl,3,130.57,40.52,11.0,LS69_2a.czi,6,-47326.39,23177.43,-47585,22868,517,619,177.6,192.3
LS69_s02a_sc06,LS69,AF568,roi,Dm,4,187.49,124.66,11.0,LS69_2a.czi,6,-49501.48,22006.77,-49760,21697,517,619,177.6,192.3
LS69_s02a_sc06,LS69,AF568,roi,Dm,5,163.15,119.69,11.0,LS69_2a.czi,6,-48953.89,21766.46,-49213,21457,518,619,177.6,192.3
LS69_s02a_sc06,LS69,AF568,roi,Dm,6,144.79,110.87,11.0,LS69_2a.czi,6,-48478.28,21706.35,-48737,21397,517,619,177.6,192.3
LS69_s02a_sc06,LS69,AF568,roi,POA,7,64.94,93.73,11.0,LS69_2a.czi,6,-46671.55,20937.92,-46930,20629,517,618,177.6,192.3
LS69_s02a_sc06,LS69,AF568,roi,Dm,8,187.96,156.41,11.0,LS69_2a.czi,6,-49902.51,21255.11,-50161,20946,517,618,177.6,192.3
LS69_s02a_sc06,LS69,AF568,roi,Dm,9,167.3,150.82,11.0,LS69_2a.czi,6,-49420.8,21083.9,-49680,20775,518,618,177.6,192.3
LS69_s02a_sc06,LS69,AF568,roi,Dm,10,144.49,143.71,11.0,LS69_2a.czi,6,-48877.38,20917.28,-49136,20608,517,619,177.6,192.3
LS69_s02a_sc06,LS69,AF568,roi,POA,11,64.92,117.04,11.0,LS69_2a.czi,6,-46958.69,20380.68,-47217,20071,517,619,177.6,192.3
LS69_s02a_sc06,LS69,AF568,roi,Dl,12,163.27,230.91,11.0,LS69_2a.czi,6,-50328.22,19110.87,-50587,18802,518,618,177.6,192.3
LS69_s02a_sc06,LS69,AF568,roi,Dl,13,155.57,211.18,11.0,LS69_2a.czi,6,-49931.01,19468.69,-50190,19159,518,619,177.6,192.3
LS69_s02a_sc06,LS69,AF568,roi,Dl,14,144.58,193.34,11.0,LS69_2a.czi,6,-49491.38,19732.81,-49750,19423,517,619,177.6,192.3
LS69_s02a_sc08,LS69,AF568,background,__background__,,134.07,147.77,11.0,LS69_2a.czi,8,-37836.92,17164.54,-38206,16724,738,881,241.4,284.6
LS69_s02a_sc08,LS69,AF568,background,__background__,,152.85,101.82,11.0,LS69_2a.czi,8,-38147.51,19116.89,-38516,18676,737,882,241.4,284.6
LS69_s02a_sc08,LS69,AF568,background,__background__,,183.58,69.66,11.0,LS69_2a.czi,8,-38941.89,20623.19,-39311,20182,738,882,241.4,284.6
LS69_s02a_sc08,LS69,AF568,background,__background__,,124.37,98.93,11.0,LS69_2a.czi,8,-37193.85,19003.78,-37563,18563,738,882,241.4,284.6
LS69_s02a_sc08,LS69,AF568,roi,Dl,1,164.49,56.69,11.0,LS69_2a.czi,8,-38229.29,20980.28,-38598,20539,737,882,241.4,284.6
LS69_s02a_sc08,LS69,AF568,roi,Dl,2,149.65,67.09,11.0,LS69_2a.czi,8,-37811.55,20454.18,-38180,20013,737,882,241.4,284.6
LS69_s02a_sc08,LS69,AF568,roi,Dl,3,146.58,82.11,11.0,LS69_2a.czi,8,-37810.71,19840.41,-38179,19400,737,881,241.4,284.6
LS69_s02a_sc08,LS69,AF568,roi,Dm,4,200.66,116.38,11.47,LS69_2a.czi,8,-39812.99,18925.83,-40197,18466,768,920,251.7,296.7
LS69_s02a_sc08,LS69,AF568,roi,Dm,5,190.53,121.75,11.0,LS69_2a.czi,8,-39516.33,18634.55,-39885,18194,737,881,241.4,284.6
LS69_s02a_sc08,LS69,AF568,roi,POA,6,133.79,114.66,11.0,LS69_2a.czi,8,-37607.54,18461.49,-37976,18021,737,881,241.4,284.6
LS69_s02a_sc08,LS69,AF568,roi,POA,7,116.11,117.27,11.0,LS69_2a.czi,8,-37044.81,18218.46,-37414,17778,738,881,241.4,284.6
LS69_s02a_sc08,LS69,AF568,roi,Dm,8,209.86,142.02,11.0,LS69_2a.czi,8,-40285.36,17992.93,-40654,17552,737,882,241.4,284.6
LS69_s02a_sc08,LS69,AF568,roi,Dm,9,191.44,139.93,11.0,LS69_2a.czi,8,-39667.09,17928.44,-40036,17488,738,881,241.4,284.6
LS69_s02a_sc08,LS69,AF568,roi,POA,10,135.43,133.24,11.0,LS69_2a.czi,8,-37784.91,17745.49,-38154,17305,738,881,241.4,284.6
LS69_s02a_sc08,LS69,AF568,roi,POA,11,124.32,135.2,11.0,LS69_2a.czi,8,-37433.42,17580.22,-37802,17139,737,882,241.4,284.6
LS69_s02a_sc08,LS69,AF568,roi,Dl,12,217.04,184.21,11.0,LS69_2a.czi,8,-40801.51,16394.59,-41170,15954,737,881,241.4,284.6
LS69_s02a_sc08,LS69,AF568,roi,Dl,13,203.89,176.92,11.0,LS69_2a.czi,8,-40321.58,16576.05,-40690,16135,737,882,241.4,284.6
LS69_s02a_sc08,LS69,AF568,roi,Dl,14,194.05,157.61,11.0,LS69_2a.czi,8,-39870.31,17255.47,-40239,16815,737,881,241.4,284.6
LS85_s02a_sc05,LS85,AF568,background,__background__,,105.54,69.19,11.0,LS85_2a.czi,5,-47366.8,26778.02,-47657,26375,580,806,243.9,210.6
LS85_s02a_sc05,LS85,AF568,background,__background__,,96.91,89.2,11.0,LS85_2a.czi,5,-46798.81,26666.52,-47089,26264,580,806,243.9,210.6
LS85_s02a_sc05,LS85,AF568,background,__background__,,103.94,162.71,11.0,LS85_2a.czi,5,-45242.92,25046.72,-45533,24644,580,806,243.9,210.6
LS85_s02a_sc05,LS85,AF568,background,__background__,,224.06,94.21,11.0,LS85_2a.czi,5,-48428.39,22598.36,-48718,22195,580,806,243.9,210.6
LS85_s02a_sc05,LS85,AF568,background,__background__,,215.93,117.92,11.0,LS85_2a.czi,5,-47784.09,22400.77,-48074,21998,580,806,243.9,210.6
LS85_s02a_sc05,LS85,AF568,roi,Dl,1,52.24,108.95,11.0,LS85_2a.czi,5,-45742.85,27686.03,-46033,27283,580,806,243.9,210.6
LS85_s02a_sc05,LS85,AF568,roi,Dl,2,65.84,125.98,11.0,LS85_2a.czi,5,-45546.42,26936.73,-45836,26534,580,806,243.9,210.6
LS85_s02a_sc05,LS85,AF568,roi,Dl,3,69.37,132.66,11.0,LS85_2a.czi,5,-45444.65,26699.2,-45735,26296,580,806,243.9,210.6
LS85_s02a_sc05,LS85,AF568,roi,Dl,4,78.52,144.63,11.0,LS85_2a.czi,5,-45300.98,26185.32,-45591,25782,580,806,243.9,210.6
LS85_s02a_sc05,LS85,AF568,roi,Dm,5,138.06,91.04,11.0,LS85_2a.czi,5,-47321.28,25345.77,-47611,24943,580,806,243.9,210.6
LS85_s02a_sc05,LS85,AF568,roi,Dm,6,138.25,112.12,11.0,LS85_2a.czi,5,-46850.09,24938.32,-47140,24535,580,806,243.9,210.6
LS85_s02a_sc05,LS85,AF568,roi,Dm,7,134.43,125.83,11.0,LS85_2a.czi,5,-46489.6,24796.53,-46780,24394,580,806,243.9,210.6
LS85_s02a_sc05,LS85,AF568,roi,Dm,8,175.17,107.74,11.0,LS85_2a.czi,5,-47454.41,23868.2,-47744,23465,580,806,243.9,210.6
LS85_s02a_sc05,LS85,AF568,roi,Dm,9,169.28,122.85,11.0,LS85_2a.czi,5,-47034.09,23764.42,-47324,23361,580,806,243.9,210.6
LS85_s02a_sc05,LS85,AF568,roi,Dm,10,156.34,140.23,11.0,LS85_2a.czi,5,-46466.15,23837.69,-46756,23435,580,806,243.9,210.6
LS85_s02a_sc05,LS85,AF568,roi,Dl,11,200.5,167.3,11.0,LS85_2a.czi,5,-46462.8,21942.33,-46753,21539,580,806,243.9,210.6
LS85_s02a_sc05,LS85,AF568,roi,Dl,12,188.53,176.44,11.0,LS85_2a.czi,5,-46093.36,22142.23,-46383,21739,580,806,243.9,210.6
LS85_s02a_sc05,LS85,AF568,roi,Dl,13,175.23,179.92,11.0,LS85_2a.czi,5,-45832.91,22491.5,-46123,22088,580,807,243.9,210.6
LS85_s02a_sc05,LS85,AF568,roi,Dl,14,244.53,141.42,11.0,LS85_2a.czi,5,-47647.77,21059.57,-47938,20657,580,806,243.9,210.6
LS85_s02a_sc05,LS85,AF568,roi,Dl,15,237.5,159.32,11.0,LS85_2a.czi,5,-47149.13,20938.28,-47439,20535,580,806,243.9,210.6
LS85_s02a_sc06,LS85,AF568,background,__background__,,36.58,147.61,10.65,LS85_2a.czi,6,-33802.76,4654.91,-34067,4288,528,734,227.8,185.2
LS85_s02a_sc06,LS85,AF568,background,__background__,,69.42,133.06,10.32,LS85_2a.czi,6,-33131.86,5466.78,-33388,5111,512,712,220.7,179.5
LS85_s02a_sc06,LS85,AF568,background,__background__,,92.06,112.63,8.4,LS85_2a.czi,6,-32436.05,5874.83,-32645,5585,417,579,179.6,146.1
LS85_s02a_sc06,LS85,AF568,background,__background__,,111.56,92.72,11.0,LS85_2a.czi,6,-31784.86,6192.55,-32058,5813,546,759,235.2,191.3
LS85_s02a_sc06,LS85,AF568,roi,Dl,1,219.19,167.19,11.0,LS85_2a.czi,6,-32326.25,10634.85,-32599,10256,546,758,235.2,191.3
LS85_s02a_sc06,LS85,AF568,roi,Dl,2,204.7,161.59,11.0,LS85_2a.czi,6,-32352.64,10101.33,-32626,9722,546,759,235.2,191.3
LS85_s02a_sc06,LS85,AF568,roi,Dl,3,191.6,149.63,11.0,LS85_2a.czi,6,-32221.78,9518.41,-32495,9139,546,759,235.2,191.3
LS85_s02a_sc06,LS85,AF568,roi,Dl,4,181.75,131.14,11.0,LS85_2a.czi,6,-31910.35,8941.61,-32183,8562,546,759,235.2,191.3
LS85_s02a_sc06,LS85,AF568,roi,Dm,5,135.7,170.01,11.0,LS85_2a.czi,6,-33265.39,8072.48,-33538,7693,546,759,235.2,191.3
LS85_s02a_sc06,LS85,AF568,roi,Dm,6,136.23,148.35,11.0,LS85_2a.czi,6,-32773.95,7773.12,-33047,7394,546,758,235.2,191.3
LS85_s02a_sc06,LS85,AF568,roi,Dm,7,140.1,133.47,11.0,LS85_2a.czi,6,-32399.56,7676.8,-32672,7298,545,758,235.2,191.3
LS85_s02a_sc06,LS85,AF568,roi,Dm,8,92.67,153.89,13.21,LS85_2a.czi,6,-33355.2,6495.57,-33683,6040,655,911,282.5,229.7
LS85_s02a_sc06,LS85,AF568,roi,Dm,9,104.69,143.23,11.0,LS85_2a.czi,6,-32989.98,6714.93,-33263,6336,546,758,235.2,191.3
LS85_s02a_sc06,LS85,AF568,roi,Dm,10,117.15,127.82,11.0,LS85_2a.czi,6,-32513.58,6878.75,-32786,6500,545,758,235.2,191.3
LS85_s02a_sc06,LS85,AF568,roi,Dl,11,36.34,99.17,11.0,LS85_2a.czi,6,-32718.67,3941.0,-32992,3562,546,758,235.2,191.3
LS85_s02a_sc06,LS85,AF568,roi,Dl,12,51.32,91.57,11.0,LS85_2a.czi,6,-32391.03,4297.29,-32664,3918,546,758,235.2,191.3
LS85_s02a_sc06,LS85,AF568,roi,Dl,13,75.66,85.43,11.0,LS85_2a.czi,6,-31997.95,4966.75,-32271,4588,546,758,235.2,191.3
LS85_s02a_sc06,LS85,AF568,roi,Dl,14,92.04,76.93,11.0,LS85_2a.czi,6,-31635.44,5353.57,-31908,4974,545,759,235.2,191.3
LS85_s02a_sc09,LS85,AF568,background,__background__,,58.76,90.42,11.0,LS85_2a.czi,9,-16629.7,22602.72,-16875,22261,491,683,183.0,202.5
LS85_s02a_sc09,LS85,AF568,background,__background__,,65.55,69.82,11.0,LS85_2a.czi,9,-16238.59,22207.75,-16484,21866,491,683,183.0,202.5
LS85_s02a_sc09,LS85,AF568,background,__background__,,84.54,84.48,11.0,LS85_2a.czi,9,-16086.09,22920.16,-16332,22579,492,682,183.0,202.5
LS85_s02a_sc09,LS85,AF568,background,__background__,,165.73,138.35,11.0,LS85_2a.czi,9,-15319.37,25744.56,-15565,25403,491,683,183.0,202.5
LS85_s02a_sc09,LS85,AF568,roi,Dl,1,174.33,197.7,11.0,LS85_2a.czi,9,-15936.86,27392.4,-16183,27051,492,683,183.0,202.5
LS85_s02a_sc09,LS85,AF568,roi,Dl,2,171.39,179.59,11.0,LS85_2a.czi,9,-15754.15,26883.86,-16000,26543,491,682,183.0,202.5
LS85_s02a_sc09,LS85,AF568,roi,Dl,3,171.63,164.96,11.0,LS85_2a.czi,9,-15559.26,26520.39,-15805,26179,491,683,183.0,202.5
LS85_s02a_sc09,LS85,AF568,roi,Dl,4,171.99,147.83,11.0,LS85_2a.czi,9,-15329.63,26096.24,-15575,25755,491,683,183.0,202.5
LS85_s02a_sc09,LS85,AF568,roi,Dm,5,110.09,138.75,11.0,LS85_2a.czi,9,-16330.86,24747.18,-16577,24406,492,682,183.0,202.5
LS85_s02a_sc09,LS85,AF568,roi,Dm,6,125.9,131.52,13.12,LS85_2a.czi,9,-15950.76,24851.67,-16244,24445,586,814,218.2,241.5
LS85_s02a_sc09,LS85,AF568,roi,Dm,7,144.18,115.62,11.0,LS85_2a.czi,9,-15413.06,24782.91,-15659,24442,492,682,183.0,202.5
LS85_s02a_sc09,LS85,AF568,roi,POA,8,178.89,87.93,11.0,LS85_2a.czi,9,-14424.64,24715.22,-14670,24374,491,682,183.0,202.5
LS85_s02a_sc09,LS85,AF568,roi,Dm,9,84.86,123.39,11.0,LS85_2a.czi,9,-16587.1,23904.19,-16833,23563,492,682,183.0,202.5
LS85_s02a_sc09,LS85,AF568,roi,Dm,10,104.08,114.64,11.0,LS85_2a.czi,9,-16125.53,24032.21,-16371,23691,491,682,183.0,202.5
LS85_s02a_sc09,LS85,AF568,roi,Dm,11,121.82,101.65,11.0,LS85_2a.czi,9,-15635.49,24026.83,-15881,23686,491,682,183.0,202.5
LS85_s02a_sc09,LS85,AF568,roi,POA,12,170.96,59.97,11.0,LS85_2a.czi,9,-14203.89,23868.69,-14450,23527,492,683,183.0,202.5
LS85_s02a_sc09,LS85,AF568,roi,Dl,13,49.08,27.25,11.0,LS85_2a.czi,9,-15981.99,20839.28,-16228,20498,492,683,183.0,202.5
LS85_s02a_sc09,LS85,AF568,roi,Dl,14,71.68,36.22,11.0,LS85_2a.czi,9,-15690.08,21474.0,-15936,21133,492,682,183.0,202.5
LS85_s02a_sc09,LS85,AF568,roi,Dl,15,91.52,41.31,11.0,LS85_2a.czi,9,-15397.56,21961.19,-15643,21620,491,682,183.0,202.5
LS85_s02a_sc09,LS85,AF568,roi,Dl,16,107.02,40.75,11.0,LS85_2a.czi,9,-15109.94,22227.76,-15356,21886,492,683,183.0,202.5
LS87_s01a_sc01,LS87,AF568,background,__background__,,162.03,210.38,11.0,LS87_1a.czi,1,-82383.68,18124.56,-82572,17936,376,377,122.0,122.0
LS87_s01a_sc01,LS87,AF568,background,__background__,,160.59,193.64,11.0,LS87_1a.czi,1,-82100.53,18169.15,-82289,17981,377,376,122.0,122.0
LS87_s01a_sc01,LS87,AF568,background,__background__,,167.92,171.76,11.0,LS87_1a.czi,1,-81768.11,18380.0,-81956,18192,376,376,122.0,122.0
LS87_s01a_sc01,LS87,AF568,background,__background__,,191.4,174.5,11.0,LS87_1a.czi,1,-81909.49,18757.69,-82098,18570,377,376,122.0,122.0
LS87_s01a_sc01,LS87,AF568,background,__background__,,189.1,154.12,11.0,LS87_1a.czi,1,-81562.54,18802.92,-81751,18615,377,376,122.0,122.0
LS87_s01a_sc01,LS87,AF568,roi,Dl,1,218.19,206.0,11.0,LS87_1a.czi,1,-82540.74,19072.62,-82729,18884,376,377,122.0,122.0
LS87_s01a_sc01,LS87,AF568,roi,Dl,2,224.02,187.55,11.0,LS87_1a.czi,1,-82258.99,19244.61,-82447,19056,376,377,122.0,122.0
LS87_s01a_sc01,LS87,AF568,roi,Dl,3,231.41,171.61,11.0,LS87_1a.czi,1,-82025.2,19432.17,-82213,19244,376,376,122.0,122.0
LS87_s01a_sc01,LS87,AF568,roi,Dl,4,234.4,151.71,11.0,LS87_1a.czi,1,-81707.83,19563.05,-81896,19375,376,376,122.0,122.0
LS87_s01a_sc01,LS87,AF568,roi,Dl,5,231.57,130.69,11.0,LS87_1a.czi,1,-81348.11,19602.12,-81536,19414,376,376,122.0,122.0
LS87_s01a_sc01,LS87,AF568,roi,Dm,6,80.03,198.77,11.0,LS87_1a.czi,1,-81856.14,16813.89,-82044,16626,376,376,122.0,122.0
LS87_s01a_sc01,LS87,AF568,roi,Dm,7,82.71,175.88,11.0,LS87_1a.czi,1,-81487.98,16951.86,-81676,16764,376,376,122.0,122.0
LS87_s01a_sc01,LS87,AF568,roi,Dm,8,87.26,158.49,11.0,LS87_1a.czi,1,-81218.56,17098.32,-81407,16910,377,376,122.0,122.0
LS87_s01a_sc01,LS87,AF568,roi,Dm,9,88.6,143.78,11.0,LS87_1a.czi,1,-80980.41,17180.65,-81169,16992,377,377,122.0,122.0
LS87_s01a_sc01,LS87,AF568,roi,Vd,10,96.09,87.51,11.0,LS87_1a.czi,1,-80079.05,17534.76,-80267,17347,376,376,122.0,122.0
LS87_s01a_sc01,LS87,AF568,roi,Vv,11,109.31,53.12,11.0,LS87_1a.czi,1,-79563.51,17894.31,-79752,17706,377,376,122.0,122.0
LS87_s01a_sc01,LS87,AF568,roi,Vl,12,177.29,42.7,11.0,LS87_1a.czi,1,-79668.86,19062.84,-79857,18875,376,376,122.0,122.0
LS87_s01a_sc01,LS87,AF568,roi,Vv,13,116.74,30.07,11.0,LS87_1a.czi,1,-79212.12,18111.61,-79400,17923,376,377,122.0,122.0
LS87_s01a_sc02,LS87,AF568,background,__background__,,116.77,39.0,11.0,LS87_1a.czi,2,-80863.21,27635.25,-81083,27373,439,525,165.5,147.7
LS87_s01a_sc02,LS87,AF568,background,__background__,,123.86,63.81,13.21,LS87_1a.czi,2,-80356.22,27733.2,-80620,27418,527,630,198.8,177.4
LS87_s01a_sc02,LS87,AF568,background,__background__,,125.64,90.99,11.0,LS87_1a.czi,2,-79851.4,27969.53,-80071,27707,439,525,165.5,147.7
LS87_s01a_sc02,LS87,AF568,background,__background__,,95.51,62.04,11.0,LS87_1a.czi,2,-80627.7,28326.26,-80847,28064,439,525,165.5,147.7
LS87_s01a_sc02,LS87,AF568,roi,Dl,1,58.88,39.59,11.0,LS87_1a.czi,2,-81341.79,28888.75,-81561,28626,439,525,165.5,147.7
LS87_s01a_sc02,LS87,AF568,roi,Dl,2,60.06,59.08,11.0,LS87_1a.czi,2,-80980.62,29060.29,-81200,28798,439,525,165.5,147.7
LS87_s01a_sc02,LS87,AF568,roi,Dl,3,56.51,80.94,11.0,LS87_1a.czi,2,-80616.7,29357.72,-80836,29095,439,525,165.5,147.7
LS87_s01a_sc02,LS87,AF568,roi,Dl,4,62.42,105.17,11.0,LS87_1a.czi,2,-80130.14,29475.23,-80350,29213,439,525,165.5,147.7
LS87_s01a_sc02,LS87,AF568,roi,Dl,5,71.87,123.48,11.0,LS87_1a.czi,2,-79720.34,29456.63,-79940,29194,439,525,165.5,147.7
LS87_s01a_sc02,LS87,AF568,roi,Dm,6,182.35,53.18,11.0,LS87_1a.czi,2,-80053.49,26365.3,-80273,26103,439,525,165.5,147.7
LS87_s01a_sc02,LS87,AF568,roi,Dm,7,185.9,75.04,11.0,LS87_1a.czi,2,-79629.58,26509.73,-79849,26247,439,525,165.5,147.7
LS87_s01a_sc02,LS87,AF568,roi,Dm,8,184.72,95.71,11.0,LS87_1a.czi,2,-79267.08,26744.05,-79487,26482,439,524,165.5,147.7
LS87_s01a_sc02,LS87,AF568,roi,Dm,9,184.13,118.16,11.0,LS87_1a.czi,2,-78867.52,26983.66,-79087,26721,439,525,165.5,147.7
LS87_s01a_sc02,LS87,AF568,roi,Vd,10,188.26,155.97,11.0,LS87_1a.czi,2,-78151.29,27276.78,-78371,27014,439,525,165.5,147.7
LS87_s01a_sc02,LS87,AF568,roi,Vv,11,161.08,186.7,11.0,LS87_1a.czi,2,-77827.24,28173.08,-78047,27911,439,524,165.5,147.7
LS87_s01a_sc02,LS87,AF568,roi,Vl,12,123.86,202.06,11.0,LS87_1a.czi,2,-77864.99,29130.4,-78084,28868,438,525,165.5,147.7
LS87_s01a_sc02,LS87,AF568,roi,Vv,13,168.76,207.37,11.0,LS87_1a.czi,2,-77389.86,28216.47,-77609,27954,439,525,165.5,147.7
LS87_s01a_sc04,LS87,AF568,background,__background__,,202.61,75.98,11.0,LS87_1a.czi,4,-68695.72,19201.54,-68983,18961,575,481,174.9,169.1
LS87_s01a_sc04,LS87,AF568,background,__background__,,194.62,97.26,11.0,LS87_1a.czi,4,-68888.38,18732.23,-69176,18492,575,481,174.9,169.1
LS87_s01a_sc04,LS87,AF568,background,__background__,,180.97,116.77,11.0,LS87_1a.czi,4,-68937.66,18214.09,-69225,17973,575,482,174.9,169.1
LS87_s01a_sc04,LS87,AF568,background,__background__,,145.66,133.04,11.0,LS87_1a.czi,4,-68496.95,17449.6,-68785,17209,576,481,174.9,169.1
LS87_s01a_sc04,LS87,AF568,roi,Dm,14,110.83,79.45,11.0,LS87_1a.czi,4,-66905.25,17868.06,-67193,17627,575,482,174.9,169.1
LS87_s01a_sc04,LS87,AF568,roi,Dm,15,96.95,97.11,11.0,LS87_1a.czi,4,-66919.16,17377.88,-67207,17137,575,481,174.9,169.1
LS87_s01a_sc04,LS87,AF568,roi,Dm,16,90.27,112.02,11.0,LS87_1a.czi,4,-67032.37,17034.03,-67320,16793,575,482,174.9,169.1
LS87_s01a_sc04,LS87,AF568,roi,Dm,17,81.02,130.63,11.0,LS87_1a.czi,4,-67155.29,16592.17,-67443,16352,575,481,174.9,169.1
LS87_s01a_sc04,LS87,AF568,roi,Vd,18,81.48,154.85,11.0,LS87_1a.czi,4,-67566.95,16190.76,-67855,15950,576,481,174.9,169.1
LS87_s01a_sc04,LS87,AF568,roi,Vv,19,85.27,183.37,11.0,LS87_1a.czi,4,-68117.1,15763.2,-68405,15523,576,481,174.9,169.1
LS87_s01a_sc04,LS87,AF568,roi,Dl,1,146.44,208.59,11.0,LS87_1a.czi,4,-69767.85,16188.35,-70056,15948,576,481,174.9,169.1
LS87_s01a_sc04,LS87,AF568,roi,Dl,2,92.91,207.86,11.0,LS87_1a.czi,4,-68677.82,15456.98,-68965,15216,575,482,174.9,169.1
LS87_s04a_sc02,LS87,AF568,background,__background__,,229.81,178.9,11.0,LS87_4a.czi,2,-65823.19,10163.22,-66257,9546,868,1235,297.5,389.5
LS87_s04a_sc02,LS87,AF568,background,__background__,,219.21,206.57,11.0,LS87_4a.czi,2,-65795.11,8501.32,-66229,7884,868,1235,297.5,389.5
LS87_s04a_sc02,LS87,AF568,background,__background__,,199.63,229.14,21.48,LS87_4a.czi,2,-65366.37,6940.14,-66213,5735,1693,2411,581.0,760.7
LS87_s04a_sc02,LS87,AF568,background,__background__,,178.89,234.74,11.0,LS87_4a.czi,2,-64670.47,6254.14,-65104,5637,867,1235,297.5,389.5
LS87_s04a_sc02,LS87,AF568,roi,Posterior tuberculum,1,99.16,116.43,11.0,LS87_4a.czi,2,-60148.73,11008.48,-60583,10391,868,1235,297.5,389.5
LS87_s04a_sc02,LS87,AF568,roi,Posterior tuberculum,2,93.59,143.74,11.0,LS87_4a.czi,2,-60302.6,9460.19,-60736,8843,867,1235,297.5,389.5
LS87_s04a_sc02,LS87,AF568,roi,Anterior tuberal nucleus,3,60.35,139.5,11.0,LS87_4a.czi,2,-59012.79,9059.26,-59447,8442,868,1235,297.5,389.5
LS87_s04a_sc02,LS87,AF568,roi,Anterior tuberal nucleus,4,65.32,116.33,11.0,LS87_4a.czi,2,-58891.31,10377.43,-59325,9760,868,1235,297.5,389.5
LS87_s04a_sc04,LS87,AF568,background,__background__,,136.86,64.4,11.0,LS87_4a.czi,4,-48967.2,10755.86,-49435,10157,935,1198,381.8,312.8
LS87_s04a_sc04,LS87,AF568,background,__background__,,227.84,141.2,11.0,LS87_4a.czi,4,-47062.09,4753.78,-47530,4155,935,1198,381.8,312.8
LS87_s04a_sc04,LS87,AF568,background,__background__,,108.5,127.62,11.0,LS87_4a.czi,4,-46042.16,11158.66,-46510,10560,935,1198,381.8,312.8
LS87_s04a_sc04,LS87,AF568,background,__background__,,49.42,156.56,11.0,LS87_4a.czi,4,-44097.43,13728.71,-44565,13130,935,1198,381.8,312.8
LS87_s04a_sc04,LS87,AF568,roi,Posterior tuberculum,1,119.73,161.88,11.0,LS87_4a.czi,4,-44806.56,10000.39,-45274,9401,935,1198,381.8,312.8
LS87_s04a_sc04,LS87,AF568,roi,Anterior tuberal nucleus,2,119.14,196.74,11.0,LS87_4a.czi,4,-43391.41,9443.72,-43859,8845,935,1198,381.8,312.8
LS87_s04a_sc04,LS87,AF568,roi,Posterior tuberculum,3,149.27,161.29,11.0,LS87_4a.czi,4,-45218.55,8481.56,-45686,7883,935,1198,381.8,312.8
LS87_s04a_sc04,LS87,AF568,roi,Anterior tuberal nucleus,4,142.18,196.74,11.0,LS87_4a.czi,4,-43694.17,8251.35,-44162,7652,935,1198,381.8,312.8
LS87_s04a_sc06,LS87,AF568,background,__background__,,101.41,158.34,11.0,LS87_4a.czi,6,-33086.8,12276.44,-33625,11672,1077,1209,392.1,350.5
LS87_s04a_sc06,LS87,AF568,background,__background__,,159.31,142.98,11.0,LS87_4a.czi,6,-34175.43,9222.19,-34714,8618,1077,1209,392.1,350.5
LS87_s04a_sc06,LS87,AF568,background,__background__,,223.71,148.29,11.0,LS87_4a.czi,6,-34298.56,5676.36,-34837,5072,1077,1209,392.1,350.5
LS87_s04a_sc06,LS87,AF568,background,__background__,,130.95,88.62,11.0,LS87_4a.czi,6,-36647.95,11129.13,-37187,10525,1078,1209,392.1,350.5
LS87_s04a_sc06,LS87,AF568,background,__background__,,52.97,82.72,11.0,LS87_4a.czi,6,-36473.12,15419.16,-37012,14815,1077,1209,392.1,350.5
LS87_s04a_sc06,LS87,AF568,roi,Posterior tuberculum,1,130.36,194.38,11.0,LS87_4a.czi,6,-31507.59,10458.99,-32046,9855,1077,1208,392.1,350.5
LS87_s04a_sc06,LS87,AF568,roi,Posterior tuberculum,2,157.54,195.56,11.0,LS87_4a.czi,6,-31611.1,8969.52,-32150,8365,1077,1209,392.1,350.5
LS87_s04a_sc06,LS87,AF568,roi,Anterior tuberal nucleus,3,138.04,222.73,11.0,LS87_4a.czi,6,-30176.05,9852.08,-30715,9248,1078,1208,392.1,350.5
LS87_s04a_sc06,LS87,AF568,roi,Anterior tuberal nucleus,4,160.49,224.51,11.0,LS87_4a.czi,6,-30222.42,8616.47,-30761,8012,1077,1209,392.1,350.5
LS87_s04a_sc08,LS87,AF568,background,__background__,,90.78,147.7,11.0,LS87_4a.czi,8,-17954.06,12713.07,-18392,12092,876,1243,396.8,293.8
LS87_s04a_sc08,LS87,AF568,background,__background__,,156.36,131.75,11.0,LS87_4a.czi,8,-19243.33,9371.01,-19681,8749,875,1244,396.8,293.8
LS87_s04a_sc08,LS87,AF568,background,__background__,,39.97,168.38,11.0,LS87_4a.czi,8,-16635.71,15180.39,-17073,14559,875,1243,396.8,293.8
LS87_s04a_sc08,LS87,AF568,background,__background__,,81.33,187.88,11.0,LS87_4a.czi,8,-16314.17,12639.13,-16752,12018,876,1243,396.8,293.8
LS87_s04a_sc08,LS87,AF568,roi,Posterior tuberculum,1,139.23,198.51,11.0,LS87_4a.czi,8,-16503.86,9326.05,-16942,8705,876,1243,396.8,293.8
LS87_s04a_sc08,LS87,AF568,roi,Posterior tuberculum,2,113.82,200.28,11.0,LS87_4a.czi,8,-16173.6,10685.66,-16611,10064,875,1243,396.8,293.8
LS87_s04a_sc08,LS87,AF568,roi,Anterior tuberal nucleus,3,138.04,218.01,9.78,LS87_4a.czi,8,-15743.05,9104.97,-16132,8552,778,1106,352.8,261.2
LS87_s04a_sc08,LS87,AF568,roi,Anterior tuberal nucleus,4,113.82,220.96,11.0,LS87_4a.czi,8,-15379.78,10382.38,-15817,9761,875,1243,396.8,293.8
LS87_s04a_sc08,LS87,AF568,roi,Anterior tuberal nucleus,5,115.59,236.91,8.6,LS87_4a.czi,8,-14785.8,10051.96,-15128,9566,684,972,310.2,229.7
LS87_s04a_sc08,LS87,AF568,roi,Anterior tuberal nucleus,6,136.86,239.28,11.0,LS87_4a.czi,8,-14914.41,8857.39,-15352,8236,875,1243,396.8,293.8
