scene_uid,animal,slide,variant,scene_index,section_order,status,exclusion_class,disposition_reason,pcna_scene_uid,paired,pcna_kept,pair_align_iou,pair_flip_margin,pair_confidence,pcna_manual_rotation_deg,pcna_manual_flip,pcna_final_angle_deg,perk_derived_rotation_deg,perk_manual_flip,perk_final_angle_deg,censored_fraction,censored_fraction_in_tissue,recorded_saturated_fraction,qc_source,pcna_focus_score,pcna_largest_piece_mm2,pcna_total_tissue_mm2,pcna_n_pieces
LS105_s01a_sc00,LS105,1,a,0,1,censored_out,,13.3% of pixels at the 16-bit ceiling (tolerance 1%),LS105_s01b_sc00,1,1,0.72,-0.0085,high,69.0,0,233.7,79.0,0,235.8,0.133283,0.136781,0.133283,exclusion_candidates,0.3708,3.84,3.84,1
LS105_s01a_sc01,LS105,1,a,1,2,excluded,no_tissue,no tissue piece larger than 1.46 mm2 (threshold 2.5),LS105_s01b_sc01,1,0,,,,,,,,,,,,,reason_string,,1.46,,
LS105_s01a_sc02,LS105,1,a,2,3,excluded,no_tissue,no tissue piece larger than 1.57 mm2 (threshold 2.5),LS105_s01b_sc03,1,0,,,,,,,,,,,,,reason_string,,1.57,,
LS105_s01a_sc03,LS105,1,a,3,4,excluded,no_tissue,no tissue piece larger than 0.21 mm2 (threshold 2.5),LS105_s01b_sc04,1,0,,,,,,,,,,,,,reason_string,,0.21,,
LS105_s01a_sc04,LS105,1,a,4,5,excluded,tissue_damaged,manually excluded: tissue too damaged to measure,LS105_s01b_sc05,1,0,,,,,,,,,,,,,,,,,
LS105_s01a_sc05,LS105,1,a,5,6,excluded,tissue_damaged,manually excluded: tissue too damaged to measure,LS105_s01b_sc06,1,0,,,,,,,,,,,,,,,,,
LS105_s01a_sc06,LS105,1,a,6,7,censored_out,,13.3% of pixels at the 16-bit ceiling (tolerance 1%),LS105_s01b_sc07,1,1,0.7596,-0.2566,high,58.0,0,16.0,45.0,0,11.7,0.132896,0.113141,0.132896,exclusion_candidates,0.0939,10.54,12.72,2
LS105_s01a_sc07,LS105,1,a,7,8,excluded,tissue_damaged,manually excluded: tissue too damaged to measure,LS105_s01b_sc08,1,0,,,,,,,,,,,,,,,,,
LS105_s01a_sc08,LS105,1,a,8,9,excluded,out_of_focus,"no resolvable nuclear detail (focus 0.048, threshold 0.070)",LS105_s01b_sc09,1,0,,,,,,,,,,,,,reason_string,0.048,,,
LS105_s01a_sc09,LS105,1,a,9,10,censored_out,,11.9% of pixels at the 16-bit ceiling (tolerance 1%),LS105_s01b_sc10,1,1,0.7344,-0.0919,high,273.0,0,32.5,237.0,0,35.8,0.11862,0.107008,0.11862,exclusion_candidates,0.283,12.56,12.56,1
LS105_s01a_sc10,LS105,1,a,10,11,excluded,no_tissue,no tissue piece larger than 0.07 mm2 (threshold 2.5),LS105_s01b_sc11,1,0,,,,,,,,,,,,,reason_string,,0.07,,
LS105_s01a_sc11,LS105,1,a,11,12,excluded,tissue_damaged,manually excluded: tissue too damaged to measure,LS105_s01b_sc12,1,0,,,,,,,,,,,,,,,,,
LS105_s01a_sc12,LS105,1,a,12,13,excluded,out_of_focus,"no resolvable nuclear detail (focus 0.036, threshold 0.070)",LS105_s01b_sc14,1,0,,,,,,,,,,,,,reason_string,0.036,,,
LS105_s01a_sc13,LS105,1,a,13,14,censored_out,,10.4% of pixels at the 16-bit ceiling (tolerance 1%),LS105_s01b_sc13,1,1,0.8315,-0.1713,high,25.0,0,307.9,18.0,0,309.2,0.103948,0.121602,0.103948,exclusion_candidates,0.2323,8.87,8.87,1
LS105_s02a_sc00,LS105,2,a,0,15,excluded,tissue_damaged,manually excluded: tissue too damaged to measure,LS105_s02b_sc00,1,0,,,,,,,,,,,,,,,,,
LS105_s02a_sc01,LS105,2,a,1,16,excluded,no_tissue,"no tissue piece larger than 0.10 mm2 (threshold 2.5); no resolvable nuclear detail (focus 0.048, threshold 0.070)",LS105_s02b_sc01,1,0,,,,,,,,,,,,,reason_string,,0.1,,
LS105_s02a_sc02,LS105,2,a,2,17,censored_out,,10.3% of pixels at the 16-bit ceiling (tolerance 1%),LS105_s02b_sc02,1,1,0.7365,-0.1179,high,24.0,0,292.4,7.0,0,299.1,0.102502,0.094148,0.102502,exclusion_candidates,0.3407,11.52,11.52,1
LS105_s02a_sc03,LS105,2,a,3,18,censored_out,,10.4% of pixels at the 16-bit ceiling (tolerance 1%),LS105_s02b_sc03,1,1,0.74,-0.143,high,255.0,0,1.8,97.0,0,0.8,0.103861,0.122735,0.103861,exclusion_candidates,0.2018,9.06,9.06,1
LS105_s02a_sc04,LS105,2,a,4,19,censored_out,,10.8% of pixels at the 16-bit ceiling (tolerance 1%),LS105_s02b_sc04,1,1,0.8123,-0.1654,high,344.0,0,237.8,336.0,0,235.4,0.108059,0.092392,0.108059,exclusion_candidates,0.1182,10.86,10.86,1
LS105_s02a_sc05,LS105,2,a,5,20,censored_out,,10.2% of pixels at the 16-bit ceiling (tolerance 1%),LS105_s02b_sc05,1,1,0.7725,-0.1162,high,354.0,0,259.0,351.0,0,266.1,0.102138,0.110494,0.102138,exclusion_candidates,0.214,10.77,10.77,1
LS105_s02a_sc06,LS105,2,a,6,21,censored_out,,11.9% of pixels at the 16-bit ceiling (tolerance 1%),LS105_s02b_sc06,1,1,0.6733,-0.0781,high,3.0,0,259.9,359.0,0,260.7,0.118952,0.098208,0.118952,exclusion_candidates,0.2799,8.61,8.61,1
LS105_s02a_sc07,LS105,2,a,7,22,censored_out,,12.7% of pixels at the 16-bit ceiling (tolerance 1%),LS105_s02b_sc07,1,1,0.7187,-0.102,high,2.0,0,266.3,175.0,0,268.1,0.126894,0.126883,0.126894,exclusion_candidates,0.2019,5.66,10.31,2
LS105_s02a_sc08,LS105,2,a,8,23,censored_out,,12.5% of pixels at the 16-bit ceiling (tolerance 1%),LS105_s02b_sc08,1,1,0.654,-0.1498,high,0.0,0,265.0,357.0,0,268.4,0.124954,0.132163,0.124954,exclusion_candidates,0.0999,7.87,7.87,1
LS105_s02a_sc09,LS105,2,a,9,24,censored_out,,12.6% of pixels at the 16-bit ceiling (tolerance 1%),LS105_s02b_sc09,1,1,0.8758,-0.1654,high,0.0,0,266.8,359.0,0,266.4,0.126151,0.152202,0.126151,exclusion_candidates,0.0981,4.29,7.36,2
LS105_s02a_sc10,LS105,2,a,10,25,censored_out,,11.3% of pixels at the 16-bit ceiling (tolerance 1%),LS105_s02b_sc10,1,1,0.7439,-0.0797,high,185.0,0,272.9,10.0,0,276.5,0.113431,0.132978,0.113431,exclusion_candidates,0.2689,3.99,8.66,3
LS105_s02a_sc11,LS105,2,a,11,26,excluded,no_tissue,no tissue piece larger than 1.78 mm2 (threshold 2.5),LS105_s02b_sc11,1,0,,,,,,,,,,,,,reason_string,,1.78,,
LS105_s03a_sc00,LS105,3,a,0,27,censored_out,,10.2% of pixels at the 16-bit ceiling (tolerance 1%),LS105_s03b_sc00,1,1,0.6988,-0.0812,high,358.0,0,263.9,6.0,0,263.8,0.101695,0.114797,0.101695,exclusion_candidates,0.3564,4.51,9.16,3
LS105_s03a_sc01,LS105,3,a,1,28,excluded,tissue_damaged,manually excluded: tissue too damaged to measure,LS105_s03b_sc01,1,0,,,,,,,,,,,,,,,,,
LS105_s03a_sc02,LS105,3,a,2,29,excluded,tissue_damaged,manually excluded: tissue too damaged to measure,LS105_s03b_sc02,1,0,,,,,,,,,,,,,,,,,
LS105_s03a_sc03,LS105,3,a,3,30,censored_out,,13.0% of pixels at the 16-bit ceiling (tolerance 1%),LS105_s03b_sc03,1,1,0.6635,-0.0541,high,1.0,0,269.8,182.0,0,267.7,0.130483,0.132688,0.130483,exclusion_candidates,0.0964,2.86,6.73,3
LS105_s03a_sc04,LS105,3,a,4,31,censored_out,,12.0% of pixels at the 16-bit ceiling (tolerance 1%),LS105_s03b_sc04,1,1,0.7259,-0.1466,high,4.0,0,265.8,20.0,0,258.1,0.119894,0.134167,0.119894,exclusion_candidates,0.3443,3.22,7.95,3
LS105_s03a_sc05,LS105,3,a,5,32,censored_out,,12.1% of pixels at the 16-bit ceiling (tolerance 1%),LS105_s03b_sc05,1,1,0.3638,-0.0346,low,21.0,0,283.8,195.0,0,276.5,0.121133,0.137163,0.121133,exclusion_candidates,0.0703,12.31,16.34,2
LS105_s03a_sc06,LS105,3,a,6,33,censored_out,,12.5% of pixels at the 16-bit ceiling (tolerance 1%),LS105_s03b_sc06,1,1,0.7228,-0.2365,high,310.0,0,197.6,135.0,0,200.0,0.125328,0.132834,0.125328,exclusion_candidates,0.0839,4.5,7.29,2
LS105_s03a_sc07,LS105,3,a,7,34,censored_out,,11.8% of pixels at the 16-bit ceiling (tolerance 1%),LS105_s03b_sc07,1,1,0.4494,-0.0471,low,23.0,0,304.0,60.0,0,305.4,0.117532,0.128151,0.117532,exclusion_candidates,0.0827,8.35,11.19,2
LS105_s03a_sc08,LS105,3,a,8,35,excluded,out_of_focus,"no resolvable nuclear detail (focus 0.060, threshold 0.070)",LS105_s03b_sc08,1,0,,,,,,,,,,,,,reason_string,0.06,,,
LS105_s03a_sc09,LS105,3,a,9,36,censored_out,,10.0% of pixels at the 16-bit ceiling (tolerance 1%),LS105_s03b_sc09,1,1,0.6122,-0.1474,high,358.0,0,290.7,30.0,0,289.9,0.099758,0.110249,0.099758,exclusion_candidates,0.0953,4.2,7.79,3
LS105_s03a_sc10,LS105,3,a,10,37,censored_out,,9.7% of pixels at the 16-bit ceiling (tolerance 1%),LS105_s03b_sc10,1,1,0.7155,-0.1589,high,300.0,0,194.7,292.0,0,198.4,0.096719,0.117564,0.096719,exclusion_candidates,0.0915,4.22,6.88,2
LS105_s03a_sc11,LS105,3,a,11,38,censored_out,,9.9% of pixels at the 16-bit ceiling (tolerance 1%),LS105_s03b_sc11,1,1,0.6136,-0.1261,high,114.0,0,191.1,105.0,0,190.6,0.09907,0.115322,0.09907,exclusion_candidates,0.3376,3.58,5.9,2
LS105_s04a_sc00,LS105,4,a,0,39,excluded,no_tissue,"no tissue piece larger than 2.00 mm2 (threshold 2.5); no resolvable nuclear detail (focus 0.062, threshold 0.070)",LS105_s04b_sc00,1,0,,,,,,,,,,,,,reason_string,,2.0,,
LS105_s04a_sc01,LS105,4,a,1,40,censored_out,,11.7% of pixels at the 16-bit ceiling (tolerance 1%),LS105_s04b_sc01,1,1,0.7441,-0.1871,high,7.0,0,278.5,10.0,0,274.3,0.117124,0.136489,0.117124,exclusion_candidates,0.0743,5.63,9.96,2
LS105_s04a_sc02,LS105,4,a,2,41,excluded,tissue_damaged,manually excluded: tissue too damaged to measure,LS105_s04b_sc02,1,0,,,,,,,,,,,,,,,,,
LS105_s04a_sc03,LS105,4,a,3,42,excluded,tissue_damaged,manually excluded: tissue too damaged to measure,LS105_s04b_sc03,1,0,,,,,,,,,,,,,,,,,
LS105_s04a_sc04,LS105,4,a,4,43,censored_out,,12.1% of pixels at the 16-bit ceiling (tolerance 1%),LS105_s04b_sc04,1,1,0.5909,-0.0656,high,88.0,0,150.5,241.0,0,147.6,0.121182,0.120588,0.121182,exclusion_candidates,0.2973,9.68,17.14,3
LS105_s04a_sc05,LS105,4,a,5,44,excluded,tissue_damaged,manually excluded: tissue too damaged to measure,LS105_s04b_sc05,1,0,,,,,,,,,,,,,,,,,
LS105_s04a_sc06,LS105,4,a,6,45,censored_out,,11.2% of pixels at the 16-bit ceiling (tolerance 1%),LS105_s04b_sc06,1,1,0.6208,-0.0568,high,14.0,0,286.2,32.0,0,289.8,0.112279,0.10396,0.112279,exclusion_candidates,0.0745,17.54,33.05,3
LS105_s04a_sc07,LS105,4,a,7,46,censored_out,,9.2% of pixels at the 16-bit ceiling (tolerance 1%),LS105_s04b_sc07,1,1,0.654,-0.0214,high,321.0,0,220.7,131.0,0,229.6,0.091906,0.079806,0.091906,exclusion_candidates,0.0799,11.45,23.28,3
LS105_s04a_sc08,LS105,4,a,8,47,censored_out,,10.5% of pixels at the 16-bit ceiling (tolerance 1%),LS105_s04b_sc08,1,1,0.8083,-0.0759,high,342.0,0,247.0,153.0,0,250.0,0.105241,0.102962,0.105241,exclusion_candidates,0.1167,11.2,22.28,2
LS105_s04a_sc09,LS105,4,a,9,48,censored_out,,11.5% of pixels at the 16-bit ceiling (tolerance 1%),LS105_s04b_sc09,1,1,0.6567,0.014,high,6.0,0,286.9,171.0,0,273.3,0.114916,0.111588,0.114916,exclusion_candidates,0.1715,18.42,26.19,2
LS105_s04a_sc10,LS105,4,a,10,49,censored_out,,11.6% of pixels at the 16-bit ceiling (tolerance 1%),LS105_s04b_sc10,1,1,0.5252,0.0119,low,29.0,0,307.9,45.0,0,123.8,0.115567,0.109311,0.115567,exclusion_candidates,0.0952,8.31,13.03,2
LS105_s04a_sc11,LS105,4,a,11,50,censored_out,,12.6% of pixels at the 16-bit ceiling (tolerance 1%),LS105_s04b_sc11,1,1,0.695,-0.0496,high,149.0,0,233.7,319.0,0,230.7,0.125586,0.12612,0.125586,exclusion_candidates,0.1173,13.73,18.92,2
LS105_s04a_sc12,LS105,4,a,12,51,excluded,no_tissue,no tissue piece larger than 0.17 mm2 (threshold 2.5),LS105_s04b_sc12,1,0,,,,,,,,,,,,,reason_string,,0.17,,
LS105_s05a_sc00,LS105,5,a,0,52,excluded,tissue_damaged,manually excluded: tissue too damaged to measure,LS105_s05b_sc00,1,0,,,,,,,,,,,,,,,,,
LS105_s05a_sc01,LS105,5,a,1,53,analysis_set,,,LS105_s05b_sc01,1,1,0.6285,-0.0617,high,9.0,0,271.0,159.0,0,269.8,5e-05,6.5e-05,5e-05,exclusion_candidates,0.1303,28.93,28.93,1
LS105_s05a_sc02,LS105,5,a,2,54,analysis_set,,,LS105_s05b_sc02,1,1,0.6695,-0.0379,high,154.0,0,243.3,325.0,0,238.3,0.000302,0.000196,0.000302,exclusion_candidates,0.2419,26.8,26.8,1
LS105_s05a_sc03,LS105,5,a,3,55,analysis_set,,,LS105_s05b_sc03,1,1,0.6123,-0.0436,high,145.0,0,231.1,153.0,0,56.5,0.009518,0.010977,0.009518,exclusion_candidates,0.2522,27.08,27.08,1
LS105_s05a_sc04,LS105,5,a,4,56,analysis_set,,,LS105_s05b_sc04,1,1,0.866,-0.0257,high,359.0,0,274.8,10.0,0,271.8,2.6e-05,3e-05,2.6e-05,exclusion_candidates,0.1009,29.1,29.1,1
LS105_s05a_sc05,LS105,5,a,5,57,analysis_set,,,LS105_s05b_sc05,1,1,0.4546,-0.0079,low,194.0,0,285.6,164.0,0,280.4,0.001398,0.001241,0.001398,exclusion_candidates,0.116,26.89,26.89,1
LS105_s05a_sc06,LS105,5,a,6,58,analysis_set,,,LS105_s05b_sc06,1,1,0.8455,-0.2103,high,188.0,0,279.9,187.0,0,279.3,0.0,0.0,0.0,exclusion_candidates,0.26,26.4,26.4,1
LS105_s05a_sc07,LS105,5,a,7,59,analysis_set,,,LS105_s05b_sc07,1,1,0.5647,-0.0489,high,179.0,0,261.9,174.0,0,267.4,9e-06,1e-05,9e-06,exclusion_candidates,0.2397,26.59,26.59,1
LS105_s05a_sc08,LS105,5,a,8,60,analysis_set,,,LS105_s05b_sc08,1,1,0.5552,0.0008,high,150.0,0,225.5,149.0,0,47.0,6e-06,7e-06,6e-06,exclusion_candidates,0.2887,23.93,23.93,1
LS105_s05a_sc09,LS105,5,a,9,61,analysis_set,,,LS105_s05b_sc09,1,1,0.4952,-0.0083,low,178.0,0,262.0,75.0,0,265.9,0.006288,0.006887,0.006288,exclusion_candidates,0.1097,26.48,26.48,1
LS105_s05a_sc10,LS105,5,a,10,62,excluded,tissue_damaged,manually excluded: tissue too damaged to measure,LS105_s05b_sc10,1,0,,,,,,,,,,,,,,,,,
LS105_s05a_sc11,LS105,5,a,11,63,analysis_set,,,LS105_s05b_sc11,1,1,0.49,0.067,low,345.0,0,254.7,56.0,0,256.5,0.005193,0.007062,0.005193,exclusion_candidates,0.0912,47.23,47.23,1
LS105_s06a_sc00,LS105,6,a,0,64,analysis_set,,,LS105_s06b_sc00,1,1,0.5785,-0.0923,high,173.0,0,252.7,331.0,0,261.0,0.0,0.0,0.0,exclusion_candidates,0.1192,26.78,26.78,1
LS105_s06a_sc01,LS105,6,a,1,65,analysis_set,,,LS105_s06b_sc01,1,1,0.5675,-0.067,high,175.0,0,259.1,154.0,0,262.1,9.5e-05,0.000108,9.5e-05,exclusion_candidates,0.1039,26.26,26.26,1
LS105_s06a_sc02,LS105,6,a,2,66,analysis_set,,,LS105_s06b_sc02,1,1,0.4949,-0.0302,low,297.0,0,73.8,150.0,0,73.5,7.2e-05,8.1e-05,7.2e-05,exclusion_candidates,0.2728,23.75,23.75,1
LS105_s06a_sc03,LS105,6,a,3,67,excluded,tissue_damaged,manually excluded: tissue too damaged to measure,LS105_s06b_sc03,1,0,,,,,,,,,,,,,,,,,
LS105_s06a_sc04,LS105,6,a,4,68,analysis_set,,,LS105_s06b_sc04,1,1,0.7058,-0.0264,high,310.0,0,331.1,247.0,0,331.7,1.6e-05,1.8e-05,1.6e-05,exclusion_candidates,0.2459,25.37,25.37,1
LS105_s06a_sc05,LS105,6,a,5,69,analysis_set,,,LS105_s06b_sc05,1,1,0.5377,0.07,low,33.0,0,77.5,275.0,0,75.8,0.000615,0.000699,0.000615,exclusion_candidates,0.2666,42.01,42.01,1
LS105_s06a_sc06,LS105,6,a,6,70,analysis_set,,,LS105_s06b_sc06,1,1,0.7019,0.0295,high,15.0,0,298.4,65.0,0,109.8,2e-05,2.2e-05,2e-05,exclusion_candidates,0.2627,44.33,44.33,1
LS105_s06a_sc07,LS105,6,a,7,71,analysis_set,,,LS105_s06b_sc07,1,1,0.8008,0.0046,high,0.0,0,276.4,349.0,0,133.0,0.0,0.0,0.0,exclusion_candidates,0.2426,43.22,43.22,1
LS105_s06a_sc08,LS105,6,a,8,72,analysis_set,,,LS105_s06b_sc08,1,1,0.8755,-0.0218,high,185.0,0,279.4,14.0,0,278.7,4.1e-05,5e-05,4.1e-05,exclusion_candidates,0.2292,45.74,45.74,1
LS105_s06a_sc09,LS105,6,a,9,73,excluded,tissue_damaged,manually excluded: tissue too damaged to measure,LS105_s06b_sc09,1,0,,,,,,,,,,,,,,,,,
LS105_s06a_sc10,LS105,6,a,10,74,excluded,tissue_damaged,manually excluded: tissue too damaged to measure,LS105_s06b_sc10,1,0,,,,,,,,,,,,,,,,,
LS105_s06a_sc11,LS105,6,a,11,75,excluded,tissue_damaged,manually excluded: tissue too damaged to measure,LS105_s06b_sc11,1,0,,,,,,,,,,,,,,,,,
LS105_s08a_sc00,LS105,8,a,0,76,analysis_set,,,,0,0,,,,,,,0.0,0,115.0,0.0,0.0,0.0,,,,,
LS105_s08a_sc01,LS105,8,a,1,77,analysis_set,,,,0,0,,,,,,,0.0,0,337.7,8.9e-05,0.000101,8.9e-05,,,,,
LS105_s08a_sc02,LS105,8,a,2,78,analysis_set,,,LS105_s08b_sc01,1,1,0.8745,-0.024,high,358.0,0,266.2,336.0,0,266.9,0.0,0.0,0.0,exclusion_candidates,0.1109,36.34,36.34,1
LS105_s08a_sc03,LS105,8,a,3,79,analysis_set,,,LS105_s08b_sc02,1,1,0.764,0.0006,high,338.0,0,229.3,328.0,0,271.8,0.000593,0.000664,0.000593,exclusion_candidates,0.3112,31.69,31.69,1
LS105_s08a_sc04,LS105,8,a,4,80,excluded,tissue_damaged,manually excluded: tissue too damaged to measure,LS105_s08b_sc03,1,0,,,,,,,,,,,,,,,,,
LS105_s08a_sc05,LS105,8,a,5,81,analysis_set,,,LS105_s08b_sc04,1,1,0.6402,-0.0109,high,270.0,0,153.9,180.0,0,5.1,0.0,0.0,0.0,exclusion_candidates,0.3255,30.9,30.9,1
LS105_s08a_sc06,LS105,8,a,6,82,analysis_set,,,,0,0,,,,,,,0.0,0,78.7,0.0,0.0,0.0,,,,,
LS105_s08a_sc07,LS105,8,a,7,83,analysis_set,,,,0,0,,,,,,,0.0,0,186.3,0.000153,0.000196,0.000153,,,,,
LS105_s08a_sc08,LS105,8,a,8,84,analysis_set,,,LS105_s08b_sc06,1,1,0.9199,-0.026,high,92.0,0,37.8,292.0,0,37.5,0.0,0.0,0.0,exclusion_candidates,0.1047,27.2,27.2,1
LS105_s08a_sc09,LS105,8,a,9,85,analysis_set,,,LS105_s08b_sc07,1,1,0.8548,-0.0249,high,174.0,0,267.6,9.0,0,271.2,0.000178,0.000221,0.000178,exclusion_candidates,0.2949,28.27,28.27,1
LS105_s08a_sc10,LS105,8,a,10,86,excluded,tissue_damaged,manually excluded: tissue too damaged to measure,LS105_s08b_sc08,1,0,,,,,,,,,,,,,,,,,
LS105_s08a_sc11,LS105,8,a,11,87,analysis_set,,,LS105_s08b_sc09,1,1,0.7731,0.0055,high,103.0,0,192.2,335.0,0,196.1,3e-06,4e-06,3e-06,exclusion_candidates,0.0996,27.69,27.69,1
LS105_s09a_sc00,LS105,9,a,0,88,excluded,tissue_damaged,manually excluded: tissue too damaged to measure,LS105_s09b_sc00,1,0,,,,,,,,,,,,,,,,,
LS105_s09a_sc01,LS105,9,a,1,89,excluded,tissue_damaged,manually excluded: tissue too damaged to measure,LS105_s09b_sc01,1,0,,,,,,,,,,,,,,,,,
LS105_s09a_sc02,LS105,9,a,2,90,excluded,tissue_damaged,manually excluded: tissue too damaged to measure,LS105_s09b_sc02,1,0,,,,,,,,,,,,,,,,,
LS105_s09a_sc03,LS105,9,a,3,91,excluded,tissue_damaged,manually excluded: tissue too damaged to measure,LS105_s09b_sc03,1,0,,,,,,,,,,,,,,,,,
LS105_s09a_sc04,LS105,9,a,4,92,excluded,tissue_damaged,manually excluded: tissue too damaged to measure,LS105_s09b_sc04,1,0,,,,,,,,,,,,,,,,,
LS105_s09a_sc05,LS105,9,a,5,93,excluded,tissue_damaged,manually excluded: tissue too damaged to measure,LS105_s09b_sc05,1,0,,,,,,,,,,,,,,,,,
LS105_s09a_sc06,LS105,9,a,6,94,excluded,tissue_damaged,manually excluded: tissue too damaged to measure,LS105_s09b_sc06,1,0,,,,,,,,,,,,,,,,,
LS105_s09a_sc07,LS105,9,a,7,95,censored_out,,10.6% of pixels at the 16-bit ceiling (tolerance 1%),LS105_s09b_sc09,1,1,0.8941,-0.058,high,312.0,0,327.9,290.0,0,328.5,0.105758,0.101872,0.105758,exclusion_candidates,0.2522,22.26,22.26,1
LS105_s09a_sc08,LS105,9,a,8,96,censored_out,,11.7% of pixels at the 16-bit ceiling (tolerance 1%),LS105_s09b_sc10,1,1,0.607,0.0695,high,299.0,0,310.0,292.0,0,328.2,0.116809,0.112498,0.116809,exclusion_candidates,0.289,19.31,19.31,1
LS105_s09a_sc09,LS105,9,a,9,97,excluded,tissue_damaged,manually excluded: tissue too damaged to measure,LS105_s09b_sc11,1,0,,,,,,,,,,,,,,,,,
LS105_s09a_sc10,LS105,9,a,10,98,excluded,tissue_damaged,manually excluded: tissue too damaged to measure,LS105_s09b_sc12,1,0,,,,,,,,,,,,,,,,,
LS105_s10a_sc00,LS105,10,a,0,99,excluded,tissue_damaged,manually excluded: tissue too damaged to measure,LS105_s10b_sc00,1,0,,,,,,,,,,,,,,,,,
LS105_s10a_sc01,LS105,10,a,1,100,censored_out,,10.7% of pixels at the 16-bit ceiling (tolerance 1%),LS105_s10b_sc01,1,1,0.7687,-0.045,high,102.0,0,294.1,94.0,0,296.4,0.106689,0.117998,0.106689,exclusion_candidates,0.3216,21.49,21.49,1
LS105_s10a_sc02,LS105,10,a,2,101,excluded,tissue_damaged,manually excluded: tissue too damaged to measure,LS105_s10b_sc02,1,0,,,,,,,,,,,,,,,,,
LS105_s10a_sc03,LS105,10,a,3,102,censored_out,,10.9% of pixels at the 16-bit ceiling (tolerance 1%),LS105_s10b_sc03,1,1,0.7332,0.0016,high,309.0,0,330.4,136.0,0,320.4,0.109304,0.118869,0.109304,exclusion_candidates,0.3327,22.07,22.07,1
LS105_s10a_sc04,LS105,10,a,4,103,censored_out,,8.4% of pixels at the 16-bit ceiling (tolerance 1%),LS105_s10b_sc04,1,1,0.6076,-0.0419,high,121.0,0,311.6,103.0,0,314.8,0.083835,0.085021,0.083835,exclusion_candidates,0.2414,14.85,18.71,2
LS105_s10a_sc05,LS105,10,a,5,104,censored_out,,11.2% of pixels at the 16-bit ceiling (tolerance 1%),LS105_s10b_sc05,1,1,0.6802,-0.0894,high,298.0,0,310.2,272.0,0,312.9,0.111779,0.118805,0.111779,exclusion_candidates,0.3417,9.79,15.21,2
LS105_s10a_sc06,LS105,10,a,6,105,censored_out,,8.6% of pixels at the 16-bit ceiling (tolerance 1%),LS105_s10b_sc06,1,1,0.5233,-0.0036,low,324.0,0,328.5,154.0,0,171.0,0.085874,0.090448,0.085874,exclusion_candidates,0.2904,9.19,15.34,2
LS105_s10a_sc07,LS105,10,a,7,106,censored_out,,9.3% of pixels at the 16-bit ceiling (tolerance 1%),LS105_s10b_sc07,1,1,0.651,-0.0255,high,263.0,0,261.7,84.0,0,269.5,0.093236,0.103494,0.093236,exclusion_candidates,0.2024,8.47,14.03,2
LS105_s10a_sc08,LS105,10,a,8,107,censored_out,,8.0% of pixels at the 16-bit ceiling (tolerance 1%),LS105_s10b_sc08,1,1,0.658,-0.141,high,327.0,0,347.6,148.0,0,345.4,0.079833,0.082737,0.079833,exclusion_candidates,0.288,7.01,12.85,3
LS105_s10a_sc09,LS105,10,a,9,108,censored_out,,10.6% of pixels at the 16-bit ceiling (tolerance 1%),LS105_s10b_sc09,1,1,0.7215,-0.0214,high,100.0,0,101.2,97.0,0,105.6,0.105858,0.115806,0.105858,exclusion_candidates,0.2926,7.88,15.31,2
LS120_s01a_sc00,LS120,1,a,0,1,analysis_set,,,LS120_s01b_sc00,1,1,0.7488,-0.0133,high,107.0,0,55.2,265.0,0,50.6,0.0,0.0,0.0,exclusion_candidates,0.3821,2.5,2.5,1
LS120_s01a_sc01,LS120,1,a,1,2,excluded,tissue_damaged,manually excluded: tissue too damaged to measure,LS120_s01b_sc01,1,0,,,,,,,,,,,,,,,,,
LS120_s01a_sc02,LS120,1,a,2,3,analysis_set,,,LS120_s01b_sc03,1,1,0.9116,-0.0278,high,1.0,0,101.6,339.0,0,108.3,0.0,0.0,0.0,exclusion_candidates,0.0989,5.41,5.41,1
LS120_s01a_sc03,LS120,1,a,3,4,analysis_set,,,LS120_s01b_sc02,1,1,0.8869,-0.0099,high,353.0,0,105.0,354.0,0,109.8,0.000981,0.001238,0.000981,exclusion_candidates,0.0881,5.29,5.29,1
LS120_s01a_sc04,LS120,1,a,4,5,analysis_set,,,,0,0,,,,,,,0.0,0,120.3,9.7e-05,0.0001,9.7e-05,,,,,
LS120_s01a_sc05,LS120,1,a,5,6,analysis_set,,,LS120_s01b_sc05,1,1,0.826,-0.0379,high,346.0,0,294.2,303.0,0,292.9,0.0,0.0,0.0,exclusion_candidates,0.1534,7.06,7.06,1
LS120_s01a_sc06,LS120,1,a,6,7,analysis_set,,,LS120_s01b_sc04,1,1,0.8079,-0.0083,high,30.0,0,182.0,59.0,0,174.8,2.9e-05,6.1e-05,2.9e-05,exclusion_candidates,0.0903,6.05,6.05,1
LS120_s01a_sc07,LS120,1,a,7,8,excluded,tissue_damaged,manually excluded: tissue too damaged to measure,LS120_s01b_sc06,1,0,,,,,,,,,,,,,,,,,
LS120_s01a_sc08,LS120,1,a,8,9,excluded,tissue_damaged,manually excluded: tissue too damaged to measure,LS120_s01b_sc08,1,0,,,,,,,,,,,,,,,,,
LS120_s01a_sc09,LS120,1,a,9,10,analysis_set,,,LS120_s01b_sc07,1,1,0.9271,-0.0518,high,22.0,0,200.3,101.0,0,198.7,0.0,0.0,0.0,exclusion_candidates,0.3272,7.22,7.22,1
LS120_s01a_sc10,LS120,1,a,10,11,excluded,no_tissue,no tissue piece larger than 2.48 mm2 (threshold 2.5),LS120_s01b_sc09,1,0,,,,,,,,,,,,,reason_string,,2.48,,
LS120_s01a_sc11,LS120,1,a,11,12,analysis_set,,,LS120_s01b_sc11,1,1,0.7315,-0.0069,high,153.0,0,24.8,119.0,0,114.2,4.1e-05,0.000113,4.1e-05,exclusion_candidates,0.1317,6.72,7.68,2
LS120_s01a_sc12,LS120,1,a,12,13,analysis_set,,,LS120_s01b_sc10,1,1,0.6483,0.0044,high,356.0,0,156.3,331.0,0,68.0,2.7e-05,5.5e-05,2.7e-05,exclusion_candidates,0.171,5.58,6.74,2
LS120_s01a_sc13,LS120,1,a,13,14,excluded,tissue_damaged,manually excluded: tissue too damaged to measure,LS120_s01b_sc12,1,0,,,,,,,,,,,,,,,,,
LS120_s01a_sc14,LS120,1,a,14,15,analysis_set,,,LS120_s01b_sc13,1,1,0.7684,-0.0185,high,152.0,0,133.5,132.0,0,127.9,0.0,0.0,0.0,exclusion_candidates,0.3174,10.27,10.27,1
LS120_s01a_sc15,LS120,1,a,15,16,analysis_set,,,LS120_s01b_sc14,1,1,0.6755,0.0281,high,159.0,0,165.1,300.0,0,165.2,9.3e-05,0.000231,9.3e-05,exclusion_candidates,0.0967,8.75,8.75,1
LS120_s01a_sc16,LS120,1,a,16,17,analysis_set,,,LS120_s01b_sc16,1,1,0.8401,0.0126,high,158.0,0,149.6,116.0,0,149.2,2e-06,4e-06,2e-06,exclusion_candidates,0.2694,10.94,10.94,1
LS120_s01a_sc17,LS120,1,a,17,18,analysis_set,,,LS120_s01b_sc15,1,1,0.9091,-0.0366,high,130.0,0,131.6,142.0,0,134.6,0.0,0.0,0.0,exclusion_candidates,0.111,11.32,11.32,1
LS120_s01a_sc18,LS120,1,a,18,19,analysis_set,,,LS120_s01b_sc17,1,1,0.8409,-0.0009,high,115.0,0,322.9,294.0,0,325.7,0.0,0.0,0.0,exclusion_candidates,0.254,3.9,8.57,5
LS120_s01a_sc19,LS120,1,a,19,20,analysis_set,,,LS120_s01b_sc18,1,1,0.6304,-0.021,high,203.0,0,82.6,340.0,0,82.6,0.000252,0.000354,0.000252,exclusion_candidates,0.0891,12.36,13.89,2
LS120_s02a_sc00,LS120,2,a,0,21,analysis_set,,,LS120_s02b_sc00,1,1,0.6179,-0.0094,high,96.0,0,73.1,231.0,0,320.1,0.000218,0.000329,0.000218,exclusion_candidates,0.0712,18.84,18.84,1
LS120_s02a_sc01,LS120,2,a,1,22,analysis_set,,,LS120_s02b_sc01,1,1,0.6351,-0.0046,high,147.0,0,7.4,348.0,0,265.5,0.000398,0.000508,0.000398,exclusion_candidates,0.3178,16.18,16.18,1
LS120_s02a_sc02,LS120,2,a,2,23,analysis_set,,,LS120_s02b_sc02,1,1,0.8115,-0.0266,high,191.0,0,55.6,324.0,0,62.8,0.001553,0.004272,0.001553,exclusion_candidates,0.2969,14.21,14.21,1
LS120_s02a_sc03,LS120,2,a,3,24,analysis_set,,,LS120_s02b_sc03,1,1,0.6885,-0.0342,high,170.0,0,44.1,175.0,0,223.4,0.0,0.0,0.0,exclusion_candidates,0.3053,6.41,8.02,3
LS120_s02a_sc04,LS120,2,a,4,25,analysis_set,,,LS120_s02b_sc04,1,1,0.769,-0.1161,high,289.0,0,325.8,254.0,0,324.0,8e-05,0.000218,8e-05,exclusion_candidates,0.0731,12.89,12.89,1
LS120_s02a_sc05,LS120,2,a,5,26,excluded,no_tissue,no tissue piece larger than 2.13 mm2 (threshold 2.5),LS120_s02b_sc05,1,0,,,,,,,,,,,,,reason_string,,2.13,,
LS120_s02a_sc06,LS120,2,a,6,27,analysis_set,,,LS120_s02b_sc06,1,1,0.7761,-0.0448,high,172.0,0,25.5,182.0,0,31.1,0.000211,0.000378,0.000211,exclusion_candidates,0.2071,14.98,14.98,1
LS120_s02a_sc07,LS120,2,a,7,28,analysis_set,,,LS120_s02b_sc07,1,1,0.7475,-0.0552,high,152.0,0,19.2,178.0,0,24.1,0.0,0.0,0.0,exclusion_candidates,0.3356,11.62,11.62,1
LS120_s02a_sc08,LS120,2,a,8,29,analysis_set,,,LS120_s02b_sc08,1,1,0.7712,-0.0615,high,237.0,0,253.8,227.0,0,254.4,0.0,0.0,0.0,exclusion_candidates,0.3404,14.96,14.96,1
LS120_s02a_sc09,LS120,2,a,9,30,analysis_set,,,LS120_s02b_sc09,1,1,0.6746,-0.0551,high,105.0,0,314.5,256.0,0,310.3,0.000337,0.000862,0.000337,exclusion_candidates,0.3382,12.79,12.79,1
LS120_s02a_sc10,LS120,2,a,10,31,excluded,no_tissue,no tissue piece larger than 1.12 mm2 (threshold 2.5),LS120_s02b_sc10,1,0,,,,,,,,,,,,,reason_string,,1.12,,
LS120_s02a_sc11,LS120,2,a,11,32,analysis_set,,,LS120_s02b_sc11,1,1,0.5844,-0.0828,high,105.0,0,305.2,95.0,0,301.9,0.00021,0.000534,0.00021,exclusion_candidates,0.3648,11.8,11.8,1
LS120_s02a_sc12,LS120,2,a,12,33,analysis_set,,,LS120_s02b_sc12,1,1,0.28,0.0039,low,341.0,0,252.8,320.0,0,285.8,2.5e-05,0.0,2.5e-05,exclusion_candidates,0.2604,9.09,9.09,1
LS120_s02a_sc13,LS120,2,a,13,34,analysis_set,,,LS120_s02b_sc13,1,1,0.3232,0.0252,low,283.0,0,183.9,198.0,0,58.8,0.0,0.0,0.0,exclusion_candidates,0.3081,11.53,11.53,1
LS120_s03a_sc00,LS120,3,a,0,35,analysis_set,,,LS120_s03b_sc00,1,1,0.7727,-0.0392,high,285.0,0,291.3,25.0,0,291.1,0.0,0.0,0.0,exclusion_candidates,0.119,12.2,12.2,1
LS120_s03a_sc01,LS120,3,a,1,36,excluded,tissue_damaged,manually excluded: tissue too damaged to measure,LS120_s03b_sc01,1,0,,,,,,,,,,,,,,,,,
LS120_s03a_sc02,LS120,3,a,2,37,excluded,tissue_damaged,manually excluded: tissue too damaged to measure,LS120_s03b_sc02,1,0,,,,,,,,,,,,,,,,,
LS120_s03a_sc03,LS120,3,a,3,38,excluded,tissue_damaged,manually excluded: tissue too damaged to measure,LS120_s03b_sc03,1,0,,,,,,,,,,,,,,,,,
LS120_s03a_sc04,LS120,3,a,4,39,excluded,tissue_damaged,manually excluded: tissue too damaged to measure,LS120_s03b_sc04,1,0,,,,,,,,,,,,,,,,,
LS120_s03a_sc05,LS120,3,a,5,40,excluded,tissue_damaged,manually excluded: tissue too damaged to measure,LS120_s03b_sc05,1,0,,,,,,,,,,,,,,,,,
LS120_s03a_sc06,LS120,3,a,6,41,analysis_set,,,LS120_s03b_sc06,1,1,0.6006,-0.0032,high,54.0,0,230.0,148.0,0,81.2,0.000448,0.00067,0.000448,exclusion_candidates,0.3977,19.25,36.04,3
LS120_s03a_sc07,LS120,3,a,7,42,analysis_set,,,LS120_s03b_sc07,1,1,0.6587,0.0152,high,31.0,0,327.6,34.0,0,331.7,0.000169,0.000206,0.000169,exclusion_candidates,0.2087,30.34,30.34,1
LS120_s03a_sc08,LS120,3,a,8,43,analysis_set,,,,0,0,,,,,,,0.0,0,297.0,0.0,0.0,0.0,,,,,
LS120_s03a_sc09,LS120,3,a,9,44,analysis_set,,,LS120_s03b_sc08,1,1,0.6787,0.0145,high,41.0,0,337.7,33.0,0,336.9,0.0,0.0,0.0,exclusion_candidates,0.1076,36.45,36.45,1
LS120_s03a_sc10,LS120,3,a,10,45,analysis_set,,,LS120_s03b_sc09,1,1,0.7537,-0.0418,high,34.0,0,331.2,36.0,0,329.3,5e-06,6e-06,5e-06,exclusion_candidates,0.1121,17.48,17.48,1
LS120_s03a_sc11,LS120,3,a,11,46,analysis_set,,,LS120_s03b_sc10,1,1,0.4672,-0.001,low,0.0,0,282.1,4.0,0,288.0,0.0,0.0,0.0,exclusion_candidates,0.0844,7.93,14.05,2
LS120_s03a_sc12,LS120,3,a,12,47,excluded,no_tissue,no tissue piece larger than 2.13 mm2 (threshold 2.5),LS120_s03b_sc11,1,0,,,,,,,,,,,,,reason_string,,2.13,,
LS120_s03a_sc13,LS120,3,a,13,48,excluded,tissue_damaged,manually excluded: tissue too damaged to measure,LS120_s03b_sc12,1,0,,,,,,,,,,,,,,,,,
LS120_s04a_sc00,LS120,4,a,0,49,analysis_set,,,LS120_s04b_sc00,1,1,0.8945,-0.041,high,231.0,0,342.5,42.0,0,346.3,0.000583,0.0007,0.000583,exclusion_candidates,0.2167,27.31,27.31,1
LS120_s04a_sc01,LS120,4,a,1,50,analysis_set,,,LS120_s04b_sc02,1,1,0.8897,-0.0299,high,294.0,0,66.6,120.0,0,65.9,0.0,0.0,0.0,exclusion_candidates,0.1924,30.44,30.44,1
LS120_s04a_sc02,LS120,4,a,2,51,analysis_set,,,LS120_s04b_sc04,1,1,0.8937,-0.0465,high,201.0,0,324.9,356.0,0,324.7,2.5e-05,2.6e-05,2.5e-05,exclusion_candidates,0.2308,33.08,33.08,1
LS120_s04a_sc03,LS120,4,a,3,52,analysis_set,,,LS120_s04b_sc05,1,1,0.8037,0.0067,high,204.0,0,316.2,81.0,0,24.6,0.0,0.0,0.0,exclusion_candidates,0.3073,29.22,29.22,1
LS120_s04a_sc04,LS120,4,a,4,53,analysis_set,,,LS120_s04b_sc06,1,1,0.9368,-0.0391,high,222.0,0,346.7,225.0,0,346.8,0.000787,0.000896,0.000787,exclusion_candidates,0.2685,35.02,35.02,1
LS120_s04a_sc05,LS120,4,a,5,54,excluded,tissue_damaged,manually excluded: tissue too damaged to measure,LS120_s04b_sc07,1,0,,,,,,,,,,,,,,,,,
LS120_s04a_sc06,LS120,4,a,6,55,analysis_set,,,LS120_s04b_sc08,1,1,0.8983,-0.0281,high,35.0,0,341.6,232.0,0,340.5,0.0,0.0,0.0,exclusion_candidates,0.2469,30.14,30.14,1
LS120_s04a_sc07,LS120,4,a,7,56,analysis_set,,,LS120_s04b_sc09,1,1,0.8348,0.0066,high,34.0,0,339.3,216.0,0,175.5,6.4e-05,9e-05,6.4e-05,exclusion_candidates,0.2239,18.0,23.5,3
LS120_s04a_sc08,LS120,4,a,8,57,analysis_set,,,LS120_s04b_sc10,1,1,0.5621,-0.007,high,79.0,0,27.9,79.0,0,321.1,1.1e-05,1.3e-05,1.1e-05,exclusion_candidates,0.1991,34.9,34.9,1
LS120_s04a_sc09,LS120,4,a,9,58,analysis_set,,,LS120_s04b_sc11,1,1,0.4849,-0.003,low,67.0,0,1.8,253.0,0,199.9,0.001666,0.001991,0.001666,exclusion_candidates,0.1858,35.01,35.01,1
LS120_s05a_sc00,LS120,5,a,0,59,analysis_set,,,LS120_s05b_sc00,1,1,0.9406,-0.0346,high,205.0,0,313.5,284.0,0,317.0,0.0,0.0,0.0,exclusion_candidates,0.2272,34.9,34.9,1
LS120_s05a_sc01,LS120,5,a,1,60,analysis_set,,,LS120_s05b_sc02,1,1,0.8695,-0.012,high,313.0,0,98.6,30.0,0,91.8,6.6e-05,8e-05,6.6e-05,exclusion_candidates,0.1129,35.7,35.7,1
LS120_s05a_sc02,LS120,5,a,2,61,analysis_set,,,LS120_s05b_sc03,1,1,0.8742,-0.0011,high,291.0,0,190.0,297.0,0,242.3,0.000339,0.000412,0.000339,exclusion_candidates,0.2857,38.35,38.35,1
LS120_s05a_sc03,LS120,5,a,3,62,analysis_set,,,LS120_s05b_sc04,1,1,0.8844,-0.0122,high,117.0,0,85.1,346.0,0,90.0,0.0,0.0,0.0,exclusion_candidates,0.1216,35.6,35.6,1
LS120_s05a_sc04,LS120,5,a,4,63,excluded,tissue_damaged,manually excluded: tissue too damaged to measure,LS120_s05b_sc05,1,0,,,,,,,,,,,,,,,,,
LS120_s05a_sc05,LS120,5,a,5,64,analysis_set,,,LS120_s05b_sc06,1,1,0.9431,-0.0323,high,301.0,0,208.7,304.0,0,206.0,0.000238,0.000299,0.000238,exclusion_candidates,0.3109,41.54,41.54,1
LS120_s05a_sc06,LS120,5,a,6,65,excluded,tissue_damaged,manually excluded: tissue too damaged to measure,LS120_s05b_sc07,1,0,,,,,,,,,,,,,,,,,
LS120_s05a_sc07,LS120,5,a,7,66,analysis_set,,,LS120_s05b_sc08,1,1,0.9285,0.0013,high,210.0,0,200.7,137.0,0,204.5,6.1e-05,7.9e-05,6.1e-05,exclusion_candidates,0.296,42.0,42.0,1
LS120_s05a_sc08,LS120,5,a,8,67,excluded,tissue_damaged,manually excluded: tissue too damaged to measure,LS120_s05b_sc09,1,0,,,,,,,,,,,,,,,,,
LS120_s05a_sc09,LS120,5,a,9,68,analysis_set,,,LS120_s05b_sc10,1,1,0.7532,0.0123,high,320.0,0,230.4,152.0,0,230.9,7.9e-05,9.5e-05,7.9e-05,exclusion_candidates,0.0869,44.01,44.01,1
LS120_s05a_sc10,LS120,5,a,10,69,excluded,tissue_damaged,manually excluded: tissue too damaged to measure,LS120_s05b_sc11,1,0,,,,,,,,,,,,,,,,,
LS120_s06a_sc00,LS120,6,a,0,70,analysis_set,,,LS120_s06b_sc00,1,1,0.4724,0.0007,low,300.0,0,195.2,16.0,0,179.5,0.0,0.0,0.0,exclusion_candidates,0.2704,49.13,49.13,1
LS120_s06a_sc01,LS120,6,a,1,71,excluded,tissue_damaged,manually excluded: tissue too damaged to measure,LS120_s06b_sc01,1,0,,,,,,,,,,,,,,,,,
LS120_s06a_sc02,LS120,6,a,2,72,analysis_set,,,LS120_s06b_sc02,1,1,0.9705,-0.0081,high,47.0,0,225.0,256.0,0,225.6,8.6e-05,0.0001,8.6e-05,exclusion_candidates,0.2466,42.15,42.15,1
LS120_s06a_sc03,LS120,6,a,3,73,analysis_set,,,LS120_s06b_sc03,1,1,0.755,0.0279,high,13.0,0,292.4,133.0,0,48.7,0.0,0.0,0.0,exclusion_candidates,0.294,40.94,40.94,1
LS120_s06a_sc04,LS120,6,a,4,74,analysis_set,,,LS120_s06b_sc04,1,1,0.8469,-0.0721,high,157.0,0,243.3,334.0,0,240.6,0.0,0.0,0.0,exclusion_candidates,0.2626,41.22,41.22,1
LS120_s06a_sc05,LS120,6,a,5,75,excluded,tissue_damaged,manually excluded: tissue too damaged to measure,LS120_s06b_sc05,1,0,,,,,,,,,,,,,,,,,
LS120_s06a_sc06,LS120,6,a,6,76,analysis_set,,,LS120_s06b_sc06,1,1,0.9425,-0.0345,high,358.0,0,273.7,313.0,0,284.3,1e-06,1e-06,1e-06,exclusion_candidates,0.2841,45.0,45.0,1
LS120_s06a_sc07,LS120,6,a,7,77,analysis_set,,,LS120_s06b_sc07,1,1,0.9187,-0.0181,high,337.0,0,248.9,69.0,0,249.3,0.000226,0.000288,0.000226,exclusion_candidates,0.1127,36.34,36.34,1
LS120_s06a_sc08,LS120,6,a,8,78,analysis_set,,,LS120_s06b_sc08,1,1,0.9433,-0.0487,high,295.0,0,200.4,113.0,0,200.2,3.5e-05,4.4e-05,3.5e-05,exclusion_candidates,0.1941,37.8,37.8,1
LS120_s06a_sc09,LS120,6,a,9,79,excluded,tissue_damaged,manually excluded: tissue too damaged to measure,LS120_s06b_sc09,1,0,,,,,,,,,,,,,,,,,
LS120_s07a_sc00,LS120,7,a,0,80,analysis_set,,,LS120_s07b_sc00,1,1,0.8809,-0.0078,high,39.0,0,83.3,29.0,0,306.7,7.8e-05,9.9e-05,7.8e-05,exclusion_candidates,0.0962,35.59,35.59,1
LS120_s07a_sc01,LS120,7,a,1,81,excluded,no_tissue,no tissue piece larger than 2.10 mm2 (threshold 2.5),LS120_s07b_sc01,1,0,,,,,,,,,,,,,reason_string,,2.1,,
LS120_s07a_sc02,LS120,7,a,2,82,excluded,tissue_damaged,manually excluded: tissue too damaged to measure,LS120_s07b_sc02,1,0,,,,,,,,,,,,,,,,,
LS120_s07a_sc03,LS120,7,a,3,83,excluded,tissue_damaged,manually excluded: tissue too damaged to measure,LS120_s07b_sc03,1,0,,,,,,,,,,,,,,,,,
LS120_s07a_sc04,LS120,7,a,4,84,excluded,tissue_damaged,manually excluded: tissue too damaged to measure,LS120_s07b_sc04,1,0,,,,,,,,,,,,,,,,,
LS120_s07a_sc05,LS120,7,a,5,85,excluded,tissue_damaged,manually excluded: tissue too damaged to measure,LS120_s07b_sc05,1,0,,,,,,,,,,,,,,,,,
LS120_s07a_sc06,LS120,7,a,6,86,excluded,tissue_damaged,manually excluded: tissue too damaged to measure,LS120_s07b_sc06,1,0,,,,,,,,,,,,,,,,,
LS120_s07a_sc07,LS120,7,a,7,87,excluded,tissue_damaged,manually excluded: tissue too damaged to measure,LS120_s07b_sc07,1,0,,,,,,,,,,,,,,,,,
LS120_s07a_sc08,LS120,7,a,8,88,analysis_set,,,LS120_s07b_sc08,1,1,0.9404,-0.0347,high,61.0,0,73.6,244.0,0,71.1,2e-05,2.3e-05,2e-05,exclusion_candidates,0.2354,28.04,28.04,1
LS120_s07a_sc09,LS120,7,a,9,89,excluded,tissue_damaged,manually excluded: tissue too damaged to measure,LS120_s07b_sc09,1,0,,,,,,,,,,,,,,,,,
LS120_s07a_sc10,LS120,7,a,10,90,excluded,tissue_damaged,manually excluded: tissue too damaged to measure,LS120_s07b_sc10,1,0,,,,,,,,,,,,,,,,,
LS120_s07a_sc11,LS120,7,a,11,91,analysis_set,,,,0,0,,,,,,,0.0,0,8.3,0.000873,0.001002,0.000873,,,,,
LS120_s08a_sc00,LS120,8,a,0,92,analysis_set,,,LS120_s08b_sc01,1,1,0.1577,-0.0004,low,288.0,0,339.2,238.0,0,196.0,5.8e-05,6.9e-05,5.8e-05,exclusion_candidates,0.2145,24.75,24.75,1
LS120_s08a_sc01,LS120,8,a,1,93,analysis_set,,,LS120_s08b_sc02,1,1,0.8943,-0.0918,high,334.0,0,14.5,346.0,0,16.4,0.000562,0.000677,0.000562,exclusion_candidates,0.2251,23.64,23.64,1
LS120_s08a_sc02,LS120,8,a,2,94,excluded,tissue_damaged,manually excluded: tissue too damaged to measure,LS120_s08b_sc03,1,0,,,,,,,,,,,,,,,,,
LS120_s08a_sc03,LS120,8,a,3,95,excluded,tissue_damaged,manually excluded: tissue too damaged to measure,LS120_s08b_sc04,1,0,,,,,,,,,,,,,,,,,
LS120_s08a_sc04,LS120,8,a,4,96,analysis_set,,,,0,0,,,,,,,0.0,0,20.1,0.000421,0.00046,0.000421,,,,,
LS120_s08a_sc05,LS120,8,a,5,97,excluded,tissue_damaged,manually excluded: tissue too damaged to measure,LS120_s08b_sc06,1,0,,,,,,,,,,,,,,,,,
LS120_s08a_sc06,LS120,8,a,6,98,analysis_set,,,,0,0,,,,,,,0.0,0,151.1,0.00029,0.000349,0.00029,,,,,
LS120_s08a_sc07,LS120,8,a,7,99,excluded,tissue_damaged,manually excluded: tissue too damaged to measure,LS120_s08b_sc08,1,0,,,,,,,,,,,,,,,,,
LS120_s08a_sc08,LS120,8,a,8,100,analysis_set,,,,0,0,,,,,,,0.0,0,339.4,0.0,0.0,0.0,,,,,
LS120_s08a_sc09,LS120,8,a,9,101,excluded,no_tissue,no tissue piece larger than 1.53 mm2 (threshold 2.5),LS120_s08b_sc10,1,0,,,,,,,,,,,,,reason_string,,1.53,,
LS120_s08a_sc10,LS120,8,a,10,102,analysis_set,,,,0,0,,,,,,,0.0,0,59.1,0.0,0.0,0.0,,,,,
LS120_s09a_sc00,LS120,9,a,0,103,analysis_set,,,LS120_s09b_sc02,1,1,0.8497,-0.1632,high,309.0,0,327.6,297.0,0,329.6,0.0,0.0,0.0,exclusion_candidates,0.1222,14.14,20.72,2
LS120_s09a_sc01,LS120,9,a,1,104,analysis_set,,,LS120_s09b_sc03,1,1,0.2969,0.007,low,282.0,0,293.0,180.0,0,1.4,0.000954,0.001027,0.000954,exclusion_candidates,0.3139,13.58,19.01,2
LS120_s09a_sc02,LS120,9,a,2,105,analysis_set,,,LS120_s09b_sc04,1,1,0.9034,-0.0826,high,112.0,0,323.7,283.0,0,316.7,0.000183,0.000242,0.000183,exclusion_candidates,0.2689,21.39,21.39,1
LS120_s09a_sc03,LS120,9,a,3,106,analysis_set,,,LS120_s09b_sc05,1,1,0.4058,0.0139,low,94.0,0,288.7,14.0,0,115.7,0.0,0.0,0.0,exclusion_candidates,0.2987,19.2,19.2,1
LS120_s09a_sc04,LS120,9,a,4,107,excluded,tissue_damaged,manually excluded: tissue too damaged to measure,LS120_s09b_sc06,1,0,,,,,,,,,,,,,,,,,
LS136_s01a_sc00,LS136,1,a,0,1,censored_out,,14.0% of pixels at the 16-bit ceiling (tolerance 1%),,0,0,,,,,,,0.0,0,76.3,0.140143,0.152971,0.140143,,,,,
LS136_s01a_sc01,LS136,1,a,1,2,excluded,out_of_focus,"no resolvable nuclear detail (focus 0.065, threshold 0.070)",LS136_s01b_sc00,1,0,,,,,,,,,,,,,reason_string,0.065,,,
LS136_s01a_sc02,LS136,1,a,2,3,excluded,tissue_damaged,manually excluded: tissue too damaged to measure,LS136_s01b_sc01,1,0,,,,,,,,,,,,,,,,,
LS136_s01a_sc03,LS136,1,a,3,4,censored_out,,15.1% of pixels at the 16-bit ceiling (tolerance 1%),,0,0,,,,,,,0.0,0,269.9,0.151351,0.133676,0.151351,,,,,
LS136_s01a_sc04,LS136,1,a,4,5,excluded,tissue_damaged,manually excluded: tissue too damaged to measure,LS136_s01b_sc04,1,0,,,,,,,,,,,,,,,,,
LS136_s01a_sc05,LS136,1,a,5,6,excluded,tissue_damaged,manually excluded: tissue too damaged to measure,LS136_s01b_sc03,1,0,,,,,,,,,,,,,,,,,
LS136_s01a_sc06,LS136,1,a,6,7,excluded,tissue_damaged,manually excluded: tissue too damaged to measure,LS136_s01b_sc07,1,0,,,,,,,,,,,,,,,,,
LS136_s01a_sc07,LS136,1,a,7,8,excluded,no_tissue,no tissue piece larger than 0.71 mm2 (threshold 2.5),LS136_s01b_sc09,1,0,,,,,,,,,,,,,reason_string,,0.71,,
LS136_s01a_sc08,LS136,1,a,8,9,censored_out,,13.4% of pixels at the 16-bit ceiling (tolerance 1%),LS136_s01b_sc12,1,1,0.6915,-0.045,high,154.0,0,264.7,356.0,0,262.0,0.134284,0.125176,0.134284,exclusion_candidates,0.2252,7.49,7.49,1
LS136_s01a_sc09,LS136,1,a,9,10,excluded,no_tissue,no tissue piece larger than 0.30 mm2 (threshold 2.5),LS136_s01b_sc11,1,0,,,,,,,,,,,,,reason_string,,0.3,,
LS136_s01a_sc10,LS136,1,a,10,11,censored_out,,16.1% of pixels at the 16-bit ceiling (tolerance 1%),LS136_s01b_sc13,1,1,0.6542,-0.0211,high,9.0,0,311.9,26.0,0,317.2,0.161318,0.175678,0.161318,exclusion_candidates,0.2056,5.02,5.02,1
LS136_s01a_sc11,LS136,1,a,11,12,censored_out,,13.9% of pixels at the 16-bit ceiling (tolerance 1%),LS136_s01b_sc14,1,1,0.8162,-0.1124,high,134.0,0,240.0,130.0,0,236.0,0.138802,0.114051,0.138802,exclusion_candidates,0.2652,9.09,9.09,1
LS136_s01a_sc12,LS136,1,a,12,13,censored_out,,15.5% of pixels at the 16-bit ceiling (tolerance 1%),,0,0,,,,,,,0.0,0,300.9,0.154745,0.172359,0.154745,,,,,
LS136_s01a_sc13,LS136,1,a,13,14,censored_out,,12.0% of pixels at the 16-bit ceiling (tolerance 1%),,0,0,,,,,,,0.0,0,282.5,0.120086,0.086805,0.120086,,,,,
LS136_s01a_sc14,LS136,1,a,14,15,censored_out,,18.2% of pixels at the 16-bit ceiling (tolerance 1%),,0,0,,,,,,,0.0,0,93.0,0.181603,0.185561,0.181603,,,,,
LS136_s01a_sc15,LS136,1,a,15,16,excluded,tissue_damaged,manually excluded: tissue too damaged to measure,LS136_s01b_sc18,1,0,,,,,,,,,,,,,,,,,
LS136_s02a_sc00,LS136,2,a,0,17,analysis_set,,,LS136_s02b_sc00,1,1,0.6966,-0.1174,high,136.0,0,244.7,125.0,0,239.1,0.0,0.0,0.0,exclusion_candidates,0.1069,6.36,6.36,1
LS136_s02a_sc01,LS136,2,a,1,18,analysis_set,,,LS136_s02b_sc01,1,1,0.3337,-0.0006,low,7.0,0,296.8,344.0,0,287.8,8.1e-05,9.5e-05,8.1e-05,exclusion_candidates,0.3288,5.32,5.32,1
LS136_s02a_sc02,LS136,2,a,2,19,analysis_set,,,,0,0,,,,,,,0.0,0,308.4,0.0,0.0,0.0,,,,,
LS136_s02a_sc03,LS136,2,a,3,20,analysis_set,,,LS136_s02b_sc04,1,1,0.7131,-0.1513,high,198.0,0,313.9,334.0,0,306.1,0.000567,0.000655,0.000567,exclusion_candidates,0.088,7.17,7.17,1
LS136_s02a_sc04,LS136,2,a,4,21,excluded,tissue_damaged,manually excluded: tissue too damaged to measure,LS136_s02b_sc05,1,0,,,,,,,,,,,,,,,,,
LS136_s02a_sc05,LS136,2,a,5,22,analysis_set,,,LS136_s02b_sc06,1,1,0.3909,0.0188,low,9.0,0,187.1,57.0,0,326.9,0.0,0.0,0.0,exclusion_candidates,0.2426,6.22,7.64,2
LS136_s02a_sc06,LS136,2,a,6,23,excluded,tissue_damaged,manually excluded: tissue too damaged to measure,LS136_s02b_sc07,1,0,,,,,,,,,,,,,,,,,
LS136_s02a_sc07,LS136,2,a,7,24,analysis_set,,,LS136_s02b_sc08,1,1,0.5804,-0.0957,high,322.0,0,133.7,16.0,0,132.0,0.0,0.0,0.0,exclusion_candidates,0.0938,3.93,7.46,3
LS136_s02a_sc08,LS136,2,a,8,25,analysis_set,,,LS136_s02b_sc10,1,1,0.6531,-0.0465,high,182.0,0,311.0,354.0,0,306.8,6.2e-05,7.8e-05,6.2e-05,exclusion_candidates,0.1126,6.02,6.02,1
LS136_s02a_sc09,LS136,2,a,9,26,excluded,tissue_damaged,manually excluded: tissue too damaged to measure,LS136_s02b_sc11,1,0,,,,,,,,,,,,,,,,,
LS136_s02a_sc10,LS136,2,a,10,27,analysis_set,,,LS136_s02b_sc12,1,1,0.7532,-0.1193,high,179.0,0,299.1,356.0,0,308.6,5.5e-05,6.7e-05,5.5e-05,exclusion_candidates,0.2375,5.97,6.99,2
LS136_s02a_sc11,LS136,2,a,11,28,excluded,tissue_damaged,manually excluded: tissue too damaged to measure,LS136_s02b_sc13,1,0,,,,,,,,,,,,,,,,,
LS136_s02a_sc12,LS136,2,a,12,29,analysis_set,,,LS136_s02b_sc14,1,1,0.5255,-0.0051,low,0.0,0,309.8,340.0,0,113.5,0.0,0.0,0.0,exclusion_candidates,0.2652,8.06,8.06,1
LS136_s02a_sc13,LS136,2,a,13,30,excluded,tissue_damaged,manually excluded: tissue too damaged to measure,LS136_s02b_sc15,1,0,,,,,,,,,,,,,,,,,
LS136_s02a_sc14,LS136,2,a,14,31,excluded,out_of_focus,"no resolvable nuclear detail (focus 0.037, threshold 0.070)",LS136_s02b_sc16,1,0,,,,,,,,,,,,,reason_string,0.037,,,
LS136_s03a_sc00,LS136,3,a,0,32,excluded,tissue_damaged,manually excluded: tissue too damaged to measure,LS136_s03b_sc00,1,0,,,,,,,,,,,,,,,,,
LS136_s03a_sc01,LS136,3,a,1,33,excluded,no_tissue,no tissue piece larger than 0.94 mm2 (threshold 2.5),LS136_s03b_sc01,1,0,,,,,,,,,,,,,reason_string,,0.94,,
LS136_s03a_sc02,LS136,3,a,2,34,excluded,tissue_damaged,manually excluded: tissue too damaged to measure,LS136_s03b_sc02,1,0,,,,,,,,,,,,,,,,,
LS136_s03a_sc03,LS136,3,a,3,35,analysis_set,,,LS136_s03b_sc03,1,1,0.8202,-0.0593,high,158.0,0,264.4,339.0,0,261.2,8.3e-05,9.3e-05,8.3e-05,exclusion_candidates,0.3279,16.85,16.85,1
LS136_s03a_sc04,LS136,3,a,4,36,analysis_set,,,LS136_s03b_sc04,1,1,0.706,-0.0616,high,357.0,0,298.3,4.0,0,299.4,0.000311,0.000355,0.000311,exclusion_candidates,0.1199,17.93,17.93,1
LS136_s03a_sc05,LS136,3,a,5,37,excluded,tissue_damaged,manually excluded: tissue too damaged to measure,LS136_s03b_sc05,1,0,,,,,,,,,,,,,,,,,
LS136_s03a_sc06,LS136,3,a,6,38,excluded,no_tissue,no tissue piece larger than 1.87 mm2 (threshold 2.5),LS136_s03b_sc06,1,0,,,,,,,,,,,,,reason_string,,1.87,,
LS136_s03a_sc07,LS136,3,a,7,39,excluded,tissue_damaged,manually excluded: tissue too damaged to measure,LS136_s03b_sc07,1,0,,,,,,,,,,,,,,,,,
LS136_s03a_sc08,LS136,3,a,8,40,excluded,tissue_damaged,manually excluded: tissue too damaged to measure,LS136_s03b_sc08,1,0,,,,,,,,,,,,,,,,,
LS136_s03a_sc09,LS136,3,a,9,41,excluded,tissue_damaged,manually excluded: tissue too damaged to measure,LS136_s03b_sc09,1,0,,,,,,,,,,,,,,,,,
LS136_s03a_sc10,LS136,3,a,10,42,excluded,no_tissue,no tissue piece larger than 0.80 mm2 (threshold 2.5),LS136_s03b_sc10,1,0,,,,,,,,,,,,,reason_string,,0.8,,
LS136_s03a_sc11,LS136,3,a,11,43,excluded,no_tissue,no tissue piece larger than 0.49 mm2 (threshold 2.5),LS136_s03b_sc11,1,0,,,,,,,,,,,,,reason_string,,0.49,,
LS136_s04a_sc00,LS136,4,a,0,44,excluded,tissue_damaged,manually excluded: tissue too damaged to measure,LS136_s04b_sc00,1,0,,,,,,,,,,,,,,,,,
LS136_s04a_sc01,LS136,4,a,1,45,analysis_set,,,LS136_s04b_sc01,1,1,0.638,0.0087,high,11.0,0,299.8,184.0,0,122.7,0.0,0.0,0.0,exclusion_candidates,0.162,41.45,41.45,1
LS136_s04a_sc02,LS136,4,a,2,46,analysis_set,,,LS136_s04b_sc02,1,1,0.814,-0.0193,high,187.0,0,301.8,14.0,0,294.8,0.0,0.0,0.0,exclusion_candidates,0.2813,23.57,23.57,1
LS136_s04a_sc03,LS136,4,a,3,47,analysis_set,,,LS136_s04b_sc03,1,1,0.5002,0.0228,low,7.0,0,303.2,356.0,0,305.8,0.0,0.0,0.0,exclusion_candidates,0.1345,24.01,24.01,1
LS136_s04a_sc04,LS136,4,a,4,48,excluded,tissue_damaged,manually excluded: tissue too damaged to measure,LS136_s04b_sc04,1,0,,,,,,,,,,,,,,,,,
LS136_s04a_sc05,LS136,4,a,5,49,analysis_set,,,LS136_s04b_sc06,1,1,0.5015,0.0053,low,172.0,0,270.3,12.0,0,132.6,0.0,0.0,0.0,exclusion_candidates,0.1206,30.66,30.66,1
LS136_s04a_sc06,LS136,4,a,6,50,excluded,out_of_focus,"no resolvable nuclear detail (focus 0.069, threshold 0.070)",LS136_s04b_sc07,1,0,,,,,,,,,,,,,reason_string,0.069,,,
LS136_s04a_sc07,LS136,4,a,7,51,analysis_set,,,LS136_s04b_sc08,1,1,0.8725,-0.0118,high,173.0,0,268.7,178.0,0,265.3,6.3e-05,7.1e-05,6.3e-05,exclusion_candidates,0.2404,29.93,29.93,1
LS136_s04a_sc08,LS136,4,a,8,52,analysis_set,,,LS136_s04b_sc09,1,1,0.662,-0.0444,high,180.0,0,281.8,123.0,0,287.8,9.5e-05,0.000108,9.5e-05,exclusion_candidates,0.3015,24.43,24.43,1
LS136_s04a_sc09,LS136,4,a,9,53,analysis_set,,,LS136_s04b_sc10,1,1,0.4975,-0.0395,low,181.0,0,287.3,204.0,0,285.9,8.4e-05,0.000104,8.4e-05,exclusion_candidates,0.2936,20.27,20.27,1
LS136_s04a_sc10,LS136,4,a,10,54,analysis_set,,,LS136_s04b_sc11,1,1,0.318,0.0029,low,184.0,0,306.8,53.0,0,301.2,3e-06,4e-06,3e-06,exclusion_candidates,0.2689,25.18,25.18,1
LS136_s04a_sc11,LS136,4,a,11,55,analysis_set,,,LS136_s04b_sc12,1,1,0.5554,-0.0202,high,177.0,0,288.1,205.0,0,254.3,0.0,0.0,0.0,exclusion_candidates,0.0865,23.59,26.6,2
LS136_s04a_sc12,LS136,4,a,12,56,excluded,no_tissue,"no tissue piece larger than 0.19 mm2 (threshold 2.5); no resolvable nuclear detail (focus 0.066, threshold 0.070)",LS136_s04b_sc13,1,0,,,,,,,,,,,,,reason_string,,0.19,,
LS136_s05a_sc00,LS136,5,a,0,57,censored_out,,9.4% of pixels at the 16-bit ceiling (tolerance 1%),LS136_s05b_sc00,1,1,0.8103,-0.2018,high,249.0,0,24.9,88.0,0,24.7,0.093597,0.102891,0.093597,exclusion_candidates,0.3531,28.12,28.12,1
LS136_s05a_sc01,LS136,5,a,1,58,censored_out,,11.4% of pixels at the 16-bit ceiling (tolerance 1%),LS136_s05b_sc01,1,1,0.5921,-0.0097,high,209.0,0,331.2,176.0,0,328.0,0.113615,0.139164,0.113615,exclusion_candidates,0.3636,28.9,28.9,1
LS136_s05a_sc02,LS136,5,a,2,59,censored_out,,13.2% of pixels at the 16-bit ceiling (tolerance 1%),LS136_s05b_sc02,1,1,0.5256,-0.035,low,3.0,0,271.8,167.0,0,278.7,0.132071,0.156413,0.132071,exclusion_candidates,0.2601,19.63,22.95,2
LS136_s05a_sc03,LS136,5,a,3,60,censored_out,,11.4% of pixels at the 16-bit ceiling (tolerance 1%),LS136_s05b_sc03,1,1,0.606,-0.0296,high,249.0,0,251.8,66.0,0,40.9,0.114486,0.118677,0.114486,exclusion_candidates,0.2442,24.29,24.29,1
LS136_s05a_sc04,LS136,5,a,4,61,censored_out,,10.2% of pixels at the 16-bit ceiling (tolerance 1%),LS136_s05b_sc04,1,1,0.578,0.0001,high,189.0,0,298.6,240.0,0,301.2,0.101745,0.101553,0.101745,exclusion_candidates,0.1358,32.14,32.14,1
LS136_s05a_sc05,LS136,5,a,5,62,censored_out,,10.1% of pixels at the 16-bit ceiling (tolerance 1%),LS136_s05b_sc05,1,1,0.576,-0.0075,high,98.0,0,119.7,198.0,0,123.2,0.100954,0.115054,0.100954,exclusion_candidates,0.1286,18.92,28.86,3
LS136_s05a_sc06,LS136,5,a,6,63,excluded,tissue_damaged,manually excluded: tissue too damaged to measure,LS136_s05b_sc06,1,0,,,,,,,,,,,,,,,,,
LS136_s05a_sc07,LS136,5,a,7,64,excluded,tissue_damaged,manually excluded: tissue too damaged to measure,LS136_s05b_sc07,1,0,,,,,,,,,,,,,,,,,
LS136_s05a_sc08,LS136,5,a,8,65,excluded,tissue_damaged,manually excluded: tissue too damaged to measure,LS136_s05b_sc08,1,0,,,,,,,,,,,,,,,,,
LS136_s05a_sc09,LS136,5,a,9,66,censored_out,,9.9% of pixels at the 16-bit ceiling (tolerance 1%),LS136_s05b_sc09,1,1,0.4676,0.0011,low,173.0,0,293.1,59.0,0,330.4,0.098744,0.109147,0.098744,exclusion_candidates,0.3356,28.31,31.73,2
LS136_s05a_sc10,LS136,5,a,10,67,censored_out,,10.6% of pixels at the 16-bit ceiling (tolerance 1%),,0,0,,,,,,,0.0,0,291.5,0.10558,0.110647,0.10558,,,,,
LS136_s05a_sc11,LS136,5,a,11,68,censored_out,,11.2% of pixels at the 16-bit ceiling (tolerance 1%),,0,0,,,,,,,0.0,0,24.2,0.112257,0.113127,0.112257,,,,,
LS136_s06a_sc00,LS136,6,a,0,69,analysis_set,,,LS136_s06b_sc00,1,1,0.8733,-0.071,high,67.0,0,18.7,254.0,0,22.6,0.0,0.0,0.0,exclusion_candidates,0.2929,48.91,48.91,1
LS136_s06a_sc01,LS136,6,a,1,70,excluded,tissue_damaged,manually excluded: tissue too damaged to measure,LS136_s06b_sc01,1,0,,,,,,,,,,,,,,,,,
LS136_s06a_sc02,LS136,6,a,2,71,excluded,tissue_damaged,manually excluded: tissue too damaged to measure,LS136_s06b_sc03,1,0,,,,,,,,,,,,,,,,,
LS136_s06a_sc03,LS136,6,a,3,72,analysis_set,,,,0,0,,,,,,,0.0,0,261.9,9.9e-05,0.000119,9.9e-05,,,,,
LS136_s06a_sc04,LS136,6,a,4,73,excluded,tissue_damaged,manually excluded: tissue too damaged to measure,LS136_s06b_sc04,1,0,,,,,,,,,,,,,,,,,
LS136_s06a_sc05,LS136,6,a,5,74,analysis_set,,,,0,0,,,,,,,0.0,0,34.6,0.0,0.0,0.0,,,,,
LS136_s06a_sc06,LS136,6,a,6,75,excluded,tissue_damaged,manually excluded: tissue too damaged to measure,LS136_s06b_sc06,1,0,,,,,,,,,,,,,,,,,
LS136_s06a_sc07,LS136,6,a,7,76,analysis_set,,,,0,0,,,,,,,0.0,0,352.2,9.8e-05,0.000116,9.8e-05,,,,,
LS136_s06a_sc08,LS136,6,a,8,77,excluded,no_tissue,"no tissue piece larger than 0.80 mm2 (threshold 2.5); no resolvable nuclear detail (focus 0.062, threshold 0.070)",LS136_s06b_sc08,1,0,,,,,,,,,,,,,reason_string,,0.8,,
LS136_s07a_sc00,LS136,7,a,0,78,analysis_set,,,LS136_s07b_sc00,1,1,0.4704,0.005,low,60.0,0,28.2,245.0,0,179.9,0.0,0.0,0.0,exclusion_candidates,0.0795,40.8,40.8,1
LS136_s07a_sc01,LS136,7,a,1,79,excluded,tissue_damaged,manually excluded: tissue too damaged to measure,LS136_s07b_sc02,1,0,,,,,,,,,,,,,,,,,
LS136_s07a_sc02,LS136,7,a,2,80,excluded,tissue_damaged,manually excluded: tissue too damaged to measure,LS136_s07b_sc03,1,0,,,,,,,,,,,,,,,,,
LS136_s07a_sc03,LS136,7,a,3,81,excluded,no_tissue,no tissue piece larger than 1.35 mm2 (threshold 2.5),LS136_s07b_sc04,1,0,,,,,,,,,,,,,reason_string,,1.35,,
LS136_s07a_sc04,LS136,7,a,4,82,excluded,tissue_damaged,manually excluded: tissue too damaged to measure,LS136_s07b_sc05,1,0,,,,,,,,,,,,,,,,,
LS136_s07a_sc05,LS136,7,a,5,83,excluded,tissue_damaged,manually excluded: tissue too damaged to measure,LS136_s07b_sc07,1,0,,,,,,,,,,,,,,,,,
LS136_s07a_sc06,LS136,7,a,6,84,excluded,tissue_damaged,manually excluded: tissue too damaged to measure,LS136_s07b_sc09,1,0,,,,,,,,,,,,,,,,,
LS136_s07a_sc07,LS136,7,a,7,85,excluded,tissue_damaged,manually excluded: tissue too damaged to measure,LS136_s07b_sc10,1,0,,,,,,,,,,,,,,,,,
LS136_s08a_sc00,LS136,8,a,0,86,excluded,tissue_damaged,manually excluded: tissue too damaged to measure,LS136_s08b_sc00,1,0,,,,,,,,,,,,,,,,,
LS136_s08a_sc01,LS136,8,a,1,87,excluded,tissue_damaged,manually excluded: tissue too damaged to measure,LS136_s08b_sc01,1,0,,,,,,,,,,,,,,,,,
LS136_s08a_sc02,LS136,8,a,2,88,excluded,tissue_damaged,manually excluded: tissue too damaged to measure,LS136_s08b_sc04,1,0,,,,,,,,,,,,,,,,,
LS136_s08a_sc03,LS136,8,a,3,89,excluded,tissue_damaged,manually excluded: tissue too damaged to measure,LS136_s08b_sc05,1,0,,,,,,,,,,,,,,,,,
LS136_s08a_sc04,LS136,8,a,4,90,excluded,tissue_damaged,manually excluded: tissue too damaged to measure,LS136_s08b_sc06,1,0,,,,,,,,,,,,,,,,,
LS136_s08a_sc05,LS136,8,a,5,91,excluded,tissue_damaged,manually excluded: tissue too damaged to measure,LS136_s08b_sc07,1,0,,,,,,,,,,,,,,,,,
LS136_s08a_sc06,LS136,8,a,6,92,excluded,tissue_damaged,manually excluded: tissue too damaged to measure,LS136_s08b_sc08,1,0,,,,,,,,,,,,,,,,,
LS136_s08a_sc07,LS136,8,a,7,93,analysis_set,,,LS136_s08b_sc09,1,1,0.7808,-0.0525,high,252.0,0,52.8,195.0,0,49.1,0.0,0.0,0.0,exclusion_candidates,0.0987,28.28,28.28,1
LS136_s08a_sc08,LS136,8,a,8,94,analysis_set,,,LS136_s08b_sc10,1,1,0.7295,0.0079,high,143.0,0,15.8,335.0,0,45.7,0.0,0.0,0.0,exclusion_candidates,0.1954,21.21,21.21,1
LS136_s08a_sc09,LS136,8,a,9,95,excluded,no_tissue,no tissue piece larger than 0.22 mm2 (threshold 2.5),LS136_s08b_sc11,1,0,,,,,,,,,,,,,reason_string,,0.22,,
LS136_s09a_sc00,LS136,9,a,0,96,censored_out,,10.0% of pixels at the 16-bit ceiling (tolerance 1%),LS136_s09b_sc00,1,1,0.9084,-0.02,high,276.0,0,301.0,267.0,0,303.3,0.100437,0.109226,0.100437,exclusion_candidates,0.2489,20.4,20.4,1
LS136_s09a_sc01,LS136,9,a,1,97,censored_out,,11.6% of pixels at the 16-bit ceiling (tolerance 1%),LS136_s09b_sc01,1,1,0.9079,-0.0246,high,298.0,0,331.1,113.0,0,331.2,0.115759,0.123901,0.115759,exclusion_candidates,0.1328,24.44,24.44,1
LS136_s09a_sc02,LS136,9,a,2,98,censored_out,,10.5% of pixels at the 16-bit ceiling (tolerance 1%),LS136_s09b_sc02,1,1,0.8838,-0.0324,high,317.0,0,358.6,146.0,0,6.7,0.10528,0.110844,0.10528,exclusion_candidates,0.2515,23.65,23.65,1
LS136_s09a_sc03,LS136,9,a,3,99,censored_out,,11.6% of pixels at the 16-bit ceiling (tolerance 1%),LS136_s09b_sc06,1,1,0.6554,-0.0752,high,306.0,0,348.8,321.0,0,348.3,0.115879,0.135045,0.115879,exclusion_candidates,0.2449,19.55,19.55,1
LS136_s09a_sc04,LS136,9,a,4,100,censored_out,,10.0% of pixels at the 16-bit ceiling (tolerance 1%),LS136_s09b_sc07,1,1,0.5868,-0.075,high,264.0,0,293.2,251.0,0,294.5,0.100019,0.116924,0.100019,exclusion_candidates,0.0916,17.27,17.27,1
LS136_s09a_sc05,LS136,9,a,5,101,censored_out,,12.9% of pixels at the 16-bit ceiling (tolerance 1%),LS136_s09b_sc08,1,1,0.6057,-0.0296,high,89.0,0,118.7,243.0,0,120.4,0.129267,0.164198,0.129267,exclusion_candidates,0.1154,18.86,18.86,1
LS138_s01a_sc00,LS138,1,a,0,1,analysis_set,,,LS138_s01b_sc01,1,1,0.7903,-0.2983,high,4.0,0,71.7,252.0,0,67.1,0.000333,0.000426,0.000333,exclusion_candidates,0.2682,2.99,5.75,2
LS138_s01a_sc01,LS138,1,a,1,2,analysis_set,,,LS138_s01b_sc02,1,1,0.9161,-0.3345,high,5.0,0,240.1,2.0,0,243.9,0.00056,0.000829,0.00056,exclusion_candidates,0.1132,3.21,6.15,2
LS138_s01a_sc02,LS138,1,a,2,3,analysis_set,,,LS138_s01b_sc03,1,1,0.8399,-0.2611,high,0.0,0,69.4,6.0,0,72.6,0.001348,0.001673,0.001348,exclusion_candidates,0.1001,3.99,6.77,2
LS138_s01a_sc03,LS138,1,a,3,4,excluded,tissue_damaged,manually excluded: tissue too damaged to measure,LS138_s01b_sc04,1,0,,,,,,,,,,,,,,,,,
LS138_s01a_sc04,LS138,1,a,4,5,excluded,no_tissue,no tissue piece larger than 0.19 mm2 (threshold 2.5),LS138_s01b_sc05,1,0,,,,,,,,,,,,,reason_string,,0.19,,
LS138_s01a_sc05,LS138,1,a,5,6,analysis_set,,,LS138_s01b_sc06,1,1,0.9308,-0.3412,high,143.0,0,210.1,151.0,0,206.9,0.0,0.0,0.0,exclusion_candidates,0.1051,5.75,10.14,2
LS138_s01a_sc06,LS138,1,a,6,7,analysis_set,,,LS138_s01b_sc07,1,1,0.8765,-0.3389,high,136.0,0,189.9,315.0,0,188.2,0.0,0.0,0.0,exclusion_candidates,0.2496,5.57,8.09,2
LS138_s01a_sc07,LS138,1,a,7,8,analysis_set,,,LS138_s01b_sc08,1,1,0.8575,-0.2896,high,138.0,0,199.4,322.0,0,202.2,0.0,0.0,0.0,exclusion_candidates,0.1062,5.6,9.66,2
LS138_s01a_sc08,LS138,1,a,8,9,analysis_set,,,LS138_s01b_sc09,1,1,0.8613,-0.3469,high,122.0,0,173.0,118.0,0,167.4,0.0,0.0,0.0,exclusion_candidates,0.287,5.68,10.37,3
LS138_s01a_sc09,LS138,1,a,9,10,analysis_set,,,LS138_s01b_sc10,1,1,0.8992,-0.3568,high,131.0,0,214.6,139.0,0,220.6,0.0,0.0,0.0,exclusion_candidates,0.0939,10.39,12.04,2
LS138_s01a_sc10,LS138,1,a,10,11,analysis_set,,,LS138_s01b_sc11,1,1,0.8643,-0.307,high,103.0,0,184.1,106.0,0,183.0,0.0,0.0,0.0,exclusion_candidates,0.0793,4.28,10.56,3
LS138_s02a_sc00,LS138,2,a,0,12,excluded,no_tissue,no tissue piece larger than 2.23 mm2 (threshold 2.5),LS138_s02b_sc00,1,0,,,,,,,,,,,,,reason_string,,2.23,,
LS138_s02a_sc01,LS138,2,a,1,13,censored_out,,12.4% of pixels at the 16-bit ceiling (tolerance 1%),LS138_s02b_sc01,1,1,0.749,-0.1332,high,144.0,0,300.1,120.0,0,301.1,0.124254,0.143416,0.124254,exclusion_candidates,0.1038,5.66,11.1,5
LS138_s02a_sc02,LS138,2,a,2,14,censored_out,,14.7% of pixels at the 16-bit ceiling (tolerance 1%),LS138_s02b_sc02,1,1,0.8209,-0.1559,high,92.0,0,176.5,48.0,0,177.5,0.147444,0.15749,0.147444,exclusion_candidates,0.0992,12.53,12.53,1
LS138_s02a_sc03,LS138,2,a,3,15,censored_out,,10.3% of pixels at the 16-bit ceiling (tolerance 1%),LS138_s02b_sc03,1,1,0.7939,-0.1383,high,89.0,0,162.1,332.0,0,160.4,0.102938,0.127358,0.102938,exclusion_candidates,0.2326,10.21,10.21,1
LS138_s02a_sc04,LS138,2,a,4,16,excluded,no_tissue,no tissue piece larger than 0.98 mm2 (threshold 2.5),LS138_s02b_sc04,1,0,,,,,,,,,,,,,reason_string,,0.98,,
LS138_s02a_sc05,LS138,2,a,5,17,excluded,no_tissue,no tissue piece larger than 1.43 mm2 (threshold 2.5),LS138_s02b_sc05,1,0,,,,,,,,,,,,,reason_string,,1.43,,
LS138_s02a_sc06,LS138,2,a,6,18,censored_out,,11.1% of pixels at the 16-bit ceiling (tolerance 1%),LS138_s02b_sc06,1,1,0.7592,-0.1486,high,41.0,0,9.3,230.0,0,6.1,0.111036,0.113896,0.111036,exclusion_candidates,0.1009,16.88,16.88,1
LS138_s02a_sc07,LS138,2,a,7,19,censored_out,,10.9% of pixels at the 16-bit ceiling (tolerance 1%),LS138_s02b_sc07,1,1,0.8478,-0.2086,high,12.0,0,313.5,342.0,0,316.8,0.109368,0.106212,0.109368,exclusion_candidates,0.3166,16.74,16.74,1
LS138_s02a_sc08,LS138,2,a,8,20,censored_out,,9.9% of pixels at the 16-bit ceiling (tolerance 1%),LS138_s02b_sc08,1,1,0.9115,-0.2284,high,184.0,0,325.4,182.0,0,329.5,0.099079,0.089704,0.099079,exclusion_candidates,0.1082,16.02,16.02,1
LS138_s02a_sc09,LS138,2,a,9,21,excluded,out_of_focus,"no resolvable nuclear detail (focus 0.051, threshold 0.070)",LS138_s02b_sc09,1,0,,,,,,,,,,,,,reason_string,0.051,,,
LS138_s02a_sc10,LS138,2,a,10,22,censored_out,,11.4% of pixels at the 16-bit ceiling (tolerance 1%),,0,0,,,,,,,0.0,0,149.3,0.11398,0.118422,0.11398,,,,,
LS138_s02a_sc11,LS138,2,a,11,23,excluded,no_tissue,no tissue piece larger than 0.30 mm2 (threshold 2.5),LS138_s02b_sc10,1,0,,,,,,,,,,,,,reason_string,,0.3,,
LS138_s03a_sc00,LS138,3,a,0,24,excluded,no_tissue,no tissue piece larger than 1.93 mm2 (threshold 2.5),LS138_s03b_sc00,1,0,,,,,,,,,,,,,reason_string,,1.93,,
LS138_s03a_sc01,LS138,3,a,1,25,censored_out,,11.1% of pixels at the 16-bit ceiling (tolerance 1%),LS138_s03b_sc01,1,1,0.7774,-0.1378,high,359.0,0,321.1,166.0,0,323.8,0.111029,0.125874,0.111029,exclusion_candidates,0.2865,8.37,9.7,2
LS138_s03a_sc02,LS138,3,a,2,26,excluded,tissue_damaged,manually excluded: tissue too damaged to measure,LS138_s03b_sc02,1,0,,,,,,,,,,,,,,,,,
LS138_s03a_sc03,LS138,3,a,3,27,excluded,no_tissue,no tissue piece larger than 0.71 mm2 (threshold 2.5),LS138_s03b_sc03,1,0,,,,,,,,,,,,,reason_string,,0.71,,
LS138_s03a_sc04,LS138,3,a,4,28,censored_out,,11.5% of pixels at the 16-bit ceiling (tolerance 1%),LS138_s03b_sc04,1,1,0.6195,-0.0612,high,231.0,0,37.6,238.0,0,42.5,0.114541,0.121649,0.114541,exclusion_candidates,0.2969,5.53,9.91,2
LS138_s03a_sc05,LS138,3,a,5,29,censored_out,,10.4% of pixels at the 16-bit ceiling (tolerance 1%),LS138_s03b_sc05,1,1,0.6661,-0.1242,high,129.0,0,247.4,277.0,0,248.6,0.104277,0.115858,0.104277,exclusion_candidates,0.1078,11.96,13.9,2
LS138_s03a_sc06,LS138,3,a,6,30,excluded,tissue_damaged,manually excluded: tissue too damaged to measure,LS138_s03b_sc06,1,0,,,,,,,,,,,,,,,,,
LS138_s03a_sc07,LS138,3,a,7,31,censored_out,,11.8% of pixels at the 16-bit ceiling (tolerance 1%),LS138_s03b_sc07,1,1,0.8476,-0.3198,high,51.0,0,51.7,50.0,0,48.9,0.117571,0.127166,0.117571,exclusion_candidates,0.097,13.17,13.17,1
LS138_s03a_sc08,LS138,3,a,8,32,censored_out,,10.0% of pixels at the 16-bit ceiling (tolerance 1%),LS138_s03b_sc08,1,1,0.68,-0.1653,high,71.0,0,69.4,276.0,0,69.5,0.100433,0.106821,0.100433,exclusion_candidates,0.2586,9.52,10.8,2
LS138_s03a_sc09,LS138,3,a,9,33,excluded,tissue_damaged,manually excluded: tissue too damaged to measure,LS138_s03b_sc09,1,0,,,,,,,,,,,,,,,,,
LS138_s03a_sc10,LS138,3,a,10,34,excluded,tissue_damaged,manually excluded: tissue too damaged to measure,LS138_s03b_sc10,1,0,,,,,,,,,,,,,,,,,
LS138_s03a_sc11,LS138,3,a,11,35,excluded,tissue_damaged,manually excluded: tissue too damaged to measure,LS138_s03b_sc11,1,0,,,,,,,,,,,,,,,,,
LS138_s04a_sc00,LS138,4,a,0,36,censored_out,,10.6% of pixels at the 16-bit ceiling (tolerance 1%),LS138_s04b_sc00,1,1,0.7607,-0.1852,high,6.0,0,305.9,170.0,0,304.2,0.105625,0.111063,0.105625,exclusion_candidates,0.3828,18.88,18.88,1
LS138_s04a_sc01,LS138,4,a,1,37,censored_out,,11.2% of pixels at the 16-bit ceiling (tolerance 1%),LS138_s04b_sc01,1,1,0.6857,-0.0237,high,358.0,0,327.4,165.0,0,315.6,0.111832,0.120632,0.111832,exclusion_candidates,0.1268,18.11,18.11,1
LS138_s04a_sc02,LS138,4,a,2,38,censored_out,,9.8% of pixels at the 16-bit ceiling (tolerance 1%),LS138_s04b_sc02,1,1,0.8163,-0.0916,high,3.0,0,316.7,196.0,0,321.0,0.098112,0.120792,0.098112,exclusion_candidates,0.1252,22.2,22.2,1
LS138_s04a_sc03,LS138,4,a,3,39,censored_out,,10.0% of pixels at the 16-bit ceiling (tolerance 1%),LS138_s04b_sc03,1,1,0.9347,-0.1493,high,1.0,0,310.2,180.0,0,314.0,0.100467,0.1199,0.100467,exclusion_candidates,0.1312,22.24,22.24,1
LS138_s04a_sc04,LS138,4,a,4,40,censored_out,,9.2% of pixels at the 16-bit ceiling (tolerance 1%),LS138_s04b_sc04,1,1,0.7488,-0.0342,high,176.0,0,307.1,168.0,0,305.1,0.091562,0.117134,0.091562,exclusion_candidates,0.123,23.32,23.32,1
LS138_s04a_sc05,LS138,4,a,5,41,censored_out,,10.6% of pixels at the 16-bit ceiling (tolerance 1%),LS138_s04b_sc05,1,1,0.8824,-0.0268,high,358.0,0,319.0,191.0,0,321.2,0.10613,0.133435,0.10613,exclusion_candidates,0.1275,24.14,24.14,1
LS138_s04a_sc06,LS138,4,a,6,42,censored_out,,10.2% of pixels at the 16-bit ceiling (tolerance 1%),LS138_s04b_sc06,1,1,0.8166,0.0115,high,171.0,0,304.8,169.0,0,302.5,0.102055,0.109794,0.102055,exclusion_candidates,0.1029,28.57,28.57,1
LS138_s04a_sc07,LS138,4,a,7,43,censored_out,,11.0% of pixels at the 16-bit ceiling (tolerance 1%),LS138_s04b_sc07,1,1,0.8865,-0.0205,high,357.0,0,307.4,177.0,0,311.5,0.109861,0.110278,0.109861,exclusion_candidates,0.2874,27.34,27.34,1
LS138_s05a_sc00,LS138,5,a,0,44,censored_out,,11.0% of pixels at the 16-bit ceiling (tolerance 1%),LS138_s05b_sc00,1,1,0.8135,-0.0494,high,284.0,0,86.1,308.0,0,88.1,0.110231,0.120944,0.110231,exclusion_candidates,0.2764,43.38,43.38,1
LS138_s05a_sc01,LS138,5,a,1,45,excluded,tissue_damaged,manually excluded: tissue too damaged to measure,LS138_s05b_sc01,1,0,,,,,,,,,,,,,,,,,
LS138_s05a_sc02,LS138,5,a,2,46,censored_out,,9.9% of pixels at the 16-bit ceiling (tolerance 1%),LS138_s05b_sc02,1,1,0.8496,-0.0116,high,9.0,0,325.7,183.0,0,324.0,0.099186,0.12,0.099186,exclusion_candidates,0.173,38.85,38.85,1
LS138_s05a_sc03,LS138,5,a,3,47,censored_out,,10.4% of pixels at the 16-bit ceiling (tolerance 1%),LS138_s05b_sc03,1,1,0.7858,0.0132,high,359.0,0,309.7,192.0,0,350.0,0.104021,0.124732,0.104021,exclusion_candidates,0.2837,33.87,33.87,1
LS138_s05a_sc04,LS138,5,a,4,48,censored_out,,8.7% of pixels at the 16-bit ceiling (tolerance 1%),LS138_s05b_sc04,1,1,0.5939,-0.0055,high,179.0,0,305.9,185.0,0,309.4,0.087456,0.083299,0.087456,exclusion_candidates,0.089,25.78,25.78,1
LS138_s05a_sc05,LS138,5,a,5,49,censored_out,,9.0% of pixels at the 16-bit ceiling (tolerance 1%),LS138_s05b_sc05,1,1,0.8135,-0.021,high,192.0,0,329.8,21.0,0,328.2,0.089757,0.103305,0.089757,exclusion_candidates,0.1158,37.9,37.9,1
LS138_s05a_sc06,LS138,5,a,6,50,excluded,out_of_focus,"no resolvable nuclear detail (focus 0.068, threshold 0.070)",LS138_s05b_sc06,1,0,,,,,,,,,,,,,reason_string,0.068,,,
LS138_s05a_sc07,LS138,5,a,7,51,excluded,tissue_damaged,manually excluded: tissue too damaged to measure,LS138_s05b_sc07,1,0,,,,,,,,,,,,,,,,,
LS138_s05a_sc08,LS138,5,a,8,52,excluded,out_of_focus,"no resolvable nuclear detail (focus 0.036, threshold 0.070)",LS138_s05b_sc08,1,0,,,,,,,,,,,,,reason_string,0.036,,,
LS138_s05a_sc09,LS138,5,a,9,53,excluded,out_of_focus,"no resolvable nuclear detail (focus 0.052, threshold 0.070)",LS138_s05b_sc09,1,0,,,,,,,,,,,,,reason_string,0.052,,,
LS138_s06a_sc00,LS138,6,a,0,54,censored_out,,9.8% of pixels at the 16-bit ceiling (tolerance 1%),LS138_s06b_sc00,1,1,0.9773,-0.0836,high,197.0,0,308.4,184.0,0,311.1,0.097807,0.105006,0.097807,exclusion_candidates,0.1122,41.34,41.34,1
LS138_s06a_sc01,LS138,6,a,1,55,excluded,tissue_damaged,manually excluded: tissue too damaged to measure,LS138_s06b_sc01,1,0,,,,,,,,,,,,,,,,,
LS138_s06a_sc02,LS138,6,a,2,56,censored_out,,10.7% of pixels at the 16-bit ceiling (tolerance 1%),LS138_s06b_sc02,1,1,0.6518,-0.0161,high,207.0,0,344.1,35.0,0,295.8,0.106773,0.088796,0.106773,exclusion_candidates,0.3619,43.56,43.56,1
LS138_s06a_sc03,LS138,6,a,3,57,censored_out,,11.0% of pixels at the 16-bit ceiling (tolerance 1%),LS138_s06b_sc03,1,1,0.68,0.0221,high,355.0,0,301.6,324.0,0,130.7,0.110192,0.102013,0.110192,exclusion_candidates,0.3137,42.18,42.18,1
LS138_s06a_sc04,LS138,6,a,4,58,censored_out,,10.3% of pixels at the 16-bit ceiling (tolerance 1%),LS138_s06b_sc04,1,1,0.9622,-0.0884,high,8.0,0,308.6,185.0,0,309.7,0.103457,0.092112,0.103457,exclusion_candidates,0.278,47.0,47.0,1
LS138_s06a_sc05,LS138,6,a,5,59,censored_out,,9.9% of pixels at the 16-bit ceiling (tolerance 1%),LS138_s06b_sc05,1,1,0.8253,0.017,high,8.0,0,311.0,211.0,0,358.6,0.098713,0.091364,0.098713,exclusion_candidates,0.2217,49.27,49.27,1
LS138_s06a_sc06,LS138,6,a,6,60,censored_out,,9.2% of pixels at the 16-bit ceiling (tolerance 1%),LS138_s06b_sc06,1,1,0.7969,-0.013,high,349.0,0,274.0,322.0,0,281.1,0.091691,0.073653,0.091691,exclusion_candidates,0.109,36.36,36.36,1
LS138_s06a_sc07,LS138,6,a,7,61,censored_out,,9.8% of pixels at the 16-bit ceiling (tolerance 1%),LS138_s06b_sc07,1,1,0.7737,-0.0067,high,353.0,0,290.5,123.0,0,287.8,0.097656,0.100676,0.097656,exclusion_candidates,0.2514,13.38,23.87,3
LS138_s06a_sc08,LS138,6,a,8,62,censored_out,,8.6% of pixels at the 16-bit ceiling (tolerance 1%),LS138_s06b_sc08,1,1,0.3279,-0.0013,low,0.0,0,288.2,204.0,0,135.9,0.086422,0.083672,0.086422,exclusion_candidates,0.0906,54.41,54.41,1
LS138_s06a_sc09,LS138,6,a,9,63,excluded,tissue_damaged,manually excluded: tissue too damaged to measure,LS138_s06b_sc09,1,0,,,,,,,,,,,,,,,,,
LS138_s07a_sc00,LS138,7,a,0,64,analysis_set,,,LS138_s07b_sc00,1,1,0.9537,-0.0229,high,358.0,0,326.0,5.0,0,326.1,0.0,0.0,0.0,exclusion_candidates,0.107,64.88,64.88,1
LS138_s07a_sc01,LS138,7,a,1,65,excluded,tissue_damaged,manually excluded: tissue too damaged to measure,LS138_s07b_sc01,1,0,,,,,,,,,,,,,,,,,
LS138_s07a_sc02,LS138,7,a,2,66,analysis_set,,,LS138_s07b_sc02,1,1,0.9785,-0.0548,high,187.0,0,313.9,357.0,0,313.5,3.1e-05,3.5e-05,3.1e-05,exclusion_candidates,0.3006,46.11,46.11,1
LS138_s07a_sc03,LS138,7,a,3,67,analysis_set,,,LS138_s07b_sc03,1,1,0.6113,-0.0029,high,180.0,0,295.6,100.0,0,301.1,0.0,0.0,0.0,exclusion_candidates,0.3094,40.47,40.47,1
LS138_s07a_sc04,LS138,7,a,4,68,analysis_set,,,LS138_s07b_sc04,1,1,0.4984,-0.0004,low,9.0,0,339.4,123.0,0,147.9,0.001628,0.001888,0.001628,exclusion_candidates,0.1327,40.35,40.35,1
LS138_s07a_sc05,LS138,7,a,5,69,analysis_set,,,LS138_s07b_sc05,1,1,0.6118,0.0115,high,182.0,0,304.4,25.0,0,191.2,0.0,0.0,0.0,exclusion_candidates,0.25,38.38,38.38,1
LS138_s07a_sc06,LS138,7,a,6,70,analysis_set,,,LS138_s07b_sc06,1,1,0.7234,0.0042,high,172.0,0,290.7,355.0,0,63.9,2.7e-05,3.2e-05,2.7e-05,exclusion_candidates,0.2795,45.97,45.97,1
LS138_s07a_sc07,LS138,7,a,7,71,analysis_set,,,LS138_s07b_sc07,1,1,0.7649,-0.0,high,1.0,0,311.8,355.0,0,122.6,9.7e-05,0.000111,9.7e-05,exclusion_candidates,0.3307,41.51,41.51,1
LS138_s07a_sc08,LS138,7,a,8,72,excluded,tissue_damaged,manually excluded: tissue too damaged to measure,LS138_s07b_sc08,1,0,,,,,,,,,,,,,,,,,
LS138_s07a_sc09,LS138,7,a,9,73,excluded,tissue_damaged,manually excluded: tissue too damaged to measure,LS138_s07b_sc09,1,0,,,,,,,,,,,,,,,,,
LS138_s08a_sc00,LS138,8,a,0,74,excluded,tissue_damaged,manually excluded: tissue too damaged to measure,LS138_s08b_sc00,1,0,,,,,,,,,,,,,,,,,
LS138_s08a_sc01,LS138,8,a,1,75,excluded,tissue_damaged,manually excluded: tissue too damaged to measure,LS138_s08b_sc01,1,0,,,,,,,,,,,,,,,,,
LS138_s08a_sc02,LS138,8,a,2,76,excluded,out_of_focus,"no resolvable nuclear detail (focus 0.061, threshold 0.070)",LS138_s08b_sc02,1,0,,,,,,,,,,,,,reason_string,0.061,,,
LS138_s08a_sc03,LS138,8,a,3,77,excluded,tissue_damaged,manually excluded: tissue too damaged to measure,LS138_s08b_sc03,1,0,,,,,,,,,,,,,,,,,
LS138_s08a_sc04,LS138,8,a,4,78,censored_out,,10.3% of pixels at the 16-bit ceiling (tolerance 1%),LS138_s08b_sc04,1,1,0.8686,-0.0307,high,23.0,0,355.2,219.0,0,353.4,0.103017,0.103882,0.103017,exclusion_candidates,0.1449,35.61,35.61,1
LS138_s08a_sc05,LS138,8,a,5,79,censored_out,,9.2% of pixels at the 16-bit ceiling (tolerance 1%),LS138_s08b_sc05,1,1,0.8054,0.0027,high,17.0,0,338.5,16.0,0,144.3,0.092285,0.113511,0.092285,exclusion_candidates,0.3172,27.79,27.79,1
LS138_s08a_sc06,LS138,8,a,6,80,excluded,tissue_damaged,manually excluded: tissue too damaged to measure,LS138_s08b_sc06,1,0,,,,,,,,,,,,,,,,,
LS138_s08a_sc07,LS138,8,a,7,81,excluded,tissue_damaged,manually excluded: tissue too damaged to measure,LS138_s08b_sc07,1,0,,,,,,,,,,,,,,,,,
LS138_s08a_sc08,LS138,8,a,8,82,excluded,tissue_damaged,manually excluded: tissue too damaged to measure,LS138_s08b_sc08,1,0,,,,,,,,,,,,,,,,,
LS138_s08a_sc09,LS138,8,a,9,83,excluded,tissue_damaged,manually excluded: tissue too damaged to measure,LS138_s08b_sc09,1,0,,,,,,,,,,,,,,,,,
LS138_s08a_sc10,LS138,8,a,10,84,excluded,tissue_damaged,manually excluded: tissue too damaged to measure,LS138_s08b_sc10,1,0,,,,,,,,,,,,,,,,,
LS138_s09a_sc00,LS138,9,a,0,85,excluded,tissue_damaged,manually excluded: tissue too damaged to measure,LS138_s09b_sc00,1,0,,,,,,,,,,,,,,,,,
LS138_s09a_sc01,LS138,9,a,1,86,excluded,tissue_damaged,manually excluded: tissue too damaged to measure,LS138_s09b_sc01,1,0,,,,,,,,,,,,,,,,,
LS138_s09a_sc02,LS138,9,a,2,87,excluded,tissue_damaged,manually excluded: tissue too damaged to measure,LS138_s09b_sc02,1,0,,,,,,,,,,,,,,,,,
LS138_s09a_sc03,LS138,9,a,3,88,excluded,tissue_damaged,manually excluded: tissue too damaged to measure,LS138_s09b_sc03,1,0,,,,,,,,,,,,,,,,,
LS138_s09a_sc04,LS138,9,a,4,89,excluded,tissue_damaged,manually excluded: tissue too damaged to measure,LS138_s09b_sc04,1,0,,,,,,,,,,,,,,,,,
LS138_s09a_sc05,LS138,9,a,5,90,excluded,tissue_damaged,manually excluded: tissue too damaged to measure,LS138_s09b_sc05,1,0,,,,,,,,,,,,,,,,,
LS138_s09a_sc06,LS138,9,a,6,91,excluded,tissue_damaged,manually excluded: tissue too damaged to measure,LS138_s09b_sc06,1,0,,,,,,,,,,,,,,,,,
LS138_s09a_sc07,LS138,9,a,7,92,censored_out,,12.6% of pixels at the 16-bit ceiling (tolerance 1%),,0,0,,,,,,,0.0,0,292.1,0.126195,0.141065,0.126195,,,,,
LS138_s09a_sc08,LS138,9,a,8,93,censored_out,,9.7% of pixels at the 16-bit ceiling (tolerance 1%),,0,0,,,,,,,0.0,0,235.4,0.097024,0.121394,0.097024,,,,,
LS138_s09a_sc09,LS138,9,a,9,94,excluded,tissue_damaged,manually excluded: tissue too damaged to measure,LS138_s09b_sc08,1,0,,,,,,,,,,,,,,,,,
LS22_s01a_sc00,LS22,1,a,0,1,analysis_set,,,,0,0,,,,,,,0.0,0,87.1,3e-06,3e-06,3e-06,,,,,
LS22_s01a_sc01,LS22,1,a,1,2,analysis_set,,,LS22_s01b_sc00,1,1,0.7837,-0.0704,high,332.0,0,248.7,342.0,0,246.1,0.0,0.0,0.0,exclusion_candidates,0.3708,6.81,6.81,1
LS22_s01a_sc02,LS22,1,a,2,3,analysis_set,,,LS22_s01b_sc01,1,1,0.843,-0.117,high,342.0,0,73.7,160.0,0,76.7,0.000765,0.000942,0.000765,exclusion_candidates,0.4218,7.72,7.72,1
LS22_s01a_sc03,LS22,1,a,3,4,analysis_set,,,LS22_s01b_sc02,1,1,0.9208,-0.188,high,250.0,0,329.1,69.0,0,332.4,0.0,0.0,0.0,exclusion_candidates,0.3368,5.92,6.67,2
LS22_s01a_sc04,LS22,1,a,4,5,excluded,out_of_focus,"no resolvable nuclear detail (focus 0.040, threshold 0.070)",LS22_s01b_sc03,1,0,,,,,,,,,,,,,reason_string,0.04,,,
LS22_s01a_sc05,LS22,1,a,5,6,analysis_set,,,LS22_s01b_sc04,1,1,0.8742,-0.1619,high,301.0,0,214.1,132.0,0,213.2,0.002201,0.002632,0.002201,exclusion_candidates,0.3343,3.39,6.04,3
LS22_s01a_sc06,LS22,1,a,6,7,analysis_set,,,LS22_s01b_sc05,1,1,0.935,-0.2131,high,13.0,0,298.2,180.0,0,303.8,0.0,0.0,0.0,exclusion_candidates,0.3649,9.05,9.05,1
LS22_s01a_sc07,LS22,1,a,7,8,excluded,tissue_damaged,manually excluded: tissue too damaged to measure,LS22_s01b_sc06,1,0,,,,,,,,,,,,,,,,,
LS22_s01a_sc08,LS22,1,a,8,9,analysis_set,,,LS22_s01b_sc07,1,1,0.9085,-0.1538,high,94.0,0,186.8,73.0,0,193.1,0.0,0.0,0.0,exclusion_candidates,0.2319,8.0,8.0,1
LS22_s01a_sc09,LS22,1,a,9,10,analysis_set,,,LS22_s01b_sc09,1,1,0.6108,-0.0409,high,161.0,0,256.4,164.0,0,257.7,0.0,0.0,0.0,exclusion_candidates,0.3782,6.81,6.81,1
LS22_s01a_sc10,LS22,1,a,10,11,analysis_set,,,LS22_s01b_sc08,1,1,0.9276,-0.1464,high,11.0,0,314.0,192.0,0,313.5,0.000595,0.000636,0.000595,exclusion_candidates,0.1144,10.21,10.21,1
LS22_s01a_sc11,LS22,1,a,11,12,excluded,no_tissue,"no tissue piece larger than 1.93 mm2 (threshold 2.5); no resolvable nuclear detail (focus 0.067, threshold 0.070)",LS22_s01b_sc10,1,0,,,,,,,,,,,,,reason_string,,1.93,,
LS22_s01a_sc12,LS22,1,a,12,13,analysis_set,,,LS22_s01b_sc11,1,1,0.4094,-0.0024,low,108.0,0,124.1,235.0,0,354.7,0.000478,0.000572,0.000478,exclusion_candidates,0.0947,6.96,13.64,3
LS22_s01a_sc13,LS22,1,a,13,14,excluded,tissue_damaged,manually excluded: tissue too damaged to measure,LS22_s01b_sc12,1,0,,,,,,,,,,,,,,,,,
LS22_s02a_sc00,LS22,2,a,0,15,analysis_set,,,LS22_s02b_sc00,1,1,0.6701,-0.0354,high,253.0,0,57.8,258.0,0,169.5,5.8e-05,6.9e-05,5.8e-05,exclusion_candidates,0.1239,19.12,19.12,1
LS22_s02a_sc01,LS22,2,a,1,16,analysis_set,,,LS22_s02b_sc01,1,1,0.4514,0.0001,low,218.0,0,120.0,255.0,0,222.0,0.0,0.0,0.0,exclusion_candidates,0.1074,27.78,27.78,1
LS22_s02a_sc02,LS22,2,a,2,17,analysis_set,,,LS22_s02b_sc02,1,1,0.8888,-0.067,high,56.0,0,16.8,53.0,0,13.9,0.000117,0.000154,0.000117,exclusion_candidates,0.126,11.57,11.57,1
LS22_s02a_sc03,LS22,2,a,3,18,analysis_set,,,LS22_s02b_sc03,1,1,0.825,-0.0393,high,60.0,0,153.7,177.0,0,159.4,0.0,0.0,0.0,exclusion_candidates,0.3379,12.33,12.33,1
LS22_s02a_sc04,LS22,2,a,4,19,analysis_set,,,LS22_s02b_sc04,1,1,0.6682,-0.002,high,3.0,0,320.8,19.0,0,185.1,1.9e-05,2.9e-05,1.9e-05,exclusion_candidates,0.4529,5.11,6.71,2
LS22_s02a_sc05,LS22,2,a,5,20,analysis_set,,,LS22_s02b_sc05,1,1,0.9271,-0.0926,high,53.0,0,29.5,44.0,0,31.7,0.0,0.0,0.0,exclusion_candidates,0.1422,11.34,11.34,1
LS22_s02a_sc06,LS22,2,a,6,21,excluded,tissue_damaged,manually excluded: tissue too damaged to measure,LS22_s02b_sc06,1,0,,,,,,,,,,,,,,,,,
LS22_s02a_sc07,LS22,2,a,7,22,analysis_set,,,LS22_s02b_sc07,1,1,0.753,-0.0205,high,327.0,0,154.1,182.0,0,152.2,0.000489,0.000688,0.000489,exclusion_candidates,0.3712,12.9,12.9,1
LS22_s02a_sc08,LS22,2,a,8,23,analysis_set,,,LS22_s02b_sc08,1,1,0.86,-0.1175,high,176.0,0,172.7,187.0,0,182.6,0.000618,0.00085,0.000618,exclusion_candidates,0.1307,11.43,11.43,1
LS22_s02a_sc09,LS22,2,a,9,24,analysis_set,,,LS22_s02b_sc09,1,1,0.7447,-0.0211,high,128.0,0,132.7,147.0,0,131.2,0.000412,0.00048,0.000412,exclusion_candidates,0.4795,12.59,12.59,1
LS22_s02a_sc10,LS22,2,a,10,25,analysis_set,,,LS22_s02b_sc10,1,1,0.8899,-0.1623,high,171.0,0,173.6,179.0,0,184.1,0.00013,0.000171,0.00013,exclusion_candidates,0.1183,13.12,13.12,1
LS22_s02a_sc11,LS22,2,a,11,26,analysis_set,,,LS22_s02b_sc11,1,1,0.8313,-0.1318,high,222.0,0,244.9,245.0,0,248.7,0.000433,0.000507,0.000433,exclusion_candidates,0.3816,8.87,10.05,2
LS22_s03a_sc00,LS22,3,a,0,27,analysis_set,,,LS22_s03b_sc00,1,1,0.7798,-0.1681,high,189.0,0,214.0,19.0,0,214.2,0.000135,0.000168,0.000135,exclusion_candidates,0.1244,11.29,11.29,1
LS22_s03a_sc01,LS22,3,a,1,28,excluded,tissue_damaged,manually excluded: tissue too damaged to measure,LS22_s03b_sc01,1,0,,,,,,,,,,,,,,,,,
LS22_s03a_sc02,LS22,3,a,2,29,excluded,no_tissue,"no tissue piece larger than 1.49 mm2 (threshold 2.5); no resolvable nuclear detail (focus 0.046, threshold 0.070)",LS22_s03b_sc02,1,0,,,,,,,,,,,,,reason_string,,1.49,,
LS22_s03a_sc03,LS22,3,a,3,30,excluded,tissue_damaged,manually excluded: tissue too damaged to measure,LS22_s03b_sc03,1,0,,,,,,,,,,,,,,,,,
LS22_s03a_sc04,LS22,3,a,4,31,excluded,tissue_damaged,manually excluded: tissue too damaged to measure,LS22_s03b_sc04,1,0,,,,,,,,,,,,,,,,,
LS22_s03a_sc05,LS22,3,a,5,32,excluded,tissue_damaged,manually excluded: tissue too damaged to measure,LS22_s03b_sc05,1,0,,,,,,,,,,,,,,,,,
LS22_s03a_sc06,LS22,3,a,6,33,analysis_set,,,LS22_s03b_sc06,1,1,0.7342,-0.033,high,116.0,0,91.3,80.0,0,89.9,1e-06,1e-06,1e-06,exclusion_candidates,0.1491,24.01,24.01,1
LS22_s03a_sc07,LS22,3,a,7,34,analysis_set,,,LS22_s03b_sc07,1,1,0.8669,-0.1409,high,228.0,0,4.8,167.0,0,359.7,0.000138,0.000176,0.000138,exclusion_candidates,0.1307,21.86,21.86,1
LS22_s03a_sc08,LS22,3,a,8,35,analysis_set,,,LS22_s03b_sc08,1,1,0.8307,-0.1312,high,78.0,0,55.2,233.0,0,56.4,0.000128,0.00015,0.000128,exclusion_candidates,0.2383,20.73,20.73,1
LS22_s03a_sc09,LS22,3,a,9,36,excluded,tissue_damaged,manually excluded: tissue too damaged to measure,LS22_s03b_sc09,1,0,,,,,,,,,,,,,,,,,
LS22_s04a_sc00,LS22,4,a,0,37,analysis_set,,,LS22_s04b_sc00,1,1,0.7384,0.0014,high,0.0,0,300.4,136.0,0,99.4,0.0,0.0,0.0,exclusion_candidates,0.1125,48.49,48.49,1
LS22_s04a_sc01,LS22,4,a,1,38,analysis_set,,,LS22_s04b_sc01,1,1,0.7772,-0.0645,high,356.0,0,307.3,326.0,0,115.2,0.0,0.0,0.0,exclusion_candidates,0.1619,49.39,49.39,1
LS22_s04a_sc02,LS22,4,a,2,39,analysis_set,,,LS22_s04b_sc02,1,1,0.8705,-0.0694,high,4.0,0,313.4,4.0,0,312.5,9.9e-05,0.000202,9.9e-05,exclusion_candidates,0.292,29.42,29.42,1
LS22_s04a_sc03,LS22,4,a,3,40,analysis_set,,,LS22_s04b_sc03,1,1,0.9093,-0.0647,high,181.0,0,300.7,354.0,0,297.8,0.0,0.0,0.0,exclusion_candidates,0.2839,29.31,29.31,1
LS22_s04a_sc04,LS22,4,a,4,41,excluded,tissue_damaged,manually excluded: tissue too damaged to measure,LS22_s04b_sc04,1,0,,,,,,,,,,,,,,,,,
LS22_s04a_sc05,LS22,4,a,5,42,analysis_set,,,LS22_s04b_sc05,1,1,0.9311,-0.0572,high,291.0,0,227.1,283.0,0,224.7,5e-06,0.0,5e-06,exclusion_candidates,0.3484,33.67,33.67,1
LS22_s04a_sc06,LS22,4,a,6,43,analysis_set,,,LS22_s04b_sc06,1,1,0.8185,-0.0286,high,206.0,0,71.8,353.0,0,75.6,0.0,0.0,0.0,exclusion_candidates,0.2354,28.45,28.45,1
LS22_s04a_sc07,LS22,4,a,7,44,excluded,tissue_damaged,manually excluded: tissue too damaged to measure,LS22_s04b_sc07,1,0,,,,,,,,,,,,,,,,,
LS22_s04a_sc08,LS22,4,a,8,45,excluded,tissue_damaged,manually excluded: tissue too damaged to measure,LS22_s04b_sc08,1,0,,,,,,,,,,,,,,,,,
LS22_s04a_sc09,LS22,4,a,9,46,excluded,tissue_damaged,manually excluded: tissue too damaged to measure,LS22_s04b_sc09,1,0,,,,,,,,,,,,,,,,,
LS22_s04a_sc10,LS22,4,a,10,47,excluded,out_of_focus,"no resolvable nuclear detail (focus 0.059, threshold 0.070)",LS22_s04b_sc10,1,0,,,,,,,,,,,,,reason_string,0.059,,,
LS22_s05a_sc00,LS22,5,a,0,48,analysis_set,,,LS22_s05b_sc00,1,1,0.9513,-0.0429,high,306.0,0,233.7,110.0,0,233.6,0.0,0.0,0.0,exclusion_candidates,0.3012,38.8,38.8,1
LS22_s05a_sc01,LS22,5,a,1,49,analysis_set,,,LS22_s05b_sc01,1,1,0.9356,0.0044,high,2.0,0,300.4,181.0,0,300.7,5e-06,7e-06,5e-06,exclusion_candidates,0.1168,55.67,55.67,1
LS22_s05a_sc02,LS22,5,a,2,50,analysis_set,,,LS22_s05b_sc02,1,1,0.9371,-0.032,high,3.0,0,292.1,7.0,0,290.3,0.0,0.0,0.0,exclusion_candidates,0.2772,49.5,49.5,1
LS22_s05a_sc03,LS22,5,a,3,51,excluded,no_tissue,no tissue piece larger than 0.80 mm2 (threshold 2.5),LS22_s05b_sc03,1,0,,,,,,,,,,,,,reason_string,,0.8,,
LS22_s05a_sc04,LS22,5,a,4,52,analysis_set,,,LS22_s05b_sc04,1,1,0.8962,-0.0024,high,357.0,0,297.4,182.0,0,308.8,0.000969,0.001165,0.000969,exclusion_candidates,0.2064,55.99,55.99,1
LS22_s05a_sc05,LS22,5,a,5,53,excluded,tissue_damaged,manually excluded: tissue too damaged to measure,LS22_s05b_sc05,1,0,,,,,,,,,,,,,,,,,
LS22_s05a_sc06,LS22,5,a,6,54,excluded,out_of_focus,"no resolvable nuclear detail (focus 0.066, threshold 0.070)",LS22_s05b_sc06,1,0,,,,,,,,,,,,,reason_string,0.066,,,
LS22_s05a_sc07,LS22,5,a,7,55,excluded,out_of_focus,"no resolvable nuclear detail (focus 0.061, threshold 0.070)",LS22_s05b_sc07,1,0,,,,,,,,,,,,,reason_string,0.061,,,
LS22_s05a_sc08,LS22,5,a,8,56,excluded,tissue_damaged,manually excluded: tissue too damaged to measure,LS22_s05b_sc08,1,0,,,,,,,,,,,,,,,,,
LS22_s05a_sc09,LS22,5,a,9,57,excluded,out_of_focus,"no resolvable nuclear detail (focus 0.052, threshold 0.070)",LS22_s05b_sc09,1,0,,,,,,,,,,,,,reason_string,0.052,,,
LS22_s06a_sc00,LS22,6,a,0,58,analysis_set,,,LS22_s06b_sc00,1,1,0.9118,0.0178,high,157.0,0,143.8,111.0,0,54.4,0.0,0.0,0.0,exclusion_candidates,0.1208,58.72,58.72,1
LS22_s06a_sc01,LS22,6,a,1,59,analysis_set,,,LS22_s06b_sc01,1,1,0.9466,-0.0024,high,10.0,0,318.4,186.0,0,138.4,3.1e-05,3.4e-05,3.1e-05,exclusion_candidates,0.1408,58.29,58.29,1
LS22_s06a_sc02,LS22,6,a,2,60,analysis_set,,,LS22_s06b_sc02,1,1,0.5174,-0.0157,low,2.0,0,300.7,352.0,0,301.4,7.8e-05,9.5e-05,7.8e-05,exclusion_candidates,0.2488,36.77,36.77,1
LS22_s06a_sc03,LS22,6,a,3,61,analysis_set,,,LS22_s06b_sc03,1,1,0.9615,-0.0473,high,271.0,0,65.1,300.0,0,65.5,0.0,0.0,0.0,exclusion_candidates,0.2709,41.88,41.88,1
LS22_s06a_sc04,LS22,6,a,4,62,analysis_set,,,LS22_s06b_sc04,1,1,0.9454,-0.0128,high,6.0,0,300.8,3.0,0,314.4,8.6e-05,0.000101,8.6e-05,exclusion_candidates,0.1323,43.96,43.96,1
LS22_s06a_sc05,LS22,6,a,5,63,analysis_set,,,LS22_s06b_sc05,1,1,0.7117,-0.0264,high,350.0,0,304.9,146.0,0,307.9,0.0,0.0,0.0,exclusion_candidates,0.2431,43.02,43.02,1
LS22_s06a_sc06,LS22,6,a,6,64,analysis_set,,,LS22_s06b_sc06,1,1,0.9713,-0.0389,high,185.0,0,311.7,360.0,0,315.3,0.0,0.0,0.0,exclusion_candidates,0.17,42.04,42.04,1
LS22_s06a_sc07,LS22,6,a,7,65,analysis_set,,,LS22_s06b_sc07,1,1,0.661,0.002,high,350.0,0,275.7,291.0,0,110.1,0.0,0.0,0.0,exclusion_candidates,0.2795,44.58,44.58,1
LS22_s06a_sc08,LS22,6,a,8,66,analysis_set,,,LS22_s06b_sc08,1,1,0.9462,-0.0035,high,196.0,0,331.9,9.0,0,331.8,0.000112,0.00013,0.000112,exclusion_candidates,0.0931,39.74,39.74,1
LS22_s06a_sc09,LS22,6,a,9,67,excluded,tissue_damaged,manually excluded: tissue too damaged to measure,LS22_s06b_sc09,1,0,,,,,,,,,,,,,,,,,
LS22_s07a_sc00,LS22,7,a,0,68,analysis_set,,,LS22_s07b_sc00,1,1,0.8911,-0.0105,high,218.0,0,359.2,213.0,0,357.9,0.000188,0.000223,0.000188,exclusion_candidates,0.1083,51.94,51.94,1
LS22_s07a_sc01,LS22,7,a,1,69,excluded,tissue_damaged,manually excluded: tissue too damaged to measure,LS22_s07b_sc01,1,0,,,,,,,,,,,,,,,,,
LS22_s07a_sc02,LS22,7,a,2,70,analysis_set,,,LS22_s07b_sc02,1,1,0.959,-0.049,high,177.0,0,309.7,332.0,0,309.0,0.000249,0.000284,0.000249,exclusion_candidates,0.1156,39.39,39.39,1
LS22_s07a_sc03,LS22,7,a,3,71,excluded,tissue_damaged,manually excluded: tissue too damaged to measure,LS22_s07b_sc03,1,0,,,,,,,,,,,,,,,,,
LS22_s07a_sc04,LS22,7,a,4,72,excluded,tissue_damaged,manually excluded: tissue too damaged to measure,LS22_s07b_sc04,1,0,,,,,,,,,,,,,,,,,
LS22_s07a_sc05,LS22,7,a,5,73,analysis_set,,,LS22_s07b_sc05,1,1,0.934,-0.0528,high,7.0,0,298.8,169.0,0,314.4,0.000236,0.000253,0.000236,exclusion_candidates,0.2665,33.54,33.54,1
LS22_s07a_sc06,LS22,7,a,6,74,excluded,tissue_damaged,manually excluded: tissue too damaged to measure,LS22_s07b_sc06,1,0,,,,,,,,,,,,,,,,,
LS22_s07a_sc07,LS22,7,a,7,75,excluded,tissue_damaged,manually excluded: tissue too damaged to measure,LS22_s07b_sc07,1,0,,,,,,,,,,,,,,,,,
LS22_s07a_sc08,LS22,7,a,8,76,excluded,out_of_focus,"no resolvable nuclear detail (focus 0.030, threshold 0.070)",LS22_s07b_sc08,1,0,,,,,,,,,,,,,reason_string,0.03,,,
LS22_s07a_sc09,LS22,7,a,9,77,excluded,out_of_focus,"no resolvable nuclear detail (focus 0.036, threshold 0.070)",LS22_s07b_sc09,1,0,,,,,,,,,,,,,reason_string,0.036,,,
LS22_s07a_sc10,LS22,7,a,10,78,excluded,tissue_damaged,manually excluded: tissue too damaged to measure,LS22_s07b_sc10,1,0,,,,,,,,,,,,,,,,,
LS22_s08a_sc00,LS22,8,a,0,79,analysis_set,,,LS22_s08b_sc00,1,1,0.8243,0.0018,high,0.0,0,308.0,294.0,0,213.5,1e-06,1e-06,1e-06,exclusion_candidates,0.1588,44.23,44.23,1
LS22_s08a_sc01,LS22,8,a,1,80,excluded,tissue_damaged,manually excluded: tissue too damaged to measure,LS22_s08b_sc01,1,0,,,,,,,,,,,,,,,,,
LS22_s08a_sc02,LS22,8,a,2,81,analysis_set,,,LS22_s08b_sc02,1,1,0.7913,-0.0025,high,281.0,0,191.9,85.0,0,193.5,1.3e-05,1e-05,1.3e-05,exclusion_candidates,0.2194,28.29,28.29,1
LS22_s08a_sc03,LS22,8,a,3,82,analysis_set,,,LS22_s08b_sc03,1,1,0.8211,-0.0273,high,296.0,0,349.0,327.0,0,345.6,0.0,0.0,0.0,exclusion_candidates,0.154,14.49,14.49,1
LS22_s08a_sc04,LS22,8,a,4,83,analysis_set,,,LS22_s08b_sc04,1,1,0.9112,-0.0457,high,314.0,0,352.7,289.0,0,358.7,0.0,0.0,0.0,exclusion_candidates,0.129,25.27,25.27,1
LS22_s08a_sc05,LS22,8,a,5,84,analysis_set,,,LS22_s08b_sc05,1,1,0.7165,-0.0138,high,322.0,0,15.1,317.0,0,37.4,0.000153,0.00019,0.000153,exclusion_candidates,0.1039,22.53,22.53,1
LS22_s08a_sc06,LS22,8,a,6,85,analysis_set,,,LS22_s08b_sc06,1,1,0.6895,0.0047,high,277.0,0,316.2,139.0,0,212.8,6.1e-05,7.7e-05,6.1e-05,exclusion_candidates,0.2403,22.76,22.76,1
LS22_s08a_sc07,LS22,8,a,7,86,analysis_set,,,LS22_s08b_sc07,1,1,0.9288,-0.033,high,272.0,0,320.9,284.0,0,319.2,0.00013,0.000157,0.00013,exclusion_candidates,0.2588,22.6,22.6,1
LS22_s08a_sc08,LS22,8,a,8,87,analysis_set,,,LS22_s08b_sc08,1,1,0.4879,-0.0084,low,275.0,0,318.8,273.0,0,325.3,3.4e-05,3.9e-05,3.4e-05,exclusion_candidates,0.2718,18.3,18.3,1
LS22_s08a_sc09,LS22,8,a,9,88,excluded,tissue_damaged,manually excluded: tissue too damaged to measure,LS22_s08b_sc09,1,0,,,,,,,,,,,,,,,,,
LS22_s08a_sc10,LS22,8,a,10,89,excluded,tissue_damaged,manually excluded: tissue too damaged to measure,LS22_s08b_sc10,1,0,,,,,,,,,,,,,,,,,
LS22_s09a_sc00,LS22,9,a,0,90,excluded,tissue_damaged,manually excluded: tissue too damaged to measure,LS22_s09b_sc00,1,0,,,,,,,,,,,,,,,,,
LS22_s09a_sc01,LS22,9,a,1,91,analysis_set,,,LS22_s09b_sc01,1,1,0.9232,-0.0436,high,285.0,0,329.1,281.0,0,319.7,1.3e-05,1.5e-05,1.3e-05,exclusion_candidates,0.1305,24.46,24.46,1
LS22_s09a_sc02,LS22,9,a,2,92,analysis_set,,,LS22_s09b_sc02,1,1,0.939,-0.0378,high,103.0,0,323.5,283.0,0,320.9,0.000288,0.000336,0.000288,exclusion_candidates,0.1147,23.87,23.87,1
LS22_s09a_sc03,LS22,9,a,3,93,analysis_set,,,LS22_s09b_sc03,1,1,0.8881,-0.04,high,102.0,0,325.8,281.0,0,327.3,0.000643,0.000822,0.000643,exclusion_candidates,0.275,22.97,22.97,1
LS22_s09a_sc04,LS22,9,a,4,94,analysis_set,,,LS22_s09b_sc04,1,1,0.949,-0.0662,high,293.0,0,344.0,294.0,0,344.0,0.000773,0.000983,0.000773,exclusion_candidates,0.303,23.86,23.86,1
LS22_s09a_sc05,LS22,9,a,5,95,analysis_set,,,LS22_s09b_sc05,1,1,0.8772,-0.0178,high,297.0,0,349.0,306.0,0,350.5,0.000479,0.000593,0.000479,exclusion_candidates,0.2832,22.27,22.27,1
LS22_s09a_sc06,LS22,9,a,6,96,analysis_set,,,LS22_s09b_sc06,1,1,0.9344,-0.031,high,275.0,0,127.7,95.0,0,140.1,0.000287,0.000374,0.000287,exclusion_candidates,0.2641,23.66,23.66,1
LS22_s09a_sc07,LS22,9,a,7,97,excluded,tissue_damaged,manually excluded: tissue too damaged to measure,LS22_s09b_sc07,1,0,,,,,,,,,,,,,,,,,
LS22_s09a_sc08,LS22,9,a,8,98,excluded,tissue_damaged,manually excluded: tissue too damaged to measure,LS22_s09b_sc08,1,0,,,,,,,,,,,,,,,,,
LS22_s09a_sc09,LS22,9,a,9,99,excluded,tissue_damaged,manually excluded: tissue too damaged to measure,LS22_s09b_sc09,1,0,,,,,,,,,,,,,,,,,
LS22_s09a_sc10,LS22,9,a,10,100,excluded,tissue_damaged,manually excluded: tissue too damaged to measure,LS22_s09b_sc10,1,0,,,,,,,,,,,,,,,,,
LS22_s09a_sc11,LS22,9,a,11,101,excluded,no_tissue,"no tissue piece larger than 0.10 mm2 (threshold 2.5); no resolvable nuclear detail (focus 0.048, threshold 0.070)",LS22_s09b_sc11,1,0,,,,,,,,,,,,,reason_string,,0.1,,
LS22_s09a_sc12,LS22,9,a,12,102,analysis_set,,,,0,0,,,,,,,0.0,0,0.5,0.0,0.0,0.0,,,,,
LS37_s01a_sc00,LS37,1,a,0,1,excluded,tissue_damaged,manually excluded: tissue too damaged to measure,LS37_s01b_sc00,1,0,,,,,,,,,,,,,,,,,
LS37_s01a_sc01,LS37,1,a,1,2,analysis_set,,,,0,0,,,,,,,0.0,0,47.4,1e-06,1e-06,1e-06,,,,,
LS37_s01a_sc02,LS37,1,a,2,3,analysis_set,,,LS37_s01b_sc01,1,1,0.6983,-0.1633,high,188.0,0,237.5,199.0,0,245.1,0.0,0.0,0.0,exclusion_candidates,0.3339,7.18,7.18,1
LS37_s01a_sc03,LS37,1,a,3,4,analysis_set,,,LS37_s01b_sc02,1,1,0.8439,-0.1038,high,166.0,0,208.6,186.0,0,210.9,0.0,0.0,0.0,exclusion_candidates,0.1024,10.47,10.47,1
LS37_s01a_sc04,LS37,1,a,4,5,analysis_set,,,LS37_s01b_sc03,1,1,0.8428,-0.0905,high,172.0,0,215.2,170.0,0,213.6,0.0,0.0,0.0,exclusion_candidates,0.3275,11.12,11.12,1
LS37_s01a_sc05,LS37,1,a,5,6,analysis_set,,,LS37_s01b_sc04,1,1,0.8858,-0.1319,high,90.0,0,111.8,83.0,0,113.4,0.0,0.0,0.0,exclusion_candidates,0.2268,10.51,10.51,1
LS37_s01a_sc06,LS37,1,a,6,7,analysis_set,,,LS37_s01b_sc05,1,1,0.9364,-0.1584,high,151.0,0,188.9,149.0,0,186.9,0.0,0.0,0.0,exclusion_candidates,0.1037,13.7,13.7,1
LS37_s01a_sc07,LS37,1,a,7,8,analysis_set,,,LS37_s01b_sc06,1,1,0.8987,-0.1132,high,173.0,0,211.7,178.0,0,215.4,0.0,0.0,0.0,exclusion_candidates,0.106,14.12,14.12,1
LS37_s01a_sc08,LS37,1,a,8,9,analysis_set,,,LS37_s01b_sc07,1,1,0.9207,-0.1188,high,174.0,0,218.1,175.0,0,218.3,7.2e-05,9.7e-05,7.2e-05,exclusion_candidates,0.1106,14.83,14.83,1
LS37_s01a_sc09,LS37,1,a,9,10,analysis_set,,,LS37_s01b_sc08,1,1,0.8907,-0.1211,high,166.0,0,205.0,173.0,0,209.3,0.0,0.0,0.0,exclusion_candidates,0.1207,15.62,15.62,1
LS37_s01a_sc10,LS37,1,a,10,11,analysis_set,,,LS37_s01b_sc09,1,1,0.9482,-0.15,high,168.0,0,211.8,178.0,0,211.5,0.0,0.0,0.0,exclusion_candidates,0.1162,15.29,15.29,1
LS37_s01a_sc11,LS37,1,a,11,12,analysis_set,,,LS37_s01b_sc10,1,1,0.8565,-0.0829,high,178.0,0,222.8,175.0,0,221.6,2.1e-05,0.0,2.1e-05,exclusion_candidates,0.0917,5.03,8.07,2
LS37_s01a_sc12,LS37,1,a,12,13,analysis_set,,,LS37_s01b_sc11,1,1,0.7897,-0.0673,high,172.0,0,207.7,155.0,0,204.8,0.0,0.0,0.0,exclusion_candidates,0.1966,13.97,13.97,1
LS37_s02a_sc00,LS37,2,a,0,14,censored_out,,10.4% of pixels at the 16-bit ceiling (tolerance 1%),LS37_s02b_sc00,1,1,0.7964,-0.0884,high,26.0,0,19.4,353.0,0,20.2,0.104179,0.120611,0.104179,exclusion_candidates,0.0905,18.9,21.28,2
LS37_s02a_sc01,LS37,2,a,1,15,censored_out,,10.8% of pixels at the 16-bit ceiling (tolerance 1%),LS37_s02b_sc01,1,1,0.5893,-0.0366,high,31.0,0,270.2,228.0,0,270.8,0.107922,0.118344,0.107922,exclusion_candidates,0.1078,28.41,28.41,1
LS37_s02a_sc02,LS37,2,a,2,16,censored_out,,10.8% of pixels at the 16-bit ceiling (tolerance 1%),LS37_s02b_sc02,1,1,0.7973,-0.1133,high,50.0,0,163.4,304.0,0,160.7,0.108353,0.121701,0.108353,exclusion_candidates,0.3959,4.47,8.07,3
LS37_s02a_sc03,LS37,2,a,3,17,censored_out,,10.8% of pixels at the 16-bit ceiling (tolerance 1%),LS37_s02b_sc03,1,1,0.885,-0.0871,high,20.0,0,257.4,35.0,0,259.4,0.108459,0.120464,0.108459,exclusion_candidates,0.3385,16.26,16.26,1
LS37_s02a_sc04,LS37,2,a,4,18,censored_out,,10.3% of pixels at the 16-bit ceiling (tolerance 1%),LS37_s02b_sc04,1,1,0.8862,-0.1564,high,249.0,0,353.4,290.0,0,350.4,0.103259,0.104606,0.103259,exclusion_candidates,0.3654,9.49,9.49,1
LS37_s02a_sc05,LS37,2,a,5,19,censored_out,,10.5% of pixels at the 16-bit ceiling (tolerance 1%),LS37_s02b_sc05,1,1,0.8532,-0.1202,high,183.0,0,228.1,176.0,0,228.9,0.105481,0.125263,0.105481,exclusion_candidates,0.1178,15.75,15.75,1
LS37_s02a_sc06,LS37,2,a,6,20,censored_out,,10.2% of pixels at the 16-bit ceiling (tolerance 1%),LS37_s02b_sc06,1,1,0.9079,-0.178,high,338.0,0,194.6,150.0,0,189.8,0.101713,0.108703,0.101713,exclusion_candidates,0.3739,14.32,14.32,1
LS37_s02a_sc07,LS37,2,a,7,21,censored_out,,10.8% of pixels at the 16-bit ceiling (tolerance 1%),LS37_s02b_sc07,1,1,0.915,-0.1651,high,152.0,0,182.9,157.0,0,184.4,0.1082,0.120228,0.1082,exclusion_candidates,0.3025,15.1,15.1,1
LS37_s02a_sc08,LS37,2,a,8,22,censored_out,,10.5% of pixels at the 16-bit ceiling (tolerance 1%),LS37_s02b_sc08,1,1,0.9028,-0.155,high,104.0,0,123.2,111.0,0,124.1,0.104895,0.109756,0.104895,exclusion_candidates,0.1027,13.11,13.11,1
LS37_s02a_sc09,LS37,2,a,9,23,excluded,tissue_damaged,manually excluded: tissue too damaged to measure,LS37_s02b_sc09,1,0,,,,,,,,,,,,,,,,,
LS37_s02a_sc10,LS37,2,a,10,24,censored_out,,9.9% of pixels at the 16-bit ceiling (tolerance 1%),LS37_s02b_sc10,1,1,0.6205,-0.1041,high,169.0,0,203.9,301.0,0,205.3,0.099328,0.100301,0.099328,exclusion_candidates,0.0973,10.47,12.45,2
LS37_s02a_sc11,LS37,2,a,11,25,excluded,tissue_damaged,manually excluded: tissue too damaged to measure,LS37_s02b_sc11,1,0,,,,,,,,,,,,,,,,,
LS37_s03a_sc00,LS37,3,a,0,26,excluded,tissue_damaged,manually excluded: tissue too damaged to measure,LS37_s03b_sc00,1,0,,,,,,,,,,,,,,,,,
LS37_s03a_sc01,LS37,3,a,1,27,analysis_set,,,LS37_s03b_sc01,1,1,0.886,-0.2988,high,46.0,0,281.7,256.0,0,285.2,0.0,0.0,0.0,exclusion_candidates,0.0981,8.25,10.49,2
LS37_s03a_sc02,LS37,3,a,2,28,analysis_set,,,LS37_s03b_sc02,1,1,0.8428,-0.2566,high,52.0,0,300.4,261.0,0,298.0,0.0,0.0,0.0,exclusion_candidates,0.1894,8.24,9.85,2
LS37_s03a_sc03,LS37,3,a,3,29,analysis_set,,,LS37_s03b_sc03,1,1,0.8326,-0.2076,high,220.0,0,300.4,235.0,0,298.7,0.0,0.0,0.0,exclusion_candidates,0.1929,8.29,10.4,2
LS37_s03a_sc04,LS37,3,a,4,30,analysis_set,,,LS37_s03b_sc04,1,1,0.7672,-0.1633,high,161.0,0,195.3,149.0,0,193.4,6.9e-05,8.3e-05,6.9e-05,exclusion_candidates,0.3668,7.83,9.24,2
LS37_s03a_sc05,LS37,3,a,5,31,analysis_set,,,LS37_s03b_sc06,1,1,0.7178,-0.1887,high,21.0,0,261.5,32.0,0,261.3,0.0,0.0,0.0,exclusion_candidates,0.0987,6.81,6.81,1
LS37_s03a_sc06,LS37,3,a,6,32,analysis_set,,,LS37_s03b_sc08,1,1,0.753,-0.1137,high,173.0,0,225.6,197.0,0,221.2,0.0,0.0,0.0,exclusion_candidates,0.3026,6.39,7.66,2
LS37_s03a_sc07,LS37,3,a,7,33,analysis_set,,,LS37_s03b_sc07,1,1,0.7124,-0.0952,high,191.0,0,247.1,19.0,0,246.2,0.0,0.0,0.0,exclusion_candidates,0.103,7.66,7.66,1
LS37_s03a_sc08,LS37,3,a,8,34,excluded,tissue_damaged,manually excluded: tissue too damaged to measure,LS37_s03b_sc09,1,0,,,,,,,,,,,,,,,,,
LS37_s03a_sc09,LS37,3,a,9,35,excluded,tissue_damaged,manually excluded: tissue too damaged to measure,LS37_s03b_sc10,1,0,,,,,,,,,,,,,,,,,
LS37_s03a_sc10,LS37,3,a,10,36,excluded,no_tissue,no tissue piece larger than 0.54 mm2 (threshold 2.5),LS37_s03b_sc11,1,0,,,,,,,,,,,,,reason_string,,0.54,,
LS37_s04a_sc00,LS37,4,a,0,37,analysis_set,,,LS37_s04b_sc00,1,1,0.71,-0.0171,high,119.0,0,155.7,285.0,0,158.1,0.000424,0.000508,0.000424,exclusion_candidates,0.0757,11.77,11.77,1
LS37_s04a_sc01,LS37,4,a,1,38,excluded,tissue_damaged,manually excluded: tissue too damaged to measure,LS37_s04b_sc01,1,0,,,,,,,,,,,,,,,,,
LS37_s04a_sc02,LS37,4,a,2,39,analysis_set,,,LS37_s04b_sc02,1,1,0.7885,-0.1738,high,179.0,0,240.7,174.0,0,239.7,0.0,0.0,0.0,exclusion_candidates,0.2372,12.8,12.8,1
LS37_s04a_sc03,LS37,4,a,3,40,analysis_set,,,LS37_s04b_sc03,1,1,0.8691,-0.1806,high,172.0,0,237.9,179.0,0,238.4,0.0,0.0,0.0,exclusion_candidates,0.2849,14.28,14.28,1
LS37_s04a_sc04,LS37,4,a,4,41,analysis_set,,,LS37_s04b_sc04,1,1,0.8275,-0.0657,high,169.0,0,229.5,168.0,0,227.9,3.8e-05,5e-05,3.8e-05,exclusion_candidates,0.0993,15.8,15.8,1
LS37_s04a_sc05,LS37,4,a,5,42,analysis_set,,,LS37_s04b_sc05,1,1,0.9123,-0.075,high,165.0,0,224.0,336.0,0,222.8,0.0,0.0,0.0,exclusion_candidates,0.246,16.27,16.27,1
LS37_s04a_sc06,LS37,4,a,6,43,analysis_set,,,LS37_s04b_sc06,1,1,0.9529,-0.0977,high,176.0,0,227.8,356.0,0,230.7,0.0,0.0,0.0,exclusion_candidates,0.1007,19.82,19.82,1
LS37_s04a_sc07,LS37,4,a,7,44,excluded,out_of_focus,"no resolvable nuclear detail (focus 0.033, threshold 0.070)",LS37_s04b_sc07,1,0,,,,,,,,,,,,,reason_string,0.033,,,
LS37_s04a_sc08,LS37,4,a,8,45,analysis_set,,,LS37_s04b_sc08,1,1,0.922,-0.0354,high,182.0,0,243.6,186.0,0,242.7,0.000142,0.000174,0.000142,exclusion_candidates,0.1162,21.51,21.51,1
LS37_s04a_sc09,LS37,4,a,9,46,analysis_set,,,LS37_s04b_sc09,1,1,0.903,-0.0646,high,180.0,0,237.9,184.0,0,239.3,0.000164,0.000196,0.000164,exclusion_candidates,0.1125,22.0,22.0,1
LS37_s04a_sc10,LS37,4,a,10,47,analysis_set,,,LS37_s04b_sc10,1,1,0.772,0.0236,high,189.0,0,239.7,186.0,0,244.3,0.000158,0.000195,0.000158,exclusion_candidates,0.1141,23.22,23.22,1
LS37_s04a_sc11,LS37,4,a,11,48,analysis_set,,,LS37_s04b_sc11,1,1,0.863,-0.0359,high,189.0,0,250.8,204.0,0,255.9,0.000233,0.000288,0.000233,exclusion_candidates,0.1095,19.96,19.96,1
LS37_s05a_sc00,LS37,5,a,0,49,analysis_set,,,LS37_s05b_sc01,1,1,0.8079,-0.0571,high,172.0,0,225.8,184.0,0,66.1,0.0,0.0,0.0,exclusion_candidates,0.0944,29.07,29.07,1
LS37_s05a_sc01,LS37,5,a,1,50,analysis_set,,,LS37_s05b_sc02,1,1,0.7506,-0.0177,high,2.0,0,239.0,12.0,0,48.8,0.0,0.0,0.0,exclusion_candidates,0.1098,28.19,28.19,1
LS37_s05a_sc02,LS37,5,a,2,51,excluded,tissue_damaged,manually excluded: tissue too damaged to measure,LS37_s05b_sc03,1,0,,,,,,,,,,,,,,,,,
LS37_s05a_sc03,LS37,5,a,3,52,analysis_set,,,LS37_s05b_sc04,1,1,0.6669,-0.0084,high,354.0,0,220.9,347.0,0,49.3,0.0,0.0,0.0,exclusion_candidates,0.1055,19.92,19.92,1
LS37_s05a_sc04,LS37,5,a,4,53,analysis_set,,,LS37_s05b_sc05,1,1,0.9255,-0.0266,high,0.0,0,249.2,346.0,0,240.5,0.000103,0.000129,0.000103,exclusion_candidates,0.2148,29.44,29.44,1
LS37_s05a_sc05,LS37,5,a,5,54,analysis_set,,,LS37_s05b_sc06,1,1,0.9351,-0.0407,high,1.0,0,238.3,358.0,0,238.4,0.0,0.0,0.0,exclusion_candidates,0.1253,27.0,27.0,1
LS37_s05a_sc06,LS37,5,a,6,55,analysis_set,,,LS37_s05b_sc07,1,1,0.937,-0.0249,high,188.0,0,250.0,185.0,0,247.2,6e-05,8.1e-05,6e-05,exclusion_candidates,0.3108,31.1,31.1,1
LS37_s05a_sc07,LS37,5,a,7,56,analysis_set,,,LS37_s05b_sc08,1,1,0.8523,-0.0253,high,177.0,0,231.5,349.0,0,51.8,0.0,0.0,0.0,exclusion_candidates,0.2524,16.31,16.31,1
LS37_s05a_sc08,LS37,5,a,8,57,analysis_set,,,LS37_s05b_sc09,1,1,0.6445,-0.0068,high,358.0,0,249.8,170.0,0,225.5,0.000418,0.000503,0.000418,exclusion_candidates,0.1038,20.72,20.72,1
LS37_s05a_sc09,LS37,5,a,9,58,excluded,out_of_focus,"no resolvable nuclear detail (focus 0.048, threshold 0.070)",LS37_s05b_sc10,1,0,,,,,,,,,,,,,reason_string,0.048,,,
LS37_s05a_sc10,LS37,5,a,10,59,excluded,tissue_damaged,manually excluded: tissue too damaged to measure,LS37_s05b_sc11,1,0,,,,,,,,,,,,,,,,,
LS37_s06a_sc00,LS37,6,a,0,60,analysis_set,,,LS37_s06b_sc00,1,1,0.9421,-0.0582,high,1.0,0,232.4,1.0,0,230.3,3.4e-05,3.7e-05,3.4e-05,exclusion_candidates,0.2839,36.61,36.61,1
LS37_s06a_sc01,LS37,6,a,1,61,analysis_set,,,LS37_s06b_sc01,1,1,0.9058,-0.054,high,163.0,0,203.8,142.0,0,204.0,3.1e-05,3.5e-05,3.1e-05,exclusion_candidates,0.2633,34.37,34.37,1
LS37_s06a_sc02,LS37,6,a,2,62,analysis_set,,,LS37_s06b_sc02,1,1,0.931,-0.0318,high,359.0,0,250.6,12.0,0,248.5,0.0,0.0,0.0,exclusion_candidates,0.3409,38.46,38.46,1
LS37_s06a_sc03,LS37,6,a,3,63,analysis_set,,,LS37_s06b_sc03,1,1,0.9439,-0.0637,high,175.0,0,236.7,352.0,0,237.2,7.6e-05,9.2e-05,7.6e-05,exclusion_candidates,0.2519,34.61,34.61,1
LS37_s06a_sc04,LS37,6,a,4,64,analysis_set,,,LS37_s06b_sc04,1,1,0.5514,0.0137,high,354.0,0,234.7,17.0,0,90.1,8.2e-05,9.8e-05,8.2e-05,exclusion_candidates,0.3049,44.03,44.03,1
LS37_s06a_sc05,LS37,6,a,5,65,analysis_set,,,LS37_s06b_sc05,1,1,0.738,-0.0968,high,177.0,0,229.8,1.0,0,232.1,0.00015,0.000184,0.00015,exclusion_candidates,0.2606,41.67,41.67,1
LS37_s06a_sc06,LS37,6,a,6,66,analysis_set,,,LS37_s06b_sc06,1,1,0.942,-0.0428,high,0.0,0,245.6,354.0,0,239.6,0.000114,0.00014,0.000114,exclusion_candidates,0.1169,39.07,39.07,1
LS37_s06a_sc07,LS37,6,a,7,67,analysis_set,,,LS37_s06b_sc07,1,1,0.5998,-0.0182,high,177.0,0,245.6,17.0,0,239.3,0.000401,0.000477,0.000401,exclusion_candidates,0.2835,13.81,22.32,2
LS37_s06a_sc08,LS37,6,a,8,68,analysis_set,,,LS37_s06b_sc08,1,1,0.4635,-0.0443,low,177.0,0,229.3,354.0,0,230.6,0.0,0.0,0.0,exclusion_candidates,0.1091,37.75,37.75,1
LS37_s06a_sc09,LS37,6,a,9,69,excluded,tissue_damaged,manually excluded: tissue too damaged to measure,LS37_s06b_sc09,1,0,,,,,,,,,,,,,,,,,
LS37_s06a_sc10,LS37,6,a,10,70,excluded,out_of_focus,"no resolvable nuclear detail (focus 0.028, threshold 0.070)",LS37_s06b_sc10,1,0,,,,,,,,,,,,,reason_string,0.028,,,
LS37_s06a_sc11,LS37,6,a,11,71,excluded,out_of_focus,"no resolvable nuclear detail (focus 0.042, threshold 0.070)",LS37_s06b_sc11,1,0,,,,,,,,,,,,,reason_string,0.042,,,
LS37_s07a_sc00,LS37,7,a,0,72,analysis_set,,,,0,0,,,,,,,0.0,0,62.6,4.7e-05,6.1e-05,4.7e-05,,,,,
LS37_s07a_sc01,LS37,7,a,1,73,excluded,tissue_damaged,manually excluded: tissue too damaged to measure,LS37_s07b_sc00,1,0,,,,,,,,,,,,,,,,,
LS37_s07a_sc02,LS37,7,a,2,74,analysis_set,,,LS37_s07b_sc01,1,1,0.9305,-0.0938,high,173.0,0,228.5,347.0,0,229.5,0.000109,0.000167,0.000109,exclusion_candidates,0.3131,28.37,28.37,1
LS37_s07a_sc03,LS37,7,a,3,75,analysis_set,,,LS37_s07b_sc02,1,1,0.5868,-0.009,high,180.0,0,235.9,26.0,0,236.0,4.9e-05,6.3e-05,4.9e-05,exclusion_candidates,0.2403,25.16,25.16,1
LS37_s07a_sc04,LS37,7,a,4,76,analysis_set,,,LS37_s07b_sc03,1,1,0.831,-0.0324,high,0.0,0,250.5,356.0,0,62.6,0.000242,0.000392,0.000242,exclusion_candidates,0.3413,37.75,37.75,1
LS37_s07a_sc05,LS37,7,a,5,77,analysis_set,,,LS37_s07b_sc04,1,1,0.5603,0.068,high,179.0,0,243.0,349.0,0,238.1,0.0,0.0,0.0,exclusion_candidates,0.3193,34.03,34.03,1
LS37_s07a_sc06,LS37,7,a,6,78,analysis_set,,,LS37_s07b_sc05,1,1,0.8521,-0.074,high,182.0,0,246.1,186.0,0,248.7,7.3e-05,0.000131,7.3e-05,exclusion_candidates,0.273,40.06,40.06,1
LS37_s07a_sc07,LS37,7,a,7,79,analysis_set,,,LS37_s07b_sc06,1,1,0.5305,-0.0088,low,177.0,0,249.1,355.0,0,213.3,0.000134,0.000189,0.000134,exclusion_candidates,0.297,32.09,32.09,1
LS37_s07a_sc08,LS37,7,a,8,80,excluded,tissue_damaged,manually excluded: tissue too damaged to measure,LS37_s07b_sc07,1,0,,,,,,,,,,,,,,,,,
LS37_s07a_sc09,LS37,7,a,9,81,excluded,tissue_damaged,manually excluded: tissue too damaged to measure,LS37_s07b_sc08,1,0,,,,,,,,,,,,,,,,,
LS37_s08a_sc00,LS37,8,a,0,82,analysis_set,,,LS37_s08b_sc00,1,1,0.8141,0.001,high,1.0,0,246.2,338.0,0,257.3,1e-06,1e-06,1e-06,exclusion_candidates,0.2622,38.21,38.21,1
LS37_s08a_sc01,LS37,8,a,1,83,excluded,tissue_damaged,manually excluded: tissue too damaged to measure,LS37_s08b_sc01,1,0,,,,,,,,,,,,,,,,,
LS37_s08a_sc02,LS37,8,a,2,84,analysis_set,,,LS37_s08b_sc02,1,1,0.8137,-0.0693,high,186.0,0,250.0,10.0,0,250.1,0.0,0.0,0.0,exclusion_candidates,0.2911,37.56,37.56,1
LS37_s08a_sc03,LS37,8,a,3,85,analysis_set,,,LS37_s08b_sc03,1,1,0.8908,-0.0541,high,187.0,0,248.3,16.0,0,253.5,6.4e-05,9e-05,6.4e-05,exclusion_candidates,0.2248,34.49,34.49,1
LS37_s08a_sc04,LS37,8,a,4,86,excluded,tissue_damaged,manually excluded: tissue too damaged to measure,LS37_s08b_sc04,1,0,,,,,,,,,,,,,,,,,
LS37_s08a_sc05,LS37,8,a,5,87,analysis_set,,,LS37_s08b_sc05,1,1,0.9247,-0.0672,high,186.0,0,256.9,16.0,0,258.9,5.3e-05,7.1e-05,5.3e-05,exclusion_candidates,0.2246,35.67,35.67,1
LS37_s08a_sc06,LS37,8,a,6,88,excluded,out_of_focus,"no resolvable nuclear detail (focus 0.060, threshold 0.070)",LS37_s08b_sc06,1,0,,,,,,,,,,,,,reason_string,0.06,,,
LS37_s08a_sc07,LS37,8,a,7,89,analysis_set,,,LS37_s08b_sc07,1,1,0.6259,-0.0202,high,179.0,0,231.7,14.0,0,230.1,0.0,0.0,0.0,exclusion_candidates,0.1798,31.75,31.75,1
LS37_s08a_sc08,LS37,8,a,8,90,analysis_set,,,LS37_s08b_sc08,1,1,0.8885,-0.0357,high,189.0,0,262.1,21.0,0,255.1,0.000201,0.000263,0.000201,exclusion_candidates,0.0915,30.78,30.78,1
LS37_s08a_sc09,LS37,8,a,9,91,excluded,tissue_damaged,manually excluded: tissue too damaged to measure,LS37_s08b_sc09,1,0,,,,,,,,,,,,,,,,,
LS37_s08a_sc10,LS37,8,a,10,92,excluded,no_tissue,no tissue piece larger than 1.43 mm2 (threshold 2.5),LS37_s08b_sc10,1,0,,,,,,,,,,,,,reason_string,,1.43,,
LS37_s08a_sc11,LS37,8,a,11,93,excluded,out_of_focus,"no resolvable nuclear detail (focus 0.049, threshold 0.070)",LS37_s08b_sc11,1,0,,,,,,,,,,,,,reason_string,0.049,,,
LS37_s09a_sc00,LS37,9,a,0,94,analysis_set,,,LS37_s09b_sc00,1,1,0.85,-0.0318,high,357.0,0,225.0,353.0,0,225.4,9.9e-05,0.000113,9.9e-05,exclusion_candidates,0.1764,29.35,29.35,1
LS37_s09a_sc01,LS37,9,a,1,95,analysis_set,,,LS37_s09b_sc01,1,1,0.3999,-0.0163,low,186.0,0,272.7,207.0,0,275.0,0.000218,0.000259,0.000218,exclusion_candidates,0.2218,30.56,30.56,1
LS37_s09a_sc02,LS37,9,a,2,96,analysis_set,,,,0,0,,,,,,,0.0,0,65.4,0.000149,0.00017,0.000149,,,,,
LS37_s09a_sc03,LS37,9,a,3,97,analysis_set,,,,0,0,,,,,,,0.0,0,70.4,0.0,0.0,0.0,,,,,
LS37_s09a_sc04,LS37,9,a,4,98,excluded,tissue_damaged,manually excluded: tissue too damaged to measure,LS37_s09b_sc03,1,0,,,,,,,,,,,,,,,,,
LS37_s09a_sc05,LS37,9,a,5,99,analysis_set,,,LS37_s09b_sc04,1,1,0.8995,-0.024,high,176.0,0,233.4,152.0,0,233.7,0.0,0.0,0.0,exclusion_candidates,0.3109,33.26,33.26,1
LS37_s09a_sc06,LS37,9,a,6,100,excluded,tissue_damaged,manually excluded: tissue too damaged to measure,LS37_s09b_sc05,1,0,,,,,,,,,,,,,,,,,
LS37_s09a_sc07,LS37,9,a,7,101,analysis_set,,,LS37_s09b_sc06,1,1,0.9299,-0.0649,high,71.0,0,34.4,70.0,0,28.6,1.5e-05,1.8e-05,1.5e-05,exclusion_candidates,0.353,29.75,29.75,1
LS37_s09a_sc08,LS37,9,a,8,102,excluded,tissue_damaged,manually excluded: tissue too damaged to measure,LS37_s09b_sc07,1,0,,,,,,,,,,,,,,,,,
LS37_s09a_sc09,LS37,9,a,9,103,analysis_set,,,LS37_s09b_sc08,1,1,0.8751,-0.0261,high,271.0,0,62.2,302.0,0,70.8,0.000454,0.000495,0.000454,exclusion_candidates,0.1108,23.77,23.77,1
LS37_s09a_sc10,LS37,9,a,10,104,analysis_set,,,,0,0,,,,,,,0.0,0,309.5,0.0,0.0,0.0,,,,,
LS37_s09a_sc11,LS37,9,a,11,105,excluded,tissue_damaged,manually excluded: tissue too damaged to measure,LS37_s09b_sc09,1,0,,,,,,,,,,,,,,,,,
LS37_s10a_sc00,LS37,10,a,0,106,censored_out,,10.9% of pixels at the 16-bit ceiling (tolerance 1%),LS37_s10b_sc00,1,1,0.9275,-0.0391,high,85.0,0,239.4,293.0,0,245.2,0.109375,0.119587,0.109375,exclusion_candidates,0.1195,28.65,28.65,1
LS37_s10a_sc01,LS37,10,a,1,107,censored_out,,9.5% of pixels at the 16-bit ceiling (tolerance 1%),LS37_s10b_sc01,1,1,0.9298,-0.017,high,233.0,0,204.0,240.0,0,206.1,0.095449,0.106526,0.095449,exclusion_candidates,0.1182,27.61,27.61,1
LS37_s10a_sc02,LS37,10,a,2,108,censored_out,,9.8% of pixels at the 16-bit ceiling (tolerance 1%),LS37_s10b_sc02,1,1,0.9267,-0.0531,high,41.0,0,182.4,31.0,0,181.1,0.097854,0.102392,0.097854,exclusion_candidates,0.2839,26.16,26.16,1
LS37_s10a_sc03,LS37,10,a,3,109,censored_out,,9.6% of pixels at the 16-bit ceiling (tolerance 1%),LS37_s10b_sc03,1,1,0.883,-0.0128,high,6.0,0,141.5,162.0,0,143.6,0.096306,0.100594,0.096306,exclusion_candidates,0.2067,23.4,23.4,1
LS37_s10a_sc04,LS37,10,a,4,110,censored_out,,9.4% of pixels at the 16-bit ceiling (tolerance 1%),LS37_s10b_sc04,1,1,0.8957,-0.0246,high,98.0,0,247.5,87.0,0,242.6,0.093553,0.105901,0.093553,exclusion_candidates,0.2579,30.51,30.51,1
LS37_s10a_sc05,LS37,10,a,5,111,censored_out,,9.1% of pixels at the 16-bit ceiling (tolerance 1%),LS37_s10b_sc05,1,1,0.9387,-0.0611,high,244.0,0,213.3,58.0,0,213.7,0.091038,0.100475,0.091038,exclusion_candidates,0.134,30.62,30.62,1
LS37_s10a_sc06,LS37,10,a,6,112,censored_out,,8.4% of pixels at the 16-bit ceiling (tolerance 1%),LS37_s10b_sc06,1,1,0.8205,-0.0006,high,226.0,0,182.6,24.0,0,186.0,0.084013,0.063699,0.084013,exclusion_candidates,0.1062,28.41,28.41,1
LS37_s10a_sc07,LS37,10,a,7,113,censored_out,,9.5% of pixels at the 16-bit ceiling (tolerance 1%),LS37_s10b_sc07,1,1,0.8783,-0.0205,high,182.0,0,126.0,330.0,0,120.7,0.095307,0.098834,0.095307,exclusion_candidates,0.1386,24.52,24.52,1
LS37_s10a_sc08,LS37,10,a,8,114,excluded,tissue_damaged,manually excluded: tissue too damaged to measure,LS37_s10b_sc08,1,0,,,,,,,,,,,,,,,,,
LS37_s10a_sc09,LS37,10,a,9,115,excluded,tissue_damaged,manually excluded: tissue too damaged to measure,LS37_s10b_sc09,1,0,,,,,,,,,,,,,,,,,
LS37_s10a_sc10,LS37,10,a,10,116,excluded,tissue_damaged,manually excluded: tissue too damaged to measure,LS37_s10b_sc10,1,0,,,,,,,,,,,,,,,,,
LS37_s10a_sc11,LS37,10,a,11,117,excluded,tissue_damaged,manually excluded: tissue too damaged to measure,LS37_s10b_sc11,1,0,,,,,,,,,,,,,,,,,
LS45_s01a_sc00,LS45,1,a,0,1,censored_out,,12.6% of pixels at the 16-bit ceiling (tolerance 1%),,0,0,,,,,,,0.0,0,275.6,0.126269,0.141286,0.126269,,,,,
LS45_s01a_sc01,LS45,1,a,1,2,censored_out,,14.0% of pixels at the 16-bit ceiling (tolerance 1%),LS45_s01b_sc00,1,1,0.8837,-0.0832,high,354.0,0,78.5,349.0,0,79.8,0.139789,0.148796,0.139789,exclusion_candidates,0.1136,3.77,5.65,2
LS45_s01a_sc02,LS45,1,a,2,3,censored_out,,14.2% of pixels at the 16-bit ceiling (tolerance 1%),LS45_s01b_sc01,1,1,0.8541,-0.1681,high,351.0,0,259.7,180.0,0,258.0,0.141625,0.131836,0.141625,exclusion_candidates,0.1105,3.83,5.7,2
LS45_s01a_sc03,LS45,1,a,3,4,censored_out,,14.3% of pixels at the 16-bit ceiling (tolerance 1%),LS45_s01b_sc02,1,1,0.3766,0.0013,low,354.0,0,264.4,302.0,0,355.9,0.143175,0.123195,0.143175,exclusion_candidates,0.3045,3.89,6.39,2
LS45_s01a_sc04,LS45,1,a,4,5,censored_out,,13.3% of pixels at the 16-bit ceiling (tolerance 1%),LS45_s01b_sc03,1,1,0.1777,-0.0081,low,11.0,0,283.0,42.0,0,179.2,0.132788,0.094296,0.132788,exclusion_candidates,0.4555,3.95,7.17,2
LS45_s01a_sc05,LS45,1,a,5,6,censored_out,,14.1% of pixels at the 16-bit ceiling (tolerance 1%),LS45_s01b_sc04,1,1,0.8282,-0.2088,high,177.0,0,275.5,174.0,0,279.4,0.140906,0.09181,0.140906,exclusion_candidates,0.2436,4.67,8.28,2
LS45_s01a_sc06,LS45,1,a,6,7,censored_out,,15.4% of pixels at the 16-bit ceiling (tolerance 1%),LS45_s01b_sc05,1,1,0.7598,-0.1608,high,35.0,0,329.7,236.0,0,324.6,0.154178,0.11686,0.154178,exclusion_candidates,0.1483,4.25,8.41,2
LS45_s01a_sc07,LS45,1,a,7,8,censored_out,,13.7% of pixels at the 16-bit ceiling (tolerance 1%),LS45_s01b_sc06,1,1,0.8198,-0.167,high,246.0,0,9.4,54.0,0,4.1,0.13715,0.061144,0.13715,exclusion_candidates,0.4598,4.55,8.45,2
LS45_s01a_sc08,LS45,1,a,8,9,censored_out,,12.2% of pixels at the 16-bit ceiling (tolerance 1%),LS45_s01b_sc07,1,1,0.7786,-0.1903,high,47.0,0,340.1,236.0,0,336.9,0.122494,0.099828,0.122494,exclusion_candidates,0.4331,9.12,9.12,1
LS45_s01a_sc09,LS45,1,a,9,10,censored_out,,15.5% of pixels at the 16-bit ceiling (tolerance 1%),LS45_s01b_sc08,1,1,0.1801,0.0044,low,11.0,0,170.5,72.0,0,164.0,0.154612,0.007784,0.154612,exclusion_candidates,0.2504,5.77,5.77,1
LS45_s01a_sc10,LS45,1,a,10,11,censored_out,,14.3% of pixels at the 16-bit ceiling (tolerance 1%),LS45_s01b_sc09,1,1,0.3764,-0.0592,low,359.0,0,281.7,197.0,0,284.3,0.143437,0.042978,0.143437,exclusion_candidates,0.1321,10.13,10.13,1
LS45_s01a_sc11,LS45,1,a,11,12,censored_out,,13.6% of pixels at the 16-bit ceiling (tolerance 1%),LS45_s01b_sc10,1,1,0.5168,-0.0534,low,0.0,0,290.1,189.0,0,296.8,0.135704,0.109503,0.135704,exclusion_candidates,0.1292,3.37,4.71,2
LS45_s01a_sc12,LS45,1,a,12,13,censored_out,,13.5% of pixels at the 16-bit ceiling (tolerance 1%),LS45_s01b_sc11,1,1,0.8024,-0.1735,high,56.0,0,1.5,262.0,0,357.2,0.134706,0.135186,0.134706,exclusion_candidates,0.2286,6.94,6.94,1
LS45_s01a_sc13,LS45,1,a,13,14,censored_out,,11.8% of pixels at the 16-bit ceiling (tolerance 1%),LS45_s01b_sc12,1,1,0.3822,0.0008,low,180.0,0,281.3,175.0,0,300.7,0.11763,0.142396,0.11763,exclusion_candidates,0.3101,10.03,10.03,1
LS45_s01a_sc14,LS45,1,a,14,15,censored_out,,13.6% of pixels at the 16-bit ceiling (tolerance 1%),LS45_s01b_sc13,1,1,0.6942,-0.0877,high,282.0,0,51.5,320.0,0,48.1,0.136108,0.164095,0.136108,exclusion_candidates,0.1255,13.83,13.83,1
LS45_s02a_sc00,LS45,2,a,0,16,censored_out,,12.5% of pixels at the 16-bit ceiling (tolerance 1%),LS45_s02b_sc00,1,1,0.8123,-0.1743,high,181.0,0,274.4,192.0,0,273.8,0.125064,0.130608,0.125064,exclusion_candidates,0.1068,10.27,10.27,1
LS45_s02a_sc01,LS45,2,a,1,17,censored_out,,14.3% of pixels at the 16-bit ceiling (tolerance 1%),LS45_s02b_sc01,1,1,0.4123,-0.0064,low,355.0,0,277.0,51.0,0,198.8,0.142764,0.147642,0.142764,exclusion_candidates,0.2523,9.86,9.86,1
LS45_s02a_sc02,LS45,2,a,2,18,censored_out,,15.9% of pixels at the 16-bit ceiling (tolerance 1%),LS45_s02b_sc02,1,1,0.8449,-0.1729,high,248.0,0,7.3,96.0,0,356.7,0.158514,0.114087,0.158514,exclusion_candidates,0.112,5.64,9.72,4
LS45_s02a_sc03,LS45,2,a,3,19,excluded,no_tissue,no tissue piece larger than 0.20 mm2 (threshold 2.5),LS45_s02b_sc03,1,0,,,,,,,,,,,,,reason_string,,0.2,,
LS45_s02a_sc04,LS45,2,a,4,20,excluded,tissue_damaged,manually excluded: tissue too damaged to measure,LS45_s02b_sc04,1,0,,,,,,,,,,,,,,,,,
LS45_s02a_sc05,LS45,2,a,5,21,censored_out,,13.1% of pixels at the 16-bit ceiling (tolerance 1%),LS45_s02b_sc05,1,1,0.6914,-0.0404,high,54.0,0,359.0,225.0,0,2.1,0.131046,0.109634,0.131046,exclusion_candidates,0.1612,7.25,8.32,2
LS45_s02a_sc06,LS45,2,a,6,22,censored_out,,12.7% of pixels at the 16-bit ceiling (tolerance 1%),LS45_s02b_sc06,1,1,0.7545,-0.047,high,169.0,0,270.6,158.0,0,270.8,0.126699,0.11126,0.126699,exclusion_candidates,0.1284,11.55,11.55,1
LS45_s02a_sc07,LS45,2,a,7,23,excluded,no_tissue,no tissue piece larger than 0.30 mm2 (threshold 2.5),LS45_s02b_sc07,1,0,,,,,,,,,,,,,reason_string,,0.3,,
LS45_s02a_sc08,LS45,2,a,8,24,censored_out,,14.2% of pixels at the 16-bit ceiling (tolerance 1%),LS45_s02b_sc08,1,1,0.7258,-0.0813,high,12.0,0,180.5,78.0,0,186.5,0.14214,0.126216,0.14214,exclusion_candidates,0.0775,8.07,9.42,2
LS45_s02a_sc09,LS45,2,a,9,25,censored_out,,16.2% of pixels at the 16-bit ceiling (tolerance 1%),,0,0,,,,,,,0.0,0,140.8,0.162129,0.129077,0.162129,,,,,
LS45_s02a_sc10,LS45,2,a,10,26,censored_out,,14.2% of pixels at the 16-bit ceiling (tolerance 1%),LS45_s02b_sc09,1,1,0.7396,-0.0657,high,199.0,0,184.7,258.0,0,191.9,0.142078,0.146012,0.142078,exclusion_candidates,0.115,7.12,8.41,2
LS45_s02a_sc11,LS45,2,a,11,27,excluded,no_tissue,no tissue piece larger than 0.46 mm2 (threshold 2.5),LS45_s02b_sc10,1,0,,,,,,,,,,,,,reason_string,,0.46,,
LS45_s02a_sc12,LS45,2,a,12,28,censored_out,,11.2% of pixels at the 16-bit ceiling (tolerance 1%),LS45_s02b_sc11,1,1,0.7376,-0.01,high,248.0,0,248.3,281.0,0,22.1,0.111635,0.128002,0.111635,exclusion_candidates,0.3005,11.09,11.09,1
LS45_s02a_sc13,LS45,2,a,13,29,censored_out,,14.6% of pixels at the 16-bit ceiling (tolerance 1%),LS45_s02b_sc12,1,1,0.7572,0.0027,high,203.0,0,188.1,213.0,0,321.5,0.146126,0.131641,0.146126,exclusion_candidates,0.3148,9.36,9.36,1
LS45_s03a_sc00,LS45,3,a,0,30,excluded,out_of_focus,"no resolvable nuclear detail (focus 0.060, threshold 0.070)",LS45_s03b_sc00,1,0,,,,,,,,,,,,,reason_string,0.06,,,
LS45_s03a_sc01,LS45,3,a,1,31,analysis_set,,,LS45_s03b_sc01,1,1,0.7762,-0.0613,high,6.0,0,283.6,342.0,0,290.0,0.0,0.0,0.0,exclusion_candidates,0.0966,9.1,9.1,1
LS45_s03a_sc02,LS45,3,a,2,32,analysis_set,,,LS45_s03b_sc02,1,1,0.711,-0.1288,high,36.0,0,85.8,11.0,0,87.4,6.9e-05,7.8e-05,6.9e-05,exclusion_candidates,0.1108,11.15,11.15,1
LS45_s03a_sc03,LS45,3,a,3,33,analysis_set,,,LS45_s03b_sc03,1,1,0.5957,-0.0511,high,90.0,0,165.0,255.0,0,166.1,0.000108,0.000118,0.000108,exclusion_candidates,0.1165,14.01,14.01,1
LS45_s03a_sc04,LS45,3,a,4,34,analysis_set,,,LS45_s03b_sc04,1,1,0.7383,-0.1054,high,130.0,0,217.5,315.0,0,218.7,0.0,0.0,0.0,exclusion_candidates,0.2644,13.28,13.28,1
LS45_s03a_sc05,LS45,3,a,5,35,analysis_set,,,LS45_s03b_sc05,1,1,0.7136,-0.1257,high,172.0,0,264.1,340.0,0,265.9,4.5e-05,5e-05,4.5e-05,exclusion_candidates,0.2155,17.19,17.19,1
LS45_s03a_sc06,LS45,3,a,6,36,analysis_set,,,LS45_s03b_sc06,1,1,0.6876,-0.0245,high,54.0,0,105.3,195.0,0,117.5,0.00015,0.000174,0.00015,exclusion_candidates,0.1527,22.82,22.82,1
LS45_s03a_sc07,LS45,3,a,7,37,analysis_set,,,LS45_s03b_sc07,1,1,0.7816,-0.0942,high,179.0,0,279.3,173.0,0,276.8,3.3e-05,4.8e-05,3.3e-05,exclusion_candidates,0.1073,20.28,20.28,1
LS45_s03a_sc08,LS45,3,a,8,38,analysis_set,,,LS45_s03b_sc08,1,1,0.8609,-0.0442,high,176.0,0,277.4,345.0,0,278.1,0.0,0.0,0.0,exclusion_candidates,0.216,19.77,19.77,1
LS45_s03a_sc09,LS45,3,a,9,39,analysis_set,,,LS45_s03b_sc09,1,1,0.88,-0.0562,high,110.0,0,76.5,331.0,0,76.2,0.003399,0.004,0.003399,exclusion_candidates,0.1378,24.92,24.92,1
LS45_s03a_sc10,LS45,3,a,10,40,analysis_set,,,LS45_s03b_sc10,1,1,0.5784,-0.0039,high,232.0,0,13.8,77.0,0,6.8,6.5e-05,7.2e-05,6.5e-05,exclusion_candidates,0.1142,26.29,26.29,1
LS45_s03a_sc11,LS45,3,a,11,41,excluded,out_of_focus,"no resolvable nuclear detail (focus 0.052, threshold 0.070)",LS45_s03b_sc11,1,0,,,,,,,,,,,,,reason_string,0.052,,,
LS45_s03a_sc12,LS45,3,a,12,42,analysis_set,,,LS45_s03b_sc12,1,1,0.644,-0.0153,high,135.0,0,226.8,340.0,0,230.0,7.3e-05,8.1e-05,7.3e-05,exclusion_candidates,0.118,28.48,28.48,1
LS45_s03a_sc13,LS45,3,a,13,43,analysis_set,,,LS45_s03b_sc13,1,1,0.865,0.0211,high,202.0,0,180.1,96.0,0,179.6,0.000128,0.000155,0.000128,exclusion_candidates,0.113,38.39,38.39,1
LS45_s04a_sc00,LS45,4,a,0,44,analysis_set,,,LS45_s04b_sc00,1,1,0.8786,-0.0308,high,235.0,0,356.5,227.0,0,357.2,0.00094,0.001192,0.00094,exclusion_candidates,0.2847,30.4,30.4,1
LS45_s04a_sc01,LS45,4,a,1,45,excluded,tissue_damaged,manually excluded: tissue too damaged to measure,LS45_s04b_sc01,1,0,,,,,,,,,,,,,,,,,
LS45_s04a_sc02,LS45,4,a,2,46,excluded,tissue_damaged,manually excluded: tissue too damaged to measure,LS45_s04b_sc02,1,0,,,,,,,,,,,,,,,,,
LS45_s04a_sc03,LS45,4,a,3,47,analysis_set,,,LS45_s04b_sc03,1,1,0.625,0.0204,high,185.0,0,286.6,184.0,0,312.8,1.3e-05,1.6e-05,1.3e-05,exclusion_candidates,0.2538,26.56,26.56,1
LS45_s04a_sc04,LS45,4,a,4,48,analysis_set,,,LS45_s04b_sc04,1,1,0.8307,-0.0521,high,359.0,0,294.4,4.0,0,293.2,1e-06,1e-06,1e-06,exclusion_candidates,0.2602,27.32,27.32,1
LS45_s04a_sc05,LS45,4,a,5,49,analysis_set,,,LS45_s04b_sc05,1,1,0.6014,-0.0002,high,152.0,0,252.6,168.0,0,238.7,3.5e-05,3.9e-05,3.5e-05,exclusion_candidates,0.2187,23.62,23.62,1
LS45_s04a_sc06,LS45,4,a,6,50,analysis_set,,,LS45_s04b_sc06,1,1,0.9204,-0.0575,high,187.0,0,290.8,162.0,0,292.8,0.000149,0.000182,0.000149,exclusion_candidates,0.327,31.64,31.64,1
LS45_s04a_sc07,LS45,4,a,7,51,excluded,tissue_damaged,manually excluded: tissue too damaged to measure,LS45_s04b_sc07,1,0,,,,,,,,,,,,,,,,,
LS45_s04a_sc08,LS45,4,a,8,52,analysis_set,,,LS45_s04b_sc08,1,1,0.9047,-0.0243,high,1.0,0,271.6,344.0,0,278.8,6.7e-05,7.9e-05,6.7e-05,exclusion_candidates,0.2669,32.45,32.45,1
LS45_s04a_sc09,LS45,4,a,9,53,analysis_set,,,LS45_s04b_sc09,1,1,0.7175,-0.0219,high,3.0,0,284.8,85.0,0,336.8,0.0,0.0,0.0,exclusion_candidates,0.2975,30.68,30.68,1
LS45_s04a_sc10,LS45,4,a,10,54,excluded,tissue_damaged,manually excluded: tissue too damaged to measure,LS45_s04b_sc10,1,0,,,,,,,,,,,,,,,,,
LS45_s04a_sc11,LS45,4,a,11,55,excluded,no_tissue,no tissue piece larger than 2.03 mm2 (threshold 2.5),LS45_s04b_sc11,1,0,,,,,,,,,,,,,reason_string,,2.03,,
LS45_s04a_sc12,LS45,4,a,12,56,excluded,no_tissue,no tissue piece larger than 1.15 mm2 (threshold 2.5),LS45_s04b_sc12,1,0,,,,,,,,,,,,,reason_string,,1.15,,
LS45_s05a_sc00,LS45,5,a,0,57,analysis_set,,,LS45_s05b_sc00,1,1,0.8313,0.0383,high,75.0,0,9.8,244.0,0,141.8,0.0,0.0,0.0,exclusion_candidates,0.2698,39.92,39.92,1
LS45_s05a_sc01,LS45,5,a,1,58,analysis_set,,,LS45_s05b_sc01,1,1,0.8947,-0.0067,high,69.0,0,9.1,275.0,0,2.9,8e-06,1e-05,8e-06,exclusion_candidates,0.1269,38.51,38.51,1
LS45_s05a_sc02,LS45,5,a,2,59,analysis_set,,,LS45_s05b_sc02,1,1,0.8763,-0.0003,high,297.0,0,65.2,148.0,0,65.5,9e-06,1.2e-05,9e-06,exclusion_candidates,0.3607,38.62,38.62,1
LS45_s05a_sc03,LS45,5,a,3,60,analysis_set,,,LS45_s05b_sc03,1,1,0.5237,-0.0073,low,16.0,0,305.5,334.0,0,96.7,4.5e-05,5.4e-05,4.5e-05,exclusion_candidates,0.2577,41.93,41.93,1
LS45_s05a_sc04,LS45,5,a,4,61,excluded,tissue_damaged,manually excluded: tissue too damaged to measure,LS45_s05b_sc04,1,0,,,,,,,,,,,,,,,,,
LS45_s05a_sc05,LS45,5,a,5,62,analysis_set,,,LS45_s05b_sc05,1,1,0.9241,-0.0049,high,300.0,0,210.5,297.0,0,211.1,0.000449,0.000564,0.000449,exclusion_candidates,0.2772,42.46,42.46,1
LS45_s05a_sc06,LS45,5,a,6,63,excluded,tissue_damaged,manually excluded: tissue too damaged to measure,LS45_s05b_sc06,1,0,,,,,,,,,,,,,,,,,
LS45_s05a_sc07,LS45,5,a,7,64,excluded,tissue_damaged,manually excluded: tissue too damaged to measure,LS45_s05b_sc07,1,0,,,,,,,,,,,,,,,,,
LS45_s05a_sc08,LS45,5,a,8,65,excluded,tissue_damaged,manually excluded: tissue too damaged to measure,LS45_s05b_sc08,1,0,,,,,,,,,,,,,,,,,
LS45_s05a_sc09,LS45,5,a,9,66,excluded,tissue_damaged,manually excluded: tissue too damaged to measure,LS45_s05b_sc09,1,0,,,,,,,,,,,,,,,,,
LS45_s06a_sc00,LS45,6,a,0,67,excluded,tissue_damaged,manually excluded: tissue too damaged to measure,LS45_s06b_sc00,1,0,,,,,,,,,,,,,,,,,
LS45_s06a_sc01,LS45,6,a,1,68,analysis_set,,,LS45_s06b_sc01,1,1,0.9524,-0.0066,high,24.0,0,315.4,108.0,0,44.9,0.000128,0.000149,0.000128,exclusion_candidates,0.1171,46.41,46.41,1
LS45_s06a_sc02,LS45,6,a,2,69,analysis_set,,,LS45_s06b_sc02,1,1,0.8899,-0.0112,high,208.0,0,319.7,31.0,0,318.9,0.003121,0.003553,0.003121,exclusion_candidates,0.2952,46.39,46.39,1
LS45_s06a_sc03,LS45,6,a,3,70,analysis_set,,,LS45_s06b_sc03,1,1,0.5179,0.0022,low,96.0,0,49.8,290.0,0,267.1,7.6e-05,0.000111,7.6e-05,exclusion_candidates,0.2526,49.18,49.18,1
LS45_s06a_sc04,LS45,6,a,4,71,analysis_set,,,LS45_s06b_sc04,1,1,0.9066,-0.0003,high,6.0,0,172.5,228.0,0,169.6,0.000282,0.000348,0.000282,exclusion_candidates,0.3068,43.37,43.37,1
LS45_s06a_sc05,LS45,6,a,5,72,analysis_set,,,LS45_s06b_sc05,1,1,0.8364,-0.0336,high,246.0,0,250.5,158.0,0,248.7,0.000389,0.000586,0.000389,exclusion_candidates,0.288,38.46,38.46,1
LS45_s06a_sc06,LS45,6,a,6,73,analysis_set,,,LS45_s06b_sc06,1,1,0.8632,0.0007,high,105.0,0,54.3,267.0,0,150.1,0.001942,0.002619,0.001942,exclusion_candidates,0.2679,41.47,41.47,1
LS45_s06a_sc07,LS45,6,a,7,74,excluded,tissue_damaged,manually excluded: tissue too damaged to measure,LS45_s06b_sc07,1,0,,,,,,,,,,,,,,,,,
LS45_s06a_sc08,LS45,6,a,8,75,excluded,tissue_damaged,manually excluded: tissue too damaged to measure,LS45_s06b_sc08,1,0,,,,,,,,,,,,,,,,,
LS45_s06a_sc09,LS45,6,a,9,76,analysis_set,,,LS45_s06b_sc09,1,1,0.9696,-0.025,high,1.0,0,287.9,331.0,0,284.6,0.000109,0.000145,0.000109,exclusion_candidates,0.308,43.22,43.22,1
LS45_s07a_sc00,LS45,7,a,0,77,analysis_set,,,LS45_s07b_sc00,1,1,0.7459,0.0104,high,215.0,0,335.5,232.0,0,155.1,2e-05,2.4e-05,2e-05,exclusion_candidates,0.3113,35.06,35.06,1
LS45_s07a_sc01,LS45,7,a,1,78,analysis_set,,,LS45_s07b_sc01,1,1,0.9177,-0.0105,high,50.0,0,346.5,189.0,0,345.7,0.000126,0.000146,0.000126,exclusion_candidates,0.1223,43.09,43.09,1
LS45_s07a_sc02,LS45,7,a,2,79,excluded,tissue_damaged,manually excluded: tissue too damaged to measure,LS45_s07b_sc02,1,0,,,,,,,,,,,,,,,,,
LS45_s07a_sc03,LS45,7,a,3,80,excluded,tissue_damaged,manually excluded: tissue too damaged to measure,LS45_s07b_sc03,1,0,,,,,,,,,,,,,,,,,
LS45_s07a_sc04,LS45,7,a,4,81,excluded,tissue_damaged,manually excluded: tissue too damaged to measure,LS45_s07b_sc05,1,0,,,,,,,,,,,,,,,,,
LS45_s07a_sc05,LS45,7,a,5,82,excluded,out_of_focus,"no resolvable nuclear detail (focus 0.067, threshold 0.070)",LS45_s07b_sc06,1,0,,,,,,,,,,,,,reason_string,0.067,,,
LS45_s07a_sc06,LS45,7,a,6,83,excluded,tissue_damaged,manually excluded: tissue too damaged to measure,LS45_s07b_sc07,1,0,,,,,,,,,,,,,,,,,
LS45_s07a_sc07,LS45,7,a,7,84,excluded,tissue_damaged,manually excluded: tissue too damaged to measure,LS45_s07b_sc08,1,0,,,,,,,,,,,,,,,,,
LS45_s07a_sc08,LS45,7,a,8,85,excluded,out_of_focus,"no resolvable nuclear detail (focus 0.034, threshold 0.070)",LS45_s07b_sc09,1,0,,,,,,,,,,,,,reason_string,0.034,,,
LS45_s08a_sc00,LS45,8,a,0,86,excluded,tissue_damaged,manually excluded: tissue too damaged to measure,LS45_s08b_sc00,1,0,,,,,,,,,,,,,,,,,
LS45_s08a_sc01,LS45,8,a,1,87,analysis_set,,,LS45_s08b_sc01,1,1,0.8447,0.0069,high,280.0,0,54.5,285.0,0,255.1,0.0,0.0,0.0,exclusion_candidates,0.3431,29.51,29.51,1
LS45_s08a_sc02,LS45,8,a,2,88,analysis_set,,,LS45_s08b_sc03,1,1,0.7755,0.0001,high,64.0,0,3.9,67.0,0,208.2,0.0,0.0,0.0,exclusion_candidates,0.3602,30.49,30.49,1
LS45_s08a_sc03,LS45,8,a,3,89,analysis_set,,,LS45_s08b_sc04,1,1,0.9397,-0.0969,high,300.0,0,69.5,132.0,0,71.1,0.0,0.0,0.0,exclusion_candidates,0.142,28.89,28.89,1
LS45_s08a_sc04,LS45,8,a,4,90,analysis_set,,,LS45_s08b_sc05,1,1,0.8505,-0.0573,high,32.0,0,186.1,254.0,0,191.7,0.0,0.0,0.0,exclusion_candidates,0.2685,27.8,27.8,1
LS45_s08a_sc05,LS45,8,a,5,91,analysis_set,,,LS45_s08b_sc06,1,1,0.7911,0.004,high,67.0,0,242.9,142.0,0,254.2,0.0,0.0,0.0,exclusion_candidates,0.1056,23.43,23.43,1
LS45_s08a_sc06,LS45,8,a,6,92,excluded,tissue_damaged,manually excluded: tissue too damaged to measure,LS45_s08b_sc07,1,0,,,,,,,,,,,,,,,,,
LS45_s08a_sc07,LS45,8,a,7,93,analysis_set,,,LS45_s08b_sc08,1,1,0.7194,-0.0024,high,91.0,0,273.7,104.0,0,223.0,2.3e-05,2.6e-05,2.3e-05,exclusion_candidates,0.3001,24.88,24.88,1
LS45_s08a_sc08,LS45,8,a,8,94,excluded,tissue_damaged,manually excluded: tissue too damaged to measure,LS45_s08b_sc09,1,0,,,,,,,,,,,,,,,,,
LS45_s08a_sc09,LS45,8,a,9,95,excluded,tissue_damaged,manually excluded: tissue too damaged to measure,LS45_s08b_sc11,1,0,,,,,,,,,,,,,,,,,
LS45_s09a_sc00,LS45,9,a,0,96,analysis_set,,,,0,0,,,,,,,0.0,0,351.7,0.0,0.0,0.0,,,,,
LS45_s09a_sc01,LS45,9,a,1,97,excluded,no_tissue,no tissue piece larger than 1.73 mm2 (threshold 2.5),LS45_s09b_sc00,1,0,,,,,,,,,,,,,reason_string,,1.73,,
LS45_s09a_sc02,LS45,9,a,2,98,analysis_set,,,LS45_s09b_sc01,1,1,0.7135,0.0041,high,291.0,0,295.7,122.0,0,104.0,4.7e-05,5.4e-05,4.7e-05,exclusion_candidates,0.2939,22.46,22.46,1
LS45_s09a_sc03,LS45,9,a,3,99,analysis_set,,,LS45_s09b_sc02,1,1,0.8415,-0.0134,high,336.0,0,356.8,343.0,0,342.8,0.0,0.0,0.0,exclusion_candidates,0.2819,23.2,23.2,1
LS45_s09a_sc04,LS45,9,a,4,100,analysis_set,,,LS45_s09b_sc03,1,1,0.859,-0.016,high,304.0,0,321.4,299.0,0,319.2,0.0,0.0,0.0,exclusion_candidates,0.2015,23.3,23.3,1
LS45_s09a_sc05,LS45,9,a,5,101,analysis_set,,,LS45_s09b_sc04,1,1,0.8825,0.0147,high,70.0,0,266.3,75.0,0,266.9,0.0,0.0,0.0,exclusion_candidates,0.2616,25.17,25.17,1
LS45_s09a_sc06,LS45,9,a,6,102,analysis_set,,,LS45_s09b_sc05,1,1,0.7014,-0.0095,high,128.0,0,161.1,150.0,0,183.2,0.0,0.0,0.0,exclusion_candidates,0.2123,23.7,23.7,1
LS45_s09a_sc07,LS45,9,a,7,103,analysis_set,,,LS45_s09b_sc06,1,1,0.8865,-0.0316,high,100.0,0,113.1,107.0,0,117.2,0.0,0.0,0.0,exclusion_candidates,0.3158,24.77,24.77,1
LS45_s09a_sc08,LS45,9,a,8,104,excluded,tissue_damaged,manually excluded: tissue too damaged to measure,LS45_s09b_sc07,1,0,,,,,,,,,,,,,,,,,
LS45_s09a_sc09,LS45,9,a,9,105,analysis_set,,,LS45_s09b_sc08,1,1,0.7784,-0.025,high,118.0,0,315.2,116.0,0,135.6,0.0,0.0,0.0,exclusion_candidates,0.1381,17.86,17.86,1
LS45_s09a_sc10,LS45,9,a,10,106,excluded,tissue_damaged,manually excluded: tissue too damaged to measure,LS45_s09b_sc09,1,0,,,,,,,,,,,,,,,,,
LS45_s09a_sc11,LS45,9,a,11,107,analysis_set,,,LS45_s09b_sc10,1,1,0.5092,-0.0054,low,80.0,0,278.0,76.0,0,280.3,0.0,0.0,0.0,exclusion_candidates,0.1289,15.57,15.57,1
LS45_s10a_sc00,LS45,10,a,0,108,analysis_set,,,LS45_s10b_sc00,1,1,0.9026,-0.041,high,270.0,0,285.8,270.0,0,282.7,2.5e-05,3.1e-05,2.5e-05,exclusion_candidates,0.104,23.65,23.65,1
LS45_s10a_sc01,LS45,10,a,1,109,excluded,tissue_damaged,manually excluded: tissue too damaged to measure,LS45_s10b_sc01,1,0,,,,,,,,,,,,,,,,,
LS45_s10a_sc02,LS45,10,a,2,110,analysis_set,,,LS45_s10b_sc02,1,1,0.8572,-0.0495,high,162.0,0,14.6,9.0,0,16.5,0.0,0.0,0.0,exclusion_candidates,0.3377,33.88,33.88,1
LS45_s10a_sc03,LS45,10,a,3,111,analysis_set,,,LS45_s10b_sc03,1,1,0.4131,-0.0094,low,324.0,0,333.5,307.0,0,47.1,0.0,0.0,0.0,exclusion_candidates,0.1325,21.76,21.76,1
LS45_s10a_sc04,LS45,10,a,4,112,excluded,tissue_damaged,manually excluded: tissue too damaged to measure,LS45_s10b_sc04,1,0,,,,,,,,,,,,,,,,,
LS45_s10a_sc05,LS45,10,a,5,113,analysis_set,,,LS45_s10b_sc05,1,1,0.5791,-0.0008,high,296.0,0,313.6,249.0,0,79.1,0.0,0.0,0.0,exclusion_candidates,0.1205,8.77,14.99,2
LS45_s10a_sc06,LS45,10,a,6,114,analysis_set,,,LS45_s10b_sc06,1,1,0.7291,-0.0129,high,268.0,0,271.6,99.0,0,78.1,2.3e-05,2.6e-05,2.3e-05,exclusion_candidates,0.3401,23.32,23.32,1
LS45_s10a_sc07,LS45,10,a,7,115,analysis_set,,,LS45_s10b_sc07,1,1,0.8118,-0.074,high,249.0,0,254.6,64.0,0,256.6,0.0,0.0,0.0,exclusion_candidates,0.3215,10.14,19.34,2
LS45_s10a_sc08,LS45,10,a,8,116,analysis_set,,,LS45_s10b_sc08,1,1,0.7651,-0.1233,high,77.0,0,260.0,249.0,0,262.2,0.0,0.0,0.0,exclusion_candidates,0.0986,5.58,10.93,2
LS45_s10a_sc09,LS45,10,a,9,117,excluded,tissue_damaged,manually excluded: tissue too damaged to measure,LS45_s10b_sc09,1,0,,,,,,,,,,,,,,,,,
LS53_s02b_sc00,LS53,2,b,0,1,censored_out,,12.7% of pixels at the 16-bit ceiling (tolerance 1%),LS53_s02c_sc00,1,1,0.5041,-0.0843,low,79.0,0,25.3,88.0,0,354.4,0.127353,0.148528,0.127353,exclusion_candidates,0.2236,7.01,8.47,2
LS53_s02b_sc01,LS53,2,b,1,2,censored_out,,14.8% of pixels at the 16-bit ceiling (tolerance 1%),LS53_s02c_sc01,1,1,0.7246,-0.0882,high,183.0,0,266.5,15.0,0,267.3,0.14839,0.169621,0.14839,exclusion_candidates,0.2238,7.1,7.1,1
LS53_s02b_sc02,LS53,2,b,2,3,excluded,tissue_damaged,manually excluded: tissue too damaged to measure,LS53_s02c_sc02,1,0,,,,,,,,,,,,,,,,,
LS53_s02b_sc03,LS53,2,b,3,4,censored_out,,10.2% of pixels at the 16-bit ceiling (tolerance 1%),LS53_s02c_sc03,1,1,0.6112,-0.0141,high,353.0,0,250.7,314.0,0,209.8,0.101815,0.134203,0.101815,exclusion_candidates,0.3139,7.19,8.27,2
LS53_s02b_sc04,LS53,2,b,4,5,censored_out,,14.0% of pixels at the 16-bit ceiling (tolerance 1%),LS53_s02c_sc04,1,1,0.4681,-0.0017,low,10.0,0,125.4,33.0,0,113.4,0.140218,0.140117,0.140218,exclusion_candidates,0.1319,6.04,7.15,2
LS53_s02b_sc05,LS53,2,b,5,6,excluded,no_tissue,no tissue piece larger than 1.27 mm2 (threshold 2.5),LS53_s02c_sc05,1,0,,,,,,,,,,,,,reason_string,,1.27,,
LS53_s02b_sc06,LS53,2,b,6,7,excluded,tissue_damaged,manually excluded: tissue too damaged to measure,LS53_s02c_sc06,1,0,,,,,,,,,,,,,,,,,
LS53_s02b_sc07,LS53,2,b,7,8,excluded,no_tissue,no tissue piece larger than 0.54 mm2 (threshold 2.5),LS53_s02c_sc07,1,0,,,,,,,,,,,,,reason_string,,0.54,,
LS53_s02b_sc08,LS53,2,b,8,9,excluded,no_tissue,no tissue piece larger than 1.15 mm2 (threshold 2.5),LS53_s02c_sc08,1,0,,,,,,,,,,,,,reason_string,,1.15,,
LS53_s02b_sc09,LS53,2,b,9,10,excluded,no_tissue,no tissue piece larger than 0.68 mm2 (threshold 2.5),LS53_s02c_sc09,1,0,,,,,,,,,,,,,reason_string,,0.68,,
LS53_s02b_sc10,LS53,2,b,10,11,excluded,no_tissue,no tissue piece larger than 0.92 mm2 (threshold 2.5),LS53_s02c_sc10,1,0,,,,,,,,,,,,,reason_string,,0.92,,
LS53_s02b_sc11,LS53,2,b,11,12,excluded,tissue_damaged,manually excluded: tissue too damaged to measure,LS53_s02c_sc11,1,0,,,,,,,,,,,,,,,,,
LS53_s05b_sc00,LS53,5,b,0,13,censored_out,,8.3% of pixels at the 16-bit ceiling (tolerance 1%),LS53_s05c_sc00,1,1,0.9094,-0.0088,high,10.0,0,287.4,231.0,0,152.2,0.083492,0.100246,0.083492,exclusion_candidates,0.0952,38.99,38.99,1
LS53_s05b_sc01,LS53,5,b,1,14,censored_out,,8.3% of pixels at the 16-bit ceiling (tolerance 1%),LS53_s05c_sc01,1,1,0.9584,-0.055,high,12.0,0,292.0,287.0,0,291.7,0.082529,0.098338,0.082529,exclusion_candidates,0.0928,38.82,38.82,1
LS53_s05b_sc02,LS53,5,b,2,15,censored_out,,10.0% of pixels at the 16-bit ceiling (tolerance 1%),LS53_s05c_sc02,1,1,0.9176,-0.035,high,1.0,0,277.5,114.0,0,277.3,0.100014,0.110363,0.100014,exclusion_candidates,0.28,40.75,40.75,1
LS53_s05b_sc03,LS53,5,b,3,16,censored_out,,10.1% of pixels at the 16-bit ceiling (tolerance 1%),LS53_s05c_sc03,1,1,0.5087,0.0109,low,1.0,0,266.5,203.0,0,270.3,0.101131,0.117538,0.101131,exclusion_candidates,0.1211,38.21,38.21,1
LS53_s05b_sc04,LS53,5,b,4,17,censored_out,,8.2% of pixels at the 16-bit ceiling (tolerance 1%),LS53_s05c_sc04,1,1,0.922,-0.0268,high,175.0,0,265.4,264.0,0,261.1,0.081834,0.091402,0.081834,exclusion_candidates,0.277,45.68,45.68,1
LS53_s05b_sc05,LS53,5,b,5,18,censored_out,,9.6% of pixels at the 16-bit ceiling (tolerance 1%),LS53_s05c_sc05,1,1,0.9507,-0.0126,high,178.0,0,272.1,343.0,0,269.3,0.095565,0.115956,0.095565,exclusion_candidates,0.1222,42.04,42.04,1
LS53_s05b_sc06,LS53,5,b,6,19,censored_out,,9.8% of pixels at the 16-bit ceiling (tolerance 1%),LS53_s05c_sc06,1,1,0.5884,0.0021,high,2.0,0,269.0,5.0,0,259.3,0.098354,0.112931,0.098354,exclusion_candidates,0.1316,41.22,41.22,1
LS53_s05b_sc07,LS53,5,b,7,20,censored_out,,9.1% of pixels at the 16-bit ceiling (tolerance 1%),LS53_s05c_sc07,1,1,0.6268,-0.0105,high,1.0,0,289.4,294.0,0,90.1,0.09105,0.101887,0.09105,exclusion_candidates,0.1432,44.63,44.63,1
LS53_s05b_sc08,LS53,5,b,8,21,censored_out,,7.3% of pixels at the 16-bit ceiling (tolerance 1%),LS53_s05c_sc08,1,1,0.9404,-0.0336,high,349.0,0,267.7,115.0,0,268.6,0.072918,0.082531,0.072918,exclusion_candidates,0.2832,46.01,46.01,1
LS61_s01a_sc00,LS61,1,a,0,1,excluded,no_tissue,no tissue piece larger than 1.40 mm2 (threshold 2.5),LS61_s01b_sc00,1,0,,,,,,,,,,,,,reason_string,,1.4,,
LS61_s01a_sc01,LS61,1,a,1,2,excluded,tissue_damaged,manually excluded: tissue too damaged to measure,LS61_s01b_sc02,1,0,,,,,,,,,,,,,,,,,
LS61_s01a_sc02,LS61,1,a,2,3,analysis_set,,,LS61_s01b_sc03,1,1,0.3633,0.0,low,189.0,0,210.3,50.0,0,243.2,1.1e-05,1.4e-05,1.1e-05,exclusion_candidates,0.5107,4.98,5.68,2
LS61_s01a_sc03,LS61,1,a,3,4,analysis_set,,,,0,0,,,,,,,0.0,0,79.8,0.0,0.0,0.0,,,,,
LS61_s01a_sc04,LS61,1,a,4,5,excluded,no_tissue,no tissue piece larger than 0.93 mm2 (threshold 2.5),LS61_s01b_sc05,1,0,,,,,,,,,,,,,reason_string,,0.93,,
LS61_s01a_sc05,LS61,1,a,5,6,analysis_set,,,,0,0,,,,,,,0.0,0,122.9,0.000144,0.000146,0.000144,,,,,
LS61_s01a_sc06,LS61,1,a,6,7,analysis_set,,,LS61_s01b_sc07,1,1,0.567,-0.0131,high,2.0,0,118.0,27.0,0,330.2,0.000111,0.000146,0.000111,exclusion_candidates,0.3719,6.58,6.58,1
LS61_s01a_sc07,LS61,1,a,7,8,analysis_set,,,,0,0,,,,,,,0.0,0,141.7,0.0,0.0,0.0,,,,,
LS61_s01a_sc08,LS61,1,a,8,9,excluded,tissue_damaged,manually excluded: tissue too damaged to measure,LS61_s01b_sc08,1,0,,,,,,,,,,,,,,,,,
LS61_s01a_sc09,LS61,1,a,9,10,analysis_set,,,LS61_s01b_sc09,1,1,0.4707,0.0216,low,215.0,0,301.4,54.0,0,198.9,0.000355,0.00047,0.000355,exclusion_candidates,0.4182,4.95,9.71,4
LS61_s01a_sc10,LS61,1,a,10,11,excluded,tissue_damaged,manually excluded: tissue too damaged to measure,LS61_s01b_sc10,1,0,,,,,,,,,,,,,,,,,
LS61_s01a_sc11,LS61,1,a,11,12,analysis_set,,,LS61_s01b_sc11,1,1,0.3508,-0.0448,low,68.0,0,219.6,175.0,0,198.0,0.000379,0.000496,0.000379,exclusion_candidates,0.4223,4.91,7.23,4
LS61_s01a_sc12,LS61,1,a,12,13,excluded,no_tissue,no tissue piece larger than 1.19 mm2 (threshold 2.5),LS61_s01b_sc12,1,0,,,,,,,,,,,,,reason_string,,1.19,,
LS61_s01a_sc13,LS61,1,a,13,14,excluded,no_tissue,no tissue piece larger than 1.28 mm2 (threshold 2.5),LS61_s01b_sc13,1,0,,,,,,,,,,,,,reason_string,,1.28,,
LS61_s01a_sc14,LS61,1,a,14,15,excluded,no_tissue,no tissue piece larger than 1.52 mm2 (threshold 2.5),LS61_s01b_sc14,1,0,,,,,,,,,,,,,reason_string,,1.52,,
LS61_s02a_sc00,LS61,2,a,0,16,excluded,tissue_damaged,manually excluded: tissue too damaged to measure,LS61_s02b_sc00,1,0,,,,,,,,,,,,,,,,,
LS61_s02a_sc01,LS61,2,a,1,17,analysis_set,,,LS61_s02b_sc01,1,1,0.8085,-0.1795,high,26.0,0,161.6,34.0,0,160.1,0.000231,0.000248,0.000231,exclusion_candidates,0.2774,13.45,13.45,1
LS61_s02a_sc02,LS61,2,a,2,18,excluded,no_tissue,no tissue piece larger than 2.16 mm2 (threshold 2.5),LS61_s02b_sc02,1,0,,,,,,,,,,,,,reason_string,,2.16,,
LS61_s02a_sc03,LS61,2,a,3,19,analysis_set,,,LS61_s02b_sc03,1,1,0.7101,-0.1469,high,52.0,0,209.3,48.0,0,206.6,0.000389,0.000453,0.000389,exclusion_candidates,0.377,4.96,10.51,4
LS61_s02a_sc04,LS61,2,a,4,20,excluded,tissue_damaged,manually excluded: tissue too damaged to measure,LS61_s02b_sc06,1,0,,,,,,,,,,,,,,,,,
LS61_s02a_sc05,LS61,2,a,5,21,analysis_set,,,LS61_s02b_sc08,1,1,0.6674,-0.1067,high,31.0,0,205.3,155.0,0,205.7,0.000212,0.000267,0.000212,exclusion_candidates,0.2299,8.76,10.84,2
LS61_s02a_sc06,LS61,2,a,6,22,excluded,tissue_damaged,manually excluded: tissue too damaged to measure,LS61_s02b_sc09,1,0,,,,,,,,,,,,,,,,,
LS61_s02a_sc07,LS61,2,a,7,23,excluded,tissue_damaged,manually excluded: tissue too damaged to measure,LS61_s02b_sc10,1,0,,,,,,,,,,,,,,,,,
LS61_s02a_sc08,LS61,2,a,8,24,excluded,tissue_damaged,manually excluded: tissue too damaged to measure,LS61_s02b_sc11,1,0,,,,,,,,,,,,,,,,,
LS61_s02a_sc09,LS61,2,a,9,25,excluded,tissue_damaged,manually excluded: tissue too damaged to measure,LS61_s02b_sc12,1,0,,,,,,,,,,,,,,,,,
LS61_s02a_sc10,LS61,2,a,10,26,excluded,tissue_damaged,manually excluded: tissue too damaged to measure,LS61_s02b_sc13,1,0,,,,,,,,,,,,,,,,,
LS61_s02a_sc11,LS61,2,a,11,27,excluded,no_tissue,no tissue piece larger than 0.98 mm2 (threshold 2.5),LS61_s02b_sc14,1,0,,,,,,,,,,,,,reason_string,,0.98,,
LS61_s03a_sc00,LS61,3,a,0,28,analysis_set,,,LS61_s03b_sc00,1,1,0.7817,-0.0779,high,182.0,0,143.3,347.0,0,140.2,0.000244,0.000283,0.000244,exclusion_candidates,0.1241,11.13,11.13,1
LS61_s03a_sc01,LS61,3,a,1,29,analysis_set,,,LS61_s03b_sc01,1,1,0.6689,-0.0576,high,348.0,0,128.4,112.0,0,126.8,0.0,0.0,0.0,exclusion_candidates,0.1151,10.18,10.18,1
LS61_s03a_sc02,LS61,3,a,2,30,excluded,tissue_damaged,manually excluded: tissue too damaged to measure,LS61_s03b_sc02,1,0,,,,,,,,,,,,,,,,,
LS61_s03a_sc03,LS61,3,a,3,31,analysis_set,,,LS61_s03b_sc03,1,1,0.6148,-0.0061,high,34.0,0,56.9,7.0,0,60.8,0.000172,0.000201,0.000172,exclusion_candidates,0.1239,12.63,12.63,1
LS61_s03a_sc04,LS61,3,a,4,32,excluded,tissue_damaged,manually excluded: tissue too damaged to measure,LS61_s03b_sc04,1,0,,,,,,,,,,,,,,,,,
LS61_s03a_sc05,LS61,3,a,5,33,analysis_set,,,LS61_s03b_sc05,1,1,0.4588,-0.0023,low,44.0,0,74.8,203.0,0,247.9,8.2e-05,9.9e-05,8.2e-05,exclusion_candidates,0.3347,15.59,15.59,1
LS61_s03a_sc06,LS61,3,a,6,34,analysis_set,,,LS61_s03b_sc06,1,1,0.9204,-0.1184,high,177.0,0,265.8,242.0,0,258.7,0.000116,0.00015,0.000116,exclusion_candidates,0.1339,18.07,18.07,1
LS61_s03a_sc07,LS61,3,a,7,35,analysis_set,,,LS61_s03b_sc07,1,1,0.862,-0.0638,high,145.0,0,216.3,173.0,0,213.9,0.000497,0.00067,0.000497,exclusion_candidates,0.1544,18.36,18.36,1
LS61_s03a_sc08,LS61,3,a,8,36,analysis_set,,,LS61_s03b_sc09,1,1,0.8714,-0.0649,high,334.0,0,346.4,139.0,0,345.3,0.0,0.0,0.0,exclusion_candidates,0.1384,20.87,20.87,1
LS61_s03a_sc09,LS61,3,a,9,37,analysis_set,,,LS61_s03b_sc10,1,1,0.7401,-0.0098,high,158.0,0,225.8,153.0,0,218.8,0.0,0.0,0.0,exclusion_candidates,0.1573,21.14,21.14,1
LS61_s03a_sc10,LS61,3,a,10,38,analysis_set,,,LS61_s03b_sc11,1,1,0.9208,-0.0454,high,112.0,0,162.3,302.0,0,166.1,0.000257,0.000357,0.000257,exclusion_candidates,0.3116,23.06,23.06,1
LS61_s03a_sc11,LS61,3,a,11,39,analysis_set,,,LS61_s03b_sc12,1,1,0.6403,0.0035,high,75.0,0,112.7,37.0,0,122.0,0.005135,0.006058,0.005135,exclusion_candidates,0.1183,25.95,25.95,1
LS61_s03a_sc12,LS61,3,a,12,40,analysis_set,,,LS61_s03b_sc13,1,1,0.7556,-0.0026,high,319.0,0,322.8,259.0,0,317.0,0.000361,0.000389,0.000361,exclusion_candidates,0.1034,34.93,34.93,1
LS61_s03a_sc13,LS61,3,a,13,41,excluded,tissue_damaged,manually excluded: tissue too damaged to measure,LS61_s03b_sc14,1,0,,,,,,,,,,,,,,,,,
LS61_s04a_sc00,LS61,4,a,0,42,excluded,tissue_damaged,manually excluded: tissue too damaged to measure,LS61_s04c_sc00,1,0,,,,,,,,,,,,,,,,,
LS61_s04a_sc01,LS61,4,a,1,43,analysis_set,,,LS61_s04c_sc01,1,1,0.8507,-0.0299,high,41.0,0,66.4,151.0,0,301.6,6.1e-05,6.6e-05,6.1e-05,exclusion_candidates,0.3316,33.8,33.8,1
LS61_s04a_sc02,LS61,4,a,2,44,analysis_set,,,LS61_s04c_sc02,1,1,0.7943,-0.0404,high,305.0,0,177.4,270.0,0,175.0,0.000188,0.000238,0.000188,exclusion_candidates,0.2744,26.28,26.28,1
LS61_s04a_sc03,LS61,4,a,3,45,analysis_set,,,LS61_s04c_sc04,1,1,0.6351,0.0178,high,260.0,0,114.1,186.0,0,124.8,2.9e-05,3.5e-05,2.9e-05,exclusion_candidates,0.2337,31.77,31.77,1
LS61_s04a_sc04,LS61,4,a,4,46,analysis_set,,,LS61_s04c_sc05,1,1,0.4344,0.0003,low,287.0,0,162.5,265.0,0,236.5,5.9e-05,7.1e-05,5.9e-05,exclusion_candidates,0.3478,30.15,30.15,1
LS61_s04a_sc05,LS61,4,a,5,47,analysis_set,,,LS61_s04c_sc06,1,1,0.5261,0.0013,low,292.0,0,169.2,275.0,0,143.6,0.0,0.0,0.0,exclusion_candidates,0.2514,19.51,19.51,1
LS61_s04a_sc06,LS61,4,a,6,48,analysis_set,,,LS61_s04c_sc07,1,1,0.8956,-0.0329,high,154.0,0,203.6,314.0,0,203.5,7.6e-05,8.7e-05,7.6e-05,exclusion_candidates,0.2554,31.67,31.67,1
LS61_s04a_sc07,LS61,4,a,7,49,analysis_set,,,LS61_s04c_sc08,1,1,0.9679,-0.0262,high,294.0,0,161.0,99.0,0,159.3,0.000107,0.000139,0.000107,exclusion_candidates,0.2986,33.2,33.2,1
LS61_s04a_sc08,LS61,4,a,8,50,analysis_set,,,LS61_s04c_sc09,1,1,0.8829,-0.0087,high,180.0,0,248.4,344.0,0,245.7,0.0,0.0,0.0,exclusion_candidates,0.2732,34.03,34.03,1
LS61_s04a_sc09,LS61,4,a,9,51,analysis_set,,,LS61_s04c_sc10,1,1,0.909,-0.0215,high,5.0,0,246.7,9.0,0,247.6,8e-05,0.000105,8e-05,exclusion_candidates,0.1202,36.34,36.34,1
LS61_s04a_sc10,LS61,4,a,10,52,analysis_set,,,LS61_s04c_sc11,1,1,0.6145,0.0102,high,180.0,0,247.2,351.0,0,89.7,0.00102,0.001239,0.00102,exclusion_candidates,0.2705,37.77,37.77,1
LS61_s05a_sc00,LS61,5,a,0,53,analysis_set,,,LS61_s05b_sc00,1,1,0.8387,0.0044,high,0.0,0,246.1,307.0,0,257.5,0.0,0.0,0.0,exclusion_candidates,0.2004,29.85,29.85,1
LS61_s05a_sc01,LS61,5,a,1,54,analysis_set,,,LS61_s05b_sc01,1,1,0.8241,0.0187,high,61.0,0,337.4,221.0,0,48.2,1.6e-05,1.8e-05,1.6e-05,exclusion_candidates,0.2433,42.66,42.66,1
LS61_s05a_sc02,LS61,5,a,2,55,analysis_set,,,LS61_s05b_sc02,1,1,0.874,0.0109,high,307.0,0,180.5,252.0,0,335.3,0.0,0.0,0.0,exclusion_candidates,0.2788,36.08,36.08,1
LS61_s05a_sc03,LS61,5,a,3,56,analysis_set,,,LS61_s05b_sc03,1,1,0.6626,0.0057,high,2.0,0,251.1,346.0,0,309.4,9.8e-05,0.000118,9.8e-05,exclusion_candidates,0.1692,36.58,36.58,1
LS61_s05a_sc04,LS61,5,a,4,57,excluded,tissue_damaged,manually excluded: tissue too damaged to measure,LS61_s05b_sc04,1,0,,,,,,,,,,,,,,,,,
LS61_s05a_sc05,LS61,5,a,5,58,excluded,tissue_damaged,manually excluded: tissue too damaged to measure,LS61_s05b_sc05,1,0,,,,,,,,,,,,,,,,,
LS61_s05a_sc06,LS61,5,a,6,59,excluded,tissue_damaged,manually excluded: tissue too damaged to measure,LS61_s05b_sc06,1,0,,,,,,,,,,,,,,,,,
LS61_s05a_sc07,LS61,5,a,7,60,analysis_set,,,LS61_s05b_sc07,1,1,0.5843,0.0536,high,80.0,0,126.4,278.0,0,187.5,0.0,0.0,0.0,exclusion_candidates,0.3198,30.3,30.3,1
LS61_s05a_sc08,LS61,5,a,8,61,analysis_set,,,LS61_s05b_sc08,1,1,0.9341,-0.008,high,189.0,0,257.3,123.0,0,77.1,6e-06,6e-06,6e-06,exclusion_candidates,0.1168,59.88,59.88,1
LS61_s05a_sc09,LS61,5,a,9,62,excluded,tissue_damaged,manually excluded: tissue too damaged to measure,LS61_s05b_sc09,1,0,,,,,,,,,,,,,,,,,
LS61_s05a_sc10,LS61,5,a,10,63,excluded,out_of_focus,"no resolvable nuclear detail (focus 0.061, threshold 0.070)",LS61_s05b_sc10,1,0,,,,,,,,,,,,,reason_string,0.061,,,
LS61_s05a_sc11,LS61,5,a,11,64,excluded,tissue_damaged,manually excluded: tissue too damaged to measure,LS61_s05b_sc11,1,0,,,,,,,,,,,,,,,,,
LS61_s06a_sc00,LS61,6,a,0,65,analysis_set,,,LS61_s06b_sc00,1,1,0.9698,-0.0381,high,1.0,0,252.8,204.0,0,252.3,6e-06,7e-06,6e-06,exclusion_candidates,0.1913,41.24,41.24,1
LS61_s06a_sc01,LS61,6,a,1,66,analysis_set,,,LS61_s06b_sc01,1,1,0.94,-0.0038,high,61.0,0,340.4,124.0,0,330.9,0.00016,0.000203,0.00016,exclusion_candidates,0.0892,59.2,59.2,1
LS61_s06a_sc02,LS61,6,a,2,67,analysis_set,,,LS61_s06b_sc02,1,1,0.9455,-0.0915,high,1.0,0,235.1,343.0,0,235.7,4.4e-05,4.7e-05,4.4e-05,exclusion_candidates,0.2929,37.23,37.23,1
LS61_s06a_sc03,LS61,6,a,3,68,excluded,tissue_damaged,manually excluded: tissue too damaged to measure,LS61_s06b_sc04,1,0,,,,,,,,,,,,,,,,,
LS61_s06a_sc04,LS61,6,a,4,69,excluded,tissue_damaged,manually excluded: tissue too damaged to measure,LS61_s06b_sc05,1,0,,,,,,,,,,,,,,,,,
LS61_s06a_sc05,LS61,6,a,5,70,analysis_set,,,LS61_s06b_sc06,1,1,0.7268,-0.0139,high,180.0,0,359.8,115.0,0,1.9,8.2e-05,9.5e-05,8.2e-05,exclusion_candidates,0.2115,39.32,39.32,1
LS61_s06a_sc06,LS61,6,a,6,71,excluded,tissue_damaged,manually excluded: tissue too damaged to measure,LS61_s06b_sc07,1,0,,,,,,,,,,,,,,,,,
LS61_s06a_sc07,LS61,6,a,7,72,analysis_set,,,LS61_s06b_sc08,1,1,0.7703,0.0102,high,77.0,0,123.3,45.0,0,120.9,5.3e-05,6.6e-05,5.3e-05,exclusion_candidates,0.1283,33.15,33.15,1
LS61_s06a_sc08,LS61,6,a,8,73,excluded,tissue_damaged,manually excluded: tissue too damaged to measure,LS61_s06b_sc09,1,0,,,,,,,,,,,,,,,,,
LS61_s06a_sc09,LS61,6,a,9,74,excluded,tissue_damaged,manually excluded: tissue too damaged to measure,LS61_s06b_sc10,1,0,,,,,,,,,,,,,,,,,
LS61_s06a_sc10,LS61,6,a,10,75,excluded,tissue_damaged,manually excluded: tissue too damaged to measure,LS61_s06b_sc11,1,0,,,,,,,,,,,,,,,,,
LS61_s07a_sc00,LS61,7,a,0,76,excluded,tissue_damaged,manually excluded: tissue too damaged to measure,LS61_s07b_sc00,1,0,,,,,,,,,,,,,,,,,
LS61_s07a_sc01,LS61,7,a,1,77,excluded,tissue_damaged,manually excluded: tissue too damaged to measure,LS61_s07b_sc01,1,0,,,,,,,,,,,,,,,,,
LS61_s07a_sc02,LS61,7,a,2,78,excluded,tissue_damaged,manually excluded: tissue too damaged to measure,LS61_s07b_sc02,1,0,,,,,,,,,,,,,,,,,
LS61_s07a_sc03,LS61,7,a,3,79,excluded,tissue_damaged,manually excluded: tissue too damaged to measure,LS61_s07b_sc03,1,0,,,,,,,,,,,,,,,,,
LS61_s07a_sc04,LS61,7,a,4,80,excluded,tissue_damaged,manually excluded: tissue too damaged to measure,LS61_s07b_sc04,1,0,,,,,,,,,,,,,,,,,
LS61_s07a_sc05,LS61,7,a,5,81,analysis_set,,,LS61_s07b_sc05,1,1,0.6261,-0.0003,high,216.0,0,293.1,188.0,0,307.5,0.00059,0.000658,0.00059,exclusion_candidates,0.3416,27.99,27.99,1
LS61_s07a_sc06,LS61,7,a,6,82,analysis_set,,,LS61_s07b_sc06,1,1,0.9114,-0.0611,high,226.0,0,212.8,23.0,0,209.3,0.0,0.0,0.0,exclusion_candidates,0.2687,28.37,28.37,1
LS61_s07a_sc07,LS61,7,a,7,83,analysis_set,,,LS61_s07b_sc07,1,1,0.5264,-0.0008,low,267.0,0,356.5,37.0,0,284.8,0.0,0.0,0.0,exclusion_candidates,0.3528,28.07,28.07,1
LS61_s07a_sc08,LS61,7,a,8,84,excluded,tissue_damaged,manually excluded: tissue too damaged to measure,LS61_s07b_sc08,1,0,,,,,,,,,,,,,,,,,
LS61_s07a_sc09,LS61,7,a,9,85,excluded,tissue_damaged,manually excluded: tissue too damaged to measure,LS61_s07b_sc09,1,0,,,,,,,,,,,,,,,,,
LS61_s07a_sc10,LS61,7,a,10,86,excluded,no_tissue,no tissue piece larger than 0.79 mm2 (threshold 2.5),LS61_s07b_sc10,1,0,,,,,,,,,,,,,reason_string,,0.79,,
LS61_s08a_sc00,LS61,8,a,0,87,analysis_set,,,LS61_s08b_sc00,1,1,0.9085,-0.0957,high,164.0,0,115.2,322.0,0,115.9,2e-05,2.5e-05,2e-05,exclusion_candidates,0.3567,27.02,27.02,1
LS61_s08a_sc01,LS61,8,a,1,88,excluded,tissue_damaged,manually excluded: tissue too damaged to measure,LS61_s08b_sc02,1,0,,,,,,,,,,,,,,,,,
LS61_s08a_sc02,LS61,8,a,2,89,excluded,tissue_damaged,manually excluded: tissue too damaged to measure,LS61_s08b_sc05,1,0,,,,,,,,,,,,,,,,,
LS61_s08a_sc03,LS61,8,a,3,90,analysis_set,,,LS61_s08b_sc07,1,1,0.2634,-0.0104,low,270.0,0,246.2,305.0,0,324.9,1e-06,1e-06,1e-06,exclusion_candidates,0.1367,20.09,23.68,2
LS61_s08a_sc04,LS61,8,a,4,91,excluded,tissue_damaged,manually excluded: tissue too damaged to measure,LS61_s08b_sc09,1,0,,,,,,,,,,,,,,,,,
LS61_s08a_sc05,LS61,8,a,5,92,excluded,tissue_damaged,manually excluded: tissue too damaged to measure,LS61_s08b_sc11,1,0,,,,,,,,,,,,,,,,,
LS61_s08a_sc06,LS61,8,a,6,93,excluded,tissue_damaged,manually excluded: tissue too damaged to measure,LS61_s08b_sc12,1,0,,,,,,,,,,,,,,,,,
LS61_s09a_sc00,LS61,9,a,0,94,excluded,tissue_damaged,manually excluded: tissue too damaged to measure,LS61_s09b_sc01,1,0,,,,,,,,,,,,,,,,,
LS61_s09a_sc01,LS61,9,a,1,95,analysis_set,,,LS61_s09b_sc02,1,1,0.8552,-0.0518,high,84.0,0,231.8,94.0,0,231.7,0.0,0.0,0.0,exclusion_candidates,0.3782,23.4,23.4,1
LS61_s09a_sc02,LS61,9,a,2,96,analysis_set,,,LS61_s09b_sc03,1,1,0.9006,-0.1016,high,276.0,0,245.3,283.0,0,246.5,0.0,0.0,0.0,exclusion_candidates,0.433,24.34,24.34,1
LS61_s09a_sc03,LS61,9,a,3,97,analysis_set,,,LS61_s09b_sc04,1,1,0.8576,-0.1081,high,91.0,0,235.2,79.0,0,236.2,0.002787,0.003329,0.002787,exclusion_candidates,0.4151,28.24,28.24,1
LS61_s09a_sc04,LS61,9,a,4,98,analysis_set,,,LS61_s09b_sc05,1,1,0.6431,-0.0726,high,92.0,0,246.8,93.0,0,248.0,0.0,0.0,0.0,exclusion_candidates,0.306,17.24,20.3,2
LS61_s09a_sc05,LS61,9,a,5,99,analysis_set,,,LS61_s09b_sc06,1,1,0.7849,-0.0836,high,104.0,0,254.1,279.0,0,256.8,0.0,0.0,0.0,exclusion_candidates,0.3622,19.62,19.62,1
LS61_s09a_sc06,LS61,9,a,6,100,analysis_set,,,LS61_s09b_sc07,1,1,0.785,-0.1293,high,85.0,0,237.0,87.0,0,240.5,9e-05,0.000109,9e-05,exclusion_candidates,0.3354,19.43,19.43,1
LS69_s01a_sc00,LS69,1,a,0,1,analysis_set,,,LS69_s01b_sc01,1,1,0.8526,-0.0075,high,262.0,0,57.0,95.0,0,55.8,9e-06,9e-06,9e-06,exclusion_candidates,0.1105,7.58,8.51,2
LS69_s01a_sc01,LS69,1,a,1,2,analysis_set,,,LS69_s01b_sc00,1,1,0.4624,-0.0622,low,52.0,0,201.3,239.0,0,200.5,0.0,0.0,0.0,exclusion_candidates,0.0974,7.25,14.29,2
LS69_s01a_sc02,LS69,1,a,2,3,analysis_set,,,LS69_s01b_sc04,1,1,0.9015,-0.1673,high,216.0,0,311.4,12.0,0,312.2,1.5e-05,1.8e-05,1.5e-05,exclusion_candidates,0.1143,8.3,8.3,1
LS69_s01a_sc03,LS69,1,a,3,4,analysis_set,,,LS69_s01b_sc03,1,1,0.7214,0.0278,high,276.0,0,254.5,27.0,0,276.7,0.0,0.0,0.0,exclusion_candidates,0.1101,7.09,7.09,1
LS69_s01a_sc04,LS69,1,a,4,5,analysis_set,,,LS69_s01b_sc05,1,1,0.8967,-0.1308,high,231.0,0,314.7,32.0,0,316.1,0.000638,0.000745,0.000638,exclusion_candidates,0.1014,9.65,9.65,1
LS69_s01a_sc05,LS69,1,a,5,6,analysis_set,,,LS69_s01b_sc06,1,1,0.9272,-0.0935,high,190.0,0,280.3,24.0,0,279.2,0.0,0.0,0.0,exclusion_candidates,0.1218,11.0,11.0,1
LS69_s01a_sc06,LS69,1,a,6,7,analysis_set,,,LS69_s01b_sc07,1,1,0.7053,-0.0601,high,269.0,0,10.2,78.0,0,11.5,0.000118,0.000171,0.000118,exclusion_candidates,0.1189,10.94,10.94,1
LS69_s01a_sc07,LS69,1,a,7,8,excluded,no_tissue,"no tissue piece larger than 2.41 mm2 (threshold 2.5); no resolvable nuclear detail (focus 0.052, threshold 0.070)",LS69_s01b_sc08,1,0,,,,,,,,,,,,,reason_string,,2.41,,
LS69_s01a_sc08,LS69,1,a,8,9,analysis_set,,,LS69_s01b_sc09,1,1,0.8308,-0.096,high,174.0,0,219.6,292.0,0,227.1,0.0,0.0,0.0,exclusion_candidates,0.3476,15.83,18.2,2
LS69_s01a_sc09,LS69,1,a,9,10,excluded,tissue_damaged,manually excluded: tissue too damaged to measure,LS69_s01b_sc10,1,0,,,,,,,,,,,,,,,,,
LS69_s01a_sc10,LS69,1,a,10,11,analysis_set,,,LS69_s01b_sc11,1,1,0.8466,-0.0183,high,175.0,0,199.9,325.0,0,198.6,0.0,0.0,0.0,exclusion_candidates,0.1069,11.59,11.59,1
LS69_s01a_sc11,LS69,1,a,11,12,analysis_set,,,LS69_s01b_sc12,1,1,0.8553,-0.0728,high,98.0,0,91.2,168.0,0,95.2,0.0,0.0,0.0,exclusion_candidates,0.3868,13.33,13.33,1
LS69_s01a_sc12,LS69,1,a,12,13,analysis_set,,,LS69_s01b_sc13,1,1,0.6722,-0.0144,high,336.0,0,196.1,166.0,0,196.2,0.0,0.0,0.0,exclusion_candidates,0.3827,7.2,7.2,1
LS69_s01a_sc13,LS69,1,a,13,14,analysis_set,,,LS69_s01b_sc14,1,1,0.8639,-0.1067,high,106.0,0,102.6,108.0,0,104.4,0.0,0.0,0.0,exclusion_candidates,0.3583,12.39,12.39,1
LS69_s01a_sc14,LS69,1,a,14,15,excluded,no_tissue,no tissue piece larger than 0.46 mm2 (threshold 2.5),LS69_s01b_sc15,1,0,,,,,,,,,,,,,reason_string,,0.46,,
LS69_s01a_sc15,LS69,1,a,15,16,excluded,no_tissue,no tissue piece larger than 1.61 mm2 (threshold 2.5),LS69_s01b_sc16,1,0,,,,,,,,,,,,,reason_string,,1.61,,
LS69_s02a_sc00,LS69,2,a,0,17,analysis_set,,,LS69_s02b_sc00,1,1,0.8064,-0.0763,high,271.0,0,119.3,142.0,0,117.3,6.3e-05,7.3e-05,6.3e-05,exclusion_candidates,0.3527,7.73,7.73,1
LS69_s02a_sc01,LS69,2,a,1,18,analysis_set,,,LS69_s02b_sc01,1,1,0.7327,-0.0309,high,5.0,0,235.6,243.0,0,241.8,0.0,0.0,0.0,exclusion_candidates,0.1124,10.55,10.55,1
LS69_s02a_sc02,LS69,2,a,2,19,analysis_set,,,LS69_s02b_sc03,1,1,0.7727,-0.0312,high,21.0,0,40.4,356.0,0,39.2,0.000123,0.000141,0.000123,exclusion_candidates,0.3621,10.68,10.68,1
LS69_s02a_sc03,LS69,2,a,3,20,excluded,tissue_damaged,manually excluded: tissue too damaged to measure,LS69_s02b_sc04,1,0,,,,,,,,,,,,,,,,,
LS69_s02a_sc04,LS69,2,a,4,21,analysis_set,,,LS69_s02b_sc05,1,1,0.9,-0.0323,high,243.0,0,107.9,230.0,0,109.5,0.0,0.0,0.0,exclusion_candidates,0.1031,8.87,8.87,1
LS69_s02a_sc05,LS69,2,a,5,22,excluded,no_tissue,no tissue piece larger than 1.81 mm2 (threshold 2.5),LS69_s02b_sc06,1,0,,,,,,,,,,,,,reason_string,,1.81,,
LS69_s02a_sc06,LS69,2,a,6,23,analysis_set,,,LS69_s02b_sc07,1,1,0.8369,-0.0194,high,286.0,0,143.7,105.0,0,148.3,0.0,0.0,0.0,exclusion_candidates,0.3521,5.72,5.72,1
LS69_s02a_sc07,LS69,2,a,7,24,excluded,tissue_damaged,manually excluded: tissue too damaged to measure,LS69_s02b_sc09,1,0,,,,,,,,,,,,,,,,,
LS69_s02a_sc08,LS69,2,a,8,25,analysis_set,,,LS69_s02b_sc10,1,1,0.7479,-0.0358,high,119.0,0,163.7,156.0,0,168.5,0.0,0.0,0.0,exclusion_candidates,0.4185,9.84,9.84,1
LS69_s02a_sc09,LS69,2,a,9,26,analysis_set,,,,0,0,,,,,,,0.0,0,40.7,7e-06,8e-06,7e-06,,,,,
LS69_s02a_sc10,LS69,2,a,10,27,excluded,tissue_damaged,manually excluded: tissue too damaged to measure,LS69_s02b_sc12,1,0,,,,,,,,,,,,,,,,,
LS69_s02a_sc11,LS69,2,a,11,28,analysis_set,,,,0,0,,,,,,,0.0,0,40.3,9.9e-05,0.000128,9.9e-05,,,,,
LS69_s02a_sc12,LS69,2,a,12,29,excluded,tissue_damaged,manually excluded: tissue too damaged to measure,LS69_s02b_sc13,1,0,,,,,,,,,,,,,,,,,
LS69_s02a_sc13,LS69,2,a,13,30,excluded,tissue_damaged,manually excluded: tissue too damaged to measure,LS69_s02b_sc14,1,0,,,,,,,,,,,,,,,,,
LS69_s02a_sc14,LS69,2,a,14,31,excluded,tissue_damaged,manually excluded: tissue too damaged to measure,LS69_s02b_sc15,1,0,,,,,,,,,,,,,,,,,
LS69_s03a_sc00,LS69,3,a,0,32,excluded,tissue_damaged,manually excluded: tissue too damaged to measure,LS69_s03b_sc00,1,0,,,,,,,,,,,,,,,,,
LS69_s03a_sc01,LS69,3,a,1,33,excluded,tissue_damaged,manually excluded: tissue too damaged to measure,LS69_s03b_sc01,1,0,,,,,,,,,,,,,,,,,
LS69_s03a_sc02,LS69,3,a,2,34,excluded,tissue_damaged,manually excluded: tissue too damaged to measure,LS69_s03b_sc02,1,0,,,,,,,,,,,,,,,,,
LS69_s03a_sc03,LS69,3,a,3,35,excluded,tissue_damaged,manually excluded: tissue too damaged to measure,LS69_s03b_sc03,1,0,,,,,,,,,,,,,,,,,
LS69_s03a_sc04,LS69,3,a,4,36,censored_out,,13.1% of pixels at the 16-bit ceiling (tolerance 1%),LS69_s03b_sc04,1,1,0.8739,-0.089,high,162.0,0,239.7,340.0,0,242.8,0.131086,0.139191,0.131086,exclusion_candidates,0.1509,23.15,23.15,1
LS69_s03a_sc05,LS69,3,a,5,37,excluded,tissue_damaged,manually excluded: tissue too damaged to measure,LS69_s03b_sc05,1,0,,,,,,,,,,,,,,,,,
LS69_s03a_sc06,LS69,3,a,6,38,censored_out,,11.8% of pixels at the 16-bit ceiling (tolerance 1%),LS69_s03b_sc06,1,1,0.8694,-0.0379,high,164.0,0,248.5,173.0,0,251.9,0.117752,0.122371,0.117752,exclusion_candidates,0.3255,27.8,27.8,1
LS69_s03a_sc07,LS69,3,a,7,39,censored_out,,10.6% of pixels at the 16-bit ceiling (tolerance 1%),LS69_s03b_sc07,1,1,0.8827,-0.0313,high,359.0,0,262.5,219.0,0,261.1,0.105838,0.127335,0.105838,exclusion_candidates,0.3183,28.85,28.85,1
LS69_s03a_sc08,LS69,3,a,8,40,censored_out,,9.7% of pixels at the 16-bit ceiling (tolerance 1%),LS69_s03b_sc08,1,1,0.8885,-0.0355,high,1.0,0,264.1,183.0,0,265.7,0.097318,0.100182,0.097318,exclusion_candidates,0.3534,27.18,27.18,1
LS69_s03a_sc09,LS69,3,a,9,41,excluded,tissue_damaged,manually excluded: tissue too damaged to measure,LS69_s03b_sc09,1,0,,,,,,,,,,,,,,,,,
LS69_s03a_sc10,LS69,3,a,10,42,censored_out,,9.3% of pixels at the 16-bit ceiling (tolerance 1%),,0,0,,,,,,,0.0,0,73.6,0.093086,0.102152,0.093086,,,,,
LS69_s03a_sc11,LS69,3,a,11,43,censored_out,,9.6% of pixels at the 16-bit ceiling (tolerance 1%),,0,0,,,,,,,0.0,0,89.8,0.095691,0.11115,0.095691,,,,,
LS69_s04a_sc00,LS69,4,a,0,44,excluded,tissue_damaged,manually excluded: tissue too damaged to measure,LS69_s04b_sc00,1,0,,,,,,,,,,,,,,,,,
LS69_s04a_sc01,LS69,4,a,1,45,excluded,tissue_damaged,manually excluded: tissue too damaged to measure,LS69_s04b_sc01,1,0,,,,,,,,,,,,,,,,,
LS69_s04a_sc02,LS69,4,a,2,46,censored_out,,11.4% of pixels at the 16-bit ceiling (tolerance 1%),LS69_s04b_sc02,1,1,0.8995,-0.0349,high,5.0,0,272.5,186.0,0,279.3,0.113783,0.092251,0.113783,exclusion_candidates,0.3068,36.32,36.32,1
LS69_s04a_sc03,LS69,4,a,3,47,censored_out,,10.1% of pixels at the 16-bit ceiling (tolerance 1%),LS69_s04b_sc03,1,1,0.9133,-0.0559,high,5.0,0,275.0,2.0,0,278.0,0.10052,0.06274,0.10052,exclusion_candidates,0.2482,33.9,33.9,1
LS69_s04a_sc04,LS69,4,a,4,48,excluded,tissue_damaged,manually excluded: tissue too damaged to measure,LS69_s04b_sc04,1,0,,,,,,,,,,,,,,,,,
LS69_s04a_sc05,LS69,4,a,5,49,censored_out,,11.1% of pixels at the 16-bit ceiling (tolerance 1%),LS69_s04b_sc05,1,1,0.969,-0.0309,high,7.0,0,271.9,6.0,0,271.9,0.11125,0.081103,0.11125,exclusion_candidates,0.3671,40.04,40.04,1
LS69_s04a_sc06,LS69,4,a,6,50,censored_out,,11.1% of pixels at the 16-bit ceiling (tolerance 1%),LS69_s04b_sc06,1,1,0.2322,0.0005,low,299.0,0,196.4,160.0,0,67.3,0.110586,0.102456,0.110586,exclusion_candidates,0.291,41.19,41.19,1
LS69_s04a_sc07,LS69,4,a,7,51,censored_out,,11.1% of pixels at the 16-bit ceiling (tolerance 1%),,0,0,,,,,,,0.0,0,274.3,0.110941,0.100303,0.110941,,,,,
LS69_s04a_sc08,LS69,4,a,8,52,censored_out,,9.6% of pixels at the 16-bit ceiling (tolerance 1%),LS69_s04b_sc07,1,1,0.6485,-0.002,high,218.0,0,87.7,212.0,0,304.9,0.095896,0.111994,0.095896,exclusion_candidates,0.1334,29.83,29.83,1
LS69_s04a_sc09,LS69,4,a,9,53,censored_out,,10.2% of pixels at the 16-bit ceiling (tolerance 1%),LS69_s04b_sc08,1,1,0.7139,0.0123,high,141.0,0,339.9,21.0,0,283.6,0.102422,0.112701,0.102422,exclusion_candidates,0.2905,47.24,81.79,2
LS69_s04a_sc10,LS69,4,a,10,54,censored_out,,9.3% of pixels at the 16-bit ceiling (tolerance 1%),LS69_s04b_sc09,1,1,0.9604,-0.0375,high,306.0,0,205.8,305.0,0,205.8,0.093144,0.112042,0.093144,exclusion_candidates,0.1321,42.05,42.05,1
LS69_s04a_sc11,LS69,4,a,11,55,censored_out,,10.5% of pixels at the 16-bit ceiling (tolerance 1%),LS69_s04b_sc10,1,1,0.9086,-0.0181,high,183.0,0,271.0,204.0,0,273.3,0.105314,0.135505,0.105314,exclusion_candidates,0.1115,46.46,46.46,1
LS69_s05a_sc00,LS69,5,a,0,56,excluded,tissue_damaged,manually excluded: tissue too damaged to measure,LS69_s05b_sc00,1,0,,,,,,,,,,,,,,,,,
LS69_s05a_sc01,LS69,5,a,1,57,censored_out,,8.8% of pixels at the 16-bit ceiling (tolerance 1%),LS69_s05b_sc03,1,1,0.5611,-0.0076,high,171.0,0,256.0,325.0,0,92.4,0.088286,0.112053,0.088286,exclusion_candidates,0.2393,45.1,53.22,2
LS69_s05a_sc02,LS69,5,a,2,58,excluded,tissue_damaged,manually excluded: tissue too damaged to measure,LS69_s05b_sc04,1,0,,,,,,,,,,,,,,,,,
LS69_s05a_sc03,LS69,5,a,3,59,censored_out,,9.5% of pixels at the 16-bit ceiling (tolerance 1%),LS69_s05b_sc05,1,1,0.4001,-0.0011,low,39.0,0,317.3,298.0,0,89.6,0.094911,0.10176,0.094911,exclusion_candidates,0.1311,55.07,55.07,1
LS69_s05a_sc04,LS69,5,a,4,60,censored_out,,8.5% of pixels at the 16-bit ceiling (tolerance 1%),LS69_s05b_sc06,1,1,0.434,0.0045,low,338.0,0,122.2,51.0,0,192.8,0.084945,0.111475,0.084945,exclusion_candidates,0.2231,43.21,43.21,1
LS69_s05a_sc05,LS69,5,a,5,61,censored_out,,9.5% of pixels at the 16-bit ceiling (tolerance 1%),LS69_s05b_sc07,1,1,0.6029,-0.01,high,0.0,0,293.0,139.0,0,269.5,0.09466,0.113797,0.09466,exclusion_candidates,0.2394,49.08,49.08,1
LS69_s05a_sc06,LS69,5,a,6,62,excluded,tissue_damaged,manually excluded: tissue too damaged to measure,LS69_s05b_sc08,1,0,,,,,,,,,,,,,,,,,
LS69_s05a_sc07,LS69,5,a,7,63,excluded,tissue_damaged,manually excluded: tissue too damaged to measure,LS69_s05b_sc09,1,0,,,,,,,,,,,,,,,,,
LS69_s06a_sc00,LS69,6,a,0,64,censored_out,,10.6% of pixels at the 16-bit ceiling (tolerance 1%),LS69_s06b_sc00,1,1,0.9217,-0.0124,high,64.0,0,234.9,290.0,0,234.6,0.105879,0.10792,0.105879,exclusion_candidates,0.2823,62.18,62.18,1
LS69_s06a_sc01,LS69,6,a,1,65,censored_out,,10.7% of pixels at the 16-bit ceiling (tolerance 1%),LS69_s06b_sc01,1,1,0.8781,-0.0423,high,245.0,0,350.3,42.0,0,350.0,0.10748,0.122983,0.10748,exclusion_candidates,0.2964,52.34,52.34,1
LS69_s06a_sc02,LS69,6,a,2,66,censored_out,,9.5% of pixels at the 16-bit ceiling (tolerance 1%),LS69_s06b_sc02,1,1,0.7797,-0.0024,high,286.0,0,172.5,88.0,0,226.7,0.094645,0.102761,0.094645,exclusion_candidates,0.2257,46.9,46.9,1
LS69_s06a_sc03,LS69,6,a,3,67,censored_out,,15.5% of pixels at the 16-bit ceiling (tolerance 1%),LS69_s06b_sc03,1,1,0.9399,-0.0429,high,351.0,0,282.1,351.0,0,286.2,0.155385,0.157772,0.155385,exclusion_candidates,0.2572,47.55,47.55,1
LS69_s06a_sc04,LS69,6,a,4,68,censored_out,,11.0% of pixels at the 16-bit ceiling (tolerance 1%),LS69_s06b_sc04,1,1,0.7857,0.0129,high,359.0,0,297.4,218.0,0,81.3,0.109933,0.123612,0.109933,exclusion_candidates,0.2813,47.47,47.47,1
LS69_s06a_sc05,LS69,6,a,5,69,censored_out,,24.0% of pixels at the 16-bit ceiling (tolerance 1%),LS69_s06b_sc05,1,1,0.9318,-0.0358,high,359.0,0,298.0,202.0,0,298.0,0.239956,0.250486,0.239956,exclusion_candidates,0.278,44.85,44.85,1
LS69_s06a_sc06,LS69,6,a,6,70,excluded,tissue_damaged,manually excluded: tissue too damaged to measure,LS69_s06b_sc06,1,0,,,,,,,,,,,,,,,,,
LS69_s06a_sc07,LS69,6,a,7,71,excluded,tissue_damaged,manually excluded: tissue too damaged to measure,LS69_s06b_sc07,1,0,,,,,,,,,,,,,,,,,
LS69_s06a_sc08,LS69,6,a,8,72,excluded,tissue_damaged,manually excluded: tissue too damaged to measure,LS69_s06b_sc08,1,0,,,,,,,,,,,,,,,,,
LS69_s06a_sc09,LS69,6,a,9,73,excluded,tissue_damaged,manually excluded: tissue too damaged to measure,LS69_s06b_sc09,1,0,,,,,,,,,,,,,,,,,
LS69_s06a_sc10,LS69,6,a,10,74,censored_out,,10.4% of pixels at the 16-bit ceiling (tolerance 1%),,0,0,,,,,,,0.0,0,32.3,0.10419,0.130423,0.10419,,,,,
LS69_s06a_sc11,LS69,6,a,11,75,excluded,no_tissue,no tissue piece larger than 0.13 mm2 (threshold 2.5),LS69_s06b_sc10,1,0,,,,,,,,,,,,,reason_string,,0.13,,
LS69_s07a_sc00,LS69,7,a,0,76,excluded,tissue_damaged,manually excluded: tissue too damaged to measure,LS69_s07b_sc00,1,0,,,,,,,,,,,,,,,,,
LS69_s07a_sc01,LS69,7,a,1,77,censored_out,,10.3% of pixels at the 16-bit ceiling (tolerance 1%),LS69_s07b_sc01,1,1,0.9501,-0.0409,high,4.0,0,288.4,345.0,0,290.4,0.103481,0.101807,0.103481,exclusion_candidates,0.2728,38.9,38.9,1
LS69_s07a_sc02,LS69,7,a,2,78,censored_out,,9.7% of pixels at the 16-bit ceiling (tolerance 1%),LS69_s07b_sc02,1,1,0.8931,-0.036,high,192.0,0,295.6,155.0,0,300.0,0.097149,0.065487,0.097149,exclusion_candidates,0.3269,38.87,38.87,1
LS69_s07a_sc03,LS69,7,a,3,79,censored_out,,11.0% of pixels at the 16-bit ceiling (tolerance 1%),LS69_s07b_sc03,1,1,0.961,-0.0646,high,0.0,0,282.5,157.0,0,283.7,0.110481,0.08501,0.110481,exclusion_candidates,0.2779,35.66,35.66,1
LS69_s07a_sc04,LS69,7,a,4,80,excluded,tissue_damaged,manually excluded: tissue too damaged to measure,LS69_s07b_sc04,1,0,,,,,,,,,,,,,,,,,
LS69_s07a_sc05,LS69,7,a,5,81,censored_out,,12.5% of pixels at the 16-bit ceiling (tolerance 1%),LS69_s07b_sc05,1,1,0.6862,0.0093,high,235.0,0,345.6,147.0,0,319.5,0.124783,0.120687,0.124783,exclusion_candidates,0.251,37.5,37.5,1
LS69_s07a_sc06,LS69,7,a,6,82,censored_out,,10.6% of pixels at the 16-bit ceiling (tolerance 1%),LS69_s07b_sc06,1,1,0.7682,0.0032,high,22.0,0,307.6,168.0,0,311.3,0.105947,0.082626,0.105947,exclusion_candidates,0.2617,34.27,34.27,1
LS69_s07a_sc07,LS69,7,a,7,83,censored_out,,10.2% of pixels at the 16-bit ceiling (tolerance 1%),LS69_s07b_sc07,1,1,0.9109,-0.0022,high,333.0,0,122.2,358.0,0,121.3,0.101816,0.111309,0.101816,exclusion_candidates,0.2906,35.22,35.22,1
LS69_s07a_sc08,LS69,7,a,8,84,censored_out,,9.0% of pixels at the 16-bit ceiling (tolerance 1%),LS69_s07b_sc08,1,1,0.9268,-0.0352,high,346.0,0,141.4,337.0,0,139.4,0.090076,0.086632,0.090076,exclusion_candidates,0.1417,33.1,33.1,1
LS69_s07a_sc09,LS69,7,a,9,85,censored_out,,12.5% of pixels at the 16-bit ceiling (tolerance 1%),LS69_s07b_sc09,1,1,0.7432,0.0009,high,172.0,0,150.4,224.0,0,290.2,0.124619,0.135902,0.124619,exclusion_candidates,0.1487,34.98,34.98,1
LS69_s07a_sc10,LS69,7,a,10,86,excluded,out_of_focus,"no resolvable nuclear detail (focus 0.052, threshold 0.070)",LS69_s07b_sc10,1,0,,,,,,,,,,,,,reason_string,0.052,,,
LS69_s07a_sc11,LS69,7,a,11,87,excluded,tissue_damaged,manually excluded: tissue too damaged to measure,LS69_s07b_sc11,1,0,,,,,,,,,,,,,,,,,
LS69_s08a_sc00,LS69,8,a,0,88,censored_out,,10.4% of pixels at the 16-bit ceiling (tolerance 1%),LS69_s08b_sc00,1,1,0.9515,-0.0393,high,302.0,0,69.1,94.0,0,77.6,0.104213,0.114712,0.104213,exclusion_candidates,0.2795,27.99,27.99,1
LS69_s08a_sc01,LS69,8,a,1,89,excluded,tissue_damaged,manually excluded: tissue too damaged to measure,LS69_s08b_sc01,1,0,,,,,,,,,,,,,,,,,
LS69_s08a_sc02,LS69,8,a,2,90,excluded,tissue_damaged,manually excluded: tissue too damaged to measure,LS69_s08b_sc02,1,0,,,,,,,,,,,,,,,,,
LS69_s08a_sc03,LS69,8,a,3,91,censored_out,,11.9% of pixels at the 16-bit ceiling (tolerance 1%),LS69_s08b_sc03,1,1,0.8159,-0.008,high,321.0,0,339.5,197.0,0,337.0,0.118703,0.104376,0.118703,exclusion_candidates,0.2571,25.81,25.81,1
LS69_s08a_sc04,LS69,8,a,4,92,censored_out,,13.3% of pixels at the 16-bit ceiling (tolerance 1%),LS69_s08b_sc04,1,1,0.891,-0.0546,high,63.0,0,243.4,267.0,0,241.6,0.132745,0.117904,0.132745,exclusion_candidates,0.2955,29.28,29.28,1
LS69_s08a_sc05,LS69,8,a,5,93,censored_out,,14.2% of pixels at the 16-bit ceiling (tolerance 1%),LS69_s08b_sc05,1,1,0.7442,-0.011,high,337.0,0,3.7,348.0,0,157.8,0.142092,0.106442,0.142092,exclusion_candidates,0.149,26.06,26.06,1
LS69_s08a_sc06,LS69,8,a,6,94,censored_out,,10.3% of pixels at the 16-bit ceiling (tolerance 1%),LS69_s08b_sc07,1,1,0.6941,-0.0055,high,282.0,0,291.6,53.0,0,231.2,0.103249,0.111619,0.103249,exclusion_candidates,0.2762,29.14,55.88,2
LS69_s08a_sc07,LS69,8,a,7,95,censored_out,,13.4% of pixels at the 16-bit ceiling (tolerance 1%),LS69_s08b_sc08,1,1,0.7848,0.0034,high,58.0,0,106.1,77.0,0,274.4,0.1338,0.110234,0.1338,exclusion_candidates,0.2945,24.05,24.05,1
LS69_s08a_sc08,LS69,8,a,8,96,excluded,tissue_damaged,manually excluded: tissue too damaged to measure,LS69_s08b_sc09,1,0,,,,,,,,,,,,,,,,,
LS69_s08a_sc09,LS69,8,a,9,97,censored_out,,11.2% of pixels at the 16-bit ceiling (tolerance 1%),,0,0,,,,,,,0.0,0,123.3,0.112181,0.123839,0.112181,,,,,
LS69_s08a_sc10,LS69,8,a,10,98,excluded,tissue_damaged,manually excluded: tissue too damaged to measure,LS69_s08b_sc11,1,0,,,,,,,,,,,,,,,,,
LS69_s08a_sc11,LS69,8,a,11,99,excluded,tissue_damaged,manually excluded: tissue too damaged to measure,LS69_s08b_sc12,1,0,,,,,,,,,,,,,,,,,
LS69_s08a_sc12,LS69,8,a,12,100,excluded,tissue_damaged,manually excluded: tissue too damaged to measure,LS69_s08b_sc13,1,0,,,,,,,,,,,,,,,,,
LS69_s09a_sc00,LS69,9,a,0,101,analysis_set,,,LS69_s09b_sc02,1,1,0.8859,-0.0232,high,85.0,0,260.4,266.0,0,264.8,0.0,0.0,0.0,exclusion_candidates,0.2014,21.76,21.76,1
LS69_s09a_sc01,LS69,9,a,1,102,excluded,no_tissue,no tissue piece larger than 2.39 mm2 (threshold 2.5),LS69_s09b_sc03,1,0,,,,,,,,,,,,,reason_string,,2.39,,
LS69_s09a_sc02,LS69,9,a,2,103,excluded,tissue_damaged,manually excluded: tissue too damaged to measure,LS69_s09b_sc04,1,0,,,,,,,,,,,,,,,,,
LS69_s09a_sc03,LS69,9,a,3,104,excluded,tissue_damaged,manually excluded: tissue too damaged to measure,LS69_s09b_sc05,1,0,,,,,,,,,,,,,,,,,
LS69_s09a_sc04,LS69,9,a,4,105,analysis_set,,,LS69_s09b_sc06,1,1,0.6154,-0.0312,high,246.0,0,242.8,59.0,0,253.5,0.0,0.0,0.0,exclusion_candidates,0.3312,20.73,20.73,1
LS69_s09a_sc05,LS69,9,a,5,106,analysis_set,,,LS69_s09b_sc07,1,1,0.8899,-0.1306,high,253.0,0,245.6,76.0,0,244.0,7.4e-05,0.0,7.4e-05,exclusion_candidates,0.1521,19.08,19.08,1
LS69_s09a_sc06,LS69,9,a,6,107,excluded,tissue_damaged,manually excluded: tissue too damaged to measure,LS69_s09b_sc08,1,0,,,,,,,,,,,,,,,,,
LS69_s09a_sc07,LS69,9,a,7,108,analysis_set,,,LS69_s09b_sc09,1,1,0.8759,-0.0966,high,251.0,0,243.1,68.0,0,245.8,0.000551,0.001008,0.000551,exclusion_candidates,0.2539,18.96,18.96,1
LS85_s01a_sc00,LS85,1,a,0,1,censored_out,,12.5% of pixels at the 16-bit ceiling (tolerance 1%),LS85_s01b_sc00,1,1,0.6994,-0.1836,high,164.0,0,16.1,192.0,0,13.4,0.125024,0.148021,0.125024,exclusion_candidates,0.2678,5.31,8.0,3
LS85_s07b_sc00,LS85,7,b,0,1,censored_out,,10.4% of pixels at the 16-bit ceiling (tolerance 1%),,0,0,,,,,,,0.0,0,231.7,0.104241,0.116343,0.104241,,,,,
LS85_s01a_sc01,LS85,1,a,1,2,excluded,no_tissue,no tissue piece larger than 0.36 mm2 (threshold 2.5),LS85_s01b_sc01,1,0,,,,,,,,,,,,,reason_string,,0.36,,
LS85_s07b_sc01,LS85,7,b,1,2,censored_out,,9.7% of pixels at the 16-bit ceiling (tolerance 1%),,0,0,,,,,,,0.0,0,79.1,0.097279,0.108744,0.097279,,,,,
LS85_s01a_sc02,LS85,1,a,2,3,excluded,tissue_damaged,manually excluded: tissue too damaged to measure,LS85_s01b_sc02,1,0,,,,,,,,,,,,,,,,,
LS85_s07b_sc02,LS85,7,b,2,3,censored_out,,9.6% of pixels at the 16-bit ceiling (tolerance 1%),,0,0,,,,,,,0.0,0,255.4,0.096286,0.113332,0.096286,,,,,
LS85_s01a_sc03,LS85,1,a,3,4,excluded,no_tissue,no tissue piece larger than 1.91 mm2 (threshold 2.5),LS85_s01b_sc03,1,0,,,,,,,,,,,,,reason_string,,1.91,,
LS85_s07b_sc03,LS85,7,b,3,4,censored_out,,9.7% of pixels at the 16-bit ceiling (tolerance 1%),,0,0,,,,,,,0.0,0,131.0,0.09739,0.110705,0.09739,,,,,
LS85_s01a_sc04,LS85,1,a,4,5,censored_out,,12.4% of pixels at the 16-bit ceiling (tolerance 1%),LS85_s01b_sc04,1,1,0.6892,-0.2628,high,70.0,0,129.4,214.0,0,131.0,0.124218,0.129681,0.124218,exclusion_candidates,0.2266,2.91,7.29,4
LS85_s07b_sc04,LS85,7,b,4,5,censored_out,,8.5% of pixels at the 16-bit ceiling (tolerance 1%),,0,0,,,,,,,0.0,0,73.5,0.085333,0.099138,0.085333,,,,,
LS85_s01a_sc05,LS85,1,a,5,6,excluded,no_tissue,no tissue piece larger than 1.88 mm2 (threshold 2.5),LS85_s01b_sc05,1,0,,,,,,,,,,,,,reason_string,,1.88,,
LS85_s07b_sc05,LS85,7,b,5,6,censored_out,,9.7% of pixels at the 16-bit ceiling (tolerance 1%),,0,0,,,,,,,0.0,0,300.4,0.096556,0.10191,0.096556,,,,,
LS85_s01a_sc06,LS85,1,a,6,7,censored_out,,11.3% of pixels at the 16-bit ceiling (tolerance 1%),LS85_s01b_sc06,1,1,0.5193,-0.0339,low,233.0,0,94.8,190.0,0,97.1,0.113492,0.130081,0.113492,exclusion_candidates,0.0891,16.91,16.91,1
LS85_s07b_sc06,LS85,7,b,6,7,censored_out,,8.9% of pixels at the 16-bit ceiling (tolerance 1%),,0,0,,,,,,,0.0,0,58.7,0.088651,0.102287,0.088651,,,,,
LS85_s02a_sc00,LS85,2,a,0,8,excluded,out_of_focus,"no resolvable nuclear detail (focus 0.045, threshold 0.070)",LS85_s02b_sc00,1,0,,,,,,,,,,,,,reason_string,0.045,,,
LS85_s07b_sc07,LS85,7,b,7,8,censored_out,,8.5% of pixels at the 16-bit ceiling (tolerance 1%),,0,0,,,,,,,0.0,0,58.6,0.084719,0.093518,0.084719,,,,,
LS85_s02a_sc01,LS85,2,a,1,9,excluded,out_of_focus,"no resolvable nuclear detail (focus 0.044, threshold 0.070)",LS85_s02b_sc01,1,0,,,,,,,,,,,,,reason_string,0.044,,,
LS85_s07b_sc08,LS85,7,b,8,9,censored_out,,7.8% of pixels at the 16-bit ceiling (tolerance 1%),,0,0,,,,,,,0.0,0,60.7,0.078097,0.090371,0.078097,,,,,
LS85_s02a_sc02,LS85,2,a,2,10,excluded,tissue_damaged,manually excluded: tissue too damaged to measure,LS85_s02b_sc02,1,0,,,,,,,,,,,,,,,,,
LS85_s07b_sc09,LS85,7,b,9,10,censored_out,,9.4% of pixels at the 16-bit ceiling (tolerance 1%),,0,0,,,,,,,0.0,0,38.1,0.093669,0.106743,0.093669,,,,,
LS85_s02a_sc03,LS85,2,a,3,11,excluded,no_tissue,no tissue piece larger than 0.54 mm2 (threshold 2.5),LS85_s02b_sc03,1,0,,,,,,,,,,,,,reason_string,,0.54,,
LS85_s02a_sc04,LS85,2,a,4,12,excluded,tissue_damaged,manually excluded: tissue too damaged to measure,LS85_s02b_sc04,1,0,,,,,,,,,,,,,,,,,
LS85_s02a_sc05,LS85,2,a,5,13,analysis_set,,,LS85_s02b_sc05,1,1,0.6283,-0.0429,high,167.0,0,244.4,171.0,0,238.6,0.0001,0.000116,0.0001,exclusion_candidates,0.3338,9.9,9.9,1
LS85_s02a_sc06,LS85,2,a,6,14,analysis_set,,,LS85_s02b_sc06,1,1,0.5979,-0.0548,high,30.0,0,66.4,167.0,0,64.9,0.0,0.0,0.0,exclusion_candidates,0.3547,6.86,8.01,2
LS85_s02a_sc07,LS85,2,a,7,15,excluded,tissue_damaged,manually excluded: tissue too damaged to measure,LS85_s02b_sc07,1,0,,,,,,,,,,,,,,,,,
LS85_s02a_sc08,LS85,2,a,8,16,excluded,out_of_focus,"no resolvable nuclear detail (focus 0.061, threshold 0.070)",LS85_s02b_sc08,1,0,,,,,,,,,,,,,reason_string,0.061,,,
LS85_s02a_sc09,LS85,2,a,9,17,analysis_set,,,LS85_s02b_sc09,1,1,0.6832,-0.0677,high,11.0,0,32.2,134.0,0,35.8,0.000129,0.000162,0.000129,exclusion_candidates,0.1116,10.25,12.11,2
LS85_s03a_sc00,LS85,3,a,0,18,excluded,tissue_damaged,manually excluded: tissue too damaged to measure,LS85_s03b_sc00,1,0,,,,,,,,,,,,,,,,,
LS85_s03a_sc01,LS85,3,a,1,19,censored_out,,10.3% of pixels at the 16-bit ceiling (tolerance 1%),LS85_s03b_sc01,1,1,0.6644,-0.0897,high,280.0,0,140.8,254.0,0,136.1,0.103089,0.12268,0.103089,exclusion_candidates,0.2334,9.88,11.89,2
LS85_s03a_sc02,LS85,3,a,2,20,excluded,tissue_damaged,manually excluded: tissue too damaged to measure,LS85_s03b_sc02,1,0,,,,,,,,,,,,,,,,,
LS85_s03a_sc03,LS85,3,a,3,21,censored_out,,12.5% of pixels at the 16-bit ceiling (tolerance 1%),LS85_s03b_sc03,1,1,0.5689,-0.0437,high,33.0,0,59.3,177.0,0,61.2,0.12543,0.130709,0.12543,exclusion_candidates,0.1014,8.22,9.9,2
LS85_s03a_sc04,LS85,3,a,4,22,excluded,tissue_damaged,manually excluded: tissue too damaged to measure,LS85_s03b_sc04,1,0,,,,,,,,,,,,,,,,,
LS85_s03a_sc05,LS85,3,a,5,23,censored_out,,13.7% of pixels at the 16-bit ceiling (tolerance 1%),LS85_s03b_sc05,1,1,0.7573,-0.1467,high,145.0,0,205.1,175.0,0,201.6,0.137152,0.116488,0.137152,exclusion_candidates,0.3217,10.34,10.34,1
LS85_s03a_sc06,LS85,3,a,6,24,censored_out,,12.5% of pixels at the 16-bit ceiling (tolerance 1%),LS85_s03b_sc06,1,1,0.4625,-0.0226,low,124.0,0,305.4,269.0,0,310.6,0.124805,0.132335,0.124805,exclusion_candidates,0.2724,7.21,8.77,2
LS85_s03a_sc07,LS85,3,a,7,25,censored_out,,10.4% of pixels at the 16-bit ceiling (tolerance 1%),LS85_s03b_sc07,1,1,0.6157,-0.0659,high,128.0,0,181.8,154.0,0,182.1,0.1044,0.097413,0.1044,exclusion_candidates,0.3449,5.51,8.18,2
LS85_s03a_sc08,LS85,3,a,8,26,excluded,out_of_focus,"no resolvable nuclear detail (focus 0.063, threshold 0.070)",LS85_s03b_sc08,1,0,,,,,,,,,,,,,reason_string,0.063,,,
LS85_s03a_sc09,LS85,3,a,9,27,censored_out,,12.2% of pixels at the 16-bit ceiling (tolerance 1%),LS85_s03b_sc09,1,1,0.6691,-0.1479,high,187.0,0,260.0,220.0,0,260.3,0.122377,0.120996,0.122377,exclusion_candidates,0.1925,9.21,9.21,1
LS85_s03a_sc10,LS85,3,a,10,28,excluded,tissue_damaged,manually excluded: tissue too damaged to measure,LS85_s03b_sc10,1,0,,,,,,,,,,,,,,,,,
LS85_s03a_sc11,LS85,3,a,11,29,excluded,tissue_damaged,manually excluded: tissue too damaged to measure,LS85_s03b_sc11,1,0,,,,,,,,,,,,,,,,,
LS85_s04a_sc00,LS85,4,a,0,30,excluded,tissue_damaged,manually excluded: tissue too damaged to measure,LS85_s04b_sc00,1,0,,,,,,,,,,,,,,,,,
LS85_s04a_sc01,LS85,4,a,1,31,excluded,tissue_damaged,manually excluded: tissue too damaged to measure,LS85_s04b_sc01,1,0,,,,,,,,,,,,,,,,,
LS85_s04a_sc02,LS85,4,a,2,32,censored_out,,11.0% of pixels at the 16-bit ceiling (tolerance 1%),LS85_s04b_sc02,1,1,0.6072,-0.0049,high,9.0,0,97.6,209.0,0,95.8,0.110174,0.127068,0.110174,exclusion_candidates,0.2475,15.1,15.1,1
LS85_s04a_sc03,LS85,4,a,3,33,censored_out,,11.0% of pixels at the 16-bit ceiling (tolerance 1%),LS85_s04b_sc03,1,1,0.8402,-0.0531,high,1.0,0,275.8,184.0,0,271.8,0.110441,0.123247,0.110441,exclusion_candidates,0.1026,17.12,17.12,1
LS85_s04a_sc04,LS85,4,a,4,34,censored_out,,11.5% of pixels at the 16-bit ceiling (tolerance 1%),LS85_s04b_sc04,1,1,0.8683,-0.0931,high,313.0,0,210.2,118.0,0,212.8,0.115188,0.130169,0.115188,exclusion_candidates,0.2162,16.72,16.72,1
LS85_s04a_sc05,LS85,4,a,5,35,excluded,tissue_damaged,manually excluded: tissue too damaged to measure,LS85_s04b_sc05,1,0,,,,,,,,,,,,,,,,,
LS85_s04a_sc06,LS85,4,a,6,36,censored_out,,10.6% of pixels at the 16-bit ceiling (tolerance 1%),LS85_s04b_sc06,1,1,0.9246,-0.0894,high,153.0,0,220.3,151.0,0,218.9,0.105701,0.123205,0.105701,exclusion_candidates,0.1277,17.9,17.9,1
LS85_s04a_sc07,LS85,4,a,7,37,censored_out,,9.5% of pixels at the 16-bit ceiling (tolerance 1%),LS85_s04b_sc07,1,1,0.8942,-0.1352,high,183.0,0,259.7,181.0,0,264.1,0.09533,0.117423,0.09533,exclusion_candidates,0.2186,21.79,21.79,1
LS85_s04a_sc08,LS85,4,a,8,38,censored_out,,11.4% of pixels at the 16-bit ceiling (tolerance 1%),LS85_s04b_sc08,1,1,0.758,-0.0646,high,357.0,0,258.6,175.0,0,249.2,0.114157,0.131811,0.114157,exclusion_candidates,0.1034,15.04,15.04,1
LS85_s04a_sc09,LS85,4,a,9,39,censored_out,,7.8% of pixels at the 16-bit ceiling (tolerance 1%),LS85_s04b_sc11,1,1,0.7258,0.0075,high,180.0,0,263.5,84.0,0,89.9,0.077943,0.093223,0.077943,exclusion_candidates,0.0785,26.75,26.75,1
LS85_s04a_sc10,LS85,4,a,10,40,censored_out,,9.7% of pixels at the 16-bit ceiling (tolerance 1%),LS85_s04b_sc10,1,1,0.5176,0.0066,low,359.0,0,251.0,125.0,0,277.5,0.096932,0.122462,0.096932,exclusion_candidates,0.0781,23.27,23.27,1
LS85_s05a_sc00,LS85,5,a,0,41,censored_out,,11.0% of pixels at the 16-bit ceiling (tolerance 1%),LS85_s05b_sc00,1,1,0.9025,-0.0572,high,9.0,0,239.3,1.0,0,241.8,0.109996,0.129418,0.109996,exclusion_candidates,0.3818,28.97,28.97,1
LS85_s05a_sc01,LS85,5,a,1,42,censored_out,,10.3% of pixels at the 16-bit ceiling (tolerance 1%),LS85_s05b_sc01,1,1,0.9555,-0.1167,high,144.0,0,203.5,314.0,0,202.9,0.103194,0.114716,0.103194,exclusion_candidates,0.2354,30.25,30.25,1
LS85_s05a_sc02,LS85,5,a,2,43,censored_out,,10.6% of pixels at the 16-bit ceiling (tolerance 1%),LS85_s05b_sc02,1,1,0.9052,-0.0553,high,353.0,0,242.4,357.0,0,241.1,0.105991,0.10974,0.105991,exclusion_candidates,0.1378,32.7,32.7,1
LS85_s05a_sc03,LS85,5,a,3,44,censored_out,,10.1% of pixels at the 16-bit ceiling (tolerance 1%),LS85_s05b_sc03,1,1,0.8989,-0.0142,high,6.0,0,246.3,347.0,0,246.4,0.101361,0.094294,0.101361,exclusion_candidates,0.3518,36.69,36.69,1
LS85_s05a_sc04,LS85,5,a,4,45,censored_out,,9.4% of pixels at the 16-bit ceiling (tolerance 1%),LS85_s05b_sc04,1,1,0.9048,-0.0751,high,289.0,0,135.9,249.0,0,136.5,0.094438,0.100107,0.094438,exclusion_candidates,0.286,35.35,35.35,1
LS85_s05a_sc05,LS85,5,a,5,46,censored_out,,10.2% of pixels at the 16-bit ceiling (tolerance 1%),LS85_s05b_sc05,1,1,0.9125,-0.0689,high,172.0,0,237.6,338.0,0,236.6,0.101853,0.104034,0.101853,exclusion_candidates,0.2812,35.76,35.76,1
LS85_s05a_sc06,LS85,5,a,6,47,censored_out,,9.0% of pixels at the 16-bit ceiling (tolerance 1%),LS85_s05b_sc06,1,1,0.8521,-0.0112,high,1.0,0,243.6,6.0,0,244.3,0.090388,0.077097,0.090388,exclusion_candidates,0.2976,36.81,36.81,1
LS85_s05a_sc07,LS85,5,a,7,48,censored_out,,10.6% of pixels at the 16-bit ceiling (tolerance 1%),LS85_s05b_sc07,1,1,0.8645,-0.0039,high,179.0,0,252.0,143.0,0,42.2,0.106084,0.10746,0.106084,exclusion_candidates,0.3337,39.04,39.04,1
LS85_s05a_sc08,LS85,5,a,8,49,excluded,tissue_damaged,manually excluded: tissue too damaged to measure,LS85_s05b_sc08,1,0,,,,,,,,,,,,,,,,,
LS85_s05a_sc09,LS85,5,a,9,50,excluded,tissue_damaged,manually excluded: tissue too damaged to measure,LS85_s05b_sc09,1,0,,,,,,,,,,,,,,,,,
LS85_s06a_sc00,LS85,6,a,0,51,censored_out,,9.9% of pixels at the 16-bit ceiling (tolerance 1%),LS85_s06b_sc00,1,1,0.9104,-0.0095,high,296.0,0,159.8,277.0,0,159.9,0.099406,0.111643,0.099406,exclusion_candidates,0.2162,42.04,42.04,1
LS85_s06a_sc01,LS85,6,a,1,52,censored_out,,8.7% of pixels at the 16-bit ceiling (tolerance 1%),LS85_s06b_sc01,1,1,0.8906,0.0077,high,98.0,0,149.0,77.0,0,232.7,0.086837,0.10084,0.086837,exclusion_candidates,0.3081,43.72,43.72,1
LS85_s06a_sc02,LS85,6,a,2,53,censored_out,,8.3% of pixels at the 16-bit ceiling (tolerance 1%),LS85_s06b_sc02,1,1,0.9735,-0.0449,high,3.0,0,243.7,0.0,0,243.8,0.082783,0.08656,0.082783,exclusion_candidates,0.3544,44.02,44.02,1
LS85_s06a_sc03,LS85,6,a,3,54,censored_out,,8.8% of pixels at the 16-bit ceiling (tolerance 1%),LS85_s06b_sc04,1,1,0.4817,0.0084,low,2.0,0,233.9,136.0,0,188.0,0.087607,0.100194,0.087607,exclusion_candidates,0.1308,48.04,48.04,1
LS85_s06a_sc04,LS85,6,a,4,55,excluded,tissue_damaged,manually excluded: tissue too damaged to measure,LS85_s06b_sc06,1,0,,,,,,,,,,,,,,,,,
LS85_s06a_sc05,LS85,6,a,5,56,censored_out,,7.6% of pixels at the 16-bit ceiling (tolerance 1%),LS85_s06b_sc07,1,1,0.9477,-0.0653,high,146.0,0,199.3,147.0,0,199.5,0.076353,0.08368,0.076353,exclusion_candidates,0.2385,41.39,41.39,1
LS85_s06a_sc06,LS85,6,a,6,57,censored_out,,7.9% of pixels at the 16-bit ceiling (tolerance 1%),LS85_s06b_sc08,1,1,0.4501,0.0058,low,338.0,0,205.2,15.0,0,56.8,0.078765,0.087457,0.078765,exclusion_candidates,0.2638,39.79,39.79,1
LS85_s06a_sc07,LS85,6,a,7,58,censored_out,,10.2% of pixels at the 16-bit ceiling (tolerance 1%),LS85_s06b_sc09,1,1,0.9055,-0.0257,high,187.0,0,256.4,9.0,0,256.6,0.102177,0.098366,0.102177,exclusion_candidates,0.2655,41.1,41.1,1
LS85_s07a_sc00,LS85,7,a,0,59,censored_out,,9.9% of pixels at the 16-bit ceiling (tolerance 1%),LS85_s07c_sc00,1,1,0.911,0.0183,high,9.0,0,251.7,5.0,0,251.1,0.099277,0.111458,0.099277,exclusion_candidates,0.1197,57.16,57.16,1
LS85_s07a_sc01,LS85,7,a,1,60,censored_out,,9.2% of pixels at the 16-bit ceiling (tolerance 1%),LS85_s07c_sc01,1,1,0.5447,0.0087,low,25.0,0,288.4,351.0,0,80.8,0.092073,0.103357,0.092073,exclusion_candidates,0.2217,52.3,52.3,1
LS85_s07a_sc02,LS85,7,a,2,61,censored_out,,8.9% of pixels at the 16-bit ceiling (tolerance 1%),LS85_s07c_sc02,1,1,0.4371,-0.0018,low,328.0,0,201.2,295.0,0,0.4,0.088578,0.10012,0.088578,exclusion_candidates,0.2461,45.36,45.36,1
LS85_s07a_sc03,LS85,7,a,3,62,censored_out,,10.7% of pixels at the 16-bit ceiling (tolerance 1%),LS85_s07c_sc03,1,1,0.4893,0.0002,low,148.0,0,220.0,342.0,0,193.0,0.106682,0.126864,0.106682,exclusion_candidates,0.2113,41.44,41.44,1
LS85_s07a_sc04,LS85,7,a,4,63,censored_out,,8.2% of pixels at the 16-bit ceiling (tolerance 1%),LS85_s07c_sc04,1,1,0.9428,-0.0336,high,181.0,0,241.8,184.0,0,241.5,0.082315,0.099117,0.082315,exclusion_candidates,0.2116,39.38,39.38,1
LS85_s07a_sc05,LS85,7,a,5,64,censored_out,,8.5% of pixels at the 16-bit ceiling (tolerance 1%),LS85_s07c_sc05,1,1,0.5687,0.0074,high,182.0,0,236.6,200.0,0,318.4,0.08477,0.106986,0.08477,exclusion_candidates,0.1036,43.67,43.67,1
LS85_s07a_sc06,LS85,7,a,6,65,censored_out,,8.9% of pixels at the 16-bit ceiling (tolerance 1%),LS85_s07c_sc06,1,1,0.4644,-0.0096,low,359.0,0,231.5,5.0,0,269.7,0.089185,0.103633,0.089185,exclusion_candidates,0.2944,36.79,36.79,1
LS85_s07a_sc07,LS85,7,a,7,66,censored_out,,8.7% of pixels at the 16-bit ceiling (tolerance 1%),LS85_s07c_sc07,1,1,0.6595,-0.0053,high,355.0,0,244.7,199.0,0,240.3,0.087037,0.097293,0.087037,exclusion_candidates,0.1964,38.83,49.52,2
LS85_s07a_sc08,LS85,7,a,8,67,censored_out,,9.1% of pixels at the 16-bit ceiling (tolerance 1%),LS85_s07c_sc08,1,1,0.6479,0.0166,high,164.0,0,215.8,339.0,0,249.5,0.091267,0.100731,0.091267,exclusion_candidates,0.1406,39.5,39.5,1
LS85_s07a_sc09,LS85,7,a,9,68,excluded,tissue_damaged,manually excluded: tissue too damaged to measure,LS85_s07c_sc09,1,0,,,,,,,,,,,,,,,,,
LS85_s08a_sc00,LS85,8,a,0,69,excluded,out_of_focus,"no resolvable nuclear detail (focus 0.041, threshold 0.070)",LS85_s08b_sc00,1,0,,,,,,,,,,,,,reason_string,0.041,,,
LS85_s08a_sc01,LS85,8,a,1,70,censored_out,,10.1% of pixels at the 16-bit ceiling (tolerance 1%),LS85_s08b_sc01,1,1,0.6969,-0.0149,high,4.0,0,233.9,356.0,0,231.6,0.100842,0.111005,0.100842,exclusion_candidates,0.1126,33.14,33.14,1
LS85_s08a_sc02,LS85,8,a,2,71,excluded,tissue_damaged,manually excluded: tissue too damaged to measure,LS85_s08b_sc02,1,0,,,,,,,,,,,,,,,,,
LS85_s08a_sc03,LS85,8,a,3,72,censored_out,,11.8% of pixels at the 16-bit ceiling (tolerance 1%),LS85_s08b_sc03,1,1,0.6137,-0.0001,high,169.0,0,222.8,5.0,0,197.0,0.118242,0.141575,0.118242,exclusion_candidates,0.2261,30.99,30.99,1
LS85_s08a_sc04,LS85,8,a,4,73,censored_out,,8.8% of pixels at the 16-bit ceiling (tolerance 1%),LS85_s08b_sc04,1,1,0.6473,-0.0057,high,348.0,0,238.5,213.0,0,86.4,0.087666,0.098347,0.087666,exclusion_candidates,0.1216,41.03,41.03,1
LS85_s08a_sc05,LS85,8,a,5,74,censored_out,,9.9% of pixels at the 16-bit ceiling (tolerance 1%),LS85_s08b_sc05,1,1,0.5339,-0.0008,low,62.0,0,102.6,201.0,0,48.9,0.099331,0.112435,0.099331,exclusion_candidates,0.2584,28.94,28.94,1
LS85_s08a_sc06,LS85,8,a,6,75,excluded,tissue_damaged,manually excluded: tissue too damaged to measure,LS85_s08b_sc06,1,0,,,,,,,,,,,,,,,,,
LS85_s08a_sc07,LS85,8,a,7,76,censored_out,,8.6% of pixels at the 16-bit ceiling (tolerance 1%),LS85_s08b_sc07,1,1,0.6368,0.0001,high,51.0,0,88.6,38.0,0,164.6,0.085884,0.106477,0.085884,exclusion_candidates,0.2299,30.81,30.81,1
LS85_s08a_sc08,LS85,8,a,8,77,censored_out,,8.8% of pixels at the 16-bit ceiling (tolerance 1%),LS85_s08b_sc08,1,1,0.8668,-0.1122,high,50.0,0,92.4,44.0,0,94.8,0.088,0.099354,0.088,exclusion_candidates,0.089,32.92,32.92,1
LS85_s08a_sc09,LS85,8,a,9,78,censored_out,,9.0% of pixels at the 16-bit ceiling (tolerance 1%),LS85_s08b_sc09,1,1,0.3409,0.0037,low,68.0,0,99.6,194.0,0,70.2,0.090145,0.112205,0.090145,exclusion_candidates,0.098,30.45,30.45,1
LS85_s09a_sc00,LS85,9,a,0,79,excluded,out_of_focus,"no resolvable nuclear detail (focus 0.051, threshold 0.070)",LS85_s09b_sc00,1,0,,,,,,,,,,,,,reason_string,0.051,,,
LS85_s09a_sc01,LS85,9,a,1,80,excluded,tissue_damaged,manually excluded: tissue too damaged to measure,LS85_s09b_sc01,1,0,,,,,,,,,,,,,,,,,
LS85_s09a_sc02,LS85,9,a,2,81,excluded,tissue_damaged,manually excluded: tissue too damaged to measure,LS85_s09b_sc02,1,0,,,,,,,,,,,,,,,,,
LS85_s09a_sc03,LS85,9,a,3,82,excluded,tissue_damaged,manually excluded: tissue too damaged to measure,LS85_s09b_sc03,1,0,,,,,,,,,,,,,,,,,
LS85_s09a_sc04,LS85,9,a,4,83,excluded,no_tissue,no tissue piece larger than 0.74 mm2 (threshold 2.5),LS85_s09b_sc04,1,0,,,,,,,,,,,,,reason_string,,0.74,,
LS85_s09a_sc05,LS85,9,a,5,84,censored_out,,10.0% of pixels at the 16-bit ceiling (tolerance 1%),LS85_s09b_sc05,1,1,0.9363,-0.0628,high,328.0,0,218.5,202.0,0,221.0,0.100323,0.106454,0.100323,exclusion_candidates,0.1227,27.45,27.45,1
LS85_s09a_sc06,LS85,9,a,6,85,censored_out,,10.8% of pixels at the 16-bit ceiling (tolerance 1%),LS85_s09b_sc06,1,1,0.8098,-0.0256,high,276.0,0,149.9,195.0,0,150.4,0.107617,0.114171,0.107617,exclusion_candidates,0.1741,27.55,27.55,1
LS85_s09a_sc07,LS85,9,a,7,86,censored_out,,8.4% of pixels at the 16-bit ceiling (tolerance 1%),LS85_s09b_sc07,1,1,0.8953,-0.0273,high,20.0,0,47.0,223.0,0,43.3,0.083981,0.09913,0.083981,exclusion_candidates,0.281,26.43,26.43,1
LS85_s09a_sc08,LS85,9,a,8,87,excluded,tissue_damaged,manually excluded: tissue too damaged to measure,LS85_s09b_sc08,1,0,,,,,,,,,,,,,,,,,
LS85_s09a_sc09,LS85,9,a,9,88,excluded,tissue_damaged,manually excluded: tissue too damaged to measure,LS85_s09b_sc09,1,0,,,,,,,,,,,,,,,,,
LS85_s09a_sc10,LS85,9,a,10,89,excluded,tissue_damaged,manually excluded: tissue too damaged to measure,LS85_s09b_sc10,1,0,,,,,,,,,,,,,,,,,
LS85_s09a_sc11,LS85,9,a,11,90,excluded,no_tissue,no tissue piece larger than 0.08 mm2 (threshold 2.5),LS85_s09b_sc11,1,0,,,,,,,,,,,,,reason_string,,0.08,,
LS85_s10a_sc00,LS85,10,a,0,91,censored_out,,11.7% of pixels at the 16-bit ceiling (tolerance 1%),LS85_s10b_sc00,1,1,0.8927,-0.0134,high,186.0,0,159.4,197.0,0,167.0,0.117059,0.122082,0.117059,exclusion_candidates,0.269,25.86,25.86,1
LS85_s10a_sc01,LS85,10,a,1,92,censored_out,,10.2% of pixels at the 16-bit ceiling (tolerance 1%),LS85_s10b_sc01,1,1,0.9027,-0.0398,high,171.0,0,136.3,184.0,0,131.0,0.101745,0.121751,0.101745,exclusion_candidates,0.239,26.07,26.07,1
LS85_s10a_sc02,LS85,10,a,2,93,excluded,tissue_damaged,manually excluded: tissue too damaged to measure,LS85_s10b_sc02,1,0,,,,,,,,,,,,,,,,,
LS85_s10a_sc03,LS85,10,a,3,94,excluded,tissue_damaged,manually excluded: tissue too damaged to measure,LS85_s10b_sc03,1,0,,,,,,,,,,,,,,,,,
LS85_s10a_sc04,LS85,10,a,4,95,excluded,tissue_damaged,manually excluded: tissue too damaged to measure,LS85_s10b_sc04,1,0,,,,,,,,,,,,,,,,,
LS85_s10a_sc05,LS85,10,a,5,96,excluded,tissue_damaged,manually excluded: tissue too damaged to measure,LS85_s10b_sc05,1,0,,,,,,,,,,,,,,,,,
LS85_s10a_sc06,LS85,10,a,6,97,censored_out,,10.2% of pixels at the 16-bit ceiling (tolerance 1%),LS85_s10b_sc06,1,1,0.888,-0.1358,high,215.0,0,186.7,217.0,0,189.1,0.102388,0.111059,0.102388,exclusion_candidates,0.1306,21.82,21.82,1
LS85_s10a_sc07,LS85,10,a,7,98,censored_out,,11.3% of pixels at the 16-bit ceiling (tolerance 1%),LS85_s10b_sc07,1,1,0.837,-0.1368,high,58.0,0,192.3,59.0,0,204.4,0.112685,0.12271,0.112685,exclusion_candidates,0.1783,24.23,24.23,1
LS85_s10a_sc08,LS85,10,a,8,99,excluded,out_of_focus,"no resolvable nuclear detail (focus 0.061, threshold 0.070)",LS85_s10b_sc08,1,0,,,,,,,,,,,,,reason_string,0.061,,,
LS85_s10a_sc09,LS85,10,a,9,100,excluded,tissue_damaged,manually excluded: tissue too damaged to measure,LS85_s10b_sc09,1,0,,,,,,,,,,,,,,,,,
LS87_s01a_sc00,LS87,1,a,0,1,analysis_set,,,LS87_s01b_sc00,1,1,0.5747,-0.0109,high,316.0,0,144.2,325.0,0,143.0,2.9e-05,3.2e-05,2.9e-05,exclusion_candidates,0.3942,4.93,5.61,2
LS87_s01a_sc01,LS87,1,a,1,2,analysis_set,,,LS87_s01b_sc01,1,1,0.8304,-0.0342,high,276.0,0,104.5,100.0,0,103.9,0.0,0.0,0.0,exclusion_candidates,0.188,3.6,4.3,2
LS87_s01a_sc02,LS87,1,a,2,3,analysis_set,,,LS87_s01b_sc02,1,1,0.4224,0.0067,low,325.0,0,169.1,103.0,0,295.1,0.0,0.0,0.0,exclusion_candidates,0.0779,7.64,11.92,2
LS87_s01a_sc03,LS87,1,a,3,4,excluded,no_tissue,no tissue piece larger than 1.06 mm2 (threshold 2.5),LS87_s01b_sc03,1,0,,,,,,,,,,,,,reason_string,,1.06,,
LS87_s01a_sc04,LS87,1,a,4,5,analysis_set,,,LS87_s01b_sc04,1,1,0.8589,-0.0111,high,307.0,0,305.9,57.0,0,140.5,0.0,0.0,0.0,exclusion_candidates,0.2637,8.23,8.23,1
LS87_s01a_sc05,LS87,1,a,5,6,analysis_set,,,LS87_s01b_sc05,1,1,0.4325,0.0,low,303.0,0,123.8,243.0,0,222.0,0.000414,0.000452,0.000414,exclusion_candidates,0.1117,15.48,15.48,1
LS87_s01a_sc06,LS87,1,a,6,7,excluded,no_tissue,no tissue piece larger than 0.35 mm2 (threshold 2.5),LS87_s01b_sc06,1,0,,,,,,,,,,,,,reason_string,,0.35,,
LS87_s01a_sc07,LS87,1,a,7,8,excluded,no_tissue,no tissue piece larger than 0.15 mm2 (threshold 2.5),LS87_s01b_sc07,1,0,,,,,,,,,,,,,reason_string,,0.15,,
LS87_s01a_sc08,LS87,1,a,8,9,excluded,out_of_focus,"no resolvable nuclear detail (focus 0.058, threshold 0.070)",LS87_s01b_sc08,1,0,,,,,,,,,,,,,reason_string,0.058,,,
LS87_s01a_sc09,LS87,1,a,9,10,excluded,no_tissue,no tissue piece larger than 0.31 mm2 (threshold 2.5),LS87_s01b_sc09,1,0,,,,,,,,,,,,,reason_string,,0.31,,
LS87_s01a_sc10,LS87,1,a,10,11,analysis_set,,,LS87_s01b_sc10,1,1,0.3623,0.0,low,260.0,0,79.9,70.0,0,266.8,0.0,0.0,0.0,exclusion_candidates,0.3025,8.7,8.7,1
LS87_s01a_sc11,LS87,1,a,11,12,analysis_set,,,LS87_s01b_sc11,1,1,0.3797,-0.0,low,236.0,0,49.4,200.0,0,224.7,9.3e-05,0.00014,9.3e-05,exclusion_candidates,0.0755,22.84,22.84,1
LS87_s01a_sc12,LS87,1,a,12,13,excluded,no_tissue,no tissue piece larger than 0.16 mm2 (threshold 2.5),LS87_s01b_sc12,1,0,,,,,,,,,,,,,reason_string,,0.16,,
LS87_s01a_sc13,LS87,1,a,13,14,excluded,no_tissue,no tissue piece larger than 1.31 mm2 (threshold 2.5),LS87_s01b_sc13,1,0,,,,,,,,,,,,,reason_string,,1.31,,
LS87_s01a_sc14,LS87,1,a,14,15,analysis_set,,,LS87_s01b_sc15,1,1,0.8133,-0.1087,high,1.0,0,13.9,175.0,0,11.9,0.0,0.0,0.0,exclusion_candidates,0.0776,7.25,9.38,2
LS87_s01a_sc15,LS87,1,a,15,16,excluded,no_tissue,no tissue piece larger than 0.20 mm2 (threshold 2.5),LS87_s01b_sc16,1,0,,,,,,,,,,,,,reason_string,,0.2,,
LS87_s01a_sc16,LS87,1,a,16,17,excluded,tissue_damaged,manually excluded: tissue too damaged to measure,LS87_s01b_sc17,1,0,,,,,,,,,,,,,,,,,
LS87_s01a_sc17,LS87,1,a,17,18,excluded,no_tissue,no tissue piece larger than 0.84 mm2 (threshold 2.5),LS87_s01b_sc18,1,0,,,,,,,,,,,,,reason_string,,0.84,,
LS87_s02a_sc00,LS87,2,a,0,19,excluded,no_tissue,no tissue piece larger than 0.66 mm2 (threshold 2.5),LS87_s02b_sc00,1,0,,,,,,,,,,,,,reason_string,,0.66,,
LS87_s02a_sc01,LS87,2,a,1,20,excluded,tissue_damaged,manually excluded: tissue too damaged to measure,LS87_s02b_sc02,1,0,,,,,,,,,,,,,,,,,
LS87_s02a_sc02,LS87,2,a,2,21,excluded,tissue_damaged,manually excluded: tissue too damaged to measure,LS87_s02b_sc03,1,0,,,,,,,,,,,,,,,,,
LS87_s02a_sc03,LS87,2,a,3,22,excluded,tissue_damaged,manually excluded: tissue too damaged to measure,LS87_s02b_sc04,1,0,,,,,,,,,,,,,,,,,
LS87_s02a_sc04,LS87,2,a,4,23,excluded,tissue_damaged,manually excluded: tissue too damaged to measure,LS87_s02b_sc05,1,0,,,,,,,,,,,,,,,,,
LS87_s02a_sc05,LS87,2,a,5,24,analysis_set,,,LS87_s02b_sc07,1,1,0.547,-0.0213,low,35.0,0,302.5,84.0,0,305.3,0.000216,0.000295,0.000216,exclusion_candidates,0.2634,16.43,16.43,1
LS87_s02a_sc06,LS87,2,a,6,25,analysis_set,,,LS87_s02b_sc08,1,1,0.5339,-0.0095,low,147.0,0,215.9,296.0,0,224.0,0.000399,0.000442,0.000399,exclusion_candidates,0.0872,21.6,21.6,1
LS87_s02a_sc07,LS87,2,a,7,26,analysis_set,,,LS87_s02b_sc09,1,1,0.6851,-0.1067,high,354.0,0,260.3,2.0,0,264.1,0.000182,0.00024,0.000182,exclusion_candidates,0.1516,14.72,14.72,1
LS87_s02a_sc08,LS87,2,a,8,27,excluded,no_tissue,no tissue piece larger than 0.31 mm2 (threshold 2.5),LS87_s02b_sc10,1,0,,,,,,,,,,,,,reason_string,,0.31,,
LS87_s02a_sc09,LS87,2,a,9,28,excluded,no_tissue,no tissue piece larger than 0.30 mm2 (threshold 2.5),LS87_s02b_sc11,1,0,,,,,,,,,,,,,reason_string,,0.3,,
LS87_s02a_sc10,LS87,2,a,10,29,excluded,tissue_damaged,manually excluded: tissue too damaged to measure,LS87_s02b_sc12,1,0,,,,,,,,,,,,,,,,,
LS87_s03a_sc00,LS87,3,a,0,30,excluded,tissue_damaged,manually excluded: tissue too damaged to measure,LS87_s03b_sc02,1,0,,,,,,,,,,,,,,,,,
LS87_s03a_sc01,LS87,3,a,1,31,excluded,tissue_damaged,manually excluded: tissue too damaged to measure,LS87_s03b_sc03,1,0,,,,,,,,,,,,,,,,,
LS87_s03a_sc02,LS87,3,a,2,32,excluded,out_of_focus,"no resolvable nuclear detail (focus 0.056, threshold 0.070)",LS87_s03b_sc04,1,0,,,,,,,,,,,,,reason_string,0.056,,,
LS87_s03a_sc03,LS87,3,a,3,33,excluded,no_tissue,no tissue piece larger than 0.26 mm2 (threshold 2.5),LS87_s03b_sc05,1,0,,,,,,,,,,,,,reason_string,,0.26,,
LS87_s03a_sc04,LS87,3,a,4,34,excluded,no_tissue,no tissue piece larger than 0.82 mm2 (threshold 2.5),LS87_s03b_sc06,1,0,,,,,,,,,,,,,reason_string,,0.82,,
LS87_s03a_sc05,LS87,3,a,5,35,censored_out,,9.7% of pixels at the 16-bit ceiling (tolerance 1%),LS87_s03b_sc07,1,1,0.7712,-0.0161,high,177.0,0,255.5,43.0,0,257.3,0.097441,0.09817,0.097441,exclusion_candidates,0.097,35.74,35.74,1
LS87_s03a_sc06,LS87,3,a,6,36,excluded,tissue_damaged,manually excluded: tissue too damaged to measure,LS87_s03b_sc08,1,0,,,,,,,,,,,,,,,,,
LS87_s03a_sc07,LS87,3,a,7,37,excluded,out_of_focus,"no resolvable nuclear detail (focus 0.057, threshold 0.070)",LS87_s03b_sc09,1,0,,,,,,,,,,,,,reason_string,0.057,,,
LS87_s03a_sc08,LS87,3,a,8,38,excluded,no_tissue,no tissue piece larger than 0.11 mm2 (threshold 2.5),LS87_s03b_sc10,1,0,,,,,,,,,,,,,reason_string,,0.11,,
LS87_s04a_sc00,LS87,4,a,0,39,analysis_set,,,LS87_s04b_sc00,1,1,0.7767,-0.0077,high,122.0,0,73.3,186.0,0,66.4,0.000579,0.000676,0.000579,exclusion_candidates,0.1513,59.57,59.57,1
LS87_s04a_sc01,LS87,4,a,1,40,censored_out,,15.0% of pixels at the 16-bit ceiling (tolerance 1%),LS87_s04b_sc01,1,1,0.5227,-0.0001,low,30.0,0,66.2,131.0,0,292.4,0.150272,0.188389,0.150272,exclusion_candidates,0.1052,46.83,46.83,1
LS87_s04a_sc02,LS87,4,a,2,41,analysis_set,,,LS87_s04b_sc02,1,1,0.9618,-0.0248,high,285.0,0,157.1,110.0,0,160.4,0.0,0.0,0.0,exclusion_candidates,0.2917,39.62,39.62,1
LS87_s04a_sc03,LS87,4,a,3,42,analysis_set,,,LS87_s04b_sc03,1,1,0.491,-0.0014,low,9.0,0,260.0,212.0,0,7.7,5.2e-05,6.6e-05,5.2e-05,exclusion_candidates,0.2538,37.46,37.46,1
LS87_s04a_sc04,LS87,4,a,4,43,analysis_set,,,LS87_s04b_sc04,1,1,0.97,-0.0337,high,176.0,0,255.9,14.0,0,252.0,0.000247,0.000282,0.000247,exclusion_candidates,0.2212,38.96,38.96,1
LS87_s04a_sc05,LS87,4,a,5,44,analysis_set,,,LS87_s04b_sc05,1,1,0.4991,-0.0006,low,177.0,0,251.5,212.0,0,349.8,8.9e-05,0.000108,8.9e-05,exclusion_candidates,0.123,42.6,42.6,1
LS87_s04a_sc06,LS87,4,a,6,45,analysis_set,,,LS87_s04b_sc06,1,1,0.9377,-0.0465,high,184.0,0,263.4,14.0,0,263.1,0.000438,0.000531,0.000438,exclusion_candidates,0.2556,40.51,40.51,1
LS87_s04a_sc07,LS87,4,a,7,46,analysis_set,,,LS87_s04b_sc07,1,1,0.4641,0.0017,low,358.0,0,252.9,206.0,0,338.7,0.000386,0.000443,0.000386,exclusion_candidates,0.251,40.82,40.82,1
LS87_s04a_sc08,LS87,4,a,8,47,analysis_set,,,LS87_s04b_sc08,1,1,0.9165,-0.0233,high,357.0,0,253.7,211.0,0,254.9,0.000227,0.00033,0.000227,exclusion_candidates,0.2507,44.32,44.32,1
LS87_s04a_sc09,LS87,4,a,9,48,analysis_set,,,LS87_s04b_sc09,1,1,0.6087,-0.038,high,61.0,0,328.4,68.0,0,203.7,9.4e-05,0.000123,9.4e-05,exclusion_candidates,0.1102,27.44,27.44,1
LS87_s05a_sc00,LS87,5,a,0,49,analysis_set,,,LS87_s05b_sc00,1,1,0.6479,-0.0059,high,171.0,0,6.1,118.0,0,359.9,0.00023,0.000279,0.00023,exclusion_candidates,0.1254,35.19,35.19,1
LS87_s05a_sc01,LS87,5,a,1,50,analysis_set,,,LS87_s05b_sc01,1,1,0.7947,-0.0042,high,354.0,0,258.8,225.0,0,0.3,0.000527,0.000644,0.000527,exclusion_candidates,0.1557,64.89,64.89,1
LS87_s05a_sc02,LS87,5,a,2,51,analysis_set,,,LS87_s05b_sc02,1,1,0.9791,-0.0348,high,275.0,0,133.0,264.0,0,132.9,0.000202,0.000239,0.000202,exclusion_candidates,0.2954,44.79,44.79,1
LS87_s05a_sc03,LS87,5,a,3,52,analysis_set,,,LS87_s05b_sc03,1,1,0.6804,0.0045,high,0.0,0,265.7,331.0,0,270.0,0.000169,0.000214,0.000169,exclusion_candidates,0.3128,49.7,49.7,1
LS87_s05a_sc04,LS87,5,a,4,53,analysis_set,,,LS87_s05b_sc04,1,1,0.6064,-0.0008,high,182.0,0,258.6,41.0,0,174.4,0.0,0.0,0.0,exclusion_candidates,0.2025,46.76,46.76,1
LS87_s05a_sc05,LS87,5,a,5,54,analysis_set,,,LS87_s05b_sc05,1,1,0.7305,0.0128,high,183.0,0,249.2,134.0,0,253.2,0.0,0.0,0.0,exclusion_candidates,0.2704,46.6,46.6,1
LS87_s05a_sc06,LS87,5,a,6,55,excluded,tissue_damaged,manually excluded: tissue too damaged to measure,LS87_s05b_sc06,1,0,,,,,,,,,,,,,,,,,
LS87_s05a_sc07,LS87,5,a,7,56,analysis_set,,,LS87_s05b_sc07,1,1,0.9224,-0.0157,high,87.0,0,132.8,57.0,0,133.2,2e-05,2.6e-05,2e-05,exclusion_candidates,0.1184,47.03,47.03,1
LS87_s05a_sc08,LS87,5,a,8,57,excluded,tissue_damaged,manually excluded: tissue too damaged to measure,LS87_s05b_sc08,1,0,,,,,,,,,,,,,,,,,
LS87_s05a_sc09,LS87,5,a,9,58,analysis_set,,,LS87_s05b_sc09,1,1,0.6314,0.0045,high,21.0,0,301.0,208.0,0,294.3,5e-05,5.7e-05,5e-05,exclusion_candidates,0.1069,47.25,47.25,1
LS87_s05a_sc10,LS87,5,a,10,59,excluded,out_of_focus,"no resolvable nuclear detail (focus 0.042, threshold 0.070)",LS87_s05b_sc10,1,0,,,,,,,,,,,,,reason_string,0.042,,,
LS87_s06a_sc00,LS87,6,a,0,60,analysis_set,,,LS87_s06b_sc00,1,1,0.6353,0.0005,high,107.0,0,41.4,291.0,0,359.6,6e-06,7e-06,6e-06,exclusion_candidates,0.1105,51.11,51.11,1
LS87_s06a_sc01,LS87,6,a,1,61,analysis_set,,,LS87_s06b_sc01,1,1,0.504,0.0033,low,12.0,0,36.4,131.0,0,269.9,4.3e-05,4.9e-05,4.3e-05,exclusion_candidates,0.104,48.78,48.78,1
LS87_s06a_sc02,LS87,6,a,2,62,analysis_set,,,LS87_s06b_sc02,1,1,0.5784,-0.0001,high,177.0,0,258.3,348.0,0,90.1,0.0,0.0,0.0,exclusion_candidates,0.2285,41.29,41.29,1
LS87_s06a_sc03,LS87,6,a,3,63,analysis_set,,,LS87_s06b_sc03,1,1,0.6575,-0.0002,high,175.0,0,248.0,169.0,0,250.0,4.5e-05,5.6e-05,4.5e-05,exclusion_candidates,0.2078,39.88,39.88,1
LS87_s06a_sc04,LS87,6,a,4,64,analysis_set,,,LS87_s06b_sc04,1,1,0.5453,0.0014,low,359.0,0,254.4,356.0,0,269.7,0.000366,0.000439,0.000366,exclusion_candidates,0.2754,40.71,40.71,1
LS87_s06a_sc05,LS87,6,a,5,65,analysis_set,,,LS87_s06b_sc05,1,1,0.3655,-0.0,low,212.0,0,296.2,93.0,0,232.5,8.6e-05,9.8e-05,8.6e-05,exclusion_candidates,0.278,44.58,44.58,1
LS87_s06a_sc06,LS87,6,a,6,66,analysis_set,,,LS87_s06b_sc06,1,1,0.6602,-0.0083,high,237.0,0,333.2,215.0,0,327.3,0.0,0.0,0.0,exclusion_candidates,0.1753,25.13,25.13,1
LS87_s06a_sc07,LS87,6,a,7,67,excluded,tissue_damaged,manually excluded: tissue too damaged to measure,LS87_s06b_sc07,1,0,,,,,,,,,,,,,,,,,
LS87_s06a_sc08,LS87,6,a,8,68,excluded,tissue_damaged,manually excluded: tissue too damaged to measure,LS87_s06b_sc08,1,0,,,,,,,,,,,,,,,,,
LS87_s06a_sc09,LS87,6,a,9,69,excluded,tissue_damaged,manually excluded: tissue too damaged to measure,LS87_s06b_sc09,1,0,,,,,,,,,,,,,,,,,
LS87_s06a_sc10,LS87,6,a,10,70,excluded,tissue_damaged,manually excluded: tissue too damaged to measure,LS87_s06b_sc10,1,0,,,,,,,,,,,,,,,,,
LS87_s06a_sc11,LS87,6,a,11,71,excluded,tissue_damaged,manually excluded: tissue too damaged to measure,LS87_s06b_sc11,1,0,,,,,,,,,,,,,,,,,
LS87_s07a_sc00,LS87,7,a,0,72,excluded,tissue_damaged,manually excluded: tissue too damaged to measure,LS87_s07b_sc00,1,0,,,,,,,,,,,,,,,,,
LS87_s07a_sc01,LS87,7,a,1,73,analysis_set,,,LS87_s07b_sc01,1,1,0.7968,-0.0486,high,31.0,0,298.1,190.0,0,299.9,0.0,0.0,0.0,exclusion_candidates,0.113,36.42,36.42,1
LS87_s07a_sc02,LS87,7,a,2,74,excluded,tissue_damaged,manually excluded: tissue too damaged to measure,LS87_s07b_sc02,1,0,,,,,,,,,,,,,,,,,
LS87_s07a_sc03,LS87,7,a,3,75,excluded,tissue_damaged,manually excluded: tissue too damaged to measure,LS87_s07b_sc03,1,0,,,,,,,,,,,,,,,,,
LS87_s07a_sc04,LS87,7,a,4,76,excluded,tissue_damaged,manually excluded: tissue too damaged to measure,LS87_s07b_sc04,1,0,,,,,,,,,,,,,,,,,
LS87_s07a_sc05,LS87,7,a,5,77,excluded,tissue_damaged,manually excluded: tissue too damaged to measure,LS87_s07b_sc05,1,0,,,,,,,,,,,,,,,,,
LS87_s07a_sc06,LS87,7,a,6,78,analysis_set,,,,0,0,,,,,,,0.0,0,184.9,0.00128,0.003513,0.00128,,,,,
LS87_s07a_sc07,LS87,7,a,7,79,excluded,tissue_damaged,manually excluded: tissue too damaged to measure,LS87_s07b_sc06,1,0,,,,,,,,,,,,,,,,,
LS87_s07a_sc08,LS87,7,a,8,80,excluded,tissue_damaged,manually excluded: tissue too damaged to measure,LS87_s07b_sc07,1,0,,,,,,,,,,,,,,,,,
LS87_s07a_sc09,LS87,7,a,9,81,excluded,tissue_damaged,manually excluded: tissue too damaged to measure,LS87_s07b_sc08,1,0,,,,,,,,,,,,,,,,,
LS87_s07a_sc10,LS87,7,a,10,82,excluded,tissue_damaged,manually excluded: tissue too damaged to measure,LS87_s07b_sc09,1,0,,,,,,,,,,,,,,,,,
LS87_s07a_sc11,LS87,7,a,11,83,excluded,tissue_damaged,manually excluded: tissue too damaged to measure,LS87_s07b_sc10,1,0,,,,,,,,,,,,,,,,,
LS87_s07a_sc12,LS87,7,a,12,84,analysis_set,,,,0,0,,,,,,,0.0,0,297.9,2.1e-05,2.8e-05,2.1e-05,,,,,
LS87_s08a_sc00,LS87,8,a,0,85,excluded,tissue_damaged,manually excluded: tissue too damaged to measure,LS87_s08b_sc00,1,0,,,,,,,,,,,,,,,,,
LS87_s08a_sc01,LS87,8,a,1,86,excluded,tissue_damaged,manually excluded: tissue too damaged to measure,LS87_s08b_sc01,1,0,,,,,,,,,,,,,,,,,
LS87_s08a_sc02,LS87,8,a,2,87,analysis_set,,,LS87_s08b_sc02,1,1,0.7528,0.0042,high,265.0,0,256.0,298.0,0,195.4,0.0,0.0,0.0,exclusion_candidates,0.2811,21.76,21.76,1
LS87_s08a_sc03,LS87,8,a,3,88,analysis_set,,,LS87_s08b_sc03,1,1,0.8575,-0.0125,high,231.0,0,333.8,213.0,0,331.9,0.000399,0.000513,0.000399,exclusion_candidates,0.2624,28.75,28.75,1
LS87_s08a_sc04,LS87,8,a,4,89,excluded,tissue_damaged,manually excluded: tissue too damaged to measure,LS87_s08b_sc04,1,0,,,,,,,,,,,,,,,,,
LS87_s08a_sc05,LS87,8,a,5,90,analysis_set,,,LS87_s08b_sc05,1,1,0.8228,0.0194,high,185.0,0,157.2,167.0,0,358.0,0.000116,0.000154,0.000116,exclusion_candidates,0.2445,28.68,28.68,1
LS87_s08a_sc06,LS87,8,a,6,91,analysis_set,,,LS87_s08b_sc06,1,1,0.8675,0.0093,high,243.0,0,230.1,257.0,0,230.1,0.0,0.0,0.0,exclusion_candidates,0.289,31.27,31.27,1
LS87_s08a_sc07,LS87,8,a,7,92,analysis_set,,,LS87_s08b_sc07,1,1,0.5468,0.0097,low,236.0,0,215.4,289.0,0,115.4,0.0,0.0,0.0,exclusion_candidates,0.2659,28.61,28.61,1
LS87_s08a_sc08,LS87,8,a,8,93,excluded,tissue_damaged,manually excluded: tissue too damaged to measure,LS87_s08b_sc08,1,0,,,,,,,,,,,,,,,,,
LS87_s08a_sc09,LS87,8,a,9,94,excluded,tissue_damaged,manually excluded: tissue too damaged to measure,LS87_s08b_sc09,1,0,,,,,,,,,,,,,,,,,
LS87_s08a_sc10,LS87,8,a,10,95,excluded,tissue_damaged,manually excluded: tissue too damaged to measure,LS87_s08b_sc10,1,0,,,,,,,,,,,,,,,,,
LS87_s08a_sc11,LS87,8,a,11,96,excluded,tissue_damaged,manually excluded: tissue too damaged to measure,LS87_s08b_sc11,1,0,,,,,,,,,,,,,,,,,
LS87_s09a_sc00,LS87,9,a,0,97,analysis_set,,,LS87_s09b_sc00,1,1,0.5521,-0.0183,high,42.0,0,193.3,208.0,0,188.3,7e-05,7.8e-05,7e-05,exclusion_candidates,0.12,32.89,32.89,1
LS87_s09a_sc01,LS87,9,a,1,98,analysis_set,,,LS87_s09b_sc01,1,1,0.8074,-0.0147,high,202.0,0,187.7,24.0,0,188.4,8.5e-05,0.000101,8.5e-05,exclusion_candidates,0.1126,35.68,35.68,1
LS87_s09a_sc02,LS87,9,a,2,99,analysis_set,,,LS87_s09b_sc02,1,1,0.8621,-0.1123,high,151.0,0,112.5,132.0,0,115.0,0.001188,0.001331,0.001188,exclusion_candidates,0.3191,26.77,26.77,1
LS87_s09a_sc03,LS87,9,a,3,100,analysis_set,,,LS87_s09b_sc03,1,1,0.5931,-0.0396,high,180.0,0,148.2,319.0,0,151.6,0.0,0.0,0.0,exclusion_candidates,0.319,28.97,28.97,1
LS87_s09a_sc04,LS87,9,a,4,101,analysis_set,,,LS87_s09b_sc04,1,1,0.9175,-0.0207,high,199.0,0,155.0,176.0,0,160.8,6e-06,7e-06,6e-06,exclusion_candidates,0.2925,33.57,33.57,1
LS87_s09a_sc05,LS87,9,a,5,102,analysis_set,,,LS87_s09b_sc05,1,1,0.7572,0.0104,high,204.0,0,177.0,15.0,0,18.7,0.0,0.0,0.0,exclusion_candidates,0.2641,29.94,29.94,1
LS87_s09a_sc06,LS87,9,a,6,103,excluded,tissue_damaged,manually excluded: tissue too damaged to measure,LS87_s09b_sc06,1,0,,,,,,,,,,,,,,,,,
LS87_s09a_sc07,LS87,9,a,7,104,excluded,tissue_damaged,manually excluded: tissue too damaged to measure,LS87_s09b_sc07,1,0,,,,,,,,,,,,,,,,,
LS87_s09a_sc08,LS87,9,a,8,105,excluded,tissue_damaged,manually excluded: tissue too damaged to measure,LS87_s09b_sc08,1,0,,,,,,,,,,,,,,,,,
LS87_s09a_sc09,LS87,9,a,9,106,excluded,tissue_damaged,manually excluded: tissue too damaged to measure,LS87_s09b_sc09,1,0,,,,,,,,,,,,,,,,,
