scene_uid,animal,marker,roi_kind,region,seed_n,sec_x,sec_y,sec_r,czi_file,scene_index,czi_cx,czi_cy,czi_x0,czi_y0,czi_w,czi_h,axis_a_um,axis_b_um,area_um2,roi_shape,sec_poly
LS105_s05a_sc05,LS105,AF568,background,__background__,,94.07,166.47,8.0,LS105_5a.czi,5,-53150.25,29157.91,-53475,28727,650,862,279.9,211.0,185561.1,disc,
LS105_s05a_sc05,LS105,AF568,background,__background__,,178.59,149.19,8.0,LS105_5a.czi,5,-53219.02,24515.55,-53544,24085,650,862,279.9,211.0,185561.1,disc,
LS105_s05a_sc05,LS105,AF568,background,__background__,,76.79,43.69,8.0,LS105_5a.czi,5,-58177.83,28876.33,-58503,28445,650,862,279.9,211.0,185561.1,disc,
LS105_s05a_sc05,LS105,AF568,background,__background__,,165.02,42.46,8.0,LS105_5a.czi,5,-57578.72,24193.96,-57904,23763,650,862,279.9,211.0,185561.1,disc,
LS105_s05a_sc05,LS105,AF568,roi,Nucleus Anterior tuberal,,144.66,195.28,0.0,LS105_5a.czi,5,-51628.66,26760.67,-52201,24953,1222,3732,,,997253.8,polygon,128.62 204.10;109.49 201.63;126.15 184.36;130.47 184.36;149.59 184.36;177.36 187.44;176.12 196.08;165.02 207.80;145.27 204.10;138.49 198.55
LS105_s05a_sc05,LS105,AF568,roi,Nucleus Lateral tuberal,,149.72,218.45,0.0,LS105_5a.czi,5,-50666.69,26718.58,-51309,24904,1332,3431,,,1300775.8,polygon,119.98 217.06;121.21 212.12;130.47 206.57;140.34 204.10;155.15 203.48;169.34 205.95;174.27 207.19;182.91 217.67;184.76 222.61;177.36 230.63;160.08 228.16;147.13 225.08;133.55 231.25;128.00 235.56;121.21 229.40
LS105_s05a_sc06,LS105,AF568,background,__background__,,161.93,156.6,8.0,LS105_5a.czi,6,-41126.12,8932.74,-41478,8481,704,903,293.2,228.7,210696.2,disc,
LS105_s05a_sc06,LS105,AF568,background,__background__,,190.31,144.26,8.0,LS105_5a.czi,6,-41460.19,7241.14,-41813,6790,705,903,293.2,228.7,210696.2,disc,
LS105_s05a_sc06,LS105,AF568,background,__background__,,175.5,126.98,8.0,LS105_5a.czi,6,-42315.53,7907.9,-42668,7456,705,903,293.2,228.7,210696.2,disc,
LS105_s05a_sc06,LS105,AF568,background,__background__,,91.6,168.32,8.0,LS105_5a.czi,6,-41116.97,12953.03,-41469,12501,704,904,293.2,228.7,210696.2,disc,
LS105_s05a_sc06,LS105,AF568,roi,Nucleus Anterior tuberal,,137.31,185.49,0.0,LS105_5a.czi,6,-40046.9,10565.81,-40462,8567,942,3622,,,1055194.5,polygon,108.26 186.21;109.49 183.12;122.45 181.89;143.42 176.34;161.32 172.02;166.25 172.02;173.65 188.06;157.00 189.91;145.27 193.00;135.40 197.93;116.28 198.55;108.87 186.83
LS105_s05a_sc06,LS105,AF568,roi,Nucleus Lateral tuberal,,145.27,207.23,0.0,LS105_5a.czi,6,-39046.62,10320.84,-39668,8228,1533,3784,,,949909.8,polygon,116.28 213.97;116.28 209.65;138.49 196.08;146.51 194.23;167.48 189.29;180.44 192.38;177.97 207.19;169.34 209.65;162.55 202.25;155.76 199.16;144.04 204.72;128.00 215.82;131.70 219.52;126.77 231.25;117.51 223.23
LS105_s05a_sc07,LS105,AF568,background,__background__,,165.02,126.98,8.0,LS105_5a.czi,7,-40207.16,25043.14,-40546,24560,678,966,313.4,220.1,216755.0,disc,
LS105_s05a_sc07,LS105,AF568,background,__background__,,86.05,152.89,8.0,LS105_5a.czi,7,-38958.34,29726.77,-39297,29244,678,965,313.4,220.1,216755.0,disc,
LS105_s05a_sc07,LS105,AF568,background,__background__,,53.97,128.83,8.0,LS105_5a.czi,7,-39913.49,31724.95,-40253,31242,679,966,313.4,220.1,216755.0,disc,
LS105_s05a_sc07,LS105,AF568,background,__background__,,34.22,125.13,8.0,LS105_5a.czi,7,-40031.63,32924.43,-40371,32442,679,965,313.4,220.1,216755.0,disc,
LS105_s05a_sc07,LS105,AF568,background,__background__,,169.95,56.65,2.0,LS105_5a.czi,7,-43190.67,24940.58,-43276,24820,170,242,78.4,55.0,13547.2,disc,
LS105_s05a_sc07,LS105,AF568,background,__background__,,198.33,123.9,8.0,LS105_5a.czi,7,-40402.02,23045.87,-40741,22563,678,966,313.4,220.1,216755.0,disc,
LS105_s05a_sc07,LS105,AF568,roi,Nucleus Anterior tuberal,,116.59,188.06,0.0,LS105_5a.czi,7,-37530.4,27790.63,-38052,25755,1232,3514,,,734435.8,polygon,94.07 178.81;113.19 178.19;132.94 176.95;142.81 176.95;150.21 191.76;129.85 194.23;129.85 184.98;110.11 184.36;102.09 187.44;102.09 201.02;100.24 204.10;91.60 197.93
LS105_s05a_sc07,LS105,AF568,roi,Nucleus Lateral tuberal,,122.83,212.85,0.0,LS105_5a.czi,7,-36494.25,27346.4,-37322,25442,1595,3914,,,1344947.5,polygon,134.17 205.33;133.55 198.55;143.42 194.23;154.53 204.72;153.91 224.46;142.19 231.86;130.47 222.61;118.75 217.67;105.17 226.31;94.68 228.78;89.75 206.57;93.45 201.63;102.71 204.72;116.89 212.74;124.30 215.21;127.38 210.27
LS105_s06a_sc00,LS105,AF568,background,__background__,,102.71,134.39,8.0,LS105_6a.czi,0,-81234.41,13197.43,-81560,12688,651,1019,330.7,211.5,219744.9,disc,
LS105_s06a_sc00,LS105,AF568,background,__background__,,86.66,147.96,8.0,LS105_6a.czi,0,-80587.4,14071.09,-80913,13562,651,1018,330.7,211.5,219744.9,disc,
LS105_s06a_sc00,LS105,AF568,background,__background__,,107.64,155.98,8.0,LS105_6a.czi,0,-80398.32,12673.51,-80724,12164,652,1019,330.7,211.5,219744.9,disc,
LS105_s06a_sc00,LS105,AF568,roi,Migrated posterior tuberal nucleus,,131.04,182.89,0.0,LS105_6a.czi,0,-79465.7,10936.48,-80336,9158,1527,3330,,,1051254.8,polygon,108.26 170.79;134.17 168.93;156.38 165.23;158.85 176.95;158.23 189.91;149.59 195.46;134.17 183.74;134.79 173.25;111.96 184.36;119.98 185.59;116.89 195.46;115.04 196.70;105.17 191.14
LS105_s06a_sc00,LS105,AF568,roi,Nucleus Anterior tuberal,,101.78,212.43,0.0,LS105_6a.czi,0,-78093.29,12481.56,-78530,11963,815,1092,,,277034.7,polygon,92.83 213.97;94.07 203.48;102.09 201.63;107.02 202.87;109.49 215.82;107.64 220.76;102.71 221.99;98.39 218.91
LS105_s06a_sc00,LS105,AF568,roi,Nucleus Lateral tuberal,,130.88,230.63,0.0,LS105_6a.czi,0,-77546.75,10472.86,-78262,8291,1741,3673,,,1012779.0,polygon,107.64 227.54;108.87 223.84;118.75 218.91;122.45 218.91;144.04 216.44;157.61 217.06;160.08 221.38;165.02 234.33;150.83 241.12;144.66 230.01;124.30 221.38;118.75 236.18;119.98 253.46;113.81 253.46;106.41 245.44
LS105_s06a_sc00,LS105,AF568,roi,Nucleus Anterior tuberal,,152.83,206.57,0.0,LS105_6a.czi,0,-78652.63,9332.64,-79117,8742,1006,1300,,,380217.0,polygon,140.96 210.27;144.04 201.63;149.59 195.46;159.46 196.08;161.93 204.10;161.93 208.42;155.15 217.06;149.59 219.52
LS105_s06a_sc02,LS105,AF568,background,__background__,,108.16,111.42,8.0,LS105_6a.czi,2,-66506.93,9000.39,-66852,8461,690,1079,350.4,224.1,246701.0,disc,
LS105_s06a_sc02,LS105,AF568,background,__background__,,123.95,97.17,8.0,LS105_6a.czi,2,-65724.44,9746.85,-66070,9207,691,1079,350.4,224.1,246701.0,disc,
LS105_s06a_sc02,LS105,AF568,background,__background__,,114.0,86.05,8.0,LS105_6a.czi,2,-65387.22,8890.66,-65732,8351,690,1079,350.4,224.1,246701.0,disc,
LS105_s06a_sc02,LS105,AF568,background,__background__,,60.53,74.77,8.0,LS105_6a.czi,2,-65577.6,5220.13,-65923,4681,691,1079,350.4,224.1,246701.0,disc,
LS105_s06a_sc02,LS105,AF568,roi,Migrated posterior tuberal nucleus,,134.35,68.41,0.0,LS105_6a.czi,2,-64408.71,9866.6,-64868,8385,1007,3518,,,956105.3,polygon,147.34 62.04;154.17 61.06;164.52 72.95;154.57 79.40;138.57 80.58;126.09 77.07;115.16 72.79;111.45 68.30;116.71 58.35;120.42 56.98;128.81 63.02
LS105_s06a_sc02,LS105,AF568,roi,Nucleus Anterior tuberal,,164.51,53.16,0.0,LS105_6a.czi,2,-63408.51,11522.13,-63765,10913,861,1234,,,311515.9,polygon,172.50 48.95;172.70 58.12;170.75 60.07;161.39 60.86;155.92 57.74;157.09 46.42;161.18 39.98
LS105_s06a_sc02,LS105,AF568,roi,Nucleus Lateral tuberal,,142.75,29.55,0.0,LS105_6a.czi,2,-62700.3,9663.29,-63269,7688,1377,4018,,,877902.1,polygon,167.23 37.44;157.86 38.23;137.77 36.09;128.60 36.29;115.92 35.33;113.57 32.60;113.76 24.21;126.25 21.86;137.96 29.66;151.03 27.50;164.87 17.15;166.82 17.15;174.05 30.61
LS105_s06a_sc02,LS105,AF568,roi,Nucleus Anterior tuberal,,117.04,46.11,0.0,LS105_6a.czi,2,-63699.99,8320.37,-64497,7558,1247,1414,,,353370.3,polygon,114.16 42.55;117.28 40.98;118.84 36.30;121.96 36.69;125.87 50.34;121.39 54.05;111.06 63.62;105.78 44.31
LS105_s06a_sc04,LS105,AF568,background,__background__,,173.76,112.65,8.0,LS105_6a.czi,4,-52590.53,6754.93,-52883,6271,585,968,314.4,189.9,187598.0,disc,
LS105_s06a_sc04,LS105,AF568,background,__background__,,196.01,93.64,8.0,LS105_6a.czi,4,-52203.84,5105.39,-52497,4621,586,969,314.4,189.9,187598.0,disc,
LS105_s06a_sc04,LS105,AF568,background,__background__,,141.42,169.83,8.0,LS105_6a.czi,4,-52641.19,10725.79,-52934,10242,586,968,314.4,189.9,187598.0,disc,
LS105_s06a_sc04,LS105,AF568,background,__background__,,154.81,186.77,8.0,LS105_6a.czi,4,-51917.32,11244.15,-52210,10760,585,968,314.4,189.9,187598.0,disc,
LS105_s06a_sc04,LS105,AF568,background,__background__,,166.17,165.52,8.0,LS105_6a.czi,4,-51919.68,9787.31,-52212,9303,585,968,314.4,189.9,187598.0,disc,
LS105_s06a_sc04,LS105,AF568,roi,Nucleus Posterior Tuberal,,214.55,166.18,0.0,LS105_6a.czi,4,-50352.08,8436.51,-51312,6490,1845,4120,,,2603129.4,polygon,190.55 155.37;201.43 135.91;214.22 131.00;240.83 143.77;248.99 149.12;244.33 161.93;219.77 196.92;218.04 203.48;212.32 205.79;184.47 173.55;185.10 171.16
LS105_s06a_sc05,LS105,AF568,background,__background__,,126.44,105.63,8.0,LS105_6a.czi,5,-51412.22,26474.93,-51713,26076,601,797,258.7,195.1,158538.8,disc,
LS105_s06a_sc05,LS105,AF568,background,__background__,,150.45,95.29,8.0,LS105_6a.czi,5,-50814.9,27506.4,-51116,27108,602,797,258.7,195.1,158538.8,disc,
LS105_s06a_sc05,LS105,AF568,background,__background__,,122.51,84.88,8.0,LS105_6a.czi,5,-50693.91,26031.73,-50995,25633,602,797,258.7,195.1,158538.8,disc,
LS105_s06a_sc05,LS105,AF568,roi,Nucleus Posterior Tuberal,,107.06,36.93,0.0,LS105_6a.czi,5,-49092.73,24700.46,-50256,23092,2315,3136,,,1507595.5,polygon,119.33 65.93;83.25 62.88;73.71 59.22;81.02 22.22;80.73 9.25;93.30 12.09;94.73 23.74;91.63 41.27;98.34 48.84;103.01 44.80;108.81 48.11;110.83 50.44;125.51 48.18;122.47 22.41;126.71 12.22;140.42 13.74;141.81 24.77;131.52 54.56
LS120_s01a_sc09,LS120,AF568,background,__background__,,76.2,175.05,8.0,LS120_1a.czi,9,-50654.0,7395.98,-50834,7216,360,360,116.8,116.8,42894.8,disc,
LS120_s01a_sc09,LS120,AF568,background,__background__,,68.42,163.16,8.0,LS120_1a.czi,9,-50574.18,7705.14,-50754,7525,360,360,116.8,116.8,42894.8,disc,
LS120_s01a_sc09,LS120,AF568,background,__background__,,48.54,110.91,8.0,LS120_1a.czi,9,-50527.92,8960.51,-50708,8780,360,361,116.8,116.8,42894.8,disc,
LS120_s01a_sc09,LS120,AF568,background,__background__,,116.55,75.31,8.0,LS120_1a.czi,9,-52232.08,9227.66,-52412,9047,360,361,116.8,116.8,42894.8,disc,
LS120_s01a_sc09,LS120,AF568,background,__background__,,141.4,67.19,8.0,LS120_1a.czi,9,-52819.51,9221.25,-53000,9041,361,360,116.8,116.8,42894.8,disc,
LS120_s01a_sc09,LS120,AF568,roi,Dl,,121.77,37.27,0.0,LS120_1a.czi,9,-52617.53,9999.59,-53624,9628,1750,686,,,431328.5,polygon,162.34 39.86;159.87 10.19;141.20 17.82;128.77 21.88;108.28 28.24;96.49 31.08;90.08 42.67;92.90 55.07;103.93 59.00;119.45 54.39;136.21 49.80
LS120_s01a_sc09,LS120,AF568,roi,Dm,,104.41,108.03,0.0,LS120_1a.czi,9,-51737.74,8618.86,-52050,8204,692,946,,,199740.7,polygon,85.10 103.65;87.26 88.89;104.58 86.78;111.85 93.11;117.79 104.34;121.13 121.69;106.84 126.32;104.35 127.50;100.80 120.03
LS120_s01a_sc09,LS120,AF568,roi,Dm,,120.77,164.94,0.0,LS120_1a.czi,9,-51675.47,7289.7,-52150,6936,915,758,,,209479.9,polygon,101.84 158.92;116.27 147.50;126.74 148.34;138.99 152.91;138.05 168.32;131.06 178.05;123.02 178.50;109.36 182.53;101.62 169.41
LS120_s01a_sc09,LS120,AF568,roi,Dl,,102.91,222.84,0.0,LS120_1a.czi,9,-50877.78,6186.27,-51708,5446,1461,1305,,,366596.2,polygon,102.68 236.69;126.52 247.07;143.87 243.73;144.17 229.54;119.72 218.54;100.82 207.65;86.69 204.27;79.91 204.13;74.25 208.95;72.76 221.26;80.61 229.44
LS120_s01a_sc11,LS120,AF568,background,__background__,,47.42,133.73,8.0,LS120_1a.czi,11,-41584.06,17600.69,-41766,17347,364,507,164.4,118.3,61098.2,disc,
LS120_s01a_sc11,LS120,AF568,background,__background__,,58.15,141.66,8.0,LS120_1a.czi,11,-41848.54,17807.6,-42031,17554,365,507,164.4,118.3,61098.2,disc,
LS120_s01a_sc11,LS120,AF568,roi,Dl,,191.47,131.2,0.0,LS120_1a.czi,11,-42872.84,21789.18,-43759,21257,1804,1109,,,624182.1,polygon,193.05 161.85;200.76 168.40;210.80 165.19;220.03 153.29;215.71 140.72;209.73 136.72;193.30 106.27;180.90 94.55;171.57 95.94;162.40 106.61;167.37 118.59;171.94 126.23
LS120_s01a_sc11,LS120,AF568,roi,Vv,,103.43,41.67,0.0,LS120_1a.czi,11,-40195.05,20408.14,-40659,19439,958,1866,,,497316.4,polygon,124.17 54.71;106.74 57.56;91.77 60.54;87.57 57.86;70.95 44.08;75.60 37.51;79.07 29.65;87.32 25.11;107.93 20.56;129.66 30.89;128.10 37.61;129.12 41.98;126.56 43.71
LS120_s01a_sc11,LS120,AF568,roi,Dm,,95.85,110.89,0.0,LS120_1a.czi,11,-41561.0,19293.5,-42471,18589,1762,1270,,,537698.6,polygon,102.42 82.68;105.27 100.11;106.70 108.83;112.14 123.92;112.00 139.36;107.18 149.62;94.73 151.48;86.44 144.28;82.64 133.60;82.31 115.05;82.76 105.81;84.28 87.35;87.96 75.18;91.84 71.66;99.12 74.49
LS120_s01a_sc11,LS120,AF568,roi,Vd,,89.49,73.86,0.0,LS120_1a.czi,11,-40733.3,19589.32,-41112,19134,573,705,,,100693.8,polygon,77.46 75.28;78.27 83.97;103.50 85.82;97.27 74.40;96.22 70.64;90.17 67.87;87.77 66.52;85.30 66.40
LS120_s01a_sc11,LS120,AF568,roi,Vl,,70.57,53.1,0.0,LS120_1a.czi,11,-40126.29,19312.2,-40380,18852,557,936,,,158778.7,polygon,58.24 51.49;59.82 57.12;58.93 62.64;64.85 67.87;78.77 61.14;81.91 60.05;84.73 52.78;83.28 44.68;76.65 41.27;66.82 40.17;62.27 44.89
LS120_s01a_sc11,LS120,AF568,roi,Dl,,38.46,107.22,0.0,LS120_1a.czi,11,-40950.47,17685.34,-41557,16598,1281,2121,,,532983.5,polygon,40.68 82.13;49.94 69.61;62.37 80.72;63.99 98.09;49.86 109.14;42.16 114.94;32.33 139.16;17.27 143.99;11.05 119.59;14.99 114.84
LS120_s01a_sc12,LS120,AF568,background,__background__,,182.96,186.22,6.9,LS120_1a.czi,12,-41353.05,9737.63,-41532,9583,358,309,116.1,99.9,36419.5,disc,
LS120_s01a_sc12,LS120,AF568,background,__background__,,163.59,169.76,8.0,LS120_1a.czi,12,-41145.95,9200.41,-41354,9022,416,357,134.6,115.8,48957.1,disc,
LS120_s01a_sc12,LS120,AF568,background,__background__,,51.86,98.11,8.0,LS120_1a.czi,12,-40510.32,6295.99,-40718,6117,415,358,134.6,115.8,48957.1,disc,
LS120_s01a_sc12,LS120,AF568,background,__background__,,45.18,80.69,8.0,LS120_1a.czi,12,-40157.09,6012.73,-40365,5834,415,357,134.6,115.8,48957.1,disc,
LS120_s01a_sc12,LS120,AF568,roi,Dl,,217.28,168.83,0.0,LS120_1a.czi,12,-40602.88,10301.02,-41660,9968,2074,793,,,348313.4,polygon,225.43 193.20;223.06 209.59;203.60 207.33;203.08 189.69;206.86 171.28;209.72 147.72;217.42 138.79;225.28 130.73;234.64 133.48;223.73 166.47
LS120_s01a_sc12,LS120,AF568,roi,Dm,,150.22,126.65,0.0,LS120_1a.czi,12,-40241.15,8564.68,-41356,8145,2102,891,,,498569.7,polygon,172.95 110.89;171.88 95.13;166.47 92.11;145.60 109.16;141.46 110.80;131.29 123.26;125.29 141.63;125.27 151.39;134.22 166.62;152.11 152.76;162.44 141.15;173.70 124.94
LS120_s01a_sc12,LS120,AF568,roi,Vd,,178.42,103.35,0.0,LS120_1a.czi,12,-39408.51,8952.41,-39782,8615,756,659,,,152637.4,polygon,179.15 91.16;182.78 89.18;190.49 97.54;192.90 105.97;188.28 114.78;182.93 117.08;172.16 116.35;164.56 111.07;163.76 99.25;167.17 91.10
LS120_s01a_sc12,LS120,AF568,roi,Dm,,107.97,100.45,0.0,LS120_1a.czi,12,-40022.24,7473.85,-40692,6939,1504,1031,,,376929.6,polygon,90.44 120.42;101.13 125.59;114.58 128.93;121.30 126.83;122.99 118.99;121.01 115.36;118.10 106.58;116.92 87.73;116.94 77.97;110.48 66.73;102.91 68.97;93.97 71.03;90.82 83.12;90.00 108.09
LS120_s01a_sc12,LS120,AF568,roi,Vd,,137.86,70.81,0.0,LS120_1a.czi,12,-39021.07,7843.57,-39427,7558,832,528,,,119290.6,polygon,144.75 82.28;128.72 79.40;122.84 73.81;126.75 66.01;133.75 58.11;144.41 55.74;149.12 59.77;148.36 72.76;142.05 89.41
LS120_s01a_sc12,LS120,AF568,roi,Vv,,163.78,45.17,0.0,LS120_1a.czi,12,-38154.4,8164.72,-38505,7833,857,551,,,114301.9,polygon,173.49 47.41;168.52 56.73;162.31 59.17;151.61 46.47;148.41 43.50;168.77 26.10;173.36 36.80
LS120_s01a_sc12,LS120,AF568,roi,Vl,,127.1,41.74,0.0,LS120_1a.czi,12,-38427.86,7378.87,-38775,7066,631,582,,,109608.8,polygon,132.47 36.17;139.60 38.88;137.36 48.59;128.64 56.81;116.29 49.72;111.81 42.11;121.78 31.00;128.81 30.63
LS120_s01a_sc12,LS120,AF568,roi,Dl,,52.18,59.93,0.0,LS120_1a.czi,12,-39591.03,5984.01,-40325,4970,1509,1728,,,447923.4,polygon,73.81 42.74;90.74 43.24;87.91 57.05;80.95 62.73;55.39 66.00;38.13 73.54;22.63 78.54;0.80 65.63;19.25 49.90
LS120_s01a_sc14,LS120,AF568,background,__background__,,76.0,173.05,6.17,LS120_1a.czi,14,-30136.53,7851.65,-30278,7655,283,393,127.3,91.6,36636.5,disc,
LS120_s01a_sc14,LS120,AF568,background,__background__,,97.79,161.21,6.17,LS120_1a.czi,14,-30229.32,8628.32,-30371,8432,283,393,127.3,91.6,36636.5,disc,
LS120_s01a_sc14,LS120,AF568,background,__background__,,187.67,144.18,8.0,LS120_1a.czi,14,-31184.88,11210.97,-31368,10957,366,508,165.1,118.8,61591.9,disc,
LS120_s01a_sc14,LS120,AF568,background,__background__,,215.38,143.23,8.0,LS120_1a.czi,14,-31556.92,11923.25,-31740,11669,366,509,165.1,118.8,61591.9,disc,
LS120_s01a_sc14,LS120,AF568,roi,Dl,,206.13,99.61,0.0,LS120_1a.czi,14,-30641.44,12543.25,-31580,12029,1655,1057,,,375616.4,polygon,237.45 127.27;240.92 116.44;231.83 107.54;219.95 103.17;214.87 100.62;198.00 79.60;186.84 76.93;181.15 79.32;180.43 90.33;182.82 96.02;186.53 98.48;212.79 119.56
LS120_s01a_sc14,LS120,AF568,roi,Dm,,150.4,116.81,0.0,LS120_1a.czi,14,-30168.54,10812.24,-31142,10275,1909,1061,,,581813.0,polygon,158.75 154.99;164.23 160.05;173.78 149.34;168.59 127.44;161.95 114.83;152.26 98.16;147.00 85.65;130.19 80.67;122.58 91.23;124.67 105.74
LS120_s01a_sc14,LS120,AF568,roi,Vd,,124.57,74.66,0.0,LS120_1a.czi,14,-29046.69,10988.45,-29375,10628,701,832,,,160481.7,polygon,115.56 76.11;119.05 86.02;123.33 88.24;135.18 84.59;137.71 71.49;135.41 64.42;118.35 58.87;111.97 67.58
LS120_s01a_sc14,LS120,AF568,roi,Vl,,146.96,48.52,0.0,LS120_1a.czi,14,-28890.36,12059.32,-29132,11748,514,756,,,126342.5,polygon,137.51 40.78;153.44 34.09;159.78 42.80;156.30 53.63;151.57 58.30;143.70 60.27;137.93 51.32;135.45 47.00
LS120_s01a_sc14,LS120,AF568,roi,Vv,,95.08,47.99,0.0,LS120_1a.czi,14,-28152.22,10770.83,-28591,9802,819,1771,,,379625.0,polygon,107.37 53.45;118.38 54.18;119.95 38.80;108.82 31.43;103.77 24.18;99.04 28.85;93.88 35.70;95.47 41.06;93.61 52.55;86.75 47.39;75.78 41.97;64.70 50.64;69.06 64.20;77.71 67.26;86.53 67.56;100.90 63.53;114.58 53.10
LS120_s01a_sc14,LS120,AF568,roi,Dm,,122.37,135.43,0.0,LS120_1a.czi,14,-30110.23,9746.98,-30849,9319,1446,838,,,390947.6,polygon,119.43 113.97;125.58 125.44;137.73 138.40;143.79 151.24;142.77 158.36;139.42 163.12;129.84 165.81;117.79 151.47;110.25 139.91;100.15 125.42;103.29 115.40;107.31 109.03;113.51 103.07
LS120_s01a_sc14,LS120,AF568,roi,Vd,,95.07,86.81,0.0,LS120_1a.czi,14,-28851.21,10012.71,-29178,9598,672,762,,,153202.3,polygon,105.47 82.36;110.19 90.41;108.54 94.45;101.39 98.13;87.29 98.03;78.71 85.58;81.11 78.54;87.37 75.91;95.54 77.83
LS120_s01a_sc14,LS120,AF568,roi,Vl,,70.13,74.71,0.0,LS120_1a.czi,14,-28283.04,9624.55,-28589,9174,564,865,,,157535.0,polygon,60.97 73.62;64.60 64.74;73.46 60.34;81.27 67.77;81.47 73.04;77.01 86.29;67.40 93.68;54.87 78.20
LS120_s01a_sc14,LS120,AF568,roi,Dl,,61.24,153.21,0.0,LS120_1a.czi,14,-29571.94,7869.46,-30457,6951,1663,1714,,,528068.0,polygon,52.06 120.87;54.93 114.98;61.82 115.43;67.05 119.92;73.27 134.71;72.18 151.23;69.59 173.73;72.97 189.72;63.98 200.19;51.27 187.46;51.01 178.87;44.80 151.36
LS120_s01a_sc17,LS120,AF568,background,__background__,,209.82,150.8,8.0,LS120_1a.czi,17,-20324.28,12464.98,-20493,12198,337,534,173.2,109.2,59436.8,disc,
LS120_s01a_sc17,LS120,AF568,background,__background__,,192.26,149.05,8.0,LS120_1a.czi,17,-20038.96,12089.74,-20207,11823,337,534,173.2,109.2,59436.8,disc,
LS120_s01a_sc17,LS120,AF568,background,__background__,,199.6,136.06,8.0,LS120_1a.czi,17,-19953.17,12567.78,-20122,12301,337,534,173.2,109.2,59436.8,disc,
LS120_s01a_sc17,LS120,AF568,background,__background__,,89.11,183.25,8.0,LS120_1a.czi,17,-19027.71,8844.32,-19196,8577,337,534,173.2,109.2,59436.8,disc,
LS120_s01a_sc17,LS120,AF568,background,__background__,,72.34,165.96,8.0,LS120_1a.czi,17,-18521.82,8851.55,-18690,8585,337,534,173.2,109.2,59436.8,disc,
LS120_s01a_sc17,LS120,AF568,background,__background__,,170.48,146.24,8.0,LS120_1a.czi,17,-19675.53,11639.28,-19844,11372,337,534,173.2,109.2,59436.8,disc,
LS120_s01a_sc17,LS120,AF568,roi,Dl,,205.76,109.8,0.0,LS120_1a.czi,17,-19651.64,13328.47,-20615,12984,1984,859,,,486828.8,polygon,233.62 117.22;241.95 128.78;237.46 142.94;226.25 141.00;205.04 119.89;194.59 113.19;183.62 99.62;168.23 82.22;168.24 78.62;185.15 82.90;219.17 101.41
LS120_s01a_sc17,LS120,AF568,roi,Dm,,138.68,113.39,0.0,LS120_1a.czi,17,-18715.28,11654.49,-19444,11004,1615,1131,,,368729.1,polygon,144.24 146.80;152.91 148.09;157.39 133.93;150.24 119.52;143.40 105.64;131.40 85.50;115.55 76.99;114.35 90.64
LS120_s01a_sc17,LS120,AF568,roi,Vs,,106.14,66.96,0.0,LS120_1a.czi,17,-17541.17,11970.04,-17905,11678,673,738,,,143865.7,polygon,108.37 73.37;98.33 68.58;95.17 63.29;93.27 60.11;103.25 49.13;116.98 58.90;122.86 74.79;114.28 78.47;102.75 76.00
LS120_s01a_sc17,LS120,AF568,roi,Dm,,101.0,117.53,0.0,LS120_1a.czi,17,-18221.04,10664.49,-19164,10141,1568,961,,,334107.6,polygon,121.45 160.38;124.02 150.23;120.79 132.77;104.53 118.75;101.18 107.11;99.94 97.79;89.49 87.50;84.82 91.72;84.26 102.83;85.93 110.45;94.54 133.33
LS120_s01a_sc17,LS120,AF568,roi,Vs,,77.51,79.29,0.0,LS120_1a.czi,17,-17302.89,11002.83,-17585,10514,577,969,,,148342.4,polygon,66.95 89.44;75.30 93.81;82.70 92.98;88.35 79.56;89.96 71.42;78.66 64.51;70.51 66.49;67.62 76.11
LS120_s01a_sc17,LS120,AF568,roi,Vc,,48.06,71.61,0.0,LS120_1a.czi,17,-16753.48,10484.58,-16910,10068,432,679,,,84034.6,polygon,37.27 69.79;44.08 57.11;57.48 69.95;54.72 73.75;53.55 76.60;41.26 82.49
LS120_s01a_sc17,LS120,AF568,roi,Dl,,32.51,137.51,0.0,LS120_1a.czi,17,-17508.81,8573.44,-18100,7526,1299,2170,,,394219.2,polygon,29.13 105.52;25.98 96.63;41.63 98.79;47.00 107.80;41.55 127.57;38.65 144.38;39.55 160.36;38.68 170.94;28.51 175.57;16.16 165.69;20.83 157.87;22.47 138.94
LS120_s01a_sc18,LS120,AF568,background,__background__,,185.4,43.89,8.0,LS120_1a.czi,18,-8212.01,9457.78,-8394,9241,364,434,140.9,117.8,52139.4,disc,
LS120_s01a_sc18,LS120,AF568,background,__background__,,165.48,58.48,8.0,LS120_1a.czi,18,-8398.6,10088.43,-8580,9871,363,435,140.9,117.8,52139.4,disc,
LS120_s01a_sc18,LS120,AF568,background,__background__,,152.24,74.76,8.0,LS120_1a.czi,18,-8438.59,10654.94,-8620,10438,363,434,140.9,117.8,52139.4,disc,
LS120_s01a_sc18,LS120,AF568,background,__background__,,206.1,75.61,8.0,LS120_1a.czi,18,-7419.7,9851.77,-7601,9635,363,434,140.9,117.8,52139.4,disc,
LS120_s01a_sc18,LS120,AF568,background,__background__,,204.81,141.32,8.0,LS120_1a.czi,18,-6605.08,11342.23,-6787,11125,364,434,140.9,117.8,52139.4,disc,
LS120_s01a_sc18,LS120,AF568,background,__background__,,206.15,159.6,8.0,LS120_1a.czi,18,-6346.66,11730.93,-6528,11514,363,434,140.9,117.8,52139.4,disc,
LS120_s01a_sc18,LS120,AF568,background,__background__,,47.2,127.53,8.0,LS120_1a.czi,18,-9730.94,13439.55,-9913,13222,364,435,140.9,117.8,52139.4,disc,
LS120_s01a_sc18,LS120,AF568,background,__background__,,70.26,114.02,8.0,LS120_1a.czi,18,-9471.8,12785.14,-9654,12568,364,434,140.9,117.8,52139.4,disc,
LS120_s01a_sc18,LS120,AF568,background,__background__,,56.07,153.12,8.0,LS120_1a.czi,18,-9238.28,13876.92,-9420,13660,363,434,140.9,117.8,52139.4,disc,
LS120_s01a_sc18,LS120,AF568,roi,Dl,,64.39,190.77,0.0,LS120_1a.czi,18,-8601.98,14592.63,-9447,14181,1579,874,,,377940.9,polygon,33.67 169.64;30.46 185.62;36.20 192.20;40.48 191.01;64.60 203.67;77.44 205.79;84.93 206.55;88.88 206.70;97.94 199.04;90.74 190.38;81.72 186.67;67.29 180.73;42.73 161.97
LS120_s01a_sc18,LS120,AF568,roi,Vc,,149.33,235.94,0.0,LS120_1a.czi,18,-6435.65,14307.01,-6711,14004,487,571,,,83988.3,polygon,157.42 240.60;151.84 248.01;142.75 243.42;138.04 232.83;141.07 226.49;155.06 226.34;159.11 233.91
LS120_s01a_sc18,LS120,AF568,roi,Dm,,125.52,151.69,0.0,LS120_1a.czi,18,-7956.7,12784.73,-8760,12192,1809,1058,,,417260.0,polygon,153.92 169.12;159.57 180.51;148.11 185.29;135.41 179.22;119.49 158.96;108.15 147.54;102.40 128.72;101.21 124.43;104.84 120.23;122.09 122.90
LS120_s01a_sc18,LS120,AF568,roi,Vs,,160.78,191.85,0.0,LS120_1a.czi,18,-6784.15,13145.37,-7168,12779,750,815,,,182217.3,polygon,172.60 203.18;164.29 209.04;148.11 203.23;143.95 188.22;150.55 176.80;163.26 177.18;170.86 185.37;172.64 191.80
LS120_s01a_sc18,LS120,AF568,roi,Dm,,151.76,127.24,0.0,LS120_1a.czi,18,-7777.69,11836.91,-8572,11141,1541,1319,,,420621.9,polygon,133.78 91.42;129.60 100.04;133.36 115.51;139.07 127.78;151.92 147.83;165.38 164.34;169.81 159.20;173.20 145.83;166.19 121.85;155.30 98.59
LS120_s01a_sc18,LS120,AF568,roi,Vs,,180.92,171.95,0.0,LS120_1a.czi,18,-6661.22,12392.51,-6901,12060,553,701,,,105134.4,polygon,179.85 158.90;175.63 160.96;171.79 168.24;174.23 177.69;176.55 185.39;187.39 184.16;193.50 178.02;188.41 162.21
LS120_s01a_sc18,LS120,AF568,roi,Vc,,203.1,187.94,0.0,LS120_1a.czi,18,-6041.99,12411.82,-6295,12171,565,554,,,95305.1,polygon,208.96 197.88;194.84 196.29;188.65 189.31;196.64 179.10;197.85 177.70;215.96 185.99;218.83 189.28
LS120_s01a_sc18,LS120,AF568,roi,Dl,,223.34,86.99,0.0,LS120_1a.czi,18,-6951.77,9843.31,-7621,8314,1277,2937,,,680356.1,polygon,225.11 131.96;213.70 143.29;203.87 122.58;206.81 103.12;216.48 73.98;220.64 53.11;225.60 31.31;240.86 30.63;247.66 75.62;232.70 104.28
LS120_s02a_sc00,LS120,AF568,background,__background__,,210.47,36.66,8.0,LS120_2a.czi,0,-78098.18,7833.33,-78303,7628,410,410,132.9,132.9,55485.9,disc,
LS120_s02a_sc00,LS120,AF568,background,__background__,,188.63,44.26,8.0,LS120_2a.czi,0,-78401.38,8340.62,-78606,8136,410,410,132.9,132.9,55485.9,disc,
LS120_s02a_sc00,LS120,AF568,background,__background__,,165.53,72.89,8.0,LS120_2a.czi,0,-78384.17,9280.64,-78589,9076,410,410,132.9,132.9,55485.9,disc,
LS120_s02a_sc00,LS120,AF568,background,__background__,,173.41,86.16,8.0,LS120_2a.czi,0,-78012.02,9411.33,-78217,9206,410,410,132.9,132.9,55485.9,disc,
LS120_s02a_sc00,LS120,AF568,background,__background__,,77.34,154.94,8.0,LS120_2a.czi,0,-78765.67,12335.43,-78971,12130,410,410,132.9,132.9,55485.9,disc,
LS120_s02a_sc00,LS120,AF568,background,__background__,,52.02,157.4,8.0,LS120_2a.czi,0,-79221.4,12799.12,-79426,12594,410,410,132.9,132.9,55485.9,disc,
LS120_s02a_sc00,LS120,AF568,background,__background__,,70.26,123.69,8.0,LS120_2a.czi,0,-79417.19,11839.32,-79622,11634,410,410,132.9,132.9,55485.9,disc,
LS120_s02a_sc00,LS120,AF568,roi,Dl,,63.66,201.75,0.0,LS120_2a.czi,0,-78265.56,13477.07,-79591,12998,2623,1116,,,637557.1,polygon,19.62 197.36;16.50 177.31;34.63 174.52;59.80 184.76;81.29 192.08;111.13 218.73;110.76 224.53;93.97 225.90;69.59 214.54;39.28 207.78
LS120_s02a_sc00,LS120,AF568,roi,Dm,,127.78,151.72,0.0,LS120_2a.czi,0,-77830.23,11444.63,-78795,11049,2136,943,,,586964.8,polygon,108.92 123.84;103.61 121.80;103.58 155.48;119.44 167.94;131.79 183.01;157.87 187.14;162.36 172.09;151.34 155.60;122.59 128.37;116.31 121.94
LS120_s02a_sc00,LS120,AF568,roi,Dm,,162.58,129.96,0.0,LS120_2a.czi,0,-77505.46,10447.23,-78453,9894,1804,1111,,,431591.1,polygon,144.13 94.27;138.38 104.40;143.25 118.59;164.55 137.24;160.20 156.42;172.92 165.68;180.22 161.03;184.04 142.13;177.52 119.71;160.60 100.10
LS120_s02a_sc00,LS120,AF568,roi,Dl,,226.65,97.43,0.0,LS120_2a.czi,0,-76783.94,8758.49,-77427,7842,1415,1846,,,437354.0,polygon,236.58 59.01;224.76 60.50;220.49 82.44;215.49 90.06;211.43 109.79;220.68 139.85;232.21 137.83;239.93 111.91;238.26 85.46
LS120_s02a_sc01,LS120,AF568,background,__background__,,216.53,139.07,8.0,LS120_2a.czi,1,-77812.81,22818.18,-78062,22604,499,429,161.8,139.2,70730.0,disc,
LS120_s02a_sc01,LS120,AF568,background,__background__,,198.5,133.76,8.0,LS120_2a.czi,1,-77933.31,23310.42,-78183,23096,499,429,161.8,139.2,70730.0,disc,
LS120_s02a_sc01,LS120,AF568,background,__background__,,176.15,133.68,8.0,LS120_2a.czi,1,-77881.02,23906.9,-78130,23692,498,429,161.8,139.2,70730.0,disc,
LS120_s02a_sc01,LS120,AF568,background,__background__,,87.94,76.73,8.0,LS120_2a.czi,1,-79431.05,26380.46,-79680,26166,498,429,161.8,139.2,70730.0,disc,
LS120_s02a_sc01,LS120,AF568,background,__background__,,65.1,71.44,8.0,LS120_2a.czi,1,-79539.14,27001.0,-79788,26786,498,430,161.8,139.2,70730.0,disc,
LS120_s02a_sc01,LS120,AF568,background,__background__,,68.72,91.25,8.0,LS120_2a.czi,1,-78933.64,26862.65,-79183,26648,499,429,161.8,139.2,70730.0,disc,
LS120_s02a_sc01,LS120,AF568,background,__background__,,47.68,81.85,8.0,LS120_2a.czi,1,-79173.6,27443.83,-79423,27229,499,429,161.8,139.2,70730.0,disc,
LS120_s02a_sc01,LS120,AF568,roi,Dl,,23.06,99.56,0.0,LS120_2a.czi,1,-78564.02,28063.37,-79462,27577,1863,1291,,,681479.2,polygon,34.91 90.50;20.30 70.41;5.77 69.60;-6.32 90.02;5.38 116.52;27.79 131.05;37.74 129.67;40.96 103.52;41.01 94.75
LS120_s02a_sc01,LS120,AF568,roi,Dm,,95.92,132.79,0.0,LS120_2a.czi,1,-77712.0,26049.36,-78591,25406,1889,1207,,,493079.3,polygon,121.19 117.84;113.09 106.34;105.98 105.26;85.35 123.42;76.86 135.62;73.44 150.40;83.52 164.35;95.35 159.72;108.52 132.19
LS120_s02a_sc01,LS120,AF568,roi,Dm,,135.52,145.63,0.0,LS120_2a.czi,1,-77410.84,24965.74,-78394,24305,1956,1268,,,528841.0,polygon,149.09 120.90;130.47 127.92;122.39 144.46;122.41 149.28;111.02 167.88;115.23 175.37;136.15 169.45;152.04 152.17;161.22 133.34;155.15 115.51
LS120_s02a_sc01,LS120,AF568,roi,Dl,,198.8,189.73,0.0,LS120_2a.czi,1,-76198.23,23184.42,-77028,22088,1465,2189,,,625949.4,polygon,240.61 180.61;232.84 172.58;211.88 164.04;181.94 185.72;172.24 189.70;157.03 200.34;164.72 207.50;187.86 206.63;214.21 198.00;224.62 192.20
LS120_s02a_sc02,LS120,AF568,background,__background__,,24.84,78.78,8.0,LS120_2a.czi,2,-66875.47,8203.88,-67068,8011,385,386,124.9,124.9,49018.4,disc,
LS120_s02a_sc02,LS120,AF568,background,__background__,,40.8,95.96,8.0,LS120_2a.czi,2,-67067.02,8733.6,-67260,8541,386,385,124.9,124.9,49018.4,disc,
LS120_s02a_sc02,LS120,AF568,background,__background__,,70.44,98.01,8.0,LS120_2a.czi,2,-66785.04,9389.23,-66978,9197,386,385,124.9,124.9,49018.4,disc,
LS120_s02a_sc02,LS120,AF568,background,__background__,,92.44,80.79,8.0,LS120_2a.czi,2,-66175.43,9669.89,-66368,9477,385,386,124.9,124.9,49018.4,disc,
LS120_s02a_sc02,LS120,AF568,background,__background__,,124.13,178.41,8.0,LS120_2a.czi,2,-67912.27,11419.7,-68105,11227,385,385,124.9,124.9,49018.4,disc,
LS120_s02a_sc02,LS120,AF568,background,__background__,,143.12,198.68,8.0,LS120_2a.czi,2,-68136.52,12048.1,-68329,11855,385,386,124.9,124.9,49018.4,disc,
LS120_s02a_sc02,LS120,AF568,background,__background__,,171.93,197.24,8.0,LS120_2a.czi,2,-67789.12,12647.65,-67982,12455,386,385,124.9,124.9,49018.4,disc,
LS120_s02a_sc02,LS120,AF568,roi,Dl,,228.31,180.18,0.0,LS120_2a.czi,2,-66805.07,13664.41,-67507,13053,1772,1132,,,453845.0,polygon,241.25 201.02;235.45 213.61;231.08 214.44;221.55 208.23;214.22 199.86;211.42 175.84;217.28 157.14;218.29 144.06;236.28 134.22;243.90 156.98;240.64 176.58
LS120_s02a_sc02,LS120,AF568,roi,Dm,,154.97,117.59,0.0,LS120_2a.czi,2,-66274.22,11409.97,-67281,10772,2163,1260,,,441553.5,polygon,114.08 139.04;121.41 147.41;132.72 150.15;147.66 139.83;167.04 122.58;182.77 120.13;185.14 102.27;187.98 80.49;181.43 81.73;171.75 89.48;158.06 104.60;133.43 124.41;131.22 126.57
LS120_s02a_sc02,LS120,AF568,roi,Dm,,127.34,103.21,0.0,LS120_2a.czi,2,-66270.74,10661.76,-67352,9919,2224,1395,,,607383.6,polygon,104.53 133.71;117.70 125.99;128.72 115.20;137.55 105.70;152.08 93.20;153.40 91.90;172.33 75.09;164.55 68.90;142.27 71.72;116.82 85.41;91.70 109.14;79.28 129.08;94.47 136.66
LS120_s02a_sc02,LS120,AF568,roi,Dl,,68.36,38.98,0.0,LS120_2a.czi,2,-65547.04,8696.02,-66126,7658,1268,2128,,,501365.3,polygon,32.86 20.84;24.47 29.91;32.16 45.70;37.35 50.11;59.18 48.60;80.09 51.43;107.96 56.96;120.38 37.02;115.21 30.86;86.84 31.87;55.50 25.44
LS120_s02a_sc03,LS120,AF568,background,__background__,,136.35,93.37,8.0,LS120_2a.czi,3,-65724.17,27959.28,-65901,27747,354,424,137.5,114.9,49637.0,disc,
LS120_s02a_sc03,LS120,AF568,background,__background__,,190.29,215.78,8.0,LS120_2a.czi,3,-64730.21,24628.96,-64908,24417,355,424,137.5,114.9,49637.0,disc,
LS120_s02a_sc03,LS120,AF568,background,__background__,,168.24,206.77,8.0,LS120_2a.czi,3,-64513.12,25202.61,-64690,24991,354,424,137.5,114.9,49637.0,disc,
LS120_s02a_sc03,LS120,AF568,background,__background__,,203.9,182.29,8.0,LS120_2a.czi,3,-65457.56,25024.64,-65635,24813,355,424,137.5,114.9,49637.0,disc,
LS120_s02a_sc03,LS120,AF568,background,__background__,,137.85,200.65,8.0,LS120_2a.czi,3,-64118.22,25872.33,-64296,25660,355,424,137.5,114.9,49637.0,disc,
LS120_s02a_sc03,LS120,AF568,background,__background__,,117.22,99.91,8.0,LS120_2a.czi,3,-65317.69,28181.33,-65495,27969,355,424,137.5,114.9,49637.0,disc,
LS120_s02a_sc03,LS120,AF568,background,__background__,,68.01,121.06,8.0,LS120_2a.czi,3,-64206.31,28669.45,-64384,28458,355,423,137.5,114.9,49637.0,disc,
LS120_s02a_sc03,LS120,AF568,background,__background__,,48.78,129.81,8.0,LS120_2a.czi,3,-63764.64,28850.88,-63942,28639,355,424,137.5,114.9,49637.0,disc,
LS120_s02a_sc03,LS120,AF568,roi,Dl,,53.01,69.88,0.0,LS120_2a.czi,3,-64743.13,29924.63,-65461,29370,1339,1141,,,457011.3,polygon,39.20 62.77;44.85 47.09;55.50 38.47;67.34 37.79;75.22 49.61;73.20 72.47;63.11 87.96;53.94 97.84;46.44 100.94;35.19 91.88;29.12 81.86
LS120_s02a_sc03,LS120,AF568,roi,Dm,,101.09,141.27,0.0,LS120_2a.czi,3,-64430.3,27680.34,-65259,27129,1768,1194,,,478238.0,polygon,129.75 134.88;135.95 126.07;131.80 119.21;100.40 124.52;74.51 132.99;64.75 152.60;60.97 160.66;79.81 160.79;101.07 160.18;131.89 140.79
LS120_s02a_sc03,LS120,AF568,roi,Dm,,130.14,174.18,0.0,LS120_2a.czi,3,-64396.63,26520.63,-65248,25915,1674,1098,,,424223.5,polygon,167.24 170.59;173.03 163.48;163.05 152.94;145.99 147.40;124.05 163.57;111.92 174.52;94.81 182.00;95.91 192.15;99.53 195.73;109.98 191.56;146.02 182.00
LS120_s02a_sc06,LS120,AF568,background,__background__,,72.73,67.08,8.0,LS120_2a.czi,6,-43172.86,5188.2,-43418,4847,491,682,221.4,159.3,110819.9,disc,
LS120_s02a_sc06,LS120,AF568,background,__background__,,59.15,92.45,8.0,LS120_2a.czi,6,-43930.88,5813.74,-44176,5473,491,682,221.4,159.3,110819.9,disc,
LS120_s02a_sc06,LS120,AF568,background,__background__,,74.47,165.83,8.0,LS120_2a.czi,6,-44691.88,8825.62,-44937,8484,491,683,221.4,159.3,110819.9,disc,
LS120_s02a_sc06,LS120,AF568,background,__background__,,155.12,147.67,8.0,LS120_2a.czi,6,-42289.64,9940.13,-42535,9599,491,682,221.4,159.3,110819.9,disc,
LS120_s02a_sc06,LS120,AF568,roi,Dl,,117.94,192.73,0.0,LS120_2a.czi,6,-43978.39,10763.49,-45255,9978,2597,1501,,,1099205.9,polygon,81.38 193.28;75.02 202.24;92.85 213.11;103.44 215.06;116.17 210.11;131.19 201.35;142.13 197.73;150.39 189.91;157.03 174.14;147.46 167.82;126.16 174.42;115.93 179.86;94.02 186.49
LS120_s02a_sc06,LS120,AF568,roi,Dm,,110.28,142.87,0.0,LS120_2a.czi,6,-43389.22,8777.55,-44356,7934,1979,1604,,,646682.6,polygon,89.79 137.90;80.51 137.73;76.04 147.22;101.32 158.95;125.20 154.70;137.10 145.47;145.34 137.04;131.39 129.69;105.81 137.12
LS120_s02a_sc06,LS120,AF568,roi,POA,,185.76,131.88,0.0,LS120_2a.czi,6,-41236.13,10039.51,-41514,9555,693,1134,,,201634.8,polygon,197.91 125.82;199.89 141.16;185.72 141.85;178.06 136.67;175.23 129.40;175.02 125.08;188.51 123.19
LS120_s02a_sc06,LS120,AF568,roi,Dm,,101.21,110.44,0.0,LS120_2a.czi,6,-43113.18,7395.82,-44178,6711,1958,1384,,,709334.0,polygon,125.12 115.17;129.75 108.77;128.68 99.55;106.40 98.79;98.36 98.57;80.12 104.40;67.10 116.15;71.40 128.30;103.94 124.24
LS120_s02a_sc06,LS120,AF568,roi,POA,,167.3,102.69,0.0,LS120_2a.czi,6,-41257.62,8569.04,-41628,8252,782,681,,,150470.6,polygon,183.21 103.06;164.59 113.86;158.27 111.08;157.82 101.83;165.00 97.16;168.52 93.28;173.72 98.59
LS120_s02a_sc06,LS120,AF568,roi,Dl,,115.29,62.68,0.0,LS120_2a.czi,6,-41987.29,5965.25,-42829,4909,1480,2023,,,667711.3,polygon,133.68 62.87;143.90 69.78;134.40 77.65;110.22 75.75;98.03 66.46;78.97 55.66;97.62 45.48;125.53 47.82
LS120_s02a_sc07,LS120,AF568,background,__background__,,85.08,76.44,8.0,LS120_2a.czi,7,-41993.29,19858.1,-42214,19476,442,764,248.0,143.4,111730.6,disc,
LS120_s02a_sc07,LS120,AF568,background,__background__,,144.79,103.89,8.0,LS120_2a.czi,7,-40800.24,22217.38,-41021,21835,442,764,248.0,143.4,111730.6,disc,
LS120_s02a_sc07,LS120,AF568,background,__background__,,174.52,150.17,8.0,LS120_2a.czi,7,-40574.24,24811.1,-40795,24429,442,764,248.0,143.4,111730.6,disc,
LS120_s02a_sc07,LS120,AF568,background,__background__,,81.57,174.02,8.0,LS120_2a.czi,7,-43182.79,24035.48,-43404,23654,442,763,248.0,143.4,111730.6,disc,
LS120_s02a_sc07,LS120,AF568,roi,Dl,,108.01,197.58,0.0,LS120_2a.czi,7,-42783.2,25576.43,-43582,24419,1430,1976,,,551350.5,polygon,78.27 195.23;79.10 203.85;106.90 205.40;111.06 207.83;125.57 208.50;132.65 202.30;131.11 193.17;127.24 188.82;106.45 187.96;81.79 182.74
LS120_s02a_sc07,LS120,AF568,roi,Dm,,119.16,142.89,0.0,LS120_2a.czi,7,-41885.42,23414.31,-42793,22652,1787,1409,,,570963.9,polygon,88.78 139.01;84.24 145.41;95.11 154.21;125.23 154.75;135.16 150.57;151.37 142.82;151.77 137.75;131.17 134.35;123.66 134.36;105.11 135.63
LS120_s02a_sc07,LS120,AF568,roi,POA,,191.9,131.4,0.0,LS120_2a.czi,7,-39925.0,24333.46,-40187,23942,482,960,,,154188.9,polygon,199.85 140.88;188.60 144.66;180.25 128.55;185.92 125.09;191.39 124.16;197.48 126.88;199.82 129.62
LS120_s02a_sc07,LS120,AF568,roi,Dm,,109.78,121.82,0.0,LS120_2a.czi,7,-41883.73,22314.53,-42670,21381,1562,1699,,,579468.1,polygon,135.11 128.05;140.58 123.37;139.14 118.61;116.82 112.37;101.30 113.12;84.26 112.25;76.05 115.51;82.27 130.10;99.42 131.58;122.85 133.25
LS120_s02a_sc07,LS120,AF568,roi,POA,,185.89,113.29,0.0,LS120_2a.czi,7,-39871.9,23428.22,-40180,23052,648,744,,,150956.7,polygon,180.02 119.83;176.06 118.62;174.62 110.10;184.45 105.31;194.59 106.10;199.68 114.00;191.79 119.09
LS120_s02a_sc07,LS120,AF568,roi,Dl,,122.56,67.06,0.0,LS120_2a.czi,7,-40944.12,20181.17,-41297,19265,690,1878,,,401941.8,polygon,140.16 76.51;141.49 80.67;121.82 82.74;109.51 69.18;106.84 57.12;110.28 51.53;127.83 51.69
LS120_s02a_sc08,LS120,AF568,background,__background__,,203.65,107.43,8.0,LS120_2a.czi,8,-34596.1,8019.67,-34799,7738,406,564,183.0,131.6,75673.4,disc,
LS120_s02a_sc08,LS120,AF568,background,__background__,,197.45,137.04,2.0,LS120_2a.czi,8,-33831.92,7950.15,-33883,7879,102,142,45.7,32.9,4729.6,disc,
LS120_s02a_sc08,LS120,AF568,background,__background__,,160.79,169.82,8.0,LS120_2a.czi,8,-32783.46,8883.24,-32986,8601,405,564,183.0,131.6,75673.4,disc,
LS120_s02a_sc08,LS120,AF568,background,__background__,,92.91,160.47,8.0,LS120_2a.czi,8,-32550.23,11272.6,-32753,10991,406,564,183.0,131.6,75673.4,disc,
LS120_s02a_sc08,LS120,AF568,background,__background__,,143.2,193.28,8.0,LS120_2a.czi,8,-32091.86,9257.92,-32295,8976,406,564,183.0,131.6,75673.4,disc,
LS120_s02a_sc08,LS120,AF568,roi,Dl,,85.81,72.71,0.0,LS120_2a.czi,8,-34642.05,12342.23,-35544,11904,1867,972,,,544457.6,polygon,105.93 46.88;98.18 39.18;85.25 46.22;75.73 67.72;68.01 84.59;61.00 105.34;88.71 102.09;93.20 91.19;96.32 71.14
LS120_s02a_sc08,LS120,AF568,roi,Dm,,130.8,121.13,0.0,LS120_2a.czi,8,-33767.01,10359.77,-34774,9919,1868,1101,,,437839.0,polygon,149.48 92.17;149.17 101.82;135.00 130.63;128.63 139.81;122.22 150.37;117.45 152.70;110.16 138.94;111.28 121.31;135.47 98.62;149.16 84.98
LS120_s02a_sc08,LS120,AF568,roi,POA,,96.16,203.04,0.0,LS120_2a.czi,8,-31534.23,10760.33,-31945,9771,880,1847,,,480312.3,polygon,74.89 188.60;83.64 182.81;94.78 188.14;115.38 191.56;118.63 193.32;122.40 213.59;104.80 220.20;100.91 220.91;87.43 210.81;83.93 208.22;71.00 215.25
LS120_s02a_sc08,LS120,AF568,roi,Dm,,162.52,124.54,0.0,LS120_2a.czi,8,-33899.39,9252.3,-34969,8444,1978,1523,,,759803.4,polygon,134.38 149.93;141.64 155.96;155.31 151.43;173.27 133.78;187.50 120.44;192.97 96.04;174.86 84.15;158.82 102.13;143.94 127.05
LS120_s02a_sc08,LS120,AF568,roi,Dl,,201.72,184.83,0.0,LS120_2a.czi,8,-32695.55,7353.99,-33491,6138,1553,2264,,,750881.5,polygon,181.50 204.16;202.16 197.10;219.79 198.21;232.10 184.53;241.35 171.30;240.24 162.98;223.53 158.86;203.17 165.38;192.55 169.46;179.74 181.47;168.18 197.66;165.50 203.93;172.55 207.74
LS120_s02a_sc09,LS120,AF568,background,__background__,,173.39,77.29,8.0,LS120_2a.czi,9,-29280.13,22820.4,-29479,22583,397,475,154.0,128.8,62301.6,disc,
LS120_s02a_sc09,LS120,AF568,background,__background__,,174.31,44.98,8.0,LS120_2a.czi,9,-29875.16,22180.1,-30074,21943,397,474,154.0,128.8,62301.6,disc,
LS120_s02a_sc09,LS120,AF568,background,__background__,,204.56,47.4,2.0,LS120_2a.czi,9,-29344.47,21543.75,-29394,21484,100,119,38.5,32.2,3893.9,disc,
LS120_s02a_sc09,LS120,AF568,background,__background__,,183.8,140.95,8.0,LS120_2a.czi,9,-27911.78,23806.1,-28110,23569,397,474,154.0,128.8,62301.6,disc,
LS120_s02a_sc09,LS120,AF568,roi,Dl,,37.81,144.24,0.0,LS120_2a.czi,9,-30190.42,27164.22,-30942,26612,1450,1052,,,334993.2,polygon,26.53 114.00;25.65 125.00;26.20 152.73;27.94 158.68;44.14 170.77;46.32 171.22;52.61 168.67;48.05 142.57;45.35 124.36;35.35 114.43
LS120_s02a_sc09,LS120,AF568,roi,Dm,,102.38,134.9,0.0,LS120_2a.czi,9,-29331.41,25527.76,-30128,25045,1707,936,,,487846.4,polygon,94.66 103.11;93.16 101.05;87.56 105.31;82.65 111.29;83.38 122.97;86.30 138.43;99.88 155.56;102.98 158.30;118.71 169.25;122.60 165.68;124.17 156.40;121.83 144.03;113.05 122.29
LS120_s02a_sc09,LS120,AF568,roi,POA,,154.87,207.47,0.0,LS120_2a.czi,9,-27120.2,25734.56,-27600,24705,884,1972,,,305952.2,polygon,128.35 204.61;131.14 218.12;132.90 230.72;141.97 235.04;148.94 230.89;148.68 220.35;146.48 213.26;144.63 208.68;146.18 192.75;168.29 193.13;179.57 207.87;186.76 200.97;186.96 191.58;169.28 180.76;162.99 183.30
LS120_s02a_sc09,LS120,AF568,roi,Dm,,141.5,105.41,0.0,LS120_2a.czi,9,-29260.74,24079.35,-29835,23341,1379,1385,,,494093.4,polygon,134.33 81.09;129.54 85.69;124.33 102.44;131.83 119.37;136.79 130.00;145.89 144.29;160.85 130.26;158.81 103.81;151.16 78.28;141.43 78.89
LS120_s02a_sc09,LS120,AF568,roi,Dl,,215.55,99.15,0.0,LS120_2a.czi,9,-28191.6,22287.99,-28818,21143,1113,1999,,,473422.8,polygon,222.42 111.38;215.83 124.69;209.31 129.98;203.12 127.83;195.19 119.72;196.95 101.04;211.31 77.27;216.42 65.23;236.70 64.35;234.80 77.77;229.00 91.42
LS120_s03a_sc00,LS120,AF568,background,__background__,,145.89,167.08,8.0,LS120_3a.czi,0,-79985.37,8859.52,-80216,8461,461,797,258.6,149.6,121494.9,disc,
LS120_s03a_sc00,LS120,AF568,background,__background__,,121.83,176.95,8.0,LS120_3a.czi,0,-79969.42,10152.36,-80200,9754,461,797,258.6,149.6,121494.9,disc,
LS120_s03a_sc00,LS120,AF568,background,__background__,,92.83,188.06,8.0,LS120_3a.czi,0,-79971.3,11696.58,-80202,11298,461,797,258.6,149.6,121494.9,disc,
LS120_s03a_sc00,LS120,AF568,background,__background__,,68.77,117.73,8.0,LS120_3a.czi,0,-82107.69,11554.91,-82338,11157,461,796,258.6,149.6,121494.9,disc,
LS120_s03a_sc00,LS120,AF568,background,__background__,,132.94,108.47,8.0,LS120_3a.czi,0,-81692.29,8412.01,-81923,8014,461,796,258.6,149.6,121494.9,disc,
LS120_s03a_sc00,LS120,AF568,roi,Dl,,56.7,147.34,0.0,LS120_3a.czi,0,-81437.92,12644.54,-82040,12136,1266,1150,,,356623.8,polygon,54.58 125.75;47.80 130.07;50.26 166.47;55.20 172.64;64.45 164.00;63.84 143.02;60.75 129.45
LS120_s03a_sc00,LS120,AF568,roi,Dm,,94.53,145.88,0.0,LS120_3a.czi,0,-81085.71,10863.24,-81817,10330,1555,1271,,,524786.5,polygon,97.77 124.51;95.30 118.34;82.96 128.83;81.11 152.28;90.98 168.93;101.47 173.87;103.94 159.06;102.71 141.17
LS120_s03a_sc00,LS120,AF568,roi,POA,,113.81,214.54,0.0,LS120_3a.czi,0,-79043.59,11196.82,-79602,9750,1072,2786,,,869625.8,polygon,116.89 197.93;108.26 197.31;93.45 205.95;91.60 215.21;92.83 234.95;100.85 238.65;108.26 233.71;117.51 217.06;116.89 215.21;132.32 226.31;142.19 219.52;137.87 196.08;120.60 191.14
LS120_s03a_sc00,LS120,AF568,roi,Dm,,111.42,139.48,0.0,LS120_3a.czi,0,-81082.72,9965.13,-82061,9435,1732,1252,,,671984.9,polygon,110.11 162.77;120.60 164.00;127.38 155.98;121.83 136.85;113.81 124.51;107.02 111.56;90.98 110.94;99.62 149.19
LS120_s03a_sc00,LS120,AF568,roi,Dl,,155.83,123.83,0.0,LS120_3a.czi,0,-81043.24,7624.73,-81891,6871,1721,1185,,,589531.1,polygon,148.98 97.37;140.96 97.99;141.57 110.94;150.83 133.77;152.68 136.24;160.08 149.19;171.19 150.43;173.04 126.37;163.17 112.18
LS120_s04a_sc06,LS120,AF568,background,__background__,,209.05,72.27,8.0,LS120_4a.czi,6,-26535.6,7591.89,-26837,7206,603,772,250.7,195.6,154050.3,disc,
LS120_s04a_sc06,LS120,AF568,background,__background__,,214.92,98.15,8.0,LS120_4a.czi,6,-26003.03,8674.02,-26304,8288,602,772,250.7,195.6,154050.3,disc,
LS120_s04a_sc06,LS120,AF568,background,__background__,,175.98,104.79,2.0,LS120_4a.czi,6,-27300.7,9601.55,-27376,9505,151,193,62.7,48.9,9628.1,disc,
LS120_s04a_sc06,LS120,AF568,background,__background__,,142.69,162.05,8.0,LS120_4a.czi,6,-27763.48,12739.37,-28065,12353,603,773,250.7,195.6,154050.3,disc,
LS120_s04a_sc06,LS120,AF568,background,__background__,,183.3,120.88,8.0,LS120_4a.czi,6,-26839.43,10215.35,-27141,9829,603,773,250.7,195.6,154050.3,disc,
LS120_s04a_sc06,LS120,AF568,background,__background__,,177.26,185.38,8.0,LS120_4a.czi,6,-26245.11,13244.42,-26547,12858,603,773,250.7,195.6,154050.3,disc,
LS120_s04a_sc06,LS120,AF568,background,__background__,,151.79,201.2,8.0,LS120_4a.czi,6,-26950.03,14372.82,-27251,13987,602,772,250.7,195.6,154050.3,disc,
LS120_s04a_sc06,LS120,AF568,roi,Nucleus Anterior tuberal,,201.49,157.34,0.0,LS120_4a.czi,6,-25737.34,11580.46,-26231,10606,882,2055,,,532109.2,polygon,208.38 153.94;207.25 167.47;204.06 175.87;197.66 178.43;192.74 178.01;189.06 170.27;188.50 154.75;193.63 145.27;199.07 139.54;204.60 140.00;215.66 140.93;217.30 143.55
LS120_s04a_sc06,LS120,AF568,roi,Nucleus Lateral tuberal,,222.5,168.63,0.0,LS120_4a.czi,6,-24850.76,11756.08,-25323,10801,920,2012,,,606016.8,polygon,214.83 158.20;214.63 153.23;227.34 149.34;237.48 153.91;234.61 166.05;231.63 171.99;226.85 192.02;217.12 189.97;209.70 182.53;210.83 169.01
LS120_s04a_sc07,LS120,AF568,background,__background__,,106.77,116.21,8.0,LS120_4a.czi,7,-27438.43,26659.61,-27750,26304,623,711,230.7,202.2,146567.0,disc,
LS120_s04a_sc07,LS120,AF568,background,__background__,,82.02,111.62,8.0,LS120_4a.czi,7,-26464.99,26777.17,-26777,26422,624,711,230.7,202.2,146567.0,disc,
LS120_s04a_sc07,LS120,AF568,background,__background__,,99.38,82.41,8.0,LS120_4a.czi,7,-27049.62,28129.18,-27361,27774,623,711,230.7,202.2,146567.0,disc,
LS120_s04a_sc07,LS120,AF568,background,__background__,,54.59,148.1,8.0,LS120_4a.czi,7,-25511.95,25068.82,-25823,24713,623,711,230.7,202.2,146567.0,disc,
LS120_s04a_sc07,LS120,AF568,background,__background__,,71.16,163.03,8.0,LS120_4a.czi,7,-26199.55,24465.63,-26511,24110,623,711,230.7,202.2,146567.0,disc,
LS120_s04a_sc07,LS120,AF568,roi,Nucleus Anterior tuberal,,42.24,118.1,0.0,LS120_4a.czi,7,-24942.35,26353.17,-25618,25251,1169,2485,,,686927.6,polygon,38.32 102.00;52.10 87.62;56.40 94.05;59.87 115.36;48.78 133.92;42.33 139.60;35.93 142.52;28.73 128.32;29.88 126.13;35.31 115.74;37.00 113.84
LS120_s04a_sc07,LS120,AF568,roi,Nucleus Lateral tuberal,,24.72,110.46,0.0,LS120_4a.czi,7,-24239.98,26630.62,-24817,25400,1206,2148,,,641709.2,polygon,27.22 89.93;21.32 95.90;17.37 100.79;11.34 113.65;7.24 126.83;14.22 137.44;25.35 132.12;30.50 122.28;35.98 109.13;40.39 94.03;40.96 92.94
LS120_s05a_sc00,LS120,AF568,background,__background__,,202.11,170.05,8.0,LS120_5a.czi,0,-77018.11,7689.13,-77509,7138,982,1102,357.8,318.8,358350.8,disc,
LS120_s05a_sc00,LS120,AF568,background,__background__,,193.31,183.18,8.0,LS120_5a.czi,0,-76864.14,8762.89,-77355,8212,982,1102,357.8,318.8,358350.8,disc,
LS120_s05a_sc00,LS120,AF568,background,__background__,,152.95,199.94,8.0,LS120_5a.czi,0,-77974.17,11499.66,-78465,10949,982,1102,357.8,318.8,358350.8,disc,
LS120_s05a_sc00,LS120,AF568,background,__background__,,148.31,219.95,8.0,LS120_5a.czi,0,-77346.08,12724.68,-77837,12174,982,1102,357.8,318.8,358350.8,disc,
LS120_s05a_sc00,LS120,AF568,roi,Nucleus Anterior tuberal,,189.56,210.57,0.0,LS120_5a.czi,0,-75887.7,10317.71,-76733,8832,1343,2922,,,1134659.0,polygon,173.33 215.69;182.99 197.40;194.25 196.16;207.67 197.94;207.96 201.53;196.42 215.10;190.41 219.41;180.09 228.31;172.91 223.58
LS120_s05a_sc00,LS120,AF568,roi,Nucleus Lateral tuberal,,200.58,226.79,0.0,LS120_5a.czi,0,-74715.52,10617.43,-75394,8377,1575,4054,,,1723521.9,polygon,179.03 242.73;181.38 231.18;193.99 219.12;204.95 208.99;222.37 202.59;223.10 214.21;210.36 237.74;198.68 241.56;191.36 243.00
LS120_s05a_sc01,LS120,AF568,background,__background__,,117.41,65.15,8.0,LS120_5a.czi,1,-65323.58,7542.48,-65666,6976,685,1133,368.2,222.4,257317.3,disc,
LS120_s05a_sc01,LS120,AF568,background,__background__,,120.6,83.76,8.0,LS120_5a.czi,1,-66123.51,7727.63,-66466,7161,685,1134,368.2,222.4,257317.3,disc,
LS120_s05a_sc01,LS120,AF568,background,__background__,,169.76,91.3,8.0,LS120_5a.czi,1,-66510.72,11190.51,-66853,10624,685,1133,368.2,222.4,257317.3,disc,
LS120_s05a_sc01,LS120,AF568,background,__background__,,185.38,84.33,8.0,LS120_5a.czi,1,-66233.29,12311.24,-66576,11744,685,1134,368.2,222.4,257317.3,disc,
LS120_s05a_sc01,LS120,AF568,roi,Migrated posterior tuberal nucleus,,156.1,51.93,0.0,LS120_5a.czi,1,-64809.33,10309.64,-65416,8642,1190,3298,,,913008.9,polygon,165.67 60.95;147.82 59.21;138.66 55.87;132.57 52.61;135.35 41.58;142.84 38.71;156.25 44.64;167.95 45.58;175.90 48.27;179.32 58.24;174.80 65.52
LS120_s05a_sc01,LS120,AF568,roi,Nucleus Anterior tuberal,,186.01,27.22,0.0,LS120_5a.czi,1,-63792.22,12480.47,-64160,11942,658,1194,,,234075.3,polygon,187.12 22.04;192.07 21.57;195.45 33.39;189.83 35.70;178.85 31.07;178.37 26.12;180.37 20.62
LS120_s05a_sc01,LS120,AF568,roi,Nucleus Lateral tuberal,,160.95,11.59,0.0,LS120_5a.czi,1,-63090.88,10740.95,-63539,8781,860,3477,,,868197.9,polygon,182.43 13.27;173.56 21.67;156.29 21.18;147.11 18.46;133.18 8.81;146.94 2.41;172.84 3.13;175.29 3.82
LS120_s05a_sc01,LS120,AF568,roi,Nucleus Anterior tuberal,,138.17,26.06,0.0,LS120_5a.czi,1,-63679.55,9097.09,-64005,8268,941,1786,,,503199.3,polygon,129.27 16.11;142.36 11.54;151.76 28.46;149.19 32.09;138.66 33.65;129.41 33.39;126.50 27.14
LS120_s05a_sc02,LS120,AF568,background,__background__,,65.16,139.42,8.0,LS120_5a.czi,2,-64261.25,30025.87,-64612,29626,701,800,259.5,227.4,185363.7,disc,
LS120_s05a_sc02,LS120,AF568,background,__background__,,121.97,191.28,8.0,LS120_5a.czi,2,-63409.23,26312.99,-63760,25913,701,800,259.5,227.4,185363.7,disc,
LS120_s05a_sc02,LS120,AF568,background,__background__,,168.34,217.8,8.0,LS120_5a.czi,2,-63325.83,23649.35,-63676,23250,701,799,259.5,227.4,185363.7,disc,
LS120_s05a_sc02,LS120,AF568,background,__background__,,182.7,193.12,8.0,LS120_5a.czi,2,-64573.39,23587.89,-64924,23188,701,800,259.5,227.4,185363.7,disc,
LS120_s05a_sc02,LS120,AF568,background,__background__,,88.41,191.06,8.0,LS120_5a.czi,2,-62735.06,27800.41,-63085,27401,700,799,259.5,227.4,185363.7,disc,
LS120_s05a_sc02,LS120,AF568,roi,Migrated posterior tuberal nucleus,,124.48,213.96,0.0,LS120_5a.czi,2,-62582.27,25675.74,-63100,24553,902,2040,,,549689.9,polygon,119.93 198.20;133.60 209.81;144.53 217.87;143.71 224.17;140.81 231.22;128.55 226.02;119.22 216.84;111.04 212.34;109.05 210.88;107.54 206.70;111.31 199.51
LS120_s05a_sc02,LS120,AF568,roi,Nucleus Anterior tuberal,,87.97,212.74,0.0,LS120_5a.czi,2,-61886.81,27316.67,-62484,26879,951,925,,,264016.3,polygon,82.84 203.81;93.79 200.39;98.21 212.08;93.58 219.40;87.67 221.17;82.96 219.24;76.74 213.12
LS120_s05a_sc02,LS120,AF568,roi,Nucleus Lateral tuberal,,104.79,240.31,0.0,LS120_5a.czi,2,-61161.64,25933.87,-61511,25177,791,1703,,,410539.1,polygon,88.37 231.65;90.67 226.45;107.51 232.73;117.57 240.92;120.18 243.61;113.57 249.46;106.06 252.36;94.41 245.30
LS120_s05a_sc02,LS120,AF568,roi,Nucleus Anterior tuberal,,127.54,234.37,0.0,LS120_5a.czi,2,-61854.38,25066.88,-62193,24405,753,1326,,,301755.7,polygon,131.79 244.50;115.95 238.96;114.64 230.33;122.02 226.57;129.18 227.25;140.08 232.22;139.16 240.74
LS120_s05a_sc03,LS120,AF568,background,__background__,,111.13,59.75,8.0,LS120_5a.czi,3,-53639.94,7183.47,-53954,6664,628,1039,337.1,203.6,215613.7,disc,
LS120_s05a_sc03,LS120,AF568,background,__background__,,134.58,89.97,8.0,LS120_5a.czi,3,-54823.02,8704.07,-55137,8185,628,1038,337.1,203.6,215613.7,disc,
LS120_s05a_sc03,LS120,AF568,background,__background__,,178.17,106.26,8.0,LS120_5a.czi,3,-55460.37,11529.81,-55774,11011,627,1038,337.1,203.6,215613.7,disc,
LS120_s05a_sc03,LS120,AF568,background,__background__,,211.41,78.49,8.0,LS120_5a.czi,3,-54372.53,13683.79,-54686,13165,627,1038,337.1,203.6,215613.7,disc,
LS120_s05a_sc03,LS120,AF568,background,__background__,,205.67,110.78,8.0,LS120_5a.czi,3,-55637.02,13312.39,-55951,12793,628,1038,337.1,203.6,215613.7,disc,
LS120_s05a_sc03,LS120,AF568,background,__background__,,141.35,61.14,8.0,LS120_5a.czi,3,-53693.99,9142.29,-54008,8623,628,1038,337.1,203.6,215613.7,disc,
LS120_s05a_sc03,LS120,AF568,roi,Migrated posterior tuberal nucleus,,160.34,49.0,0.0,LS120_5a.czi,3,-53218.38,10372.94,-54175,8321,1793,4085,,,1196199.1,polygon,191.69 73.43;150.20 56.41;132.28 51.80;128.69 50.88;133.88 35.65;144.85 27.64;150.61 39.95;155.34 48.81;159.08 49.13;168.55 42.01;172.92 37.40;183.63 47.79;187.29 60.83;185.77 64.26
LS120_s05a_sc03,LS120,AF568,roi,Nucleus Anterior tuberal,,195.81,24.44,0.0,LS120_5a.czi,3,-52256.21,12671.52,-52705,11936,863,1402,,,387455.7,polygon,205.88 30.57;194.33 35.89;184.46 34.63;186.66 18.63;192.97 13.88;200.29 15.13;206.08 22.34
LS120_s05a_sc03,LS120,AF568,roi,Nucleus Lateral tuberal,,177.58,12.43,0.0,LS120_5a.czi,3,-51786.14,11489.65,-52292,9687,1009,3134,,,925237.3,polygon,169.70 2.81;157.15 -0.41;149.78 5.98;150.94 11.37;166.87 23.74;183.02 25.34;189.46 25.08;195.62 20.93;196.98 18.10;198.11 6.28;188.39 4.43;184.94 5.45
LS120_s05a_sc03,LS120,AF568,roi,Nucleus Anterior tuberal,,141.75,17.37,0.0,LS120_5a.czi,3,-51980.02,9167.32,-52440,8573,872,1340,,,396616.3,polygon,142.57 9.22;148.27 6.86;153.02 13.18;153.25 24.70;138.11 29.10;132.58 28.31;132.64 18.14;133.59 9.46
LS120_s05a_sc05,LS120,AF568,background,__background__,,98.2,178.67,8.0,LS120_5a.czi,5,-39879.72,9137.68,-40266,8704,772,867,281.3,250.6,221513.5,disc,
LS120_s05a_sc05,LS120,AF568,background,__background__,,117.96,168.36,8.0,LS120_5a.czi,5,-40953.65,9170.44,-41340,8737,772,867,281.3,250.6,221513.5,disc,
LS120_s05a_sc05,LS120,AF568,background,__background__,,102.69,127.26,8.0,LS120_5a.czi,5,-41160.43,11530.98,-41547,11098,773,866,281.3,250.6,221513.5,disc,
LS120_s05a_sc05,LS120,AF568,background,__background__,,82.05,113.18,8.0,LS120_5a.czi,5,-40563.69,12705.02,-40950,12272,772,866,281.3,250.6,221513.5,disc,
LS120_s05a_sc05,LS120,AF568,background,__background__,,57.73,91.95,8.0,LS120_5a.czi,5,-39958.58,14313.99,-40345,13881,773,866,281.3,250.6,221513.5,disc,
LS120_s05a_sc05,LS120,AF568,roi,Migrated posterior tuberal nucleus,,74.77,158.41,0.0,LS120_5a.czi,5,-39292.67,10678.38,-40091,9515,1181,2915,,,1032892.7,polygon,82.46 136.44;93.81 169.81;82.16 178.72;73.13 173.15;67.78 162.01;67.24 157.56;56.81 131.15
LS120_s05a_sc05,LS120,AF568,roi,Nucleus Anterior tuberal,,31.23,140.35,0.0,LS120_5a.czi,5,-37787.88,12588.96,-38293,11931,1004,1125,,,317193.1,polygon,37.45 131.26;40.98 136.47;39.83 149.67;23.88 148.34;20.69 142.33;24.55 134.01
LS120_s05a_sc05,LS120,AF568,roi,Nucleus Lateral tuberal,,38.11,171.03,0.0,LS120_5a.czi,5,-37437.75,10934.03,-37916,9440,860,2766,,,713522.2,polygon,26.30 162.05;30.55 168.97;34.46 176.69;34.91 182.53;46.09 193.22;55.49 193.28;56.51 186.16;48.68 170.71;42.10 161.43;31.96 151.64;25.65 150.95;24.57 154.75
LS120_s05a_sc05,LS120,AF568,roi,Nucleus Anterior tuberal,,70.13,184.12,0.0,LS120_5a.czi,5,-38548.45,9538.28,-39183,8827,1087,1311,,,366477.1,polygon,67.40 192.96;59.45 183.59;61.04 176.23;66.72 173.84;73.52 175.66;82.40 179.29;76.71 194.40;73.77 196.97
LS120_s05a_sc07,LS120,AF568,background,__background__,,71.53,164.27,8.0,LS120_5a.czi,7,-27142.46,7355.25,-27539,6791,793,1128,366.3,257.2,296044.1,disc,
LS120_s05a_sc07,LS120,AF568,background,__background__,,88.47,132.46,8.0,LS120_5a.czi,7,-28557.88,8898.99,-28954,8335,792,1128,366.3,257.2,296044.1,disc,
LS120_s05a_sc07,LS120,AF568,background,__background__,,64.42,141.72,8.0,LS120_5a.czi,7,-27285.3,9008.44,-27682,8444,793,1128,366.3,257.2,296044.1,disc,
LS120_s05a_sc07,LS120,AF568,background,__background__,,86.76,112.09,8.0,LS120_5a.czi,7,-28899.04,10254.6,-29295,9691,792,1128,366.3,257.2,296044.1,disc,
LS120_s05a_sc07,LS120,AF568,background,__background__,,52.78,89.89,8.0,LS120_5a.czi,7,-27825.27,12670.77,-28221,12107,792,1128,366.3,257.2,296044.1,disc,
LS120_s05a_sc07,LS120,AF568,roi,Nucleus Posterior Tuberal,,16.92,124.56,0.0,LS120_5a.czi,7,-25499.54,11496.76,-26473,9391,1796,2975,,,1549075.0,polygon,32.90 112.19;40.83 146.50;11.13 148.61;5.95 126.34;-3.23 120.44;4.85 116.51;19.93 113.23;22.97 112.69
LS120_s05a_sc09,LS120,AF568,background,__background__,,102.55,187.32,8.0,LS120_5a.czi,9,-13376.67,6977.4,-13805,6429,856,1097,356.1,277.8,310775.3,disc,
LS120_s05a_sc09,LS120,AF568,background,__background__,,66.17,179.51,8.0,LS120_5a.czi,9,-12475.34,9248.47,-12903,8700,856,1097,356.1,277.8,310775.3,disc,
LS120_s05a_sc09,LS120,AF568,background,__background__,,42.07,70.36,8.0,LS120_5a.czi,9,-16190.13,15241.69,-16618,14693,856,1097,356.1,277.8,310775.3,disc,
LS120_s05a_sc09,LS120,AF568,background,__background__,,63.99,47.25,8.0,LS120_5a.czi,9,-17886.72,15074.13,-18315,14526,856,1096,356.1,277.8,310775.3,disc,
LS120_s05a_sc09,LS120,AF568,background,__background__,,139.85,103.3,8.0,LS120_5a.czi,9,-18117.16,8621.8,-18545,8073,856,1097,356.1,277.8,310775.3,disc,
LS120_s05a_sc09,LS120,AF568,background,__background__,,122.35,75.51,8.0,LS120_5a.czi,9,-18680.24,10751.79,-19108,10203,856,1097,356.1,277.8,310775.3,disc,
LS120_s05a_sc09,LS120,AF568,roi,Nucleus Posterior Tuberal,,36.14,171.62,0.0,LS120_5a.czi,9,-11791.18,11185.44,-12664,10096,1796,2545,,,1474690.7,polygon,36.06 150.53;51.15 163.04;55.82 171.13;54.01 174.85;46.95 181.85;38.52 189.12;29.38 188.37;25.84 181.75;27.72 174.08;22.19 176.00;18.53 160.13;27.52 148.54
LS120_s06a_sc00,LS120,AF568,background,__background__,,60.55,88.26,8.0,LS120_6a.czi,0,-75959.81,14476.08,-76380,13953,840,1046,339.9,272.6,291087.6,disc,
LS120_s06a_sc00,LS120,AF568,background,__background__,,48.35,148.19,8.0,LS120_6a.czi,0,-75346.73,10552.32,-75767,10029,840,1047,339.9,272.6,291087.6,disc,
LS120_s06a_sc00,LS120,AF568,background,__background__,,112.08,82.75,8.0,LS120_6a.czi,0,-78658.74,14864.6,-79079,14341,840,1047,339.9,272.6,291087.6,disc,
LS120_s06a_sc00,LS120,AF568,background,__background__,,42.15,199.16,8.0,LS120_6a.czi,0,-75044.22,7217.5,-75464,6694,840,1047,339.9,272.6,291087.6,disc,
LS120_s06a_sc00,LS120,AF568,background,__background__,,83.59,223.42,8.0,LS120_6a.czi,0,-77227.36,5654.69,-77647,5131,840,1047,339.9,272.6,291087.6,disc,
LS120_s06a_sc00,LS120,AF568,roi,Nucleus Posterior Tuberal,,24.23,104.65,0.0,LS120_6a.czi,0,-74063.05,13384.82,-75247,11745,2119,3132,,,2236180.9,polygon,46.93 88.83;46.69 119.08;45.89 122.75;24.55 129.73;15.69 121.27;6.75 114.66;6.35 110.31;7.42 101.10;7.22 92.44;12.95 89.02;23.66 84.60;46.65 82.02
LS136_s02a_sc00,LS136,AF568,background,__background__,,212.06,189.59,8.0,LS136_2a.czi,0,-79609.95,7298.06,-79782,7059,344,478,155.1,111.6,54394.7,disc,
LS136_s02a_sc00,LS136,AF568,background,__background__,,198.31,174.38,8.0,LS136_2a.czi,0,-79738.34,7883.17,-79911,7644,345,478,155.1,111.6,54394.7,disc,
LS136_s02a_sc00,LS136,AF568,background,__background__,,185.56,194.48,2.0,LS136_2a.czi,0,-79227.64,7901.33,-79271,7841,87,120,38.8,27.9,3399.7,disc,
LS136_s02a_sc00,LS136,AF568,background,__background__,,129.05,176.38,8.0,LS136_2a.czi,0,-78937.63,9625.16,-79110,9386,345,478,155.1,111.6,54394.7,disc,
LS136_s02a_sc00,LS136,AF568,background,__background__,,71.02,109.45,8.0,LS136_2a.czi,0,-79529.88,12136.55,-79702,11897,344,479,155.1,111.6,54394.7,disc,
LS136_s02a_sc00,LS136,AF568,background,__background__,,63.34,93.97,8.0,LS136_2a.czi,0,-79730.19,12570.45,-79902,12331,344,479,155.1,111.6,54394.7,disc,
LS136_s02a_sc00,LS136,AF568,roi,Dl,,87.94,29.9,0.0,LS136_2a.czi,0,-81181.13,12923.16,-82013,12036,1596,1883,,,686396.8,polygon,121.82 5.02;77.94 6.83;59.43 15.33;44.74 37.08;56.56 52.57;75.88 52.62;92.74 40.81;107.38 35.61;120.63 33.16;122.32 19.92
LS136_s02a_sc00,LS136,AF568,roi,Dm,,120.96,102.85,0.0,LS136_2a.czi,0,-80202.2,10959.57,-80877,10403,1452,1206,,,387839.3,polygon,143.89 100.83;145.57 90.35;140.92 78.19;138.43 78.74;127.10 85.05;115.49 93.57;100.83 105.67;88.67 114.46;89.74 126.33;107.67 126.38;118.16 123.93;135.03 110.73
LS136_s02a_sc00,LS136,AF568,roi,Dm,,149.58,135.88,0.0,LS136_2a.czi,0,-79909.72,9720.66,-80646,8564,1319,1955,,,513201.0,polygon,189.57 141.52;186.05 117.78;159.28 120.74;152.11 120.16;139.14 121.78;123.39 127.53;115.91 140.20;113.96 144.61;123.87 152.09;146.78 149.67;158.66 144.46;186.24 150.06
LS136_s02a_sc00,LS136,AF568,roi,Dl,,173.91,215.79,0.0,LS136_2a.czi,0,-78706.8,7872.78,-79080,6408,766,2609,,,548030.9,polygon,166.71 223.12;175.50 238.04;196.71 248.87;216.88 239.54;209.48 223.24;189.93 210.22;154.96 184.18;149.16 186.37;140.58 196.83;149.10 208.45;163.98 214.84
LS136_s02a_sc01,LS136,AF568,background,__background__,,194.7,131.67,8.0,LS136_2a.czi,1,-80375.24,20935.01,-80666,20532,581,806,261.9,188.4,154995.5,disc,
LS136_s02a_sc01,LS136,AF568,background,__background__,,180.5,160.35,2.0,LS136_2a.czi,1,-79543.05,22057.25,-79616,21956,146,202,65.5,47.1,9687.2,disc,
LS136_s02a_sc01,LS136,AF568,background,__background__,,123.31,125.76,8.0,LS136_2a.czi,1,-81369.3,24267.55,-81660,23864,581,807,261.9,188.4,154995.5,disc,
LS136_s02a_sc01,LS136,AF568,background,__background__,,124.42,151.4,8.0,LS136_2a.czi,1,-80472.52,24608.83,-80763,24205,581,807,261.9,188.4,154995.5,disc,
LS136_s02a_sc01,LS136,AF568,roi,Dl,,100.04,120.19,0.0,LS136_2a.czi,1,-81819.02,25297.74,-82484,24542,1324,1554,,,460833.1,polygon,109.64 101.02;107.27 100.10;98.39 101.47;89.72 120.89;90.62 133.45;90.23 141.48;97.88 139.96;104.63 130.86;111.92 112.51
LS136_s02a_sc01,LS136,AF568,roi,Dm,,145.02,136.76,0.0,LS136_2a.czi,1,-80749.54,23395.71,-81375,22516,1310,1665,,,407933.4,polygon,149.44 155.18;154.29 131.54;156.38 115.01;144.97 121.66;138.76 131.44;136.29 146.05;134.98 156.46
LS136_s02a_sc01,LS136,AF568,roi,Dm,,167.88,141.06,0.0,LS136_2a.czi,1,-80348.18,22365.63,-80780,21530,984,1781,,,395584.8,polygon,180.93 127.44;178.71 125.30;167.08 128.80;158.95 138.97;153.35 153.81;153.04 156.25;162.67 158.72;174.86 145.95;181.30 134.33
LS136_s02a_sc01,LS136,AF568,roi,Dl,,212.68,147.97,0.0,LS136_2a.czi,1,-79613.93,20323.59,-79991,19307,720,2034,,,407041.6,polygon,195.88 161.67;194.74 155.93;202.95 140.17;220.40 134.92;227.75 135.84;231.95 141.97;228.72 152.76;209.44 152.81;202.24 155.63
LS136_s02a_sc02,LS136,AF568,background,__background__,,157.86,74.9,8.0,LS136_2a.czi,2,-70967.39,10037.32,-71103,9728,271,619,200.9,87.9,55467.7,disc,
LS136_s02a_sc02,LS136,AF568,background,__background__,,169.74,91.17,8.0,LS136_2a.czi,2,-70627.15,10067.48,-70763,9758,272,619,200.9,87.9,55467.7,disc,
LS136_s02a_sc02,LS136,AF568,background,__background__,,175.65,141.44,8.0,LS136_2a.czi,2,-69898.91,11093.61,-70035,10784,272,619,200.9,87.9,55467.7,disc,
LS136_s02a_sc02,LS136,AF568,background,__background__,,113.1,164.86,8.0,LS136_2a.czi,2,-70244.57,13549.97,-70380,13240,271,619,200.9,87.9,55467.7,disc,
LS136_s02a_sc02,LS136,AF568,background,__background__,,55.71,84.47,8.0,LS136_2a.czi,2,-71911.96,13361.28,-72048,13052,272,619,200.9,87.9,55467.7,disc,
LS136_s02a_sc02,LS136,AF568,roi,Dl,,27.69,111.74,0.0,LS136_2a.czi,2,-71844.43,14863.88,-72384,13913,1237,1696,,,550264.4,polygon,39.26 95.13;33.75 79.75;17.43 79.16;5.72 92.21;1.27 107.88;5.46 114.73;27.01 136.99;35.17 141.34;49.20 147.28;52.94 131.10;37.43 103.53
LS136_s02a_sc02,LS136,AF568,roi,Dm,,101.72,112.38,0.0,LS136_2a.czi,2,-71059.47,12636.56,-71568,12095,1064,1335,,,459225.0,polygon,97.27 86.78;95.77 85.14;83.76 88.24;79.00 105.84;95.07 137.06;106.43 145.92;121.52 138.59;124.37 120.67;112.30 103.18
LS136_s02a_sc02,LS136,AF568,roi,POA,,143.51,188.43,0.0,LS136_2a.czi,2,-69613.22,13193.79,-69846,12752,460,1021,,,137431.9,polygon,131.19 197.02;130.05 181.59;140.69 173.70;151.86 181.34;156.37 186.26;152.07 198.78;142.31 200.29
LS136_s02a_sc02,LS136,AF568,roi,Dm,,142.09,97.32,0.0,LS136_2a.czi,2,-70835.65,11052.55,-71431,10483,1223,1261,,,299807.8,polygon,139.53 81.48;135.06 64.70;127.46 64.00;125.92 74.23;132.23 98.85;141.91 121.07;149.05 134.95;154.63 134.71;158.09 116.69;152.91 99.39;146.23 80.45
LS136_s02a_sc02,LS136,AF568,roi,POA,,177.41,181.04,0.0,LS136_2a.czi,2,-69355.6,11989.66,-69628,11331,551,1077,,,131330.4,polygon,170.11 182.26;166.91 169.64;169.58 166.73;191.54 171.45;186.77 189.04;184.76 196.22;172.23 191.92
LS136_s02a_sc02,LS136,AF568,roi,Dl,,211.12,104.81,0.0,LS136_2a.czi,2,-70012.36,9140.92,-70330,8053,527,2561,,,341608.5,polygon,214.88 108.53;234.86 100.44;237.15 95.09;231.18 84.78;209.33 88.78;196.20 92.69;184.40 113.24;188.88 138.15;203.17 121.58
LS136_s02a_sc03,LS136,AF568,background,__background__,,174.79,38.42,8.0,LS136_2a.czi,3,-69264.43,21744.05,-69438,21445,347,598,194.3,112.4,68574.7,disc,
LS136_s02a_sc03,LS136,AF568,background,__background__,,155.15,29.88,2.0,LS136_2a.czi,3,-69663.39,22149.48,-69707,22074,87,151,48.6,28.1,4285.9,disc,
LS136_s02a_sc03,LS136,AF568,background,__background__,,75.34,83.71,2.0,LS136_2a.czi,3,-69737.91,25743.46,-69782,25668,88,151,48.6,28.1,4285.9,disc,
LS136_s02a_sc03,LS136,AF568,background,__background__,,82.24,98.98,8.0,LS136_2a.czi,3,-69383.39,25870.78,-69557,25571,347,599,194.3,112.4,68574.7,disc,
LS136_s02a_sc03,LS136,AF568,roi,Dl,,35.92,84.41,0.0,LS136_2a.czi,3,-70226.99,26949.45,-70776,26204,1174,1478,,,448469.3,polygon,46.56 71.01;43.13 60.45;26.16 60.12;17.49 71.37;21.66 86.23;29.54 102.48;34.51 115.79;54.29 106.77;49.96 85.47
LS136_s02a_sc03,LS136,AF568,roi,Dm,,111.87,82.74,0.0,LS136_2a.czi,3,-69290.3,24618.82,-69929,24045,1186,1223,,,388119.9,polygon,122.00 79.58;112.77 61.17;112.02 56.87;96.61 57.34;94.95 70.20;98.89 90.33;107.17 105.81;116.51 108.61;129.64 101.10;128.11 96.40
LS136_s02a_sc03,LS136,AF568,roi,Dm,,147.79,73.79,0.0,LS136_2a.czi,3,-68989.86,23337.16,-69635,22453,1430,1883,,,466352.7,polygon,139.25 94.73;139.84 68.59;139.16 54.54;138.27 43.80;152.73 40.40;160.83 53.34;161.21 80.46;154.52 113.77;144.36 114.48
LS136_s02a_sc07,LS136,AF568,background,__background__,,76.25,148.04,8.0,LS136_2a.czi,7,-51072.71,22878.48,-51276,22636,406,485,157.4,131.6,65101.3,disc,
LS136_s02a_sc07,LS136,AF568,background,__background__,,159.9,131.99,8.0,LS136_2a.czi,7,-52188.44,25085.0,-52391,24842,406,486,157.4,131.6,65101.3,disc,
LS136_s02a_sc07,LS136,AF568,background,__background__,,180.46,158.66,8.0,LS136_2a.czi,7,-53038.39,25006.89,-53241,24764,406,486,157.4,131.6,65101.3,disc,
LS136_s02a_sc07,LS136,AF568,background,__background__,,205.92,180.78,8.0,LS136_2a.czi,7,-53885.82,25131.18,-54089,24888,406,486,157.4,131.6,65101.3,disc,
LS136_s02a_sc07,LS136,AF568,roi,Dl,,234.67,145.25,0.0,LS136_2a.czi,7,-53704.87,26497.81,-54099,25669,700,1664,,,293915.6,polygon,251.53 122.77;253.71 132.42;246.35 144.86;242.49 147.99;227.16 172.97;218.96 168.67;212.21 157.89;223.64 143.54;232.91 135.16;237.72 126.26
LS136_s02a_sc07,LS136,AF568,roi,Dm,,149.45,162.55,0.0,LS136_2a.czi,7,-52586.04,24230.65,-53339,23844,1521,742,,,335389.2,polygon,137.35 139.39;130.91 149.81;135.10 164.13;144.19 173.91;149.12 181.23;162.07 187.89;169.09 184.88;168.76 167.43;160.19 156.94;149.67 149.90;137.48 132.50
LS136_s02a_sc07,LS136,AF568,roi,POA,,121.23,116.51,0.0,LS136_2a.czi,7,-51242.02,24529.05,-51770,23459,1128,2032,,,404901.9,polygon,149.09 99.99;152.06 114.51;138.20 129.25;128.05 132.15;91.92 136.75;88.04 120.50;92.65 110.38;106.54 111.26;111.39 114.22;116.61 127.13;120.77 125.83;132.89 115.74;131.15 97.27;137.85 96.19
LS136_s02a_sc07,LS136,AF568,roi,Dm,,81.8,177.08,0.0,LS136_2a.czi,7,-51712.87,22414.76,-52047,21766,664,1428,,,269514.3,polygon,67.33 189.48;66.51 192.11;76.95 194.80;86.29 190.78;99.65 176.75;105.18 164.60;98.00 158.89;90.28 161.39;72.90 169.83;69.86 170.32;66.88 178.93
LS136_s02a_sc07,LS136,AF568,roi,Dl,,31.84,168.84,0.0,LS136_2a.czi,7,-50711.28,21458.18,-51014,20697,572,1715,,,286221.8,polygon,22.39 170.51;10.19 176.24;15.21 187.92;23.13 186.64;45.81 172.34;51.62 165.78;55.66 148.25;37.70 149.28;24.86 162.61
LS136_s04a_sc02,LS136,AF568,background,__background__,,180.98,165.25,8.0,LS136_4a.czi,2,-65247.16,8172.36,-65554,7736,613,873,283.2,198.9,176984.6,disc,
LS136_s04a_sc02,LS136,AF568,background,__background__,,118.93,145.98,8.0,LS136_4a.czi,2,-66911.85,10800.11,-67218,10364,613,872,283.2,198.9,176984.6,disc,
LS136_s04a_sc02,LS136,AF568,background,__background__,,61.79,147.59,8.0,LS136_4a.czi,2,-67772.77,13662.17,-68079,13226,613,872,283.2,198.9,176984.6,disc,
LS136_s04a_sc02,LS136,AF568,background,__background__,,38.44,152.28,8.0,LS136_4a.czi,2,-67984.57,14923.87,-68291,14488,613,872,283.2,198.9,176984.6,disc,
LS136_s04a_sc02,LS136,AF568,roi,Nucleus Anterior tuberal,,90.0,169.08,0.0,LS136_4a.czi,2,-66573.96,12758.35,-67118,11378,998,2855,,,570266.7,polygon,64.52 165.19;75.98 161.89;91.73 158.99;108.37 159.88;113.90 160.39;115.97 164.91;103.46 173.06;101.89 176.64;94.69 167.31;73.13 165.97;85.80 176.41;74.97 186.58;65.58 180.77
LS136_s04a_sc02,LS136,AF568,roi,Nucleus Lateral tuberal,,93.24,188.29,0.0,LS136_4a.czi,2,-65854.96,13037.07,-66497,11928,1329,2859,,,1081472.5,polygon,110.05 182.34;111.55 179.38;105.02 176.30;97.59 176.25;86.42 176.47;78.99 176.41;63.68 188.03;61.67 196.52;85.19 210.43;99.93 204.96;109.09 199.60;109.71 192.84
LS136_s04a_sc03,LS136,AF568,background,__background__,,178.59,160.3,8.0,LS136_4a.czi,3,-64761.14,23711.51,-65022,23408,522,607,196.9,169.4,104794.1,disc,
LS136_s04a_sc03,LS136,AF568,background,__background__,,154.53,150.43,2.0,LS136_4a.czi,3,-65480.31,24232.04,-65546,24156,131,152,49.2,42.4,6549.6,disc,
LS136_s04a_sc03,LS136,AF568,background,__background__,,101.47,172.02,8.0,LS136_4a.czi,3,-65920.53,26340.04,-66182,26037,523,606,196.9,169.4,104794.1,disc,
LS136_s04a_sc03,LS136,AF568,background,__background__,,82.96,168.93,8.0,LS136_4a.czi,3,-66354.8,26840.21,-66616,26537,522,607,196.9,169.4,104794.1,disc,
LS136_s04a_sc03,LS136,AF568,roi,Nucleus Anterior tuberal,,135.91,180.21,0.0,LS136_4a.czi,3,-65048.02,25463.45,-65530,24425,1071,2140,,,476405.2,polygon,112.58 178.81;126.15 170.79;151.44 166.47;161.93 169.55;163.78 172.02;157.61 186.83;144.04 184.36;133.55 185.59;130.47 189.91;109.49 192.38;103.94 185.59
LS136_s04a_sc03,LS136,AF568,roi,Nucleus Lateral tuberal,,136.12,201.38,0.0,LS136_4a.czi,3,-64484.56,25925.77,-65019,24747,1180,1990,,,648671.7,polygon,110.73 201.63;116.28 195.46;128.62 188.06;147.74 183.12;161.32 183.12;165.63 194.23;152.06 211.50;141.57 207.19;137.25 199.16;135.40 226.31;120.60 216.44;116.28 210.27
LS136_s04a_sc07,LS136,AF568,background,__background__,,138.68,140.42,8.0,LS136_4a.czi,7,-33790.13,8532.01,-34135,8075,689,914,296.5,223.6,208283.8,disc,
LS136_s04a_sc07,LS136,AF568,background,__background__,,87.95,123.91,8.0,LS136_4a.czi,7,-34318.28,11492.43,-34663,11036,689,913,296.5,223.6,208283.8,disc,
LS136_s04a_sc07,LS136,AF568,background,__background__,,61.26,132.29,8.0,LS136_4a.czi,7,-33864.83,12969.96,-34209,12513,689,914,296.5,223.6,208283.8,disc,
LS136_s04a_sc07,LS136,AF568,background,__background__,,194.16,176.6,8.0,LS136_4a.czi,7,-32435.88,5209.42,-32780,4753,689,913,296.5,223.6,208283.8,disc,
LS136_s04a_sc07,LS136,AF568,roi,Nucleus Anterior tuberal,,94.81,152.48,0.0,LS136_4a.czi,7,-33118.25,10968.63,-33682,9024,1396,3219,,,992798.9,polygon,86.12 138.63;87.81 139.38;122.32 151.37;128.65 156.89;99.51 172.28;96.19 166.07;86.30 154.92;72.21 154.72;74.22 138.06
LS136_s04a_sc07,LS136,AF568,roi,Nucleus Lateral tuberal,,94.97,177.08,0.0,LS136_4a.czi,7,-32064.66,10844.2,-32805,9481,1516,2724,,,1033950.4,polygon,71.19 175.20;77.34 158.36;91.37 163.25;100.70 168.08;113.98 174.67;118.48 182.75;107.01 191.83;94.73 195.14;79.89 184.48
LS136_s06a_sc00,LS136,AF568,background,__background__,,153.94,89.08,8.0,LS136_6a.czi,0,-76497.45,10308.36,-76901,9805,807,1006,326.7,262.0,268887.6,disc,
LS136_s06a_sc00,LS136,AF568,background,__background__,,133.04,108.48,8.0,LS136_6a.czi,0,-77845.3,10928.96,-78249,10426,807,1006,326.7,262.0,268887.6,disc,
LS136_s06a_sc00,LS136,AF568,background,__background__,,137.44,162.59,8.0,LS136_6a.czi,0,-78688.32,14173.4,-79092,13670,807,1006,326.7,262.0,268887.6,disc,
LS136_s06a_sc00,LS136,AF568,background,__background__,,165.19,179.2,8.0,LS136_6a.czi,0,-77719.07,15806.64,-78123,15304,808,1006,326.7,262.0,268887.6,disc,
LS136_s06a_sc00,LS136,AF568,roi,Migrated posterior tuberal nucleus,,174.38,140.84,0.0,LS136_6a.czi,0,-76548.83,13803.72,-77461,12404,1596,2879,,,1320973.6,polygon,184.34 161.17;184.10 148.82;183.98 138.31;183.91 128.42;179.13 121.95;170.82 118.20;163.78 123.64;157.47 139.55;163.33 161.40;172.99 166.91
LS136_s06a_sc00,LS136,AF568,roi,Nucleus Lateral tuberal,,208.27,143.03,0.0,LS136_6a.czi,0,-75014.76,14748.87,-75733,13698,1320,2204,,,779384.1,polygon,219.86 156.21;207.37 163.27;200.43 161.28;201.11 144.53;202.71 132.05;204.22 127.00;212.00 123.36;218.49 136.52
LS138_s01a_sc06,LS138,AF568,background,__background__,,124.4,104.88,8.0,LS138_1a.czi,6,-43143.54,28219.34,-43327,27929,367,581,188.4,118.8,70272.1,disc,
LS138_s01a_sc06,LS138,AF568,background,__background__,,100.87,98.64,8.0,LS138_1a.czi,6,-42631.87,28564.22,-42815,28274,366,580,188.4,118.8,70272.1,disc,
LS138_s01a_sc06,LS138,AF568,background,__background__,,190.11,173.31,8.0,LS138_1a.czi,6,-44406.83,25427.52,-44590,25137,366,581,188.4,118.8,70272.1,disc,
LS138_s01a_sc06,LS138,AF568,background,__background__,,181.32,121.0,8.0,LS138_1a.czi,6,-44377.94,27348.3,-44561,27058,366,581,188.4,118.8,70272.1,disc,
LS138_s01a_sc06,LS138,AF568,background,__background__,,16.0,70.99,8.0,LS138_1a.czi,6,-40803.06,29992.57,-40986,29702,366,581,188.4,118.8,70272.1,disc,
LS138_s01a_sc06,LS138,AF568,roi,Dl,,129.69,17.43,0.0,LS138_1a.czi,6,-43547.02,31327.52,-44280,30833,1436,969,,,393576.0,polygon,150.21 5.74;161.73 14.82;151.91 28.03;134.25 28.40;119.59 28.05;99.45 23.29;100.47 16.33;115.27 8.66;134.34 3.53
LS138_s01a_sc06,LS138,AF568,roi,Dm,,121.12,51.42,0.0,LS138_1a.czi,6,-43242.94,30152.97,-43818,29602,1317,1011,,,321960.0,polygon,140.48 52.66;146.02 47.68;135.14 40.23;119.60 38.82;88.55 52.87;98.62 60.63;119.40 67.02
LS138_s01a_sc06,LS138,AF568,roi,Vd,,78.91,51.83,0.0,LS138_1a.czi,6,-42287.41,30355.61,-42472,30106,483,471,,,54036.6,polygon,74.85 54.96;83.57 58.10;87.32 55.69;86.71 49.37;84.13 47.57;70.28 46.90;65.48 50.19
LS138_s01a_sc06,LS138,AF568,roi,Vl,,71.37,36.7,0.0,LS138_1a.czi,6,-42166.08,30936.9,-42373,30591,399,620,,,51217.1,polygon,74.94 30.09;79.25 27.93;76.99 37.72;71.91 46.27;66.26 43.80;62.83 36.24;67.45 34.89
LS138_s01a_sc06,LS138,AF568,roi,Vv,,50.85,69.98,0.0,LS138_1a.czi,6,-41594.16,29849.34,-41972,28872,775,2053,,,346623.7,polygon,52.94 48.08;64.14 56.34;67.22 67.78;53.98 84.22;52.44 97.01;43.39 93.05;35.12 82.71;39.49 60.38;48.94 40.27
LS138_s01a_sc06,LS138,AF568,roi,Dm,,118.86,73.74,0.0,LS138_1a.czi,6,-43119.39,29364.35,-43779,28987,1177,969,,,268260.2,polygon,114.39 76.94;125.77 83.26;143.78 79.01;147.87 72.72;139.25 66.26;102.44 59.61;96.93 70.67;96.41 76.49;102.87 78.65
LS138_s01a_sc06,LS138,AF568,roi,Vd,,83.16,73.17,0.0,LS138_1a.czi,6,-42314.21,29568.61,-42510,29071,353,836,,,84189.2,polygon,78.10 64.46;86.93 64.28;90.96 67.38;88.07 86.32;78.46 82.12;76.41 74.49
LS138_s01a_sc06,LS138,AF568,roi,Vl,,46.39,96.96,0.0,LS138_1a.czi,6,-41405.75,28904.97,-41720,28483,498,946,,,122464.0,polygon,40.18 100.40;44.60 105.70;50.25 108.17;60.99 102.09;48.89 81.99;41.90 85.67;37.95 94.72
LS138_s01a_sc06,LS138,AF568,roi,Dl,,97.85,127.7,0.0,LS138_1a.czi,6,-42469.26,27537.86,-43244,26934,1605,1116,,,522201.5,polygon,60.82 125.58;60.22 119.26;97.77 113.45;120.10 117.81;131.40 122.75;123.75 140.28;108.42 143.01;80.33 139.49
LS138_s01a_sc07,LS138,AF568,background,__background__,,121.6,117.86,8.0,LS138_1a.czi,7,-36914.83,11162.88,-37129,10878,429,569,184.6,139.2,80698.1,disc,
LS138_s01a_sc07,LS138,AF568,background,__background__,,31.01,111.39,8.0,LS138_1a.czi,7,-34735.63,12590.9,-34950,12306,429,569,184.6,139.2,80698.1,disc,
LS138_s01a_sc07,LS138,AF568,background,__background__,,130.65,41.28,8.0,LS138_1a.czi,7,-37913.79,13557.96,-38128,13274,429,568,184.6,139.2,80698.1,disc,
LS138_s01a_sc07,LS138,AF568,background,__background__,,180.52,119.09,8.0,LS138_1a.czi,7,-38362.31,10331.96,-38577,10048,429,568,184.6,139.2,80698.1,disc,
LS138_s01a_sc07,LS138,AF568,roi,Dl,,99.46,36.56,0.0,LS138_1a.czi,7,-37188.71,14131.53,-38174,13676,1526,1078,,,387275.9,polygon,86.05 35.02;82.98 39.61;82.97 49.55;87.86 55.15;107.61 46.45;111.37 41.33;128.86 11.20;107.96 14.16
LS138_s01a_sc07,LS138,AF568,roi,Dm,,111.61,64.57,0.0,LS138_1a.czi,7,-37206.4,13048.08,-37758,12706,1266,679,,,264643.9,polygon,90.58 77.88;86.23 72.98;98.34 60.82;110.28 54.87;127.27 53.29;129.64 54.21;130.55 61.78;123.42 68.97;108.19 76.37
LS138_s01a_sc07,LS138,AF568,roi,Dm,,104.82,86.77,0.0,LS138_1a.czi,7,-36813.57,12409.66,-37554,12033,1532,668,,,249347.7,polygon,111.31 91.07;118.57 92.61;132.44 81.30;126.56 73.72;117.60 75.69;99.60 85.24;85.22 85.91;80.62 87.81;77.47 97.99;98.82 96.33
LS138_s01a_sc07,LS138,AF568,roi,Dl,,94.91,143.17,0.0,LS138_1a.czi,7,-35997.45,10689.26,-36730,9966,1467,1234,,,455934.9,polygon,97.94 127.93;120.66 135.16;123.64 141.13;118.72 155.43;92.70 154.63;83.52 153.47;67.38 148.33;68.54 139.14;81.10 133.27
LS138_s01a_sc08,LS138,AF568,background,__background__,,64.05,68.79,8.0,LS138_1a.czi,8,-29972.15,27009.94,-30188,26724,431,571,185.3,139.7,81360.9,disc,
LS138_s01a_sc08,LS138,AF568,background,__background__,,108.73,25.24,8.0,LS138_1a.czi,8,-30888.68,28872.0,-31104,28586,431,572,185.3,139.7,81360.9,disc,
LS138_s01a_sc08,LS138,AF568,background,__background__,,131.41,24.77,8.0,LS138_1a.czi,8,-31480.74,29064.66,-31696,28779,431,571,185.3,139.7,81360.9,disc,
LS138_s01a_sc08,LS138,AF568,background,__background__,,161.32,36.37,8.0,LS138_1a.czi,8,-32333.17,28893.7,-32549,28608,431,571,185.3,139.7,81360.9,disc,
LS138_s01a_sc08,LS138,AF568,roi,Dl,,147.8,12.0,0.0,LS138_1a.czi,8,-31835.74,29636.23,-32424,29246,1227,714,,,247296.9,polygon,167.12 21.42;167.61 23.59;168.58 7.42;160.08 5.45;147.02 5.02;131.52 2.31;125.68 2.03;126.32 8.90;132.33 13.88;139.46 15.98;160.07 25.96
LS138_s01a_sc08,LS138,AF568,roi,Dm,,125.83,47.69,0.0,LS138_1a.czi,8,-31468.74,28224.08,-32206,27797,1429,840,,,383087.1,polygon,123.97 57.62;139.72 63.06;150.77 56.76;153.45 49.86;142.80 39.77;125.80 35.83;111.14 36.10;101.43 38.95;101.05 46.74;108.21 52.17
LS138_s01a_sc08,LS138,AF568,roi,Dm,,118.47,68.94,0.0,LS138_1a.czi,8,-31400.27,27427.76,-32103,26959,1323,804,,,306351.5,polygon,123.89 83.39;137.22 86.58;145.06 69.77;133.08 63.13;129.63 61.80;124.39 65.06;110.49 61.65;102.79 59.33;97.17 58.47;95.86 65.24;103.50 72.84;118.59 80.01
LS138_s01a_sc08,LS138,AF568,roi,Dl,,94.57,114.64,0.0,LS138_1a.czi,8,-31041.33,25652.44,-31782,24961,1463,1424,,,439850.3,polygon,73.88 99.73;77.70 113.78;84.45 123.68;102.31 133.92;112.44 138.51;119.78 128.12;114.41 118.09;102.61 107.56;85.28 94.23;72.85 88.74
LS138_s01a_sc09,LS138,AF568,background,__background__,,81.64,161.83,8.0,LS138_1a.czi,9,-20968.43,10246.87,-21222,9953,507,588,190.9,164.3,98539.2,disc,
LS138_s01a_sc09,LS138,AF568,background,__background__,,81.3,77.85,8.0,LS138_1a.czi,9,-22687.14,12596.0,-22940,12302,506,588,190.9,164.3,98539.2,disc,
LS138_s01a_sc09,LS138,AF568,background,__background__,,99.76,144.44,8.0,LS138_1a.czi,9,-21760.56,10298.52,-22014,10004,507,589,190.9,164.3,98539.2,disc,
LS138_s01a_sc09,LS138,AF568,background,__background__,,189.31,210.54,8.0,LS138_1a.czi,9,-22548.89,6315.52,-22802,6021,506,589,190.9,164.3,98539.2,disc,
LS138_s01a_sc09,LS138,AF568,roi,Dl,,101.53,50.81,0.0,LS138_1a.czi,9,-23728.3,12866.22,-24265,12477,1105,686,,,223655.7,polygon,115.77 52.56;118.99 45.87;112.88 37.99;103.73 41.90;95.17 45.63;91.03 51.32;86.20 54.63;83.91 57.85;99.34 62.41;108.32 57.91
LS138_s01a_sc09,LS138,AF568,roi,Dm,,107.85,102.17,0.0,LS138_1a.czi,9,-22823.75,11283.46,-23275,10943,961,641,,,174668.7,polygon,116.59 106.88;119.97 96.29;118.18 92.31;108.18 93.25;99.97 98.17;95.74 105.80;94.90 111.82;109.30 112.82
LS138_s01a_sc09,LS138,AF568,roi,POA,,75.52,126.57,0.0,LS138_1a.czi,9,-21546.71,11376.05,-21950,10612,819,1485,,,353454.0,polygon,88.39 127.16;81.34 113.78;77.61 109.72;67.18 111.42;57.61 116.09;62.80 131.93;73.40 139.81;83.49 145.90;87.89 143.35
LS138_s01a_sc09,LS138,AF568,roi,Dm,,111.0,119.25,0.0,LS138_1a.czi,9,-22548.08,10732.05,-23030,10433,996,644,,,208100.3,polygon,105.25 130.03;97.88 128.94;96.94 118.94;111.50 107.06;116.25 105.70;122.35 109.08;123.38 117.13;113.98 126.89;111.52 129.52
LS138_s01a_sc09,LS138,AF568,roi,Dl,,117.96,166.36,0.0,LS138_1a.czi,9,-21746.28,9252.47,-22479,8619,1476,1135,,,385241.5,polygon,121.82 176.62;137.83 172.03;139.68 156.10;126.29 154.16;104.77 159.69;97.07 166.39;98.27 179.53
LS138_s01a_sc10,LS138,AF568,background,__background__,,144.64,193.14,8.0,LS138_1a.czi,10,-20468.32,21338.63,-20680,21058,424,562,182.3,137.5,78725.9,disc,
LS138_s01a_sc10,LS138,AF568,background,__background__,,63.17,105.25,8.0,LS138_1a.czi,10,-18441.22,24567.34,-18653,24286,424,562,182.3,137.5,78725.9,disc,
LS138_s01a_sc10,LS138,AF568,background,__background__,,76.76,26.79,8.0,LS138_1a.czi,10,-18910.21,27288.77,-19122,27008,424,562,182.3,137.5,78725.9,disc,
LS138_s01a_sc10,LS138,AF568,background,__background__,,106.88,27.3,8.0,LS138_1a.czi,10,-19704.58,27214.79,-19917,26934,424,562,182.3,137.5,78725.9,disc,
LS138_s01a_sc10,LS138,AF568,roi,Dl,,124.26,14.34,0.0,LS138_1a.czi,10,-20181.58,27636.11,-20892,27070,1372,965,,,250680.9,polygon,151.11 14.34;151.78 26.44;142.32 29.54;121.57 17.09;104.67 10.47;98.87 8.03;101.55 4.17;122.24 4.63
LS138_s01a_sc10,LS138,AF568,roi,Dm,,101.11,54.55,0.0,LS138_1a.czi,10,-19513.98,26271.56,-19956,25949,814,686,,,176651.4,polygon,117.01 57.72;98.11 63.92;90.98 61.83;87.24 58.54;88.16 44.87;108.72 45.95;117.54 49.02
LS138_s01a_sc10,LS138,AF568,roi,POA,,54.94,67.26,0.0,LS138_1a.czi,10,-18277.35,25912.64,-18812,25003,953,1881,,,397415.1,polygon,66.04 63.64;74.44 53.40;63.74 41.12;53.34 39.62;47.48 49.75;49.55 70.33;44.81 75.02;39.71 78.39;46.65 93.67;53.07 93.09;65.47 81.78
LS138_s01a_sc10,LS138,AF568,roi,Dm,,97.04,74.49,0.0,LS138_1a.czi,10,-19378.52,25581.08,-19879,25242,1078,701,,,200963.1,polygon,79.99 81.62;75.19 74.33;91.32 66.31;101.25 63.94;115.74 70.06;115.72 73.21;101.28 82.21;95.83 84.24
LS138_s01a_sc10,LS138,AF568,roi,Dl,,80.76,125.58,0.0,LS138_1a.czi,10,-18876.99,23822.84,-19353,23539,985,583,,,180471.7,polygon,69.20 134.19;63.65 130.54;61.49 125.69;74.96 118.37;90.46 116.52;97.35 116.67;98.76 125.15;94.15 129.24;76.82 133.87
LS22_s01a_sc06,LS22,AF568,background,__background__,,173.04,79.48,5.69,LS22_1a.czi,6,-50215.82,23069.93,-50323,22884,215,371,120.2,69.6,26275.7,disc,
LS22_s01a_sc06,LS22,AF568,background,__background__,,216.22,94.28,5.85,LS22_1a.czi,6,-49532.89,22170.78,-49643,21980,221,381,123.6,71.5,27774.2,disc,
LS22_s01a_sc06,LS22,AF568,background,__background__,,42.24,94.28,8.9,LS22_1a.czi,6,-51352.54,26871.85,-51520,26582,335,580,188.1,108.8,64284.9,disc,
LS22_s01a_sc06,LS22,AF568,background,__background__,,69.39,192.38,8.0,LS22_1a.czi,6,-49535.31,27912.04,-49686,27651,302,522,169.1,97.8,51940.9,disc,
LS22_s01a_sc06,LS22,AF568,roi,Dl,,27.44,129.96,0.0,LS22_1a.czi,6,-50949.67,27916.91,-51621,27444,1240,1200,,,309672.0,polygon,8.31 99.84;26.82 102.92;31.14 117.73;41.01 140.55;37.31 159.68;20.03 159.06
LS22_s01a_sc06,LS22,AF568,roi,Dm,,82.58,136.35,0.0,LS22_1a.czi,6,-50273.09,26542.52,-50828,26073,1044,947,,,292694.0,polygon,79.88 112.79;65.69 112.18;61.37 117.11;60.75 125.75;63.84 133.15;66.92 139.32;74.33 146.11;83.58 154.13;88.52 155.98;99.62 155.98;102.71 154.13;100.24 146.72;97.77 142.41;94.68 136.85;93.45 130.68;87.90 118.34
LS22_s01a_sc06,LS22,AF568,roi,Dm,,114.2,125.52,0.0,LS22_1a.czi,6,-50111.64,25492.31,-50576,24805,870,1176,,,259565.4,polygon,126.15 105.39;109.49 102.30;104.56 102.30;99.62 115.88;99.62 124.51;108.26 143.64;110.73 146.11;118.13 147.34;126.77 143.02;127.38 135.62;125.53 114.64
LS22_s01a_sc06,LS22,AF568,roi,Dl,,213.38,136.76,0.0,LS22_1a.czi,6,-48898.65,23015.63,-49284,22095,719,1976,,,425633.9,polygon,238.43 123.28;229.80 135.62;223.01 146.72;216.22 154.74;211.90 159.06;202.03 164.62;190.93 161.53;187.23 145.49;190.31 127.60;206.35 118.34;218.69 114.03;227.95 113.41;231.03 113.41
LS22_s01a_sc08,LS22,AF568,background,__background__,,130.18,221.72,10.54,LS22_1a.czi,8,-39159.77,21788.82,-39384,21455,449,667,216.4,145.5,98937.7,disc,
LS22_s01a_sc08,LS22,AF568,background,__background__,,106.25,203.41,4.82,LS22_1a.czi,8,-38752.82,22523.45,-38856,22371,206,305,99.0,66.5,20690.7,disc,
LS22_s01a_sc08,LS22,AF568,background,__background__,,145.47,60.1,5.69,LS22_1a.czi,8,-40253.76,26652.24,-40375,26472,243,360,116.8,78.6,28834.0,disc,
LS22_s01a_sc08,LS22,AF568,background,__background__,,182.29,96.67,3.95,LS22_1a.czi,8,-40839.52,25263.53,-40924,25138,169,251,81.1,54.5,13895.5,disc,
LS22_s01a_sc08,LS22,AF568,roi,Dl,,161.48,41.27,0.0,LS22_1a.czi,8,-40675.58,27117.04,-41516,26203,1678,2042,,,653401.3,polygon,205.09 54.28;197.40 44.86;190.53 39.32;180.35 30.72;171.27 25.44;157.77 19.32;146.47 17.06;124.97 13.11;116.92 23.56;118.56 28.54;123.50 35.18;131.20 41.83;139.73 46.83;149.37 49.63;160.40 52.44;163.70 54.11;177.20 60.23;186.29 62.75;189.87 63.87;198.99 62.25
LS22_s01a_sc08,LS22,AF568,roi,Dm,,143.61,106.53,0.0,LS22_1a.czi,8,-39991.87,25236.96,-40435,24529,933,1658,,,490015.3,polygon,126.61 82.37;136.02 77.44;147.88 77.22;159.72 83.89;161.06 93.55;160.47 101.55;161.56 104.86;162.36 112.87;159.00 123.62;153.75 127.18;146.02 127.43;139.12 127.40;132.50 126.82;126.72 124.59;122.33 116.84;122.39 104.43;123.79 98.92
LS22_s01a_sc08,LS22,AF568,roi,Vd,,107.32,78.0,0.0,LS22_1a.czi,8,-39378.39,26374.5,-39747,25965,677,876,,,141619.3,polygon,112.80 86.45;118.90 78.48;122.81 68.01;113.73 61.35;102.66 70.96;99.89 72.33;95.16 81.69;95.40 90.80;104.50 91.94
LS22_s01a_sc08,LS22,AF568,roi,Vv,,63.5,102.41,0.0,LS22_1a.czi,8,-38354.4,25937.03,-38934,25086,1197,2025,,,685336.5,polygon,83.19 109.51;85.19 91.86;84.11 85.79;84.98 74.48;81.41 70.60;66.27 63.64;49.12 72.95;47.45 77.63;44.90 92.25;39.34 104.64;37.35 118.15;41.19 122.86;47.23 130.06;52.20 129.80;66.27 129.31;74.83 127.41;77.33 123.83;80.66 118.60
LS22_s01a_sc08,LS22,AF568,roi,Vl,,78.04,43.48,0.0,LS22_1a.czi,8,-38938.75,27646.17,-39250,27108,590,1030,,,189480.7,polygon,85.44 29.78;90.40 32.28;91.76 37.81;89.74 58.22;86.15 58.48;78.71 58.17;72.64 57.87;69.62 52.89;66.06 46.26;64.42 42.66;65.84 34.39;74.41 28.36;79.38 28.10
LS22_s01a_sc08,LS22,AF568,roi,Dm,,115.98,152.86,0.0,LS22_1a.czi,8,-39197.34,24009.18,-39963,23360,1362,1183,,,484227.5,polygon,151.73 147.59;144.04 139.56;129.71 133.70;126.40 134.79;112.59 137.50;105.41 139.40;91.33 141.27;87.43 151.74;87.96 156.16;94.55 163.63;102.26 168.91;104.46 170.02;109.97 171.42;121.83 172.58;136.77 163.53;149.22 153.93
LS22_s01a_sc08,LS22,AF568,roi,Vd,,80.71,137.21,0.0,LS22_1a.czi,8,-38542.99,24743.11,-38852,24265,611,956,,,135167.5,polygon,69.00 136.21;78.70 126.60;91.42 119.20;92.77 127.48;92.19 134.10;83.84 152.00;77.50 149.49;73.65 147.55;67.32 142.28
LS22_s01a_sc08,LS22,AF568,roi,Vl,,54.17,148.82,0.0,LS22_1a.czi,8,-37938.07,24575.82,-38262,24194,648,855,,,160227.4,polygon,53.83 136.15;59.34 138.93;64.01 141.99;70.59 152.22;68.37 156.63;59.80 159.91;53.46 160.16;50.70 160.14;44.64 157.08;38.06 146.85;39.74 140.79;47.49 135.02
LS22_s01a_sc08,LS22,AF568,roi,Dl,,82.03,225.82,0.0,LS22_1a.czi,8,-38143.93,22007.25,-38826,20874,1209,2166,,,697622.9,polygon,114.64 244.28;116.07 230.49;112.80 221.93;103.16 217.75;97.08 218.83;83.07 205.53;77.84 202.19;68.47 198.84;56.33 198.24;53.55 203.75;52.97 210.37;55.70 217.28;59.25 228.05;64.71 241.87;75.43 252.12;83.68 257.68;98.30 258.84;103.55 256.65
LS22_s01a_sc09,LS22,AF568,background,__background__,,233.83,148.1,10.47,LS22_1a.czi,9,-28994.69,6445.22,-29298,6142,607,607,197.1,197.1,122009.1,disc,
LS22_s01a_sc09,LS22,AF568,background,__background__,,143.15,71.69,7.9,LS22_1a.czi,9,-30595.32,9483.14,-30825,9254,459,458,148.7,148.7,69462.9,disc,
LS22_s01a_sc09,LS22,AF568,background,__background__,,27.0,105.4,7.03,LS22_1a.czi,9,-28923.21,12560.39,-29127,12356,408,408,132.3,132.3,55005.9,disc,
LS22_s01a_sc09,LS22,AF568,roi,Dl,,77.67,72.63,0.0,LS22_1a.czi,9,-30163.68,11329.69,-31005,10162,1708,2340,,,640227.4,polygon,122.11 58.09;106.04 49.10;102.24 52.31;83.16 55.66;79.32 57.99;68.12 61.91;57.86 67.54;55.34 70.26;33.63 84.63;39.09 90.53;42.78 95.63;54.67 98.23;67.45 89.88;79.35 81.56;85.77 78.26;96.13 75.24;114.66 68.86;110.40 71.64
LS22_s01a_sc09,LS22,AF568,roi,Dm,,115.96,116.11,0.0,LS22_1a.czi,9,-29170.53,9977.54,-29826,9206,1187,1717,,,518352.2,polygon,145.96 99.52;133.20 96.96;127.23 100.68;110.48 107.87;106.23 110.65;83.56 111.52;83.37 118.08;89.26 123.53;101.47 128.95;113.69 134.38;129.06 136.84;141.64 123.26;142.27 117.13
LS22_s01a_sc09,LS22,AF568,roi,Vd,,103.57,148.18,0.0,LS22_1a.czi,9,-28186.66,10129.66,-28669,9334,1111,1843,,,494188.1,polygon,83.71 126.80;77.64 127.90;69.22 136.09;75.27 145.89;82.48 151.73;101.71 163.65;108.92 169.49;117.81 173.51;126.81 169.24;128.71 161.74;123.27 156.71;129.38 156.48;121.75 151.09;113.15 143.13;107.72 138.10;102.77 134.36;96.95 130.66;96.95 130.66
LS22_s01a_sc09,LS22,AF568,roi,Vv,,77.96,167.62,0.0,LS22_1a.czi,9,-27478.29,10733.89,-28022,9629,1118,2148,,,639213.2,polygon,71.53 150.84;54.21 143.21;49.54 146.45;43.77 155.40;43.97 160.63;53.12 171.63;61.59 176.11;68.63 177.58;83.27 183.57;91.80 189.79;99.33 192.56;113.78 182.40;111.59 182.04;107.95 166.90;99.87 161.10;89.66 156.69;81.64 152.64
LS22_s01a_sc09,LS22,AF568,roi,Vl,,30.23,145.14,0.0,LS22_1a.czi,9,-27818.98,12223.19,-28245,11881,804,768,,,192575.2,polygon,42.43 143.23;36.31 131.68;28.81 129.78;20.20 132.73;16.14 140.74;20.48 151.49;25.49 156.98;32.12 158.90;39.38 154.70;40.99 151.14
LS22_s01a_sc09,LS22,AF568,roi,Dm,,169.51,130.49,0.0,LS22_1a.czi,9,-29094.99,8373.71,-29763,7329,1337,2045,,,657747.5,polygon,206.86 116.39;184.79 110.25;170.04 112.57;157.38 112.62;146.21 117.41;137.83 126.47;134.19 134.03;131.84 141.10;142.15 148.13;148.61 145.70;154.26 145.04;167.69 142.34;179.31 137.97;184.96 137.32;193.64 136.11;199.19 132.84;204.29 129.15;208.00 123.33
LS22_s01a_sc09,LS22,AF568,roi,Vl,,129.17,183.12,0.0,LS22_1a.czi,9,-27356.59,9189.33,-27705,8802,738,867,,,195916.0,polygon,120.26 191.75;113.82 183.27;114.32 173.64;121.23 171.63;129.49 170.88;137.02 173.65;140.29 179.20;142.66 183.91;139.12 194.08;134.37 195.58;128.30 196.68
LS22_s01a_sc09,LS22,AF568,roi,Dl,,212.65,187.66,0.0,LS22_1a.czi,9,-27744.56,6799.67,-28369,5541,1299,2381,,,796966.5,polygon,176.36 197.46;172.25 192.81;173.30 186.22;175.27 180.47;183.01 177.55;190.34 175.09;198.61 174.34;212.49 172.06;220.69 169.56;225.88 168.49;244.98 176.92;247.70 179.44;249.51 181.11;256.43 190.89;253.60 196.67;236.36 202.57;231.97 201.87;226.74 202.07;208.98 205.81;196.26 204.11;184.96 205.42
LS22_s01a_sc10,LS22,AF568,background,__background__,,184.14,75.78,8.0,LS22_1a.czi,10,-29326.15,22384.34,-29514,22124,375,521,169.1,121.6,64595.9,disc,
LS22_s01a_sc10,LS22,AF568,background,__background__,,79.88,75.16,8.0,LS22_1a.czi,10,-31016.3,24827.82,-31204,24567,375,521,169.1,121.6,64595.9,disc,
LS22_s01a_sc10,LS22,AF568,background,__background__,,60.75,176.34,8.0,LS22_1a.czi,10,-29608.96,27544.63,-29797,27284,376,521,169.1,121.6,64595.9,disc,
LS22_s01a_sc10,LS22,AF568,roi,Dl,,46.0,117.58,0.0,LS22_1a.czi,10,-30842.87,26576.36,-31662,25319,1688,2802,,,844270.9,polygon,49.65 72.07;38.54 76.39;36.69 84.41;32.37 97.99;27.44 112.79;28.67 133.77;28.67 149.19;29.29 168.93;33.61 173.25;36.69 172.64;47.18 167.70;53.97 151.66;54.58 144.87;58.28 131.92;60.75 117.73;61.37 109.09;62.60 97.37;62.60 81.94;61.37 77.63;58.28 75.78;43.48 72.07
LS22_s01a_sc10,LS22,AF568,roi,Dm,,113.78,121.43,0.0,LS22_1a.czi,10,-29685.65,25065.03,-30489,24319,1613,1842,,,592535.4,polygon,119.36 100.45;116.89 94.28;112.58 86.88;109.49 85.03;99.00 88.11;98.39 96.75;94.68 115.88;97.15 125.13;97.77 153.51;116.28 160.91;118.75 161.53;121.83 161.53;125.53 154.13;128.00 137.47;125.53 130.68;122.45 114.03;122.45 110.94;121.83 108.47
LS22_s01a_sc10,LS22,AF568,roi,Vd,,111.29,181.48,0.0,LS22_1a.czi,10,-28707.61,26468.53,-29094,26094,723,832,,,180244.3,polygon,118.75 172.64;109.49 167.08;103.32 167.70;94.68 174.49;97.77 183.12;103.32 187.44;105.17 195.46;113.19 194.23;119.36 193.61;123.68 184.36;123.68 180.04;123.06 177.57
LS22_s01a_sc10,LS22,AF568,roi,Vv,,107.74,216.95,0.0,LS22_1a.czi,10,-28163.4,27346.56,-28553,26600,863,1390,,,367789.0,polygon,94.68 206.57;98.39 202.87;107.64 200.40;117.51 199.16;123.68 200.40;128.62 218.91;126.77 225.08;117.51 235.56;102.71 239.27;94.07 231.25;89.75 225.08;91.60 218.91
LS22_s01a_sc10,LS22,AF568,roi,Vl,,77.88,209.99,0.0,LS22_1a.czi,10,-28762.46,27894.48,-29049,27372,575,1064,,,189033.8,polygon,82.96 220.14;74.33 221.99;66.92 222.61;63.84 218.91;61.37 211.50;65.69 204.72;72.47 198.55;78.03 198.55;81.11 198.55;89.75 199.16;94.68 206.57;92.22 213.35;89.13 215.21
LS22_s01a_sc10,LS22,AF568,roi,Dm,,140.71,122.62,0.0,LS22_1a.czi,10,-29231.63,24456.95,-29885,23284,1429,2098,,,709263.1,polygon,137.87 160.91;132.94 155.36;128.00 141.17;127.38 138.09;128.00 125.13;127.38 115.26;129.23 107.24;134.79 91.82;139.11 85.65;144.66 81.94;158.85 89.35;161.32 95.52;163.17 136.24;152.68 151.66;145.27 164.00
LS22_s01a_sc10,LS22,AF568,roi,Vd,,148.02,177.96,0.0,LS22_1a.czi,10,-28175.57,25523.99,-28500,25087,606,918,,,187314.5,polygon,137.25 188.06;133.55 177.57;134.79 171.40;144.04 164.62;152.68 163.38;157.00 168.32;160.08 172.02;161.32 177.57;155.15 186.83;148.36 194.23;144.04 193.61
LS22_s01a_sc10,LS22,AF568,roi,Vv,,160.7,207.42,0.0,LS22_1a.czi,10,-27471.79,25884.88,-27907,25292,891,1143,,,322528.0,polygon,142.81 206.57;143.42 199.78;150.21 191.76;158.23 191.14;163.78 189.91;174.89 196.70;178.59 199.78;181.06 207.19;173.65 221.99;164.40 225.69;157.61 225.08;153.29 223.23;147.13 217.67
LS22_s01a_sc10,LS22,AF568,roi,Vl,,185.99,188.27,0.0,LS22_1a.czi,10,-27389.06,24859.94,-27715,24439,542,827,,,143809.6,polygon,184.76 199.78;181.67 201.02;177.97 197.93;173.04 189.29;171.19 183.12;181.06 176.34;189.08 173.25;196.48 181.27;198.95 183.12;199.57 188.06;190.31 192.38;187.84 193.61
LS22_s01a_sc10,LS22,AF568,roi,Dl,,223.94,128.99,0.0,LS22_1a.czi,10,-27782.78,22637.9,-28458,21258,1438,2780,,,1040340.2,polygon,215.61 166.47;208.82 168.32;199.57 165.85;198.95 154.13;206.97 133.15;211.90 126.98;213.14 121.43;213.76 102.92;220.54 92.43;232.88 85.03;237.82 84.41;248.92 93.67;255.71 105.39;254.47 136.85;240.90 157.83;223.01 168.93
LS22_s01a_sc12,LS22,AF568,background,__background__,,127.83,74.02,8.0,LS22_1a.czi,12,-8871.85,9725.09,-9092,9470,440,511,165.7,142.6,74251.3,disc,
LS22_s01a_sc12,LS22,AF568,background,__background__,,22.58,118.67,8.0,LS22_1a.czi,12,-11633.74,11449.57,-11854,11194,440,511,165.7,142.6,74251.3,disc,
LS22_s01a_sc12,LS22,AF568,background,__background__,,26.0,139.49,8.0,LS22_1a.czi,12,-11488.07,12100.43,-11708,11845,440,511,165.7,142.6,74251.3,disc,
LS22_s01a_sc12,LS22,AF568,background,__background__,,87.91,239.71,8.0,LS22_1a.czi,12,-9545.83,15100.8,-9766,14845,440,511,165.7,142.6,74251.3,disc,
LS22_s01a_sc12,LS22,AF568,background,__background__,,103.17,205.07,8.0,LS22_1a.czi,12,-9216.12,13956.74,-9436,13701,440,511,165.7,142.6,74251.3,disc,
LS22_s01a_sc12,LS22,AF568,roi,Dl,,32.2,188.7,0.0,LS22_1a.czi,12,-11195.19,13644.31,-12132,12648,2084,2293,,,944228.0,polygon,7.39 155.05;-0.34 169.76;2.16 177.95;8.86 193.41;18.37 202.22;29.62 210.95;45.26 220.39;59.68 232.06;71.10 222.45;61.29 205.81;60.02 195.38;52.71 186.93;39.45 171.28;26.90 163.03;17.05 156.43;15.72 156.04
LS22_s01a_sc12,LS22,AF568,roi,Dm,,82.07,142.58,0.0,LS22_1a.czi,12,-9949.23,12034.84,-10933,11019,1942,1689,,,734738.4,polygon,62.80 108.83;49.24 108.04;50.82 126.32;62.30 141.15;70.45 148.70;76.89 157.18;84.09 163.02;100.34 165.45;103.38 164.90;111.22 164.60;116.37 150.86;102.79 138.29;76.18 116.17
LS22_s01a_sc12,LS22,AF568,roi,Vd,,128.37,172.54,0.0,LS22_1a.czi,12,-8609.69,12850.64,-8927,12373,676,830,,,151738.8,polygon,124.03 157.12;117.85 166.52;116.15 179.25;128.11 183.59;131.07 181.30;139.46 172.24;141.91 167.78
LS22_s01a_sc12,LS22,AF568,roi,Vl,,120.7,218.22,0.0,LS22_1a.czi,12,-8704.41,14322.96,-8935,13770,619,1108,,,186140.0,polygon,130.20 226.73;111.74 234.86;111.76 223.95;113.52 212.97;121.35 200.88;135.67 209.93
LS22_s01a_sc12,LS22,AF568,roi,Vv,,154.67,181.98,0.0,LS22_1a.czi,12,-7867.82,13073.5,-8457,11776,1161,2479,,,688254.7,polygon,167.44 184.70;177.16 165.12;176.28 153.37;167.99 142.33;147.22 158.41;144.94 167.23;133.77 194.73;131.07 204.00;141.65 218.00;151.53 213.69;162.36 200.18
LS22_s01a_sc12,LS22,AF568,roi,Dm,,97.29,109.5,0.0,LS22_1a.czi,12,-9616.69,10940.41,-10353,9987,1804,1965,,,717540.4,polygon,122.21 143.66;108.54 140.25;95.83 127.64;94.06 126.84;85.91 119.29;73.58 105.36;71.51 96.71;73.72 86.14;77.46 81.20;83.04 78.80;91.34 78.92;101.79 89.43;105.19 98.47;109.78 104.40;134.08 134.47;128.63 140.35
LS22_s01a_sc12,LS22,AF568,roi,Vd,,143.22,145.14,0.0,LS22_1a.czi,12,-8273.0,11937.59,-8643,11589,766,784,,,157532.3,polygon,141.12 158.65;133.07 153.72;129.38 148.62;139.31 134.27;142.80 134.13;150.32 136.90;152.72 142.48;157.03 152.36
LS22_s01a_sc12,LS22,AF568,roi,Vl,,170.03,124.25,0.0,LS22_1a.czi,12,-7593.37,11196.25,-7844,10692,670,943,,,183306.6,polygon,179.06 134.92;168.70 137.94;160.68 133.88;162.51 124.64;161.41 118.57;167.17 109.62;175.44 108.87;185.25 125.52
LS22_s01a_sc12,LS22,AF568,roi,Dl,,152.63,67.51,0.0,LS22_1a.czi,12,-8211.0,9446.06,-8775,8148,1344,2502,,,829961.6,polygon,177.27 99.63;165.75 106.62;157.22 100.40;149.07 92.85;147.48 85.49;146.44 81.17;136.70 66.26;136.26 54.93;134.50 43.21;135.04 34.46;137.42 28.25;153.95 26.74;159.90 33.94;173.77 65.27;178.78 93.46
LS22_s02a_sc01,LS22,AF568,background,__background__,,202.09,89.03,8.0,LS22_2a.czi,1,-80610.81,24187.55,-80840,23921,459,533,173.0,148.9,80929.1,disc,
LS22_s02a_sc01,LS22,AF568,background,__background__,,159.5,91.82,8.0,LS22_2a.czi,1,-79650.96,25066.47,-79880,24800,459,533,173.0,148.9,80929.1,disc,
LS22_s02a_sc01,LS22,AF568,background,__background__,,169.27,194.3,8.0,LS22_2a.czi,1,-77896.63,22313.78,-78126,22047,459,534,173.0,148.9,80929.1,disc,
LS22_s02a_sc01,LS22,AF568,background,__background__,,200.69,201.31,8.0,LS22_2a.czi,1,-78431.1,21441.04,-78661,21174,459,534,173.0,148.9,80929.1,disc,
LS22_s02a_sc01,LS22,AF568,roi,Dl,,151.1,51.44,0.0,LS22_2a.czi,1,-80245.37,26252.38,-81297,25181,2370,2093,,,1095240.8,polygon,184.99 64.23;186.32 50.67;188.86 40.82;180.91 29.66;164.27 27.07;152.52 31.31;140.15 36.16;126.54 41.62;107.36 49.50;103.53 67.37;117.03 77.33;134.97 71.29;153.51 65.86;174.48 67.25
LS22_s02a_sc01,LS22,AF568,roi,Dm,,143.93,127.7,0.0,LS22_2a.czi,1,-78632.57,24525.39,-79905,23442,2188,1936,,,812801.2,polygon,186.98 132.73;193.27 116.12;176.03 111.06;159.97 112.80;143.92 114.54;120.48 114.37;112.37 126.66;110.45 135.90;111.66 139.61;119.02 145.83;130.14 144.06;162.88 138.73
LS22_s02a_sc01,LS22,AF568,roi,Vs,,89.48,125.11,0.0,LS22_2a.czi,1,-77523.32,25801.37,-77986,25312,892,1009,,,257781.0,polygon,88.84 138.22;77.15 133.81;75.36 125.78;79.77 112.86;86.56 112.29;101.96 114.86;108.68 125.40;97.49 137.66
LS22_s02a_sc01,LS22,AF568,roi,Vc,,74.88,86.84,0.0,LS22_2a.czi,1,-77945.38,27073.07,-78473,26558,1085,1080,,,304007.2,polygon,60.19 89.27;64.62 73.26;72.06 68.38;82.55 67.84;86.75 84.52;86.68 94.40;84.80 98.70;73.67 102.94;62.57 102.25
LS22_s02a_sc01,LS22,AF568,roi,Dm,,150.06,160.28,0.0,LS22_2a.czi,1,-78139.2,23582.96,-79173,22467,2074,1999,,,841569.7,polygon,114.61 158.75;125.17 148.34;143.08 146.00;160.36 146.12;170.23 146.19;181.34 145.65;189.94 150.64;194.80 161.17;191.67 167.93;162.00 175.74;148.42 177.50;134.23 176.78;120.70 171.14;109.00 167.35;105.32 164.86
LS22_s02a_sc01,LS22,AF568,roi,Vs,,89.59,168.56,0.0,LS22_2a.czi,1,-76693.69,24724.02,-77109,24235,836,965,,,263292.4,polygon,80.07 157.90;74.43 170.20;76.86 176.38;83.59 183.22;87.29 184.48;97.18 181.46;105.89 171.03;104.10 163.00;96.12 156.16;91.81 154.89;88.11 155.48
LS22_s02a_sc01,LS22,AF568,roi,Vc,,76.04,196.18,0.0,LS22_2a.czi,1,-75876.45,24342.32,-76275,23720,828,1144,,,287543.8,polygon,74.94 186.24;78.65 184.42;84.20 184.45;95.20 199.96;89.61 205.47;82.75 215.29;67.99 209.64;60.65 199.71;61.95 191.09;64.45 185.55
LS22_s02a_sc01,LS22,AF568,roi,Dl,,142.34,228.72,0.0,LS22_2a.czi,1,-76664.42,22061.66,-77539,20924,1686,2370,,,870569.2,polygon,100.58 224.67;103.12 214.20;126.60 209.43;134.58 215.04;155.49 225.06;167.22 223.29;181.39 226.47;185.64 235.75;160.23 252.85;135.56 251.45;115.30 237.73
LS22_s02a_sc02,LS22,AF568,background,__background__,,12.0,177.99,8.0,LS22_2a.czi,2,-69876.33,13741.25,-70065,13480,377,523,169.7,122.1,65103.6,disc,
LS22_s02a_sc02,LS22,AF568,background,__background__,,163.16,192.49,8.0,LS22_2a.czi,2,-66512.16,15383.31,-66700,15122,376,523,169.7,122.1,65103.6,disc,
LS22_s02a_sc02,LS22,AF568,background,__background__,,215.76,97.69,8.0,LS22_2a.czi,2,-64779.59,12790.74,-64968,12529,377,523,169.7,122.1,65103.6,disc,
LS22_s02a_sc02,LS22,AF568,background,__background__,,144.91,97.07,8.0,LS22_2a.czi,2,-66391.17,12216.81,-66580,11955,377,523,169.7,122.1,65103.6,disc,
LS22_s02a_sc02,LS22,AF568,roi,Dl,,69.31,212.52,0.0,LS22_2a.czi,2,-68764.25,15283.81,-69896,14563,2217,1607,,,925923.0,polygon,19.57 211.97;32.28 231.41;63.47 239.13;85.71 229.87;104.49 231.80;115.67 216.54;115.46 206.79;109.81 197.93;95.93 196.86;81.63 203.42;68.97 204.67;32.38 199.80;24.98 200.74;19.99 204.36
LS22_s02a_sc02,LS22,AF568,roi,Dm,,115.76,151.58,0.0,LS22_2a.czi,2,-67362.43,13716.1,-68229,13010,1694,1430,,,536022.6,polygon,85.46 136.79;77.14 149.07;89.36 163.83;112.17 171.54;126.28 165.57;144.47 167.33;152.47 158.18;152.57 153.69;134.80 144.31;128.22 146.80;113.12 143.41;94.99 135.22;93.81 134.85
LS22_s02a_sc02,LS22,AF568,roi,Dm,,130.14,128.66,0.0,LS22_2a.czi,2,-66905.64,13102.3,-67885,12396,1766,1455,,,586762.9,polygon,124.96 140.62;97.35 135.95;85.53 121.96;91.26 115.98;127.36 116.18;131.04 114.73;156.58 113.60;163.86 125.54;163.29 144.09;149.63 144.38;140.61 142.24
LS22_s02a_sc02,LS22,AF568,roi,Dl,,174.41,57.94,0.0,LS22_2a.czi,2,-65498.48,11207.63,-66225,10201,1472,2178,,,727875.4,polygon,207.77 71.32;203.03 86.64;193.54 90.16;173.46 82.01;174.61 72.03;163.84 60.95;154.59 57.44;145.93 54.11;138.65 42.17;140.84 35.10;157.13 30.46;171.01 31.52;185.28 41.75;198.15 50.26;208.38 63.11
LS22_s02a_sc03,LS22,AF568,background,__background__,,229.88,163.2,8.0,LS22_2a.czi,3,-69954.87,26548.46,-70145,26321,381,455,147.7,123.5,57328.6,disc,
LS22_s02a_sc03,LS22,AF568,background,__background__,,31.75,135.36,8.0,LS22_2a.czi,3,-65316.53,25308.32,-65507,25081,381,455,147.7,123.5,57328.6,disc,
LS22_s02a_sc03,LS22,AF568,background,__background__,,53.65,134.72,8.0,LS22_2a.czi,3,-65798.15,25544.25,-65989,25317,381,455,147.7,123.5,57328.6,disc,
LS22_s02a_sc03,LS22,AF568,background,__background__,,125.5,66.92,8.0,LS22_2a.czi,3,-66829.12,28065.42,-67020,27838,381,455,147.7,123.5,57328.6,disc,
LS22_s02a_sc03,LS22,AF568,background,__background__,,162.04,116.68,8.0,LS22_2a.czi,3,-68057.54,27107.42,-68248,26880,381,455,147.7,123.5,57328.6,disc,
LS22_s02a_sc03,LS22,AF568,roi,Dl,,191.07,83.52,0.0,LS22_2a.czi,3,-68425.9,28279.41,-69556,27472,2292,1617,,,918417.6,polygon,213.03 85.27;229.99 87.23;234.13 93.37;227.94 120.61;213.41 122.22;193.52 114.80;178.38 101.20;171.15 92.68;164.26 84.67;155.50 77.19;148.72 57.21;164.74 45.66;168.50 44.61;189.12 61.95;196.36 70.47;208.37 77.25
LS22_s02a_sc03,LS22,AF568,roi,Dm,,133.75,142.41,0.0,LS22_2a.czi,3,-67643.54,26140.42,-68495,25476,1684,1549,,,509614.4,polygon,137.68 168.84;143.51 170.86;154.81 172.16;164.01 163.73;159.32 151.26;155.70 147.01;135.91 125.38;127.78 110.03;117.99 103.23;107.94 111.50;106.11 120.92;110.27 131.51;117.67 139.17;132.50 158.94;135.08 161.66
LS22_s02a_sc03,LS22,AF568,roi,Dm,,104.47,149.62,0.0,LS22_2a.czi,3,-67052.73,25656.01,-67839,24913,1485,1382,,,460323.2,polygon,129.35 177.44;127.71 160.68;119.08 145.66;110.62 132.02;102.54 125.56;98.94 123.53;86.42 119.32;81.17 128.07;82.76 138.16;87.10 150.12;98.46 162.54;104.15 169.87;113.97 181.11;120.29 180.56
LS22_s02a_sc05,LS22,AF568,background,__background__,,164.74,79.17,8.0,LS22_2a.czi,5,-54234.75,23553.32,-54458,23243,447,621,201.6,145.0,91806.2,disc,
LS22_s02a_sc05,LS22,AF568,background,__background__,,139.56,89.17,8.0,LS22_2a.czi,5,-54978.51,23369.51,-55202,23059,447,621,201.6,145.0,91806.2,disc,
LS22_s02a_sc05,LS22,AF568,background,__background__,,155.28,160.09,8.0,LS22_2a.czi,5,-55646.03,26027.78,-55870,25717,448,621,201.6,145.0,91806.2,disc,
LS22_s02a_sc05,LS22,AF568,background,__background__,,43.37,191.59,8.0,LS22_2a.czi,5,-58761.73,24784.18,-58985,24474,447,621,201.6,145.0,91806.2,disc,
LS22_s02a_sc05,LS22,AF568,roi,Dl,,100.37,200.34,0.0,LS22_2a.czi,5,-57538.47,26234.88,-58818,25518,2662,1327,,,985252.2,polygon,59.02 220.71;76.18 226.99;80.73 225.79;104.59 216.22;114.06 207.01;124.63 202.96;134.80 193.24;139.11 185.14;140.06 170.32;128.53 172.36;113.12 183.80;94.68 190.43;74.07 194.87;64.44 200.93;57.48 214.25
LS22_s02a_sc05,LS22,AF568,roi,Dm,,119.35,138.2,0.0,LS22_2a.czi,5,-56176.92,24573.58,-57084,23745,1763,1559,,,581892.0,polygon,95.85 127.62;82.18 139.94;89.73 147.92;112.38 155.00;134.66 147.69;139.64 147.80;150.37 130.06;139.38 128.43;133.10 128.75;116.26 128.76
LS22_s02a_sc05,LS22,AF568,roi,POA,,180.48,119.97,0.0,LS22_2a.czi,5,-54459.99,25219.16,-55314,24322,1535,2096,,,607566.3,polygon,165.10 131.61;166.04 154.82;186.99 152.30;191.62 133.65;192.65 118.21;195.62 98.07;184.91 94.62;178.11 94.24;174.22 103.64;169.53 118.54
LS22_s02a_sc05,LS22,AF568,roi,Dm,,123.04,113.67,0.0,LS22_2a.czi,5,-55729.61,23840.24,-56694,22982,1977,1765,,,595826.5,polygon,96.75 121.51;85.85 119.28;94.12 105.53;116.90 103.29;133.83 102.67;156.79 99.20;157.84 117.44;153.37 122.39;127.71 122.97;107.21 122.44
LS22_s02a_sc05,LS22,AF568,roi,Dl,,144.48,44.77,0.0,LS22_2a.czi,5,-54210.57,22006.28,-55059,21224,1703,1947,,,748888.0,polygon,116.51 38.37;111.22 48.82;131.41 59.90;133.61 57.73;163.71 56.57;170.75 63.84;185.98 53.62;157.48 26.96;150.86 25.36;135.22 29.91;132.51 31.38
LS22_s02a_sc07,LS22,AF568,background,__background__,,166.09,89.57,8.0,LS22_2a.czi,7,-42692.45,28696.92,-42911,28479,437,436,141.5,141.5,62860.0,disc,
LS22_s02a_sc07,LS22,AF568,background,__background__,,144.01,92.26,8.0,LS22_2a.czi,7,-42195.1,28352.3,-42413,28134,436,436,141.5,141.5,62860.0,disc,
LS22_s02a_sc07,LS22,AF568,background,__background__,,71.01,147.78,8.0,LS22_2a.czi,7,-41141.81,26090.69,-41360,25873,436,436,141.5,141.5,62860.0,disc,
LS22_s02a_sc07,LS22,AF568,background,__background__,,109.44,215.49,8.0,LS22_2a.czi,7,-42925.03,24948.1,-43143,24730,436,436,141.5,141.5,62860.0,disc,
LS22_s02a_sc07,LS22,AF568,roi,Dl,,215.09,117.21,0.0,LS22_2a.czi,7,-44222.17,28652.75,-45424,28189,2426,1008,,,668769.2,polygon,247.03 151.33;248.75 129.81;232.26 104.93;202.51 88.01;181.83 83.82;179.55 108.37;196.37 114.48;213.16 127.50;234.35 146.60
LS22_s02a_sc07,LS22,AF568,roi,Dm,,141.39,141.09,0.0,LS22_2a.czi,7,-42750.98,27143.81,-43504,26314,1800,1528,,,573464.7,polygon,144.04 176.96;162.58 160.19;156.01 140.03;147.23 122.34;134.03 108.23;112.49 113.41;133.31 166.45
LS22_s02a_sc07,LS22,AF568,roi,POA,,90.4,74.45,0.0,LS22_2a.czi,7,-40679.02,28101.44,-41097,27668,1032,916,,,256858.7,polygon,102.37 84.69;94.90 91.84;85.53 88.23;74.50 84.06;69.87 65.01;82.31 56.77;92.80 55.69;99.93 68.68;99.92 71.44;101.84 78.07
LS22_s02a_sc07,LS22,AF568,roi,Dm,,102.87,148.57,0.0,LS22_2a.czi,7,-41918.66,26475.52,-43103,25746,1951,1480,,,629141.8,polygon,134.65 181.63;119.85 146.27;108.88 121.41;96.21 113.92;86.82 118.58;84.02 133.75;86.20 143.69;93.31 163.58;101.83 176.57;116.98 186.27
LS22_s02a_sc07,LS22,AF568,roi,POA,,60.57,94.97,0.0,LS22_2a.czi,7,-40221.14,27229.44,-40648,26826,856,889,,,231118.1,polygon,56.59 75.73;67.62 78.52;73.10 92.33;75.01 98.96;74.17 102.82;64.78 108.86;55.12 108.84;46.03 103.01;44.11 97.77;49.12 82.88
LS22_s02a_sc07,LS22,AF568,roi,Dl,,44.19,180.52,0.0,LS22_2a.czi,7,-40911.27,24962.73,-41968,24033,1874,2001,,,692097.2,polygon,57.82 223.90;37.98 215.84;24.52 194.28;19.31 182.40;29.30 165.05;29.33 155.39;30.74 141.60;39.05 133.34;48.96 139.44;54.13 163.74;51.08 171.45;51.03 186.63;55.97 197.96;67.23 215.09;66.38 221.71
LS22_s02a_sc08,LS22,AF568,background,__background__,,118.57,182.35,8.0,LS22_2a.czi,8,-31295.74,7894.58,-31526,7627,461,535,173.7,149.4,81550.5,disc,
LS22_s02a_sc08,LS22,AF568,background,__background__,,26.46,143.55,8.0,LS22_2a.czi,8,-28701.68,9328.22,-28932,9060,461,536,173.7,149.4,81550.5,disc,
LS22_s02a_sc08,LS22,AF568,background,__background__,,103.18,75.74,8.0,LS22_2a.czi,8,-30992.16,11475.46,-31223,11208,461,535,173.7,149.4,81550.5,disc,
LS22_s02a_sc08,LS22,AF568,background,__background__,,75.39,73.23,8.0,LS22_2a.czi,8,-30197.59,11601.11,-30428,11333,461,536,173.7,149.4,81550.5,disc,
LS22_s02a_sc08,LS22,AF568,roi,Dl,,154.77,64.14,0.0,LS22_2a.czi,8,-32488.29,11784.8,-33770,11219,2593,1124,,,991270.9,polygon,199.90 75.58;185.81 47.39;176.98 47.64;161.75 47.15;144.65 47.88;131.77 49.74;112.49 55.57;109.09 63.51;123.43 81.74;141.90 80.93;154.13 77.45;179.97 79.80;190.18 79.47
LS22_s02a_sc08,LS22,AF568,roi,Dm,,112.52,118.79,0.0,LS22_2a.czi,8,-31204.47,10024.76,-32235,9286,1983,1431,,,538204.3,polygon,138.17 139.74;124.64 135.29;111.19 127.51;96.78 122.00;84.95 118.27;79.12 113.09;84.87 102.80;98.72 98.67;114.68 106.85;127.80 113.82;140.60 119.98;148.78 127.51
LS22_s02a_sc08,LS22,AF568,roi,POA,,43.42,84.7,0.0,LS22_2a.czi,8,-29264.9,11266.54,-29662,10755,771,1073,,,259314.0,polygon,30.19 80.04;33.18 74.61;45.50 67.80;55.79 68.86;57.08 81.49;55.22 92.11;48.74 94.70;41.04 100.13;36.18 97.37;31.32 89.92
LS22_s02a_sc08,LS22,AF568,roi,Dm,,96.63,141.6,0.0,LS22_2a.czi,8,-30718.71,9287.52,-31485,8680,1439,1364,,,421788.6,polygon,124.07 158.54;120.59 146.30;113.95 136.74;86.08 123.46;77.58 119.81;72.80 132.53;74.82 138.77;86.97 148.00;98.96 154.49;110.46 157.40
LS22_s02a_sc08,LS22,AF568,roi,POA,,22.08,112.27,0.0,LS22_2a.czi,8,-28616.5,10378.67,-28907,9959,655,1051,,,244046.7,polygon,30.11 102.15;31.40 110.09;32.53 119.97;31.08 123.38;22.57 124.43;14.87 125.16;10.10 119.08;9.29 110.01;12.20 93.81;26.62 94.62
LS22_s02a_sc08,LS22,AF568,roi,Dl,,55.3,188.35,0.0,LS22_2a.czi,8,-29471.55,7789.73,-29873,6981,1048,1694,,,467104.5,polygon,32.29 176.92;33.99 163.56;48.01 162.18;65.75 177.17;67.12 181.78;67.37 190.61;69.64 196.29;69.64 205.68;66.56 209.73;57.32 212.49;45.74 198.80;40.23 185.02
LS22_s02a_sc10,LS22,AF568,background,__background__,,124.62,92.27,8.0,LS22_2a.czi,10,-17798.36,11187.07,-18067,10875,538,625,202.9,174.5,111241.5,disc,
LS22_s02a_sc10,LS22,AF568,background,__background__,,100.96,85.66,8.0,LS22_2a.czi,10,-17022.27,11510.78,-17291,11198,538,625,202.9,174.5,111241.5,disc,
LS22_s02a_sc10,LS22,AF568,background,__background__,,68.04,142.97,8.0,LS22_2a.czi,10,-15781.65,9373.14,-16051,9061,538,625,202.9,174.5,111241.5,disc,
LS22_s02a_sc10,LS22,AF568,background,__background__,,209.69,108.94,8.0,LS22_2a.czi,10,-20605.96,10299.32,-20875,9987,538,625,202.9,174.5,111241.5,disc,
LS22_s02a_sc10,LS22,AF568,roi,Dl,,166.73,86.04,0.0,LS22_2a.czi,10,-19223.14,11311.17,-20643,10559,2612,1262,,,840779.1,polygon,209.12 85.76;194.05 75.93;181.91 76.63;162.04 76.13;151.02 74.63;131.15 75.51;130.80 81.58;146.66 95.28;162.60 100.69;175.80 104.70;188.82 99.61
LS22_s02a_sc10,LS22,AF568,roi,Dm,,122.28,128.34,0.0,LS22_2a.czi,10,-17632.82,9790.03,-18527,9118,1858,1375,,,509863.5,polygon,145.02 142.99;130.10 145.03;114.50 133.55;95.84 123.96;93.10 122.55;97.08 112.11;105.90 112.48;128.43 121.29;137.21 125.80;148.17 132.82;149.76 139.18
LS22_s02a_sc10,LS22,AF568,roi,POA,,55.88,104.33,0.0,LS22_2a.czi,10,-15467.98,10910.94,-16463,10300,1842,1450,,,807115.1,polygon,79.43 111.36;85.10 97.63;79.41 88.46;64.29 82.77;53.81 82.93;42.38 93.02;35.13 100.39;30.90 108.62;32.18 116.91;40.41 121.14;51.75 119.33;62.80 118.08;68.90 115.66
LS22_s02a_sc10,LS22,AF568,roi,Dm,,104.82,142.2,0.0,LS22_2a.czi,10,-17014.8,9299.75,-17955,8103,1608,2037,,,589637.1,polygon,134.09 158.87;122.64 146.06;120.76 141.62;104.94 125.16;90.08 121.69;86.41 128.82;84.40 135.42;88.21 140.16;92.04 143.51;101.06 151.61;128.43 171.23
LS22_s02a_sc10,LS22,AF568,roi,Dl,,74.3,184.53,0.0,LS22_2a.czi,10,-15890.74,7738.3,-16509,7155,1524,1304,,,502540.0,polygon,83.45 196.67;91.49 193.17;92.46 180.49;83.99 172.67;69.98 167.55;61.98 166.90;46.94 179.98;58.44 187.28;66.63 195.65;76.52 199.35;85.45 190.07
LS22_s04a_sc06,LS22,AF568,background,__background__,,71.37,94.07,8.0,LS22_4a.czi,6,-35998.88,3414.14,-36435,2925,872,979,317.9,283.2,282805.2,disc,
LS22_s04a_sc06,LS22,AF568,background,__background__,,97.23,77.65,8.0,LS22_4a.czi,6,-34782.54,4695.73,-35219,4206,873,979,317.9,283.2,282805.2,disc,
LS22_s04a_sc06,LS22,AF568,background,__background__,,233.77,154.97,8.0,LS22_4a.czi,6,-37012.87,13954.72,-37449,13465,872,979,317.9,283.2,282805.2,disc,
LS22_s04a_sc06,LS22,AF568,background,__background__,,228.88,182.71,8.0,LS22_4a.czi,6,-38542.47,14086.71,-38979,13597,873,979,317.9,283.2,282805.2,disc,
LS22_s04a_sc06,LS22,AF568,roi,Nucleus Anterior tuberal,,195.67,83.04,0.0,LS22_4a.czi,6,-33734.1,10605.95,-34590,9108,1944,2823,,,1477640.3,polygon,202.75 71.46;192.47 61.60;178.29 68.41;171.81 77.45;179.01 87.20;185.74 92.61;196.13 99.38;205.67 98.35;214.35 97.40;216.79 83.53;209.39 76.00
LS22_s04a_sc06,LS22,AF568,roi,Nucleus Lateral tuberal,,211.89,66.0,0.0,LS22_4a.czi,6,-32615.57,11307.36,-33556,10037,1656,2361,,,1061678.9,polygon,221.58 54.93;227.73 63.04;227.72 66.99;227.79 75.76;220.65 82.68;213.80 84.30;204.20 72.62;196.30 68.65;191.89 60.35;194.02 55.73;202.03 52.67;214.93 54.34
LS22_s05a_sc00,LS22,AF568,background,__background__,,144.69,206.35,8.0,LS22_5a.czi,0,-75676.62,6891.29,-76073,6446,793,890,289.0,257.5,233723.3,disc,
LS22_s05a_sc00,LS22,AF568,background,__background__,,99.08,102.98,8.0,LS22_5a.czi,0,-78457.48,12339.05,-78854,11894,793,890,289.0,257.5,233723.3,disc,
LS22_s05a_sc00,LS22,AF568,background,__background__,,88.51,27.82,8.0,LS22_5a.czi,0,-81142.99,15289.38,-81540,14844,794,890,289.0,257.5,233723.3,disc,
LS22_s05a_sc00,LS22,AF568,background,__background__,,182.85,58.0,8.0,LS22_5a.czi,0,-82710.74,10074.12,-83107,9629,793,890,289.0,257.5,233723.3,disc,
LS22_s05a_sc00,LS22,AF568,roi,Migrated posterior tuberal nucleus,,89.58,155.27,0.0,LS22_5a.czi,0,-76094.14,11040.45,-76902,9980,1553,2057,,,818771.7,polygon,91.30 136.29;100.20 157.35;104.80 166.77;96.17 174.41;80.24 167.08;74.10 146.05;80.24 138.94
LS22_s05a_sc00,LS22,AF568,roi,Nucleus Anterior tuberal,,45.01,147.45,0.0,LS22_5a.czi,0,-75096.83,13292.13,-75606,12778,988,1191,,,354222.3,polygon,49.62 138.08;56.44 146.43;53.35 151.37;51.39 154.38;40.61 156.21;36.23 152.85;34.95 143.18;37.49 137.14
LS22_s05a_sc00,LS22,AF568,roi,Nucleus Lateral tuberal,,47.38,172.5,0.0,LS22_5a.czi,0,-74167.92,12360.39,-75080,11305,1627,2192,,,939114.2,polygon,37.12 174.38;38.73 179.09;42.52 186.85;48.28 190.22;57.67 189.76;64.09 181.82;62.83 169.39;51.66 154.94;48.94 150.77;33.43 156.96;35.85 163.33
LS22_s05a_sc00,LS22,AF568,roi,Nucleus Anterior tuberal,,72.83,190.74,0.0,LS22_5a.czi,0,-74188.32,10620.61,-74798,9923,1365,1447,,,553538.8,polygon,67.78 199.24;60.44 188.41;61.87 182.90;66.59 179.92;73.50 178.60;77.91 179.20;85.81 189.76;85.48 194.73;77.10 205.68;71.82 208.94
LS22_s05a_sc04,LS22,AF568,background,__background__,,173.04,130.07,8.0,LS22_5a.czi,4,-46975.54,8544.16,-47398,8121,845,846,274.5,274.5,236736.4,disc,
LS22_s05a_sc04,LS22,AF568,background,__background__,,93.45,129.45,8.0,LS22_5a.czi,4,-49634.64,11797.39,-50057,11375,845,845,274.5,274.5,236736.4,disc,
LS22_s05a_sc04,LS22,AF568,background,__background__,,45.33,164.0,8.0,LS22_5a.czi,4,-49805.77,14919.94,-50229,14497,846,846,274.5,274.5,236736.4,disc,
LS22_s05a_sc04,LS22,AF568,background,__background__,,14.48,67.76,8.0,LS22_5a.czi,4,-54785.19,13004.35,-55208,12582,846,845,274.5,274.5,236736.4,disc,
LS22_s05a_sc04,LS22,AF568,roi,Nucleus Posterior Tuberal,,134.32,199.32,0.0,LS22_5a.czi,4,-45408.33,12428.26,-46612,11101,2440,2773,,,1404435.3,polygon,115.04 185.59;154.53 184.36;155.76 212.12;111.96 215.21
LS22_s06a_sc00,LS22,AF568,background,__background__,,171.4,110.11,8.0,LS22_6a.czi,0,-77169.17,14198.53,-77612,13701,886,995,323.0,287.8,291952.0,disc,
LS22_s06a_sc00,LS22,AF568,background,__background__,,124.47,58.47,8.0,LS22_6a.czi,0,-76355.01,9962.24,-76798,9465,886,995,323.0,287.8,291952.0,disc,
LS22_s06a_sc00,LS22,AF568,background,__background__,,90.14,18.65,8.0,LS22_6a.czi,0,-75667.4,6789.48,-76111,6292,887,995,323.0,287.8,291952.0,disc,
LS22_s06a_sc00,LS22,AF568,background,__background__,,170.72,180.35,8.0,LS22_6a.czi,0,-80352.93,16701.35,-80796,16204,886,995,323.0,287.8,291952.0,disc,
LS22_s06a_sc00,LS22,AF568,roi,Nucleus Posterior Tuberal,,176.82,57.78,0.0,LS22_6a.czi,0,-74639.07,12582.11,-75844,10810,2330,3249,,,2051047.4,polygon,178.47 85.71;148.06 48.96;178.21 33.79;202.54 62.67
LS37_s01a_sc03,LS37,AF568,background,__background__,,225.48,86.4,8.0,LS37_1a.czi,3,-70925.94,8707.22,-71130,8424,408,566,183.7,132.1,76222.7,disc,
LS37_s01a_sc03,LS37,AF568,background,__background__,,203.03,79.53,8.0,LS37_1a.czi,3,-70526.05,9322.45,-70730,9039,408,566,183.7,132.1,76222.7,disc,
LS37_s01a_sc03,LS37,AF568,background,__background__,,48.74,45.51,8.0,LS37_1a.czi,3,-67605.71,13150.79,-67809,12868,407,566,183.7,132.1,76222.7,disc,
LS37_s01a_sc03,LS37,AF568,background,__background__,,140.55,179.67,8.0,LS37_1a.czi,3,-67857.78,7420.04,-68062,7137,408,566,183.7,132.1,76222.7,disc,
LS37_s01a_sc03,LS37,AF568,roi,Dl,,20.65,89.32,0.0,LS37_1a.czi,3,-66421.9,12332.22,-66997,11096,1141,2454,,,606035.4,polygon,7.01 72.62;18.22 50.62;27.95 57.50;36.49 71.71;33.81 92.66;35.16 107.62;23.65 128.28;11.23 116.91;17.20 92.97;12.27 102.55;4.18 89.08
LS37_s01a_sc03,LS37,AF568,roi,Dm,,70.71,118.07,0.0,LS37_1a.czi,3,-67138.42,10553.26,-67931,9928,1519,1421,,,495310.4,polygon,92.16 93.22;82.13 84.99;66.43 96.98;59.71 116.28;52.98 130.50;51.94 142.32;60.32 144.41;69.90 139.17;80.07 128.99;91.42 103.84
LS37_s01a_sc03,LS37,AF568,roi,Dm,,138.81,135.43,0.0,LS37_1a.czi,3,-68396.81,8792.46,-69186,8113,1718,1144,,,547018.2,polygon,140.21 119.82;121.82 132.40;112.85 147.97;110.61 159.49;121.24 162.78;139.79 157.23;151.45 146.15;164.75 118.31;163.25 116.67;152.33 112.03;148.59 116.82
LS37_s01a_sc03,LS37,AF568,roi,Dl,,199.06,141.17,0.0,LS37_1a.czi,3,-69635.6,7526.17,-70396,6932,2007,1372,,,809307.4,polygon,220.42 122.02;200.66 114.55;185.70 126.08;167.90 136.26;154.90 162.91;165.98 172.03;183.93 158.70;208.32 152.70;217.29 149.85;227.61 136.53;228.65 132.34;227.30 130.09
LS37_s01a_sc04,LS37,AF568,background,__background__,,237.82,96.13,8.0,LS37_1a.czi,4,-70673.53,22637.39,-70936,22375,525,525,170.5,170.5,91372.0,disc,
LS37_s01a_sc04,LS37,AF568,background,__background__,,41.01,51.71,8.0,LS37_1a.czi,4,-66101.7,27421.08,-66365,27158,526,526,170.5,170.5,91372.0,disc,
LS37_s01a_sc04,LS37,AF568,background,__background__,,20.03,70.22,8.0,LS37_1a.czi,4,-65192.69,27295.88,-65456,27033,526,526,170.5,170.5,91372.0,disc,
LS37_s01a_sc04,LS37,AF568,background,__background__,,137.87,192.38,8.0,LS37_1a.czi,4,-66196.63,21820.49,-66460,21558,526,525,170.5,170.5,91372.0,disc,
LS37_s01a_sc04,LS37,AF568,roi,Dl,,38.49,122.51,0.0,LS37_1a.czi,4,-64748.59,25532.27,-65212,24050,951,2824,,,768980.6,polygon,20.03 107.86;12.01 94.28;14.48 89.35;26.82 85.65;37.93 96.13;49.65 117.11;53.35 123.28;64.45 146.72;59.52 162.77;47.80 163.38;44.10 157.21;31.76 126.37
LS37_s01a_sc04,LS37,AF568,roi,Dm,,84.2,120.5,0.0,LS37_1a.czi,4,-66034.01,24758.05,-67139,23912,1801,1597,,,650432.9,polygon,79.88 145.49;71.24 139.32;70.01 122.66;70.62 112.79;89.75 89.35;101.47 85.65;103.94 118.96;86.66 149.81
LS37_s01a_sc04,LS37,AF568,roi,Dm,,135.4,151.73,0.0,LS37_1a.czi,4,-66866.5,22976.01,-68092,22455,2374,991,,,501317.3,polygon,153.29 122.66;168.72 134.39;140.34 159.06;137.25 169.55;110.11 176.95;109.49 170.17;126.15 152.89;131.70 149.19;141.57 130.68
LS37_s01a_sc04,LS37,AF568,roi,Dl,,204.66,149.76,0.0,LS37_1a.czi,4,-68794.67,21773.51,-70042,21175,2779,1285,,,892226.6,polygon,210.67 156.60;227.33 156.60;236.58 145.49;240.90 135.62;232.88 130.68;219.93 126.98;195.86 133.77;185.38 137.47;165.63 159.06;166.25 176.34;173.65 178.81;200.80 159.68
LS37_s01a_sc05,LS37,AF568,background,__background__,,146.22,233.39,8.0,LS37_1a.czi,5,-59997.11,10278.33,-60257,9976,520,605,196.2,168.8,104089.6,disc,
LS37_s01a_sc05,LS37,AF568,background,__background__,,183.63,66.82,8.0,LS37_1a.czi,5,-55513.71,14066.75,-55774,13764,521,605,196.2,168.8,104089.6,disc,
LS37_s01a_sc05,LS37,AF568,background,__background__,,188.62,50.28,8.0,LS37_1a.czi,5,-55084.93,14487.11,-55345,14185,520,604,196.2,168.8,104089.6,disc,
LS37_s01a_sc05,LS37,AF568,roi,Dl,,155.68,26.85,0.0,LS37_1a.czi,5,-53962.56,13696.39,-54710,11985,1679,3331,,,1198235.8,polygon,193.41 13.06;198.84 18.56;190.77 36.75;180.55 34.31;167.26 33.52;153.18 39.58;139.71 39.38;128.13 37.17;108.46 31.88;105.82 21.41;122.86 9.80;179.18 6.83
LS37_s01a_sc05,LS37,AF568,roi,Dm,,138.83,74.63,0.0,LS37_1a.czi,5,-55169.84,12397.69,-56264,11138,2101,2678,,,930388.3,polygon,164.99 77.30;183.30 82.83;184.53 91.58;165.19 97.98;148.66 92.99;126.03 86.81;113.30 71.36;105.47 67.39;97.65 63.41;105.23 55.39;118.06 53.46;142.33 62.72;150.06 66.99
LS37_s01a_sc05,LS37,AF568,roi,Vd,,91.08,65.73,0.0,LS37_1a.czi,5,-54289.92,10876.44,-54657,10530,762,1055,,,214354.7,polygon,91.60 77.05;98.75 74.70;102.61 66.20;106.35 53.80;86.85 54.35;82.42 56.24;82.87 65.40;83.22 70.66;85.05 73.14
LS37_s01a_sc05,LS37,AF568,roi,Vv,,70.53,87.06,0.0,LS37_1a.czi,5,-54661.19,9845.29,-55447,8993,1922,1471,,,873921.1,polygon,81.73 79.87;79.39 66.28;68.94 56.04;49.68 57.95;47.90 91.57;58.03 111.39;72.51 112.54;75.59 110.89;84.82 99.50;86.74 84.61
LS37_s01a_sc05,LS37,AF568,roi,Vl,,78.65,40.34,0.0,LS37_1a.czi,5,-53373.13,10825.67,-53736,10419,804,881,,,232564.5,polygon,66.73 39.90;67.51 33.05;78.81 25.50;87.31 29.36;90.84 36.87;90.24 43.13;86.51 49.09;76.22 51.14;72.09 49.90;70.20 45.46
LS37_s01a_sc05,LS37,AF568,roi,Dm,,126.18,145.01,0.0,LS37_1a.czi,5,-57104.82,10906.36,-58411,10060,2548,1848,,,1085430.6,polygon,151.45 149.90;162.54 162.27;157.50 170.42;153.59 176.97;133.79 180.66;118.48 150.26;99.64 140.06;95.82 129.24;96.31 119.08;99.51 114.89;108.90 115.79;136.65 130.61
LS37_s01a_sc05,LS37,AF568,roi,Vd,,81.22,111.7,0.0,LS37_1a.czi,5,-55533.23,9847.0,-56000,9444,964,861,,,268207.1,polygon,92.67 107.67;96.49 118.49;89.04 123.97;78.69 124.07;72.21 115.67;67.67 107.21;72.00 101.42;80.99 95.12
LS37_s01a_sc05,LS37,AF568,roi,Vl,,70.67,136.23,0.0,LS37_1a.czi,5,-56128.6,9114.45,-56541,8662,884,802,,,230430.1,polygon,60.61 126.34;70.78 120.39;73.73 121.28;82.68 140.74;81.20 143.52;71.62 149.64;64.47 145.55;60.28 142.36
LS37_s01a_sc05,LS37,AF568,roi,Dl,,102.96,204.57,0.0,LS37_1a.czi,5,-58581.24,9210.7,-60055,8420,2673,1448,,,846902.9,polygon,82.07 187.60;85.52 171.89;96.87 172.73;103.70 186.40;105.04 199.05;130.34 224.09;135.17 235.85;127.77 243.29;100.73 226.10;81.68 208.10;83.65 195.17
LS37_s01a_sc06,LS37,AF568,background,__background__,,230.7,149.37,8.0,LS37_1a.czi,6,-59216.01,25223.49,-59470,24969,508,509,165.1,165.1,85620.1,disc,
LS37_s01a_sc06,LS37,AF568,background,__background__,,80.42,58.46,8.0,LS37_1a.czi,6,-54827.57,28663.57,-55082,28409,509,509,165.1,165.1,85620.1,disc,
LS37_s01a_sc06,LS37,AF568,background,__background__,,72.11,35.99,8.0,LS37_1a.czi,6,-54651.64,29403.53,-54906,29149,509,509,165.1,165.1,85620.1,disc,
LS37_s01a_sc06,LS37,AF568,roi,Dl,,32.19,64.83,0.0,LS37_1a.czi,6,-53283.18,28647.33,-54044,26967,1544,3060,,,1102070.1,polygon,25.94 27.58;11.48 56.64;11.91 92.43;13.10 112.14;24.04 119.11;32.79 105.64;39.39 82.37;47.36 59.30;52.45 47.79;52.21 31.01;41.12 23.19;34.51 20.79
LS37_s01a_sc06,LS37,AF568,roi,Dm,,82.63,114.26,0.0,LS37_1a.czi,6,-54683.74,26896.51,-55707,25905,2039,2002,,,751741.0,polygon,103.99 79.62;111.41 84.09;106.73 105.71;98.97 127.41;80.44 135.48;72.17 144.00;57.50 148.74;53.04 135.79;57.02 128.02;73.64 114.08;82.06 106.43;84.64 93.15;92.61 82.91
LS37_s01a_sc06,LS37,AF568,roi,Vd,,68.18,165.46,0.0,LS37_1a.czi,6,-54032.45,25338.17,-55557,24359,2427,1821,,,658515.1,polygon,45.19 141.57;56.19 146.31;64.61 151.50;74.46 167.51;96.85 168.95;106.24 169.54;119.56 190.26;77.73 186.42;60.94 173.83;54.06 175.01;50.36 166.36;42.68 165.47;37.48 148.22
LS37_s01a_sc06,LS37,AF568,roi,Vv,,62.32,206.13,0.0,LS37_1a.czi,6,-53692.16,24078.83,-54717,23371,1756,1678,,,696882.9,polygon,93.71 196.94;53.86 176.38;37.23 190.32;39.34 207.66;48.77 213.56;65.28 216.90;78.04 226.65;82.30 220.61
LS37_s01a_sc06,LS37,AF568,roi,Vl,,18.24,168.14,0.0,LS37_1a.czi,6,-52448.28,25444.77,-52816,25065,853,728,,,198651.8,polygon,6.95 176.51;2.89 168.36;6.56 158.87;21.68 156.70;27.88 161.83;29.93 168.56;28.74 174.52;21.25 179.80
LS37_s01a_sc06,LS37,AF568,roi,Dm,,172.38,136.33,0.0,LS37_1a.czi,6,-57427.87,25857.58,-58796,25187,2886,1266,,,1081268.5,polygon,132.12 142.50;143.35 125.50;154.41 128.02;173.50 118.08;179.88 116.54;194.37 118.46;207.57 117.95;215.10 130.82;211.28 139.45;194.50 152.53;179.65 151.11;165.42 158.44;136.31 159.04;125.93 150.21
LS37_s01a_sc06,LS37,AF568,roi,Vl,,107.69,216.09,0.0,LS37_1a.czi,6,-55083.94,23591.35,-55586,23171,957,818,,,240552.3,polygon,101.28 227.95;94.73 223.33;92.80 212.15;97.27 204.74;104.80 204.77;112.63 206.51;120.90 210.84;123.66 216.56;119.34 224.83;109.47 229.19
LS37_s01a_sc06,LS37,AF568,roi,Dl,,202.97,200.67,0.0,LS37_1a.czi,6,-58145.8,23712.8,-60007,23025,3824,1584,,,1207111.0,polygon,147.38 212.91;161.52 215.33;172.67 220.93;182.37 223.24;191.77 223.83;199.92 219.77;206.35 216.00;224.56 213.74;230.28 210.98;241.95 196.57;246.58 190.02;249.07 186.49;258.52 172.02;238.77 167.90;231.63 172.68;209.49 188.01;204.77 191.48;190.49 201.03;173.38 194.25;159.44 190.46;141.39 206.41
LS37_s01a_sc07,LS37,AF568,background,__background__,,244.6,87.5,8.0,LS37_1a.czi,7,-47087.96,7523.83,-47352,7217,528,613,198.9,171.1,106921.8,disc,
LS37_s01a_sc07,LS37,AF568,background,__background__,,229.18,82.56,8.0,LS37_1a.czi,7,-46768.76,8019.74,-47032,7713,527,613,198.9,171.1,106921.8,disc,
LS37_s01a_sc07,LS37,AF568,background,__background__,,231.03,98.6,8.0,LS37_1a.czi,7,-46512.36,7478.81,-46776,7172,527,613,198.9,171.1,106921.8,disc,
LS37_s01a_sc07,LS37,AF568,background,__background__,,61.99,66.52,8.0,LS37_1a.czi,7,-42592.08,12227.13,-42856,11921,528,613,198.9,171.1,106921.8,disc,
LS37_s01a_sc07,LS37,AF568,background,__background__,,45.95,72.69,8.0,LS37_1a.czi,7,-42044.31,12390.53,-42308,12084,527,613,198.9,171.1,106921.8,disc,
LS37_s01a_sc07,LS37,AF568,roi,Dl,,20.36,99.8,0.0,LS37_1a.czi,7,-40841.01,12113.09,-41984,10379,1886,3267,,,1116501.1,polygon,12.01 61.59;-1.56 85.65;-2.79 97.37;5.84 118.34;12.63 123.90;20.65 134.39;26.20 140.55;36.07 144.26;47.80 132.53;34.84 110.94;19.42 101.69;18.18 97.99;20.03 84.41;20.65 81.94;31.14 72.07;30.52 54.18;14.48 54.80
LS37_s01a_sc07,LS37,AF568,roi,Dm,,85.83,107.97,0.0,LS37_1a.czi,7,-42440.52,10406.64,-43602,9237,2262,2529,,,1007729.6,polygon,82.35 147.96;67.54 139.94;67.54 129.45;69.39 125.13;76.18 112.18;74.94 94.28;76.79 81.94;81.11 68.99;89.75 61.59;99.62 66.52;105.79 86.88;104.56 94.28;99.62 106.62;95.30 114.03;92.22 123.90;89.13 138.09;87.28 143.64
LS37_s01a_sc07,LS37,AF568,roi,Vd,,78.44,159.82,0.0,LS37_1a.czi,7,-41253.22,8954.56,-41647,8523,844,832,,,227932.0,polygon,79.88 172.64;71.24 172.02;65.07 164.62;66.92 157.21;76.18 148.58;82.96 148.58;87.28 151.66;90.37 155.98;86.05 167.08
LS37_s01a_sc07,LS37,AF568,roi,Vv,,99.5,179.5,0.0,LS37_1a.czi,7,-41442.44,7874.2,-42009,6908,1194,1902,,,636360.2,polygon,100.24 159.06;104.56 159.06;111.34 166.47;111.96 182.51;112.58 191.14;118.13 196.08;111.96 201.63;102.09 205.33;94.68 203.48;87.90 196.08;84.20 186.21;83.58 172.02;84.81 161.53;90.37 155.98;94.07 155.98
LS37_s01a_sc07,LS37,AF568,roi,Vl,,65.76,184.02,0.0,LS37_1a.czi,7,-40451.58,8481.53,-40720,8020,773,889,,,198531.5,polygon,59.52 195.46;53.35 193.00;55.82 178.19;60.75 173.87;66.92 173.25;70.62 177.57;75.56 183.74;76.18 187.44;73.09 193.61
LS37_s01a_sc07,LS37,AF568,roi,Dm,,149.42,113.19,0.0,LS37_1a.czi,7,-44045.91,8833.83,-45226,8097,2280,1535,,,938055.6,polygon,127.38 124.51;123.68 133.15;126.15 138.09;137.25 145.49;146.51 135.00;153.29 127.60;163.17 120.20;169.34 110.32;174.27 95.52;174.27 86.26;169.34 80.71;153.91 84.41;140.34 94.28;132.94 109.09
LS37_s01a_sc07,LS37,AF568,roi,Vd,,129.37,161.12,0.0,LS37_1a.czi,7,-42593.95,7784.66,-42996,7195,813,1239,,,292454.1,polygon,124.92 167.70;115.66 163.38;114.43 157.21;125.53 143.02;135.40 150.43;138.49 152.89;144.04 165.23;135.40 175.72;130.47 174.49
LS37_s01a_sc07,LS37,AF568,roi,Vv,,126.64,181.07,0.0,LS37_1a.czi,7,-42140.16,7223.43,-42671,6446,1103,1545,,,458452.4,polygon,128.00 198.55;128.00 198.55;121.21 196.08;113.81 193.00;113.19 185.59;111.96 173.87;112.58 166.47;115.66 164.62;123.68 165.85;129.85 166.47;135.40 167.70;139.11 170.79;143.42 184.36;144.04 187.44;139.72 196.70
LS37_s01a_sc07,LS37,AF568,roi,Vl,,152.18,169.61,0.0,LS37_1a.czi,7,-43043.57,7014.24,-43528,6368,916,1176,,,312516.7,polygon,152.06 180.04;145.27 182.51;140.96 176.34;140.34 170.17;143.42 162.15;148.36 155.36;155.76 154.74;163.17 159.68;169.34 172.64;163.17 182.51
LS37_s01a_sc07,LS37,AF568,roi,Dl,,199.33,132.23,0.0,LS37_1a.czi,7,-45020.86,7133.66,-46394,6159,2589,1763,,,1185749.4,polygon,176.74 148.58;165.63 148.58;163.17 141.79;163.78 133.15;175.50 123.90;184.14 122.05;203.88 115.88;216.84 112.18;226.09 110.32;232.26 110.32;241.52 119.58;242.14 131.30;216.84 151.04;206.35 149.81;191.55 147.34;182.91 149.81
LS37_s01a_sc08,LS37,AF568,background,__background__,,237.82,85.03,8.0,LS37_1a.czi,8,-47886.06,22203.25,-48166,21923,560,560,181.7,181.7,103676.0,disc,
LS37_s01a_sc08,LS37,AF568,background,__background__,,211.29,83.8,8.0,LS37_1a.czi,8,-47184.88,22810.87,-47465,22531,560,560,181.7,181.7,103676.0,disc,
LS37_s01a_sc08,LS37,AF568,background,__background__,,44.71,54.18,8.0,LS37_1a.czi,8,-43255.86,27226.73,-43536,26947,560,560,181.7,181.7,103676.0,disc,
LS37_s01a_sc08,LS37,AF568,background,__background__,,66.31,76.39,8.0,LS37_1a.czi,8,-43367.98,26150.22,-43648,25870,560,560,181.7,181.7,103676.0,disc,
LS37_s01a_sc08,LS37,AF568,roi,Dl,,23.61,90.74,0.0,LS37_1a.czi,8,-41886.2,26680.21,-42723,25064,1625,3127,,,1090537.3,polygon,5.84 54.80;2.76 68.37;3.99 81.94;5.23 88.11;7.70 102.92;13.25 114.03;20.03 120.81;28.05 129.45;37.31 130.68;48.41 130.07;47.18 107.24;45.33 105.39;34.84 102.92;29.29 90.58;29.91 73.31;30.52 65.29;28.67 58.50;20.65 52.95;9.55 46.78
LS37_s01a_sc08,LS37,AF568,roi,Dm,,83.58,96.88,0.0,LS37_1a.czi,8,-43398.52,25214.56,-44264,24108,1859,2067,,,721836.2,polygon,84.81 136.24;75.56 131.92;70.62 126.37;76.18 117.11;77.41 111.56;79.26 100.45;79.26 84.41;78.03 73.92;79.26 65.29;81.73 63.44;89.13 64.67;96.54 73.31;100.24 93.05;102.09 114.64
LS37_s01a_sc08,LS37,AF568,roi,Vd,,76.44,151.48,0.0,LS37_1a.czi,8,-42021.59,23871.18,-42404,23373,806,889,,,216472.4,polygon,83.58 164.00;76.18 163.38;65.07 156.60;64.45 146.72;75.56 139.32;81.73 140.55;88.52 149.81
LS37_s01a_sc08,LS37,AF568,roi,Vl,,64.92,183.54,0.0,LS37_1a.czi,8,-41012.08,23240.88,-41379,22871,826,786,,,203468.6,polygon,57.67 193.00;52.73 189.29;50.88 180.66;56.43 175.10;61.37 172.64;68.16 174.49;73.09 176.95;74.94 179.42;74.94 182.51;73.09 190.53;70.01 193.00;65.69 194.85
LS37_s01a_sc08,LS37,AF568,roi,Vv,,91.77,199.16,0.0,LS37_1a.czi,8,-41410.76,22231.59,-42008,21815,1115,869,,,297046.7,polygon,84.20 209.65;79.26 207.19;78.03 202.25;77.41 195.46;87.28 186.21;95.92 186.21;103.32 186.21;109.49 196.08;103.94 204.72;98.39 208.42;92.22 208.42
LS37_s01a_sc08,LS37,AF568,roi,Dm,,143.21,116.28,0.0,LS37_1a.czi,8,-44614.69,23392.5,-46271,22508,3061,1787,,,1172864.4,polygon,121.21 142.41;120.60 122.05;124.92 117.11;133.55 108.47;137.25 100.45;137.25 88.11;158.85 78.24;163.17 77.63;177.97 83.80;181.67 93.05;160.08 107.24;152.68 120.20;155.15 135.62;141.57 149.81;130.47 151.66;120.60 152.28;117.51 148.58
LS37_s01a_sc08,LS37,AF568,roi,Vd,,124.86,162.97,0.0,LS37_1a.czi,8,-43101.34,22508.6,-43664,22144,1145,805,,,282947.5,polygon,118.13 176.34;106.41 166.47;109.49 159.06;116.89 155.36;121.83 152.28;126.77 152.28;135.40 153.51;140.34 156.60;139.11 164.00;132.32 169.55;126.15 174.49;125.53 175.72
LS37_s01a_sc08,LS37,AF568,roi,Vv,,127.23,194.28,0.0,LS37_1a.czi,8,-42489.09,21598.42,-43040,21167,947,784,,,248435.1,polygon,124.92 204.10;121.21 203.48;118.13 201.02;115.66 197.31;115.04 192.38;124.30 183.74;128.00 181.27;132.32 180.66;138.49 183.12;142.81 194.85;136.64 201.02;129.23 208.42
LS37_s01a_sc08,LS37,AF568,roi,Vl,,150.88,184.86,0.0,LS37_1a.czi,8,-43341.63,21345.26,-43736,20844,776,898,,,199795.4,polygon,152.06 200.40;144.04 193.61;140.96 189.91;137.87 180.66;143.42 176.95;148.36 175.10;152.68 175.10;155.76 176.34;161.93 180.66;158.23 197.31;164.40 187.44
LS37_s01a_sc08,LS37,AF568,roi,Dl,,216.06,126.04,0.0,LS37_1a.czi,8,-46402.03,21548.93,-48055,20574,3041,1722,,,1207319.5,polygon,208.20 149.19;223.01 149.19;234.11 147.34;251.39 119.58;257.56 102.30;247.69 96.75;237.82 95.52;230.41 103.54;216.84 114.03;206.35 120.81;192.16 127.60;174.89 131.30;177.97 137.47;182.29 147.34;200.18 148.58
LS37_s01a_sc09,LS37,AF568,background,__background__,,59.52,60.97,8.0,LS37_1a.czi,9,-31145.32,14063.3,-31422,13732,554,663,215.0,179.8,121465.9,disc,
LS37_s01a_sc09,LS37,AF568,background,__background__,,62.6,78.24,8.0,LS37_1a.czi,9,-30945.71,13378.29,-31223,13047,554,663,215.0,179.8,121465.9,disc,
LS37_s01a_sc09,LS37,AF568,background,__background__,,226.09,107.86,8.0,LS37_1a.czi,9,-35372.86,8999.32,-35650,8668,554,663,215.0,179.8,121465.9,disc,
LS37_s01a_sc09,LS37,AF568,background,__background__,,243.37,117.73,8.0,LS37_1a.czi,9,-35726.66,8293.51,-36004,7962,554,663,215.0,179.8,121465.9,disc,
LS37_s01a_sc09,LS37,AF568,roi,Dl,,26.66,99.75,0.0,LS37_1a.czi,9,-29497.95,13330.65,-30381,11805,1655,3206,,,1226246.8,polygon,23.74 54.80;17.57 62.20;12.01 78.86;7.70 95.52;8.31 106.62;15.72 115.26;18.80 131.30;28.67 138.09;34.84 137.47;42.24 129.45;43.48 121.43;43.48 109.09;37.93 94.28;36.07 69.61;29.29 52.33
LS37_s01a_sc09,LS37,AF568,roi,Dm,,89.0,108.83,0.0,LS37_1a.czi,9,-31223.56,11740.75,-32394,10514,2327,2560,,,1064141.3,polygon,92.83 139.94;79.88 147.96;71.24 145.49;68.77 139.94;76.18 123.90;80.50 115.88;81.73 105.39;82.35 89.97;90.37 72.69;99.62 65.90;105.79 69.61;107.02 82.56;106.41 102.92;103.32 121.43
LS37_s01a_sc09,LS37,AF568,roi,Vd,,70.36,159.68,0.0,LS37_1a.czi,9,-29800.49,10284.94,-30267,9834,921,973,,,277861.1,polygon,70.62 172.02;63.84 170.79;57.05 162.77;58.90 151.66;76.18 146.72;82.35 153.51;83.58 160.30
LS37_s01a_sc09,LS37,AF568,roi,Vl,,44.34,178.56,0.0,LS37_1a.czi,9,-28696.33,10131.22,-29048,9717,853,974,,,244540.3,polygon,44.10 189.29;36.69 189.29;32.37 186.83;33.61 174.49;36.07 167.70;45.95 168.32;50.88 169.55;53.35 173.87;57.05 181.27;53.35 184.98
LS37_s01a_sc09,LS37,AF568,roi,Vv,,86.82,190.73,0.0,LS37_1a.czi,9,-29770.89,8832.13,-30751,7678,1868,1696,,,754135.5,polygon,84.81 201.02;76.18 204.10;67.54 204.10;60.75 196.70;72.47 184.36;78.03 180.66;80.50 179.42;94.07 175.72;99.62 172.64;115.04 183.12;119.98 204.10;92.83 202.87
LS37_s01a_sc09,LS37,AF568,roi,Dm,,158.09,116.83,0.0,LS37_1a.czi,9,-33170.95,10053.09,-34923,9339,3192,1443,,,1258475.3,polygon,131.08 115.88;124.92 130.07;122.45 138.09;123.68 140.55;145.27 143.64;161.93 127.60;173.65 117.73;198.33 114.03;203.88 94.90;200.80 91.20;179.21 95.52;155.15 99.84;134.79 109.71
LS37_s01a_sc09,LS37,AF568,roi,Vd,,108.87,164.79,0.0,LS37_1a.czi,9,-30874.92,9320.79,-31402,8865,909,1043,,,288797.0,polygon,100.85 169.55;97.15 166.47;97.77 154.74;115.66 150.43;125.53 163.38;116.28 173.25;108.87 175.72
LS37_s01a_sc09,LS37,AF568,roi,Vl,,136.81,182.62,0.0,LS37_1a.czi,9,-31415.28,8112.11,-31845,7600,877,1000,,,259853.0,polygon,134.79 191.14;126.77 191.14;122.45 180.04;126.15 175.10;130.47 174.49;137.25 171.40;142.81 172.64;149.59 180.04;150.21 189.29;143.42 191.76;140.96 191.76
LS37_s01a_sc09,LS37,AF568,roi,Dl,,198.37,149.95,0.0,LS37_1a.czi,9,-33824.4,8043.23,-35291,6869,2951,2252,,,1408053.7,polygon,159.46 168.32;157.61 161.53;157.00 149.81;161.93 140.55;169.34 136.85;182.91 135.00;197.10 132.53;211.29 136.85;216.84 140.55;229.80 137.47;236.58 136.85;242.75 142.41;244.60 151.66;227.95 160.91;213.76 173.87;200.80 172.64;190.93 158.45;169.95 162.77
LS37_s01a_sc10,LS37,AF568,background,__background__,,60.75,75.16,8.0,LS37_1a.czi,10,-30251.7,27713.95,-30531,27389,559,650,210.8,181.4,120137.4,disc,
LS37_s01a_sc10,LS37,AF568,background,__background__,,60.75,103.54,8.0,LS37_1a.czi,10,-29734.17,26733.06,-30014,26408,559,650,210.8,181.4,120137.4,disc,
LS37_s01a_sc10,LS37,AF568,background,__background__,,60.14,137.47,8.0,LS37_1a.czi,10,-29097.3,25573.28,-29377,25248,559,650,210.8,181.4,120137.4,disc,
LS37_s01a_sc10,LS37,AF568,background,__background__,,217.46,93.05,8.0,LS37_1a.czi,10,-34585.1,23773.84,-34865,23449,559,650,210.8,181.4,120137.4,disc,
LS37_s01a_sc10,LS37,AF568,roi,Dl,,28.0,102.05,0.0,LS37_1a.czi,10,-28787.55,27478.76,-29653,25440,1542,3575,,,1285117.3,polygon,6.46 70.84;6.46 93.05;16.95 103.54;19.42 120.81;24.35 133.15;42.24 152.28;47.80 133.77;41.63 114.03;41.63 95.52;42.86 78.86;29.29 64.05;16.95 64.67
LS37_s01a_sc10,LS37,AF568,roi,Dm,,89.97,101.58,0.0,LS37_1a.czi,10,-30638.74,26181.43,-31589,24831,1977,2813,,,1243321.9,polygon,97.77 62.20;84.20 62.82;78.03 75.78;78.64 94.90;76.79 117.73;74.33 125.75;80.50 142.41;97.15 136.24;107.02 121.43;108.87 100.45;106.41 77.63
LS37_s01a_sc10,LS37,AF568,roi,Vs,,84.33,161.81,0.0,LS37_1a.czi,10,-29372.71,24219.27,-29758,23774,903,890,,,237868.3,polygon,88.52 169.55;74.33 173.87;69.39 160.30;71.86 156.60;82.35 152.89;88.52 151.66;94.07 156.60;95.30 166.47;94.68 168.32
LS37_s01a_sc10,LS37,AF568,roi,Vc,,50.97,182.6,0.0,LS37_1a.czi,10,-28001.66,24207.84,-28373,23478,772,1207,,,254250.4,polygon,52.73 197.93;36.69 181.27;36.69 177.57;51.50 173.25;57.05 172.64;60.75 178.19;61.37 197.31
LS37_s01a_sc10,LS37,AF568,roi,Dm,,138.92,117.3,0.0,LS37_1a.czi,10,-31807.57,24600.51,-33467,23880,3046,1546,,,1193188.3,polygon,112.58 136.85;110.73 147.34;121.83 146.72;132.94 141.79;142.19 130.68;146.51 120.81;167.48 107.86;177.97 91.20;173.04 81.94;155.76 88.11;130.47 98.60;120.60 106.01;113.81 126.98
LS37_s01a_sc10,LS37,AF568,roi,Vs,,113.81,166.41,0.0,LS37_1a.czi,10,-30165.39,23435.39,-30571,22930,877,1028,,,241280.3,polygon,107.02 173.87;98.39 167.08;97.15 161.53;103.94 159.06;110.11 158.45;119.98 157.83;123.68 160.30;125.53 166.47;124.92 172.64;122.45 175.72;118.75 177.57
LS37_s01a_sc10,LS37,AF568,roi,Vc,,131.7,179.42,0.0,LS37_1a.czi,10,-30460.09,22606.51,-30844,22012,927,1072,,,310348.3,polygon,133.55 195.46;123.68 196.08;116.89 178.19;121.21 175.10;124.30 170.17;129.23 167.70;134.17 167.70;141.57 174.49;142.19 176.95;144.04 181.27;137.87 190.53
LS37_s01a_sc10,LS37,AF568,roi,Dl,,192.74,139.79,0.0,LS37_1a.czi,10,-32997.74,22682.37,-34908,21377,3278,2490,,,1511133.1,polygon,185.38 150.43;178.59 146.11;169.95 141.79;161.32 146.72;153.29 150.43;151.44 141.17;155.76 128.22;168.72 123.28;187.23 121.43;203.88 123.90;223.01 128.22;239.67 122.05;246.45 122.66;235.97 151.04;218.69 160.30;203.88 162.77;193.40 155.98
LS37_s01a_sc11,LS37,AF568,background,__background__,,221.78,73.92,8.0,LS37_1a.czi,11,-21716.48,8716.03,-22046,8432,659,568,214.1,184.2,123945.0,disc,
LS37_s01a_sc11,LS37,AF568,background,__background__,,242.75,84.41,8.0,LS37_1a.czi,11,-22075.23,7944.77,-22405,7661,660,568,214.1,184.2,123945.0,disc,
LS37_s01a_sc11,LS37,AF568,background,__background__,,152.68,149.81,8.0,LS37_1a.czi,11,-17513.36,8331.71,-17843,8048,660,568,214.1,184.2,123945.0,disc,
LS37_s01a_sc11,LS37,AF568,background,__background__,,33.61,49.86,8.0,LS37_1a.czi,11,-16580.89,13780.76,-16911,13497,660,568,214.1,184.2,123945.0,disc,
LS37_s01a_sc11,LS37,AF568,background,__background__,,46.56,68.37,8.0,LS37_1a.czi,11,-16473.36,12985.77,-16803,12702,660,568,214.1,184.2,123945.0,disc,
LS37_s01a_sc11,LS37,AF568,background,__background__,,65.69,63.44,8.0,LS37_1a.czi,11,-17197.2,12666.25,-17527,12382,660,568,214.1,184.2,123945.0,disc,
LS37_s01a_sc11,LS37,AF568,roi,Dl,,32.44,99.01,0.0,LS37_1a.czi,11,-15200.62,12506.41,-15936,10973,1820,3352,,,1670857.1,polygon,7.70 52.33;-0.33 74.54;2.76 98.60;3.99 106.62;23.12 117.73;29.29 128.22;42.86 139.32;51.50 139.94;62.60 126.37;63.22 122.66;56.43 113.41;50.88 106.62;47.80 95.52;47.18 88.73;39.78 81.33;26.20 79.48;15.10 57.27;13.86 53.57
LS37_s01a_sc11,LS37,AF568,roi,Vc,,72.81,176.56,0.0,LS37_1a.czi,11,-14322.6,9502.41,-14984,8967,1141,1114,,,334996.7,polygon,73.09 188.06;66.92 186.83;61.99 181.89;58.90 172.64;58.90 167.08;68.77 164.62;75.56 162.77;84.20 165.23;86.05 181.89;86.05 184.98;80.50 186.21
LS37_s01a_sc11,LS37,AF568,roi,Dm,,93.31,97.84,0.0,LS37_1a.czi,11,-17106.76,11105.2,-18128,9907,2338,2492,,,1072270.9,polygon,105.17 132.53;90.98 139.94;83.58 135.00;86.66 106.01;87.90 99.22;74.94 78.24;79.26 62.82;85.43 56.03;90.98 57.88;100.24 72.69;105.79 100.45;111.96 106.62;110.11 124.51
LS37_s01a_sc11,LS37,AF568,roi,Vs,,95.37,158.72,0.0,LS37_1a.czi,11,-15505.13,9444.15,-16279,8821,1332,1177,,,378440.4,polygon,97.15 168.32;87.90 169.55;83.58 165.85;79.88 154.13;80.50 151.04;94.68 146.72;112.58 149.81;113.81 152.28;108.26 170.79
LS37_s01a_sc11,LS37,AF568,roi,Dm,,140.99,109.9,0.0,LS37_1a.czi,11,-18244.96,9663.9,-19980,8858,3103,1832,,,1162611.1,polygon,119.98 136.24;123.06 120.81;128.62 109.09;130.47 99.22;126.77 83.80;142.19 74.54;150.83 70.84;168.10 77.01;172.42 90.58;157.61 101.07;145.89 104.15;144.04 122.66;145.89 133.77;137.25 143.64;134.17 145.49;128.62 145.49
LS37_s01a_sc11,LS37,AF568,roi,Vs,,125.29,161.59,0.0,LS37_1a.czi,11,-16347.85,8664.14,-16997,8157,1238,799,,,264548.2,polygon,131.08 170.17;121.21 172.02;113.81 170.17;114.43 165.85;115.66 160.91;120.60 154.74;124.30 152.28;128.62 151.04;139.72 154.13;143.42 164.62
LS37_s01a_sc11,LS37,AF568,roi,Vc,,153.5,176.89,0.0,LS37_1a.czi,11,-16797.97,7595.12,-17303,7177,1254,854,,,312616.9,polygon,155.76 189.29;139.11 188.06;139.72 180.04;144.66 168.32;150.21 163.38;158.23 165.85;165.02 171.40;165.63 181.89;163.17 183.74
LS37_s01a_sc11,LS37,AF568,roi,Dl,,209.24,122.93,0.0,LS37_1a.czi,11,-19989.97,7712.91,-21810,6446,3491,2203,,,1548656.9,polygon,192.78 139.32;179.82 138.70;166.25 135.62;165.63 126.37;176.74 116.49;187.84 116.49;195.25 118.34;207.59 113.41;216.84 108.47;228.56 104.15;239.67 101.07;248.92 101.07;250.77 112.79;243.37 139.94;233.50 149.19;214.37 145.49
LS37_s01a_sc12,LS37,AF568,background,__background__,,36.07,36.91,8.0,LS37_1a.czi,12,-15190.72,29463.94,-15498,29199,615,530,199.6,171.7,107635.8,disc,
LS37_s01a_sc12,LS37,AF568,background,__background__,,35.46,57.27,8.0,LS37_1a.czi,12,-14841.7,28862.18,-15149,28598,615,529,199.6,171.7,107635.8,disc,
LS37_s01a_sc12,LS37,AF568,background,__background__,,236.58,122.05,8.0,LS37_1a.czi,12,-20805.34,24135.22,-21113,23871,615,529,199.6,171.7,107635.8,disc,
LS37_s01a_sc12,LS37,AF568,background,__background__,,232.88,139.32,8.0,LS37_1a.czi,12,-20398.42,23668.87,-20706,23404,615,529,199.6,171.7,107635.8,disc,
LS37_s01a_sc12,LS37,AF568,background,__background__,,53.35,183.12,8.0,LS37_1a.czi,12,-13438.89,24842.62,-13746,24578,615,529,199.6,171.7,107635.8,disc,
LS37_s01a_sc12,LS37,AF568,background,__background__,,128.0,187.44,8.0,LS37_1a.czi,12,-15969.97,23679.25,-16277,23415,615,529,199.6,171.7,107635.8,disc,
LS37_s01a_sc12,LS37,AF568,roi,Dl,,42.95,119.71,0.0,LS37_1a.czi,12,-14097.41,26887.09,-14859,25614,1572,2734,,,1315504.4,polygon,12.63 90.58;13.86 84.41;39.16 81.94;45.33 83.80;57.05 102.92;61.37 112.79;61.99 123.90;62.60 136.85;65.07 149.19;49.65 159.06;45.95 159.06;33.61 149.81;34.22 137.47;18.80 104.15
LS37_s01a_sc12,LS37,AF568,roi,Dm,,94.02,116.21,0.0,LS37_1a.czi,12,-15932.92,26284.67,-16741,25215,1662,2251,,,806968.1,polygon,102.71 143.64;97.15 150.43;88.52 149.19;80.50 139.94;82.96 126.37;85.43 115.88;84.20 88.11;86.66 82.56;92.22 77.63;100.24 79.48;107.64 97.99;107.64 121.43;106.41 138.09
LS37_s01a_sc12,LS37,AF568,roi,Dm,,128.57,136.34,0.0,LS37_1a.czi,12,-16812.48,25202.86,-18222,24272,2695,1767,,,959748.6,polygon,107.02 152.89;113.19 136.85;123.06 118.34;132.32 107.86;145.89 100.45;157.00 110.32;153.29 124.51;145.27 135.62;134.79 149.81;121.21 170.79;106.41 167.08;103.32 161.53
LS37_s01a_sc12,LS37,AF568,roi,Dl,,195.62,168.65,0.0,LS37_1a.czi,12,-18628.19,23305.88,-20106,22141,2641,2268,,,1166304.6,polygon,171.19 167.08;176.12 167.70;190.93 179.42;196.48 184.36;213.14 193.00;223.01 194.85;229.18 190.53;238.43 169.55;229.18 164.00;217.46 154.13;192.16 149.19;181.06 147.96;159.46 148.58;156.38 155.98;160.08 163.38
LS37_s03a_sc01,LS37,AF568,background,__background__,,126.11,34.74,8.0,LS37_3a.czi,1,-80211.41,23185.15,-80426,22887,429,596,193.6,139.3,84701.4,disc,
LS37_s03a_sc01,LS37,AF568,background,__background__,,122.02,54.22,8.0,LS37_3a.czi,1,-79736.86,23522.77,-79952,23224,430,597,193.6,139.3,84701.4,disc,
LS37_s03a_sc01,LS37,AF568,background,__background__,,92.95,197.54,8.0,LS37_3a.czi,1,-76238.29,25970.04,-76453,25672,429,596,193.6,139.3,84701.4,disc,
LS37_s03a_sc01,LS37,AF568,background,__background__,,104.19,143.99,8.0,LS37_3a.czi,1,-77542.83,25042.06,-77758,24744,430,596,193.6,139.3,84701.4,disc,
LS37_s03a_sc01,LS37,AF568,roi,Dl,,52.32,212.4,0.0,LS37_3a.czi,1,-76140.45,27574.94,-76710,26508,953,2480,,,551967.1,polygon,32.31 228.67;54.38 217.74;60.02 216.97;71.91 218.45;81.48 210.45;77.79 199.75;73.99 194.73;56.62 189.21;46.69 198.54;30.25 208.69;18.02 230.83;24.37 234.82
LS37_s03a_sc01,LS37,AF568,roi,Dm,,55.63,156.4,0.0,LS37_3a.czi,1,-77564.15,26907.81,-78109,25930,1018,2414,,,491057.6,polygon,15.26 154.95;41.04 169.59;54.30 164.87;69.47 162.66;81.56 167.62;83.14 157.48;76.48 148.26;69.87 147.34;38.41 140.03;26.83 151.21
LS37_s03a_sc01,LS37,AF568,roi,Dm,,91.68,69.43,0.0,LS37_3a.czi,1,-79557.51,24761.48,-80597,24178,2004,1160,,,642259.2,polygon,87.62 107.83;98.38 97.57;103.24 91.17;106.66 67.80;104.76 57.86;97.73 42.55;84.81 31.08;78.52 50.24;75.97 66.13;79.10 82.11
LS37_s03a_sc01,LS37,AF568,roi,Dl,,148.94,84.15,0.0,LS37_3a.czi,1,-78773.91,22848.82,-79634,21639,1744,2218,,,581420.0,polygon,136.96 107.08;144.64 89.14;149.55 83.61;163.59 77.09;175.57 65.46;172.79 48.14;167.41 45.84;151.13 58.60;139.86 67.58;124.61 97.76;129.64 116.26;137.38 121.48;143.17 115.89
LS37_s03a_sc02,LS37,AF568,background,__background__,,75.13,23.9,8.0,LS37_3a.czi,2,-71505.86,9482.09,-71738,9159,465,646,209.5,150.7,99197.1,disc,
LS37_s03a_sc02,LS37,AF568,background,__background__,,87.95,42.33,8.0,LS37_3a.czi,2,-70859.79,9374.51,-71092,9052,465,645,209.5,150.7,99197.1,disc,
LS37_s03a_sc02,LS37,AF568,background,__background__,,69.78,168.12,8.0,LS37_3a.czi,2,-67887.68,12399.62,-68120,12077,465,645,209.5,150.7,99197.1,disc,
LS37_s03a_sc02,LS37,AF568,roi,Dl,,65.35,217.69,0.0,LS37_3a.czi,2,-66679.32,13494.59,-67389,12322,1305,2276,,,649293.6,polygon,67.21 239.93;70.02 225.28;90.73 203.47;85.00 193.17;78.54 191.07;66.82 189.21;52.73 208.63;48.72 220.95;45.54 238.73;53.96 242.76;59.61 241.36
LS37_s03a_sc02,LS37,AF568,roi,Dm,,47.99,156.61,0.0,LS37_3a.czi,2,-68478.66,12957.18,-68884,11986,734,1825,,,415542.8,polygon,30.44 151.44;25.60 156.35;30.58 169.00;39.38 171.86;47.94 169.45;56.26 159.83;61.51 157.64;73.38 153.07;69.62 146.66;55.92 140.91;37.23 146.51
LS37_s03a_sc02,LS37,AF568,roi,POA,,97.38,140.01,0.0,LS37_3a.czi,2,-68231.64,10886.14,-69020,9846,1592,1923,,,568305.4,polygon,86.75 141.84;82.16 153.97;84.97 163.32;105.87 166.87;106.23 163.74;105.56 151.85;104.30 139.76;112.99 128.96;111.10 110.83;106.76 104.23;86.25 127.41;84.92 131.52;88.07 135.79
LS37_s03a_sc02,LS37,AF568,roi,Dm,,62.48,67.44,0.0,LS37_3a.czi,2,-70563.64,10755.48,-71774,10111,2197,1161,,,668402.4,polygon,44.63 41.88;50.03 59.20;54.64 74.97;56.85 84.13;62.96 91.30;69.46 99.25;72.98 100.39;82.03 84.52;78.81 72.45;74.03 59.22;71.23 49.87;49.03 30.34;45.51 29.19
LS37_s03a_sc02,LS37,AF568,roi,Dl,,115.06,45.05,0.0,LS37_3a.czi,2,-70421.4,8461.46,-71376,7457,1686,2016,,,750785.0,polygon,103.15 39.49;100.91 28.38;106.06 12.54;115.61 11.10;129.33 18.80;132.80 40.04;133.64 47.45;125.34 59.02;119.55 66.87;117.83 72.15;104.22 78.11;104.48 61.33;102.84 50.41
LS37_s03a_sc03,LS37,AF568,background,__background__,,105.35,92.85,8.0,LS37_3a.czi,3,-64381.03,25701.48,-64651,25432,540,539,175.0,175.0,96246.5,disc,
LS37_s03a_sc03,LS37,AF568,background,__background__,,114.31,78.58,8.0,LS37_3a.czi,3,-64657.11,25206.05,-64927,24936,540,540,175.0,175.0,96246.5,disc,
LS37_s03a_sc03,LS37,AF568,background,__background__,,101.7,33.07,8.0,LS37_3a.czi,3,-66204.31,24841.43,-66474,24572,539,539,175.0,175.0,96246.5,disc,
LS37_s03a_sc03,LS37,AF568,background,__background__,,82.43,159.31,8.0,LS37_3a.czi,3,-62790.76,27453.79,-63061,27184,540,540,175.0,175.0,96246.5,disc,
LS37_s03a_sc03,LS37,AF568,background,__background__,,111.46,165.47,8.0,LS37_3a.czi,3,-62139.01,26696.8,-62409,26427,540,540,175.0,175.0,96246.5,disc,
LS37_s03a_sc03,LS37,AF568,roi,Dl,,59.38,212.42,0.0,LS37_3a.czi,3,-61596.56,28993.81,-62171,28023,1167,1948,,,517573.3,polygon,61.89 222.39;56.11 227.77;44.88 240.45;41.74 240.61;37.94 232.57;41.07 215.57;48.21 201.03;55.30 195.22;76.01 190.17;77.23 190.35;80.80 191.50;81.71 202.24;69.10 211.60
LS37_s03a_sc03,LS37,AF568,roi,Dm,,46.0,158.45,0.0,LS37_3a.czi,3,-63405.9,28514.97,-63745,27783,994,1525,,,373780.9,polygon,65.82 149.38;67.29 168.93;42.77 170.29;26.36 171.61;28.07 160.02;33.34 153.93;48.46 148.68;55.89 144.79
LS37_s03a_sc03,LS37,AF568,roi,POA,,106.55,141.4,0.0,LS37_3a.czi,3,-62928.83,26452.04,-63277,26056,703,784,,,173821.8,polygon,114.93 133.55;116.78 146.30;109.08 152.02;99.13 151.80;95.51 142.54;97.30 134.69;113.12 128.92
LS37_s03a_sc03,LS37,AF568,roi,Dm,,72.7,66.26,0.0,LS37_3a.czi,3,-65694.3,26234.57,-66701,25325,1861,1266,,,505504.0,polygon,64.11 68.05;68.68 79.33;71.44 85.97;77.43 91.85;84.77 88.56;84.68 72.34;80.29 59.84;84.95 32.46;65.04 36.38;59.03 51.71;59.33 62.36
LS37_s03a_sc03,LS37,AF568,roi,POA,,111.07,123.78,0.0,LS37_3a.czi,3,-63375.65,26033.4,-63806,25564,959,1082,,,270356.6,polygon,121.75 129.57;123.37 118.59;121.56 113.95;109.63 110.32;105.60 112.22;99.35 125.02;98.07 137.92;109.21 142.69
LS37_s03a_sc03,LS37,AF568,roi,Dl,,130.64,46.64,0.0,LS37_3a.czi,3,-65335.34,24207.06,-66299,23338,1754,1639,,,648935.1,polygon,134.54 64.11;136.50 55.04;144.38 48.10;151.79 31.73;144.44 18.17;133.81 14.11;129.36 14.70;124.64 33.96;112.10 47.07;113.51 62.87;117.92 71.01;121.23 73.99;134.06 71.52
LS37_s03a_sc04,LS37,AF568,background,__background__,,168.1,151.66,8.0,LS37_3a.czi,4,-58284.45,9739.99,-58504,9485,439,510,165.8,142.6,74251.3,disc,
LS37_s03a_sc04,LS37,AF568,background,__background__,,141.57,162.77,8.0,LS37_3a.czi,4,-57506.11,9591.75,-57726,9336,440,511,165.8,142.6,74251.3,disc,
LS37_s03a_sc04,LS37,AF568,background,__background__,,79.88,109.71,8.0,LS37_3a.czi,4,-56198.26,11693.16,-56418,11438,440,511,165.8,142.6,74251.3,disc,
LS37_s03a_sc04,LS37,AF568,roi,Dl,,35.51,74.49,0.0,LS37_3a.czi,4,-55238.87,13113.33,-55988,12047,1393,1972,,,484422.6,polygon,12.01 55.42;17.57 73.92;32.37 81.94;41.63 85.65;44.71 102.92;52.73 104.77;58.28 95.52;65.07 80.71;53.97 70.84;32.99 56.65;25.59 48.63;16.33 49.86;8.31 61.59
LS37_s03a_sc04,LS37,AF568,roi,Dm,,104.43,81.51,0.0,LS37_3a.czi,4,-57032.53,12385.92,-57415,11368,849,1932,,,419254.4,polygon,115.04 65.90;118.75 90.58;110.11 99.22;107.64 110.32;95.30 116.49;94.68 91.20;93.45 72.07;92.83 54.80;105.17 53.57;111.34 60.97
LS37_s03a_sc04,LS37,AF568,roi,POA,,96.01,138.88,0.0,LS37_3a.czi,4,-56442.89,10669.44,-56771,10229,738,839,,,189099.4,polygon,95.30 150.43;82.96 148.58;83.58 129.45;94.68 126.37;102.71 127.60;108.26 138.70;104.56 151.04
LS37_s03a_sc04,LS37,AF568,roi,Dm,,200.55,129.08,0.0,LS37_3a.czi,4,-59293.68,10200.07,-60333,9656,2050,1009,,,547432.4,polygon,172.42 120.81;164.40 136.24;189.08 140.55;198.33 144.26;215.61 143.02;227.95 133.77;237.82 122.05;220.54 116.49;200.80 114.03;178.59 119.58
LS37_s03a_sc04,LS37,AF568,roi,POA,,130.62,142.17,0.0,LS37_3a.czi,4,-57345.12,10311.45,-57682,9968,685,774,,,175067.3,polygon,117.51 141.79;120.60 130.68;133.55 130.07;139.72 132.53;144.04 145.49;137.25 151.66;130.47 152.28;121.83 152.89
LS37_s03a_sc04,LS37,AF568,roi,Dl,,204.04,191.14,0.0,LS37_3a.czi,4,-58991.88,8250.09,-59755,7541,1500,1385,,,492608.1,polygon,179.82 188.06;190.93 196.08;199.57 209.04;214.99 210.27;224.86 209.04;234.11 197.31;231.65 191.76;219.93 184.98;212.52 178.19;189.08 173.87;177.36 175.72;173.65 179.42
LS37_s03a_sc05,LS37,AF568,background,__background__,,162.71,139.3,8.0,LS37_3a.czi,5,-45087.18,9750.5,-45260,9510,346,481,155.8,112.1,54860.6,disc,
LS37_s03a_sc05,LS37,AF568,background,__background__,,107.7,193.32,8.0,LS37_3a.czi,5,-43757.59,11136.26,-43931,10896,346,480,155.8,112.1,54860.6,disc,
LS37_s03a_sc05,LS37,AF568,background,__background__,,88.15,188.8,8.0,LS37_3a.czi,5,-43790.46,11735.74,-43963,11496,345,480,155.8,112.1,54860.6,disc,
LS37_s03a_sc05,LS37,AF568,roi,Dl,,53.81,187.05,0.0,LS37_3a.czi,5,-43716.32,12760.82,-44071,12020,757,1909,,,315341.0,polygon,19.16 200.63;49.44 195.53;53.23 194.62;68.60 195.93;77.03 194.29;80.70 174.54;70.10 173.89;58.40 176.11;47.67 174.08;13.80 190.89
LS37_s03a_sc05,LS37,AF568,roi,Dm,,83.95,153.67,0.0,LS37_3a.czi,5,-44525.39,12018.63,-44911,11139,684,1715,,,312695.4,polygon,59.12 151.65;65.14 156.62;94.24 168.27;100.51 170.16;111.76 166.05;111.37 156.11;104.90 149.24;74.36 134.13;61.02 139.56;57.09 144.92
LS37_s03a_sc05,LS37,AF568,roi,POA,,135.11,165.49,0.0,LS37_3a.czi,5,-44439.55,10449.9,-44936,9792,995,1103,,,251358.5,polygon,129.16 156.63;134.46 151.14;142.50 145.38;150.74 144.60;159.44 151.53;155.84 163.24;144.39 174.03;137.20 174.16;129.09 187.96;125.36 186.65;119.48 177.23;118.69 174.81;120.98 166.83;124.19 162.65
LS37_s03a_sc05,LS37,AF568,roi,Dm,,161.33,96.15,0.0,LS37_3a.czi,5,-46002.15,9986.03,-46756,9346,1507,1146,,,401071.8,polygon,146.43 122.56;151.85 112.62;143.88 98.69;152.84 85.09;158.86 72.60;164.15 67.11;174.55 62.79;179.98 70.31;170.49 90.06;180.24 113.80;161.66 128.32;151.00 129.89
LS37_s03a_sc05,LS37,AF568,roi,Dl,,222.61,110.6,0.0,LS37_3a.czi,5,-45893.1,8105.67,-46720,7295,1423,1274,,,357123.1,polygon,211.36 126.36;205.35 121.39;209.47 109.36;218.95 95.43;229.09 88.37;241.65 74.70;250.87 104.59;237.39 114.46;213.78 137.22;208.22 134.14
LS37_s03a_sc06,LS37,AF568,background,__background__,,226.09,69.61,8.0,LS37_3a.czi,6,-41462.16,22441.63,-41665,22172,406,539,174.7,131.8,72328.2,disc,
LS37_s03a_sc06,LS37,AF568,background,__background__,,159.46,104.15,8.0,LS37_3a.czi,6,-39615.69,23044.52,-39819,22775,406,539,174.7,131.8,72328.2,disc,
LS37_s03a_sc06,LS37,AF568,background,__background__,,184.14,90.58,8.0,LS37_3a.czi,6,-40312.59,22840.82,-40516,22572,407,538,174.7,131.8,72328.2,disc,
LS37_s03a_sc06,LS37,AF568,background,__background__,,82.96,111.56,8.0,LS37_3a.czi,6,-38034.22,24551.62,-38237,24282,406,539,174.7,131.8,72328.2,disc,
LS37_s03a_sc06,LS37,AF568,background,__background__,,63.84,56.03,8.0,LS37_3a.czi,6,-38597.27,26378.4,-38800,26109,406,539,174.7,131.8,72328.2,disc,
LS37_s03a_sc06,LS37,AF568,roi,Dl,,46.94,79.95,0.0,LS37_3a.czi,6,-37875.76,26148.22,-38362,24947,1067,2244,,,370990.0,polygon,34.22 78.24;14.48 77.63;9.55 71.46;23.12 65.90;36.69 62.82;44.10 67.14;63.22 72.07;68.77 75.78;79.88 98.60;70.01 99.22;66.31 98.60;58.90 88.73;41.01 83.18
LS37_s03a_sc06,LS37,AF568,roi,Dm,,98.16,66.97,0.0,LS37_3a.czi,6,-39068.54,25341.8,-39546,24584,827,1537,,,356655.4,polygon,98.39 49.25;86.66 46.78;81.11 51.10;81.73 64.67;89.13 74.54;94.07 83.18;103.32 92.43;112.58 83.80;113.81 77.01;111.34 64.67;107.64 49.25
LS37_s03a_sc06,LS37,AF568,roi,POA,,111.28,132.6,0.0,LS37_3a.czi,6,-38222.48,23392.67,-38877,22745,1332,1288,,,433491.7,polygon,113.81 110.32;91.60 124.51;90.37 137.47;89.75 148.58;100.85 147.96;112.58 138.09;116.89 142.41;133.55 138.70;138.49 124.51;124.92 113.41
LS37_s03a_sc06,LS37,AF568,roi,Dm,,161.86,72.69,0.0,LS37_3a.czi,6,-40186.82,23786.39,-40881,23289,1458,857,,,378204.4,polygon,168.72 59.12;178.59 53.57;189.08 62.20;173.04 82.56;160.70 91.20;139.11 92.43;138.49 79.48;147.74 70.84;161.32 62.82
LS37_s03a_sc06,LS37,AF568,roi,Dl,,215.21,100.73,0.0,LS37_3a.czi,6,-40735.12,21896.17,-41608,21027,1585,1402,,,512269.7,polygon,206.35 94.28;214.37 85.03;235.97 83.18;248.30 86.26;252.62 102.30;223.01 114.64;210.05 114.64;202.03 114.64;188.46 112.79;189.08 104.77;197.10 95.52
LS37_s03a_sc07,LS37,AF568,background,__background__,,163.78,88.11,8.0,LS37_3a.czi,7,-32900.97,7795.05,-33102,7555,402,480,155.7,130.2,63693.8,disc,
LS37_s03a_sc07,LS37,AF568,background,__background__,,165.02,107.86,8.0,LS37_3a.czi,7,-32461.0,7522.5,-32662,7282,402,480,155.7,130.2,63693.8,disc,
LS37_s03a_sc07,LS37,AF568,background,__background__,,94.68,134.39,8.0,LS37_3a.czi,7,-31142.66,9129.35,-31343,8889,401,480,155.7,130.2,63693.8,disc,
LS37_s03a_sc07,LS37,AF568,roi,Dl,,46.36,133.97,0.0,LS37_3a.czi,7,-30664.22,10458.39,-31147,9404,930,2064,,,432880.8,polygon,18.80 138.09;12.63 126.98;20.03 123.28;30.52 123.90;43.48 126.37;53.35 124.51;71.24 123.90;79.26 131.30;81.11 142.41;61.99 150.43;47.18 147.34;36.69 149.19
LS37_s03a_sc07,LS37,AF568,roi,Dm,,72.29,104.46,0.0,LS37_3a.czi,7,-31602.25,10104.38,-32073,8984,945,2039,,,453689.0,polygon,55.20 114.03;42.86 112.18;41.63 97.99;61.37 89.35;76.18 85.65;89.13 91.82;102.71 106.01;109.49 112.79;78.03 117.73;66.31 117.11
LS37_s03a_sc07,LS37,AF568,roi,POA,,127.72,151.38,0.0,LS37_3a.czi,7,-31087.13,8018.81,-32111,7622,1847,788,,,368304.9,polygon,124.30 141.17;114.43 149.19;115.04 165.85;116.89 182.51;127.38 184.98;131.08 173.25;133.55 165.23;139.11 141.17;147.13 115.26;130.47 117.11;125.53 129.45
LS37_s03a_sc07,LS37,AF568,roi,Dm,,174.76,62.39,0.0,LS37_3a.czi,7,-33601.16,7804.88,-34203,7328,1302,1056,,,357630.2,polygon,183.53 39.99;166.25 54.18;154.53 60.35;147.13 78.86;152.68 83.18;176.12 78.24;188.46 68.99;192.78 60.97;194.63 51.10;191.55 48.01
LS37_s03a_sc07,LS37,AF568,roi,Dl,,231.22,88.73,0.0,LS37_3a.czi,7,-33567.97,5939.69,-33999,5387,1025,1155,,,252686.8,polygon,245.84 76.39;235.97 76.39;226.71 78.24;214.99 85.03;203.27 102.30;213.14 106.62;224.86 97.37;243.37 95.52;251.39 88.73;252.62 80.71
LS37_s05a_sc04,LS37,AF568,background,__background__,,238.43,141.17,8.0,LS37_5a.czi,4,-52507.61,21473.1,-53017,20964,1018,1018,330.6,330.6,343288.2,disc,
LS37_s05a_sc04,LS37,AF568,background,__background__,,199.57,114.64,8.02,LS37_5a.czi,4,-52758.72,24453.66,-53269,23943,1020,1021,331.4,331.4,345006.8,disc,
LS37_s05a_sc04,LS37,AF568,background,__background__,,195.25,172.64,8.0,LS37_5a.czi,4,-49414.61,22876.74,-49924,22368,1018,1018,330.6,330.6,343288.2,disc,
LS37_s05a_sc04,LS37,AF568,background,__background__,,123.06,160.91,8.02,LS37_5a.czi,4,-47803.37,27237.92,-48314,26728,1021,1020,331.4,331.4,345006.8,disc,
LS37_s05a_sc04,LS37,AF568,roi,Nucleus Anterior tuberal,,157.95,182.46,0.0,LS37_5a.czi,4,-47703.49,24632.92,-48674,23413,1836,2523,,,1234612.5,polygon,144.04 188.06;144.04 188.06;154.53 191.76;163.17 189.29;172.42 189.91;176.12 189.29;177.97 184.98;179.21 176.95;166.25 172.64;160.08 168.93;142.81 170.79;137.87 176.34;134.79 184.98
LS37_s05a_sc04,LS37,AF568,roi,Nucleus Lateral tuberal,,158.09,201.49,0.0,LS37_5a.czi,4,-46655.03,24029.36,-47724,22618,1895,3001,,,1268990.7,polygon,142.81 203.48;148.36 209.65;152.68 213.35;166.87 213.97;173.04 212.74;181.06 205.95;180.44 197.31;176.12 192.38;163.78 192.38;153.29 193.61;147.13 194.23;134.17 193.00;135.40 197.31
LS37_s05a_sc05,LS37,AF568,background,__background__,,193.4,166.47,8.0,LS37_5a.czi,5,-39823.5,6495.94,-40179,6042,711,908,294.9,230.6,213668.5,disc,
LS37_s05a_sc05,LS37,AF568,background,__background__,,236.58,152.28,8.0,LS37_5a.czi,5,-41363.0,4831.86,-41718,4378,710,908,294.9,230.6,213668.5,disc,
LS37_s05a_sc05,LS37,AF568,background,__background__,,105.17,70.84,8.0,LS37_5a.czi,5,-41385.52,13599.59,-41741,13145,711,909,294.9,230.6,213668.5,disc,
LS37_s05a_sc05,LS37,AF568,background,__background__,,107.02,151.66,8.0,LS37_5a.czi,5,-38375.55,11108.53,-38731,10654,711,909,294.9,230.6,213668.5,disc,
LS37_s05a_sc05,LS37,AF568,background,__background__,,46.56,167.08,8.0,LS37_5a.czi,5,-36388.01,13570.75,-36743,13117,710,908,294.9,230.6,213668.5,disc,
LS37_s05a_sc05,LS37,AF568,roi,Nucleus Anterior tuberal,,134.94,175.31,0.0,LS37_5a.czi,5,-38131.01,9057.09,-38894,7915,1505,2371,,,853171.0,polygon,118.75 184.98;127.38 185.59;132.94 183.12;142.19 186.21;152.06 184.98;159.46 173.87;156.38 168.32;144.66 165.85;140.96 164.00;118.13 165.85;113.81 168.32;112.58 172.64
LS37_s05a_sc05,LS37,AF568,roi,Nucleus Lateral tuberal,,127.92,196.04,0.0,LS37_5a.czi,5,-37184.79,8780.15,-37953,7335,1379,2706,,,972758.3,polygon,115.66 199.78;116.89 203.48;127.38 210.89;140.96 209.65;147.13 207.80;155.15 200.40;155.15 193.61;148.98 188.68;142.19 188.06;131.70 185.59;123.06 185.59;116.89 186.21;111.34 188.06;103.32 193.61;102.71 196.70;108.26 198.55
LS37_s05a_sc06,LS37,AF568,background,__background__,,99.62,140.55,8.0,LS37_5a.czi,6,-35730.63,26953.19,-36124,26512,786,882,286.4,255.2,229617.0,disc,
LS37_s05a_sc06,LS37,AF568,background,__background__,,174.27,136.85,8.0,LS37_5a.czi,6,-37316.0,23240.92,-37709,22800,786,882,286.4,255.2,229617.0,disc,
LS37_s05a_sc06,LS37,AF568,background,__background__,,156.38,118.34,8.0,LS37_5a.czi,6,-37813.78,24544.07,-38207,24103,786,882,286.4,255.2,229617.0,disc,
LS37_s05a_sc06,LS37,AF568,background,__background__,,238.43,102.92,8.0,LS37_5a.czi,6,-40070.05,20705.84,-40463,20265,786,882,286.4,255.2,229617.0,disc,
LS37_s05a_sc06,LS37,AF568,background,__background__,,49.65,173.25,8.0,LS37_5a.czi,6,-33301.77,28793.85,-33695,28353,786,882,286.4,255.2,229617.0,disc,
LS37_s05a_sc06,LS37,AF568,roi,Nucleus Anterior tuberal,,133.55,166.8,0.0,LS37_5a.czi,6,-35187.29,24670.44,-35802,23495,1198,2358,,,696281.5,polygon,127.38 173.25;137.87 173.87;144.66 174.49;154.53 171.40;157.61 164.62;141.57 156.60;135.40 157.21;123.68 157.83;111.96 162.77;113.19 168.32;121.21 174.49
LS37_s05a_sc06,LS37,AF568,roi,Nucleus Lateral tuberal,,139.93,182.51,0.0,LS37_5a.czi,6,-34597.58,24011.52,-35391,22640,1546,2566,,,991292.7,polygon,121.21 184.98;118.13 189.91;126.77 193.61;136.02 195.46;148.98 195.46;158.85 194.23;165.63 185.59;162.55 174.49;159.46 174.49;154.53 174.49;143.42 173.87;133.55 174.49;126.77 174.49;124.30 175.10;118.75 176.95
LS37_s05a_sc07,LS37,AF568,background,__background__,,114.23,125.65,8.0,LS37_5a.czi,7,-25633.44,6031.23,-26007,5475,747,1112,361.2,242.4,275070.0,disc,
LS37_s05a_sc07,LS37,AF568,background,__background__,,122.91,143.6,8.0,LS37_5a.czi,7,-26040.27,7276.47,-26414,6720,747,1113,361.2,242.4,275070.0,disc,
LS37_s05a_sc07,LS37,AF568,background,__background__,,176.73,126.23,8.0,LS37_5a.czi,7,-23851.45,9466.12,-24225,8910,747,1112,361.2,242.4,275070.0,disc,
LS37_s05a_sc07,LS37,AF568,background,__background__,,216.71,114.16,8.0,LS37_5a.czi,7,-22256.01,11128.5,-22629,10572,746,1113,361.2,242.4,275070.0,disc,
LS37_s05a_sc07,LS37,AF568,background,__background__,,138.3,169.12,8.0,LS37_5a.czi,7,-26530.69,9213.24,-26904,8657,747,1112,361.2,242.4,275070.0,disc,
LS37_s05a_sc07,LS37,AF568,roi,Migrated posterior tuberal nucleus,,150.6,111.61,0.0,LS37_5a.czi,7,-24070.02,7411.97,-24766,6415,1425,2202,,,556119.0,polygon,160.49 115.00;153.10 115.51;140.31 118.26;135.38 118.61;132.53 113.24;133.55 110.08;146.04 103.02;162.83 104.32;169.16 106.35;172.62 111.68
LS37_s05a_sc07,LS37,AF568,roi,Nucleus Anterior tuberal,,179.73,96.34,0.0,LS37_5a.czi,7,-22670.44,8344.83,-23108,7625,805,1342,,,305109.9,polygon,184.17 91.08;189.97 94.38;190.18 97.46;185.08 104.00;175.89 105.26;171.15 99.41;168.87 93.38;174.28 91.15;177.97 90.89
LS37_s05a_sc07,LS37,AF568,roi,Nucleus Lateral tuberal,,154.09,90.99,0.0,LS37_5a.czi,7,-23214.3,6715.94,-24024,5451,1648,2325,,,804804.3,polygon,167.48 82.35;171.79 82.05;175.91 87.94;171.29 92.60;156.86 98.55;150.80 100.21;140.25 99.72;135.19 98.21;134.19 92.72;134.95 85.86;156.23 80.66
LS37_s05a_sc07,LS37,AF568,roi,Nucleus Anterior tuberal,,128.78,101.82,0.0,LS37_5a.czi,7,-24341.09,5800.62,-24736,5193,873,1120,,,299610.2,polygon,125.79 96.40;133.66 93.99;138.14 96.15;138.44 100.46;135.67 104.98;128.71 111.65;122.21 107.16;118.31 104.34;118.09 101.26
LS37_s05a_sc08,LS37,AF568,background,__background__,,111.34,118.34,9.42,LS37_5a.czi,8,-21459.79,25128.38,-21825,24584,730,1088,353.3,237.1,263109.6,disc,
LS37_s05a_sc08,LS37,AF568,background,__background__,,143.42,100.45,8.0,LS37_5a.czi,8,-22824.39,24531.3,-23135,24069,621,924,300.0,201.3,189764.4,disc,
LS37_s05a_sc08,LS37,AF568,background,__background__,,207.59,75.16,8.0,LS37_5a.czi,8,-25264.11,22912.63,-25574,22451,620,924,300.0,201.3,189764.4,disc,
LS37_s05a_sc08,LS37,AF568,background,__background__,,143.42,51.71,8.0,LS37_5a.czi,8,-24170.71,26501.83,-24481,26040,621,924,300.0,201.3,189764.4,disc,
LS37_s05a_sc08,LS37,AF568,background,__background__,,78.03,159.68,8.0,LS37_5a.czi,8,-19414.07,24828.01,-19724,24366,620,924,300.0,201.3,189764.4,disc,
LS37_s05a_sc08,LS37,AF568,roi,Migrated posterior tuberal nucleus,,114.09,166.28,0.0,LS37_5a.czi,8,-20210.19,23077.01,-20871,21991,1229,2150,,,573564.0,polygon,103.32 157.83;109.49 159.06;122.45 159.68;132.32 160.30;136.02 164.00;137.25 169.55;128.62 174.49;118.75 178.19;103.32 173.87;100.24 172.64;97.77 170.79;96.54 164.00;97.15 157.21
LS37_s05a_sc08,LS37,AF568,roi,Nucleus Anterior tuberal,,84.02,184.71,0.0,LS37_5a.czi,8,-18885.21,23569.53,-19239,23020,828,1115,,,236163.0,polygon,85.43 191.14;73.09 191.14;71.86 183.12;82.96 175.72;87.90 175.72;94.68 187.44;92.22 188.68
LS37_s05a_sc08,LS37,AF568,roi,Nucleus Lateral tuberal,,107.97,193.24,0.0,LS37_5a.czi,8,-19299.43,22238.92,-20054,20769,1429,2684,,,581420.3,polygon,92.83 196.70;87.28 197.31;83.58 188.06;95.30 184.36;105.17 183.12;110.11 186.83;121.21 187.44;129.85 187.44;136.02 201.02;123.68 202.25;113.81 203.48;109.49 199.16;106.41 193.61;104.56 191.76;100.24 196.08
LS37_s05a_sc08,LS37,AF568,roi,Nucleus Anterior tuberal,,136.64,180.92,0.0,LS37_5a.czi,8,-20417.65,21557.01,-20845,21040,878,1209,,,302387.8,polygon,140.96 189.29;129.85 190.53;125.53 180.66;126.77 173.87;137.87 170.79;149.59 178.19;145.89 183.12
LS37_s06a_sc00,LS37,AF568,background,__background__,,158.85,157.83,8.0,LS37_6a.czi,0,-78018.88,5776.94,-78396,5295,754,964,312.8,244.6,240313.0,disc,
LS37_s06a_sc00,LS37,AF568,background,__background__,,105.17,142.41,8.0,LS37_6a.czi,0,-76963.05,8852.82,-77340,8371,754,963,312.8,244.6,240313.0,disc,
LS37_s06a_sc00,LS37,AF568,background,__background__,,92.22,130.07,8.0,LS37_6a.czi,0,-77020.17,9926.21,-77397,9445,754,963,312.8,244.6,240313.0,disc,
LS37_s06a_sc00,LS37,AF568,background,__background__,,198.95,80.71,12.97,LS37_6a.czi,0,-82014.15,6886.42,-82625,6106,1221,1561,507.1,396.5,631651.0,disc,
LS37_s06a_sc00,LS37,AF568,background,__background__,,169.34,73.31,8.11,LS37_6a.czi,0,-81391.75,8540.59,-81774,8052,764,977,317.1,247.9,246967.0,disc,
LS37_s06a_sc00,LS37,AF568,background,__background__,,130.47,67.76,8.0,LS37_6a.czi,0,-80424.07,10551.99,-80801,10070,754,964,312.8,244.6,240313.0,disc,
LS37_s06a_sc00,LS37,AF568,background,__background__,,133.55,97.99,8.0,LS37_6a.czi,0,-79423.08,9247.49,-79800,8766,754,963,312.8,244.6,240313.0,disc,
LS37_s06a_sc00,LS37,AF568,roi,Nucleus Posterior Tuberal,,113.01,189.05,0.0,LS37_6a.czi,0,-75511.51,6697.34,-76084,5737,1348,2312,,,688564.7,polygon,89.75 191.14;92.83 178.19;105.79 176.95;121.21 180.04;128.00 186.83;130.47 193.00;124.30 200.40;122.45 202.25;107.64 191.14;107.64 190.53
LS37_s06a_sc01,LS37,AF568,background,__background__,,89.7,145.2,8.0,LS37_6a.czi,1,-76094.95,25760.63,-76434,25326,678,869,282.2,220.1,195116.8,disc,
LS37_s06a_sc01,LS37,AF568,background,__background__,,64.47,126.98,7.9,LS37_6a.czi,1,-75433.75,27221.19,-75769,26792,670,858,278.6,217.4,190269.3,disc,
LS37_s06a_sc01,LS37,AF568,background,__background__,,213.93,96.99,8.0,LS37_6a.czi,1,-81728.82,25403.81,-82068,24969,678,869,282.2,220.1,195116.8,disc,
LS37_s06a_sc01,LS37,AF568,background,__background__,,157.98,41.72,8.0,LS37_6a.czi,1,-80518.88,29379.41,-80858,28945,678,869,282.2,220.1,195116.8,disc,
LS37_s06a_sc01,LS37,AF568,background,__background__,,234.12,161.64,8.0,LS37_6a.czi,1,-81394.58,21753.8,-81734,21319,678,869,282.2,220.1,195116.8,disc,
LS37_s06a_sc01,LS37,AF568,roi,Nucleus Posterior Tuberal,,66.0,183.46,0.0,LS37_6a.czi,1,-74519.01,24388.49,-75278,23029,1396,2742,,,923216.2,polygon,55.43 184.90;43.51 169.93;50.22 162.60;70.82 167.76;82.76 177.03;84.49 199.05;79.65 204.79;60.47 198.43;66.67 186.68
LS45_s03a_sc01,LS45,AF568,background,__background__,,74.94,114.64,8.0,LS45_3a.czi,1,-82930.71,25672.39,-83107,25428,352,489,158.5,114.0,56744.1,disc,
LS45_s03a_sc01,LS45,AF568,background,__background__,,58.9,59.73,8.0,LS45_3a.czi,1,-84182.07,25559.84,-84358,25316,352,488,158.5,114.0,56744.1,disc,
LS45_s03a_sc01,LS45,AF568,background,__background__,,139.11,147.34,8.0,LS45_3a.czi,1,-81776.3,24175.29,-81952,23931,352,489,158.5,114.0,56744.1,disc,
LS45_s03a_sc01,LS45,AF568,background,__background__,,98.39,138.09,8.0,LS45_3a.czi,1,-82271.94,25245.07,-82448,25001,352,488,158.5,114.0,56744.1,disc,
LS45_s03a_sc01,LS45,AF568,roi,Dl,,29.7,74.44,0.0,LS45_3a.czi,1,-84097.81,26549.26,-84979,25964,1750,1182,,,560011.4,polygon,12.01 38.14;6.46 54.18;6.46 67.76;13.25 82.56;31.76 111.56;43.48 111.56;56.43 102.92;56.43 91.82;46.56 79.48;32.99 67.14;27.44 50.48;23.12 35.67
LS45_s03a_sc01,LS45,AF568,roi,Dm,,102.86,90.94,0.0,LS45_3a.czi,1,-83209.77,24625.99,-84020,24176,1482,915,,,359371.7,polygon,85.43 67.14;89.13 56.65;96.54 57.27;108.87 77.63;117.51 88.11;116.89 107.86;119.98 115.88;114.43 118.34;111.96 120.20;93.45 109.71;90.98 87.50;89.13 85.03
LS45_s03a_sc01,LS45,AF568,roi,POA,,120.6,176.95,0.0,LS45_3a.czi,1,-81304.99,25013.76,-81743,24096,850,1945,,,453633.0,polygon,115.04 158.45;111.34 159.06;92.22 168.93;90.37 192.38;99.62 200.40;116.28 193.61;127.38 177.57;141.57 189.29;153.29 178.81;147.74 166.47;131.70 161.53
LS45_s03a_sc01,LS45,AF568,roi,Dm,,128.37,98.36,0.0,LS45_3a.czi,1,-82865.79,23972.73,-83518,23287,1198,1295,,,343075.8,polygon,128.62 116.49;132.94 110.32;139.11 99.22;145.27 85.65;145.89 80.71;142.19 71.46;139.11 67.76;125.53 67.76;116.28 75.78;116.28 93.67;115.66 111.56;115.04 120.20;116.89 122.66;122.45 126.98;124.30 125.13
LS45_s03a_sc01,LS45,AF568,roi,Dl,,180.59,114.64,0.0,LS45_3a.czi,1,-82139.17,22646.84,-82500,21762,688,1955,,,411400.9,polygon,169.95 134.39;200.80 122.66;206.35 120.81;209.44 109.09;208.20 106.01;202.03 97.99;181.67 96.75;176.12 106.62;162.55 111.56;150.83 115.88;148.98 120.20;150.21 133.77
LS45_s03a_sc02,LS45,AF568,background,__background__,,170.84,142.88,8.0,LS45_3a.czi,2,-69131.89,11497.8,-69364,11228,464,540,175.0,150.6,82800.3,disc,
LS45_s03a_sc02,LS45,AF568,background,__background__,,30.24,141.66,8.0,LS45_3a.czi,2,-69279.47,6768.13,-69512,6498,465,540,175.0,150.6,82800.3,disc,
LS45_s03a_sc02,LS45,AF568,background,__background__,,44.86,155.61,8.0,LS45_3a.czi,2,-69664.0,7280.84,-69896,7011,464,540,175.0,150.6,82800.3,disc,
LS45_s03a_sc02,LS45,AF568,roi,Dl,,208.13,179.62,0.0,LS45_3a.czi,2,-70146.21,12807.26,-70916,12314,1644,957,,,442522.2,polygon,220.82 199.99;221.53 188.14;216.43 182.60;216.69 149.81;206.05 149.36;199.10 152.26;193.92 170.07;196.15 180.03;200.73 193.67;205.58 206.11;212.40 203.82
LS45_s03a_sc02,LS45,AF568,roi,Dm,,163.97,176.12,0.0,LS45_3a.czi,2,-70102.4,11317.04,-70997,10738,1503,1131,,,453071.9,polygon,162.78 159.43;159.36 154.89;148.72 154.44;147.33 163.61;150.05 180.00;152.94 186.96;165.22 202.92;167.44 207.20;175.98 197.07;179.97 184.69;178.87 172.44;173.30 166.16;169.67 159.68
LS45_s03a_sc02,LS45,AF568,roi,POA,,171.22,104.61,0.0,LS45_3a.czi,2,-68024.31,11452.71,-68355,10454,689,2166,,,377465.1,polygon,167.97 115.72;204.22 106.00;205.95 103.86;196.56 94.85;188.13 92.99;163.32 99.54;144.90 94.23;141.58 103.60;152.44 111.67;156.65 112.60;161.68 115.60
LS45_s03a_sc02,LS45,AF568,roi,Dm,,131.85,153.89,0.0,LS45_3a.czi,2,-69501.1,10203.36,-70030,9609,919,957,,,207819.8,polygon,141.55 149.71;136.08 157.35;133.34 161.17;123.46 171.63;113.42 171.32;118.99 146.01;135.11 144.50;141.59 140.87;143.14 142.48
LS45_s04a_sc06,LS45,AF568,background,__background__,,153.97,141.15,8.0,LS45_4a.czi,6,-45514.91,9365.79,-45824,8925,619,881,286.1,200.9,180542.0,disc,
LS45_s04a_sc06,LS45,AF568,background,__background__,,101.72,133.83,8.0,LS45_4a.czi,6,-46557.12,11860.19,-46867,11420,619,881,286.1,200.9,180542.0,disc,
LS45_s04a_sc06,LS45,AF568,background,__background__,,108.9,166.83,8.0,LS45_4a.czi,6,-45274.27,12198.83,-45584,11758,619,881,286.1,200.9,180542.0,disc,
LS45_s04a_sc06,LS45,AF568,background,__background__,,34.89,143.89,8.0,LS45_4a.czi,6,-47198.31,15464.3,-47508,15024,619,881,286.1,200.9,180542.0,disc,
LS45_s04a_sc06,LS45,AF568,background,__background__,,229.34,154.14,8.0,LS45_4a.czi,6,-43924.96,5819.42,-44235,5379,620,881,286.1,200.9,180542.0,disc,
LS45_s04a_sc06,LS45,AF568,roi,Nucleus Anterior tuberal,,136.18,185.72,0.0,LS45_4a.czi,6,-44193.41,11217.41,-44566,9971,876,2220,,,578271.7,polygon,128.15 194.30;122.49 192.11;117.96 188.00;116.55 184.37;124.38 180.28;129.22 178.19;141.36 173.89;156.30 176.25;159.04 181.67;156.41 191.07;145.53 195.92;136.72 192.65
LS45_s04a_sc06,LS45,AF568,roi,Nucleus Lateral tuberal,,137.34,207.16,0.0,LS45_4a.czi,6,-43412.36,11615.2,-43882,10078,1084,2565,,,802965.5,polygon,127.31 202.37;131.45 198.46;141.89 197.34;152.98 196.79;162.81 195.69;163.07 213.59;145.50 220.63;134.94 219.29;130.04 220.15;123.20 219.25;116.34 205.38;121.06 200.82;134.77 203.24
LS45_s04a_sc08,LS45,AF568,background,__background__,,90.37,106.62,8.0,LS45_4a.czi,8,-33536.17,11810.22,-33864,11390,656,840,272.8,212.8,182401.5,disc,
LS45_s04a_sc08,LS45,AF568,background,__background__,,95.3,138.09,8.0,LS45_4a.czi,8,-32232.48,11806.16,-32560,11386,655,840,272.8,212.8,182401.5,disc,
LS45_s04a_sc08,LS45,AF568,background,__background__,,143.42,147.34,8.0,LS45_4a.czi,8,-31558.23,9385.04,-31886,8965,656,840,272.8,212.8,182401.5,disc,
LS45_s04a_sc08,LS45,AF568,background,__background__,,152.06,108.47,8.0,LS45_4a.czi,8,-33076.63,8626.33,-33405,8206,656,841,272.8,212.8,182401.5,disc,
LS45_s04a_sc08,LS45,AF568,roi,Nucleus Anterior tuberal,,114.35,188.14,0.0,LS45_4a.czi,8,-30089.18,11218.5,-30845,10101,1360,2149,,,718510.6,polygon,103.32 195.46;111.96 197.93;123.68 201.63;136.64 193.00;133.55 185.59;113.81 173.87;97.77 172.02;94.07 185.59
LS45_s04a_sc08,LS45,AF568,roi,Nucleus Lateral tuberal,,111.68,210.72,0.0,LS45_4a.czi,8,-29192.47,11537.44,-29803,10471,1357,2014,,,804120.9,polygon,95.92 202.25;92.83 202.25;108.87 196.08;115.66 196.08;123.06 201.63;125.53 203.48;134.17 223.23;126.15 226.93;109.49 226.31;102.09 220.76;94.68 218.91
LS45_s05a_sc00,LS45,AF568,background,__background__,,124.06,104.33,8.0,LS45_5a.czi,0,-80357.55,8234.16,-80729,7705,743,1058,343.7,241.3,260552.8,disc,
LS45_s05a_sc00,LS45,AF568,background,__background__,,106.64,92.43,8.0,LS45_5a.czi,0,-79380.7,8139.72,-79752,7611,743,1058,343.7,241.3,260552.8,disc,
LS45_s05a_sc00,LS45,AF568,background,__background__,,126.47,85.27,8.0,LS45_5a.czi,0,-79898.12,9322.31,-80270,8793,744,1058,343.7,241.3,260552.8,disc,
LS45_s05a_sc00,LS45,AF568,background,__background__,,144.93,67.94,10.61,LS45_5a.czi,0,-80073.57,10976.92,-80566,10275,985,1403,455.8,320.1,458296.4,disc,
LS45_s05a_sc00,LS45,AF568,roi,Nucleus Anterior tuberal,,102.25,46.52,0.0,LS45_5a.czi,0,-77902.37,10343.89,-78524,8949,1315,2799,,,1161810.4,polygon,117.55 32.91;123.83 36.48;120.52 44.97;110.40 51.15;98.79 59.41;96.77 62.75;90.94 64.47;83.21 57.28;83.18 46.77;96.35 29.89;103.26 25.63
LS45_s05a_sc00,LS45,AF568,roi,Nucleus Lateral tuberal,,87.03,27.03,0.0,LS45_5a.czi,0,-76787.8,10733.48,-77435,9183,1534,2943,,,1483696.8,polygon,105.63 17.95;106.08 23.23;97.60 36.12;90.15 41.65;81.04 46.17;76.95 48.02;69.47 43.05;66.31 27.91;70.70 16.89;84.73 5.76;93.09 5.12;102.57 12.45
LS45_s05a_sc01,LS45,AF568,background,__background__,,134.92,74.73,8.0,LS45_5a.czi,1,-78052.42,23851.67,-78514,23338,924,1027,333.3,300.0,314111.5,disc,
LS45_s05a_sc01,LS45,AF568,background,__background__,,124.08,98.53,11.34,LS45_5a.czi,1,-78746.05,25340.2,-79401,24613,1310,1454,472.4,425.3,631146.2,disc,
LS45_s05a_sc01,LS45,AF568,background,__background__,,130.34,138.74,8.0,LS45_5a.czi,1,-78501.97,27934.23,-78964,27421,924,1026,333.3,300.0,314111.5,disc,
LS45_s05a_sc01,LS45,AF568,background,__background__,,123.68,191.42,8.0,LS45_5a.czi,1,-79038.52,31284.84,-79501,30772,925,1026,333.3,300.0,314111.5,disc,
LS45_s05a_sc01,LS45,AF568,roi,Migrated posterior tuberal nucleus,,155.69,127.15,0.0,LS45_5a.czi,1,-77007.68,27274.03,-77571,26076,1097,2546,,,802596.5,polygon,160.50 134.06;160.44 141.48;153.63 148.30;146.26 134.00;146.09 129.03;148.66 114.39;157.26 108.36;164.02 108.98;164.35 125.73
LS45_s05a_sc01,LS45,AF568,roi,Nucleus Anterior tuberal,,175.26,152.23,0.0,LS45_5a.czi,1,-75952.79,28942.47,-76413,28289,756,1310,,,306925.5,polygon,179.21 153.10;178.37 162.32;167.81 162.60;167.81 148.97;178.37 141.88;179.99 144.50
LS45_s05a_sc01,LS45,AF568,roi,Nucleus Lateral tuberal,,188.9,128.3,0.0,LS45_5a.czi,1,-75097.44,27454.64,-75765,26152,1370,2574,,,1011848.6,polygon,193.40 140.15;194.07 146.40;187.09 148.25;180.05 143.89;177.48 131.26;179.55 122.16;182.06 114.95;188.71 109.98;196.36 107.58;200.49 116.63;198.65 130.09
LS45_s05a_sc01,LS45,AF568,roi,Nucleus Anterior tuberal,,179.72,101.39,0.0,LS45_5a.czi,1,-75548.34,25702.54,-76129,24733,948,1930,,,566457.2,polygon,185.53 104.12;185.97 99.20;185.02 89.21;175.36 86.47;172.57 89.93;169.66 101.44;174.35 111.16;182.56 116.24;186.42 114.73
LS45_s05a_sc02,LS45,AF568,background,__background__,,168.35,126.26,8.0,LS45_5a.czi,2,-65984.94,13778.11,-66328,13351,686,855,277.6,222.6,194139.2,disc,
LS45_s05a_sc02,LS45,AF568,background,__background__,,125.9,100.02,8.0,LS45_5a.czi,2,-65716.6,11135.29,-66060,10708,686,855,277.6,222.6,194139.2,disc,
LS45_s05a_sc02,LS45,AF568,background,__background__,,204.39,203.47,8.0,LS45_5a.czi,2,-68352.74,17238.18,-68696,16811,686,855,277.6,222.6,194139.2,disc,
LS45_s05a_sc02,LS45,AF568,background,__background__,,54.69,45.33,8.0,LS45_5a.czi,2,-64850.7,6465.64,-65194,6038,686,855,277.6,222.6,194139.2,disc,
LS45_s05a_sc02,LS45,AF568,roi,Migrated posterior tuberal nucleus,,158.06,76.52,0.0,LS45_5a.czi,2,-64229.98,12176.98,-64765,10757,1134,2569,,,937015.6,polygon,175.64 85.76;173.61 88.92;160.49 91.35;151.58 85.52;143.23 79.93;133.51 74.42;136.03 60.73;141.86 56.51;168.67 65.99;174.02 72.31;180.01 80.25
LS45_s05a_sc02,LS45,AF568,roi,Nucleus Anterior tuberal,,198.12,70.11,0.0,LS45_5a.czi,2,-63268.83,13980.78,-63634,13407,951,951,,,239676.7,polygon,199.86 55.87;205.94 69.88;205.21 71.58;199.29 79.12;191.11 76.28;187.30 67.94
LS45_s05a_sc02,LS45,AF568,roi,Nucleus Lateral tuberal,,181.96,35.31,0.0,LS45_5a.czi,2,-62200.13,12425.34,-62616,11161,864,2318,,,706839.4,polygon,197.75 48.25;195.08 49.79;179.28 44.36;165.11 38.29;162.44 35.13;162.19 21.60;171.75 19.66;189.90 27.43;193.95 30.51;202.13 38.05
LS45_s05a_sc02,LS45,AF568,roi,Nucleus Anterior tuberal,,149.28,38.22,0.0,LS45_5a.czi,2,-62893.87,10902.49,-63341,10450,943,1129,,,301233.2,polygon,156.44 31.89;161.95 40.96;151.90 48.74;147.21 48.74;142.02 45.17;141.37 38.85;145.34 26.46;148.02 24.92
LS45_s05a_sc05,LS45,AF568,background,__background__,,149.59,211.34,8.0,LS45_5a.czi,5,-48287.44,22194.25,-48750,21617,926,1154,374.8,300.6,353997.1,disc,
LS45_s05a_sc05,LS45,AF568,background,__background__,,138.48,193.03,8.0,LS45_5a.czi,5,-48284.71,23738.0,-48748,23161,926,1154,374.8,300.6,353997.1,disc,
LS45_s05a_sc05,LS45,AF568,background,__background__,,131.97,150.82,8.0,LS45_5a.czi,5,-49223.82,26585.12,-49687,26008,926,1154,374.8,300.6,353997.1,disc,
LS45_s05a_sc05,LS45,AF568,background,__background__,,117.09,129.27,8.0,LS45_5a.czi,5,-49131.33,28469.24,-49594,27892,926,1154,374.8,300.6,353997.1,disc,
LS45_s05a_sc05,LS45,AF568,roi,Nucleus Posterior Tuberal,,78.76,188.82,0.0,LS45_5a.czi,5,-45454.86,26222.69,-46741,24963,2483,2577,,,2036725.1,polygon,90.16 167.67;93.93 170.91;97.65 190.54;96.94 194.07;84.69 205.64;78.67 207.13;70.21 203.59;60.92 197.73;55.90 191.00;58.98 179.43;78.29 169.28
LS45_s06a_sc01,LS45,AF568,background,__background__,,130.24,55.54,8.0,LS45_6a.czi,1,-76386.81,23313.32,-76944,22756,1115,1115,362.0,362.0,411793.2,disc,
LS45_s06a_sc01,LS45,AF568,background,__background__,,139.19,71.04,8.0,LS45_6a.czi,1,-76707.06,24517.64,-77265,23960,1115,1115,362.0,362.0,411793.2,disc,
LS45_s06a_sc01,LS45,AF568,background,__background__,,152.79,107.13,8.0,LS45_6a.czi,1,-77809.77,26966.0,-78367,26409,1115,1114,362.0,362.0,411793.2,disc,
LS45_s06a_sc01,LS45,AF568,background,__background__,,162.6,124.28,8.0,LS45_6a.czi,1,-78168.69,28293.96,-78726,27736,1115,1115,362.0,362.0,411793.2,disc,
LS45_s06a_sc01,LS45,AF568,background,__background__,,183.49,132.03,8.0,LS45_6a.czi,1,-77519.18,29702.76,-78077,29145,1115,1115,362.0,362.0,411793.2,disc,
LS45_s06a_sc01,LS45,AF568,roi,Nucleus Posterior Tuberal,,197.25,73.48,0.0,LS45_6a.czi,1,-73963.3,27491.11,-75373,26050,2232,3253,,,2343832.6,polygon,184.64 89.50;196.52 101.35;212.65 94.87;217.60 83.16;212.42 74.73;204.77 66.92;199.73 64.01;199.91 60.42;192.81 52.31;186.53 54.95;180.17 65.33;179.28 74.18
LS45_s06a_sc04,LS45,AF568,background,__background__,,84.45,200.44,8.0,LS45_6a.czi,4,-46146.92,4954.39,-46557,4545,820,819,266.0,266.0,222304.7,disc,
LS45_s06a_sc04,LS45,AF568,background,__background__,,103.61,191.99,8.0,LS45_6a.czi,4,-47032.57,5557.03,-47442,5147,819,820,266.0,266.0,222304.7,disc,
LS45_s06a_sc04,LS45,AF568,background,__background__,,93.15,178.01,8.0,LS45_6a.czi,4,-46376.81,6163.45,-46787,5754,820,819,266.0,266.0,222304.7,disc,
LS45_s06a_sc04,LS45,AF568,background,__background__,,106.66,100.53,8.0,LS45_6a.czi,4,-46338.65,10186.64,-46748,9777,819,819,266.0,266.0,222304.7,disc,
LS45_s06a_sc04,LS45,AF568,background,__background__,,125.09,99.08,6.56,LS45_6a.czi,4,-47252.43,10430.34,-47588,10094,672,672,218.1,218.1,149477.7,disc,
LS45_s06a_sc04,LS45,AF568,background,__background__,,136.28,73.64,8.0,LS45_6a.czi,4,-47579.7,11813.9,-47989,11404,819,820,266.0,266.0,222304.7,disc,
LS45_s06a_sc04,LS45,AF568,roi,Nucleus Posterior Tuberal,,58.79,109.65,0.0,LS45_6a.czi,4,-44014.81,9284.3,-45207,7662,2075,2949,,,1921835.0,polygon,80.72 95.76;79.57 95.32;52.27 82.08;45.89 84.90;45.90 96.82;48.84 104.58;40.58 113.94;37.97 127.49;50.82 140.42;66.28 139.80;74.26 124.36;82.36 110.30
LS61_s01a_sc11,LS61,AF568,background,__background__,,232.29,163.66,8.0,LS61_1a.czi,11,-27576.5,6147.07,-27839,5842,525,610,198.2,170.5,106210.2,disc,
LS61_s01a_sc11,LS61,AF568,background,__background__,,148.89,56.92,8.0,LS61_1a.czi,11,-26056.68,10999.5,-26319,10694,525,611,198.2,170.5,106210.2,disc,
LS61_s01a_sc11,LS61,AF568,background,__background__,,136.35,42.16,8.0,LS61_1a.czi,11,-25815.09,11682.36,-26078,11377,526,611,198.2,170.5,106210.2,disc,
LS61_s01a_sc11,LS61,AF568,background,__background__,,225.68,177.75,8.0,LS61_1a.czi,11,-27227.55,5714.06,-27490,5409,525,610,198.2,170.5,106210.2,disc,
LS61_s01a_sc11,LS61,AF568,roi,Dl,,109.75,79.43,0.0,LS61_1a.czi,11,-24607.73,10644.35,-25382,9358,1443,2629,,,1103541.7,polygon,91.12 81.81;87.74 57.18;101.97 44.95;117.72 41.18;124.74 49.19;124.60 68.03;125.65 91.19;125.71 105.58;118.76 111.96;110.60 110.41;95.11 100.31;93.28 91.33
LS61_s01a_sc11,LS61,AF568,roi,Dm,,150.03,104.41,0.0,LS61_1a.czi,11,-25611.02,9264.21,-26418,8047,1420,2315,,,735377.9,polygon,142.22 131.65;135.83 121.10;132.60 108.62;141.40 87.43;152.98 73.20;162.61 72.42;167.18 77.59;163.48 103.63;155.33 129.48;146.69 139.04
LS61_s01a_sc11,LS61,AF568,roi,POA,,68.08,168.31,0.0,LS61_1a.czi,11,-22407.35,7912.61,-22773,7240,959,1415,,,331646.3,polygon,54.25 173.38;49.16 168.54;59.87 150.51;73.11 153.31;79.52 167.46;80.42 182.06;80.22 182.90
LS61_s01a_sc11,LS61,AF568,roi,Dm,,174.15,149.62,0.0,LS61_1a.czi,11,-25905.26,7340.92,-26914,6767,2127,1148,,,703528.0,polygon,158.14 143.65;139.56 153.46;147.96 164.96;155.06 167.15;171.56 165.81;180.23 163.45;197.73 147.08;203.95 141.87;197.67 132.69;190.14 128.60;173.67 137.13
LS61_s01a_sc11,LS61,AF568,roi,POA,,74.27,189.63,0.0,LS61_1a.czi,11,-22384.39,7066.69,-22863,6637,965,856,,,231916.5,polygon,60.80 196.10;62.27 193.77;66.26 184.87;76.70 177.10;83.69 177.92;87.41 182.87;89.66 190.17;72.36 202.09;69.29 201.78
LS61_s01a_sc11,LS61,AF568,roi,Dl,,190.22,199.59,0.0,LS61_1a.czi,11,-25900.18,5339.86,-26908,4420,2061,1753,,,965002.9,polygon,166.13 208.05;156.25 198.88;160.22 186.38;184.53 178.88;191.11 184.99;193.46 190.06;207.86 193.59;215.59 193.24;223.56 202.84;214.20 217.16;195.29 222.85;174.42 218.17
LS61_s02a_sc01,LS61,AF568,background,__background__,,164.13,207.95,8.0,LS61_2a.czi,1,-81311.97,22190.91,-81589,21869,554,644,208.8,179.7,117881.3,disc,
LS61_s02a_sc01,LS61,AF568,background,__background__,,176.96,190.59,8.0,LS61_2a.czi,1,-81524.72,23021.86,-81802,22700,554,644,208.8,179.7,117881.3,disc,
LS61_s02a_sc01,LS61,AF568,background,__background__,,160.29,188.24,8.0,LS61_2a.czi,1,-80955.49,22882.81,-81232,22561,553,644,208.8,179.7,117881.3,disc,
LS61_s02a_sc01,LS61,AF568,background,__background__,,168.7,67.25,8.0,LS61_2a.czi,1,-79806.31,27567.05,-80083,27245,554,644,208.8,179.7,117881.3,disc,
LS61_s02a_sc01,LS61,AF568,background,__background__,,42.17,148.34,8.0,LS61_2a.czi,1,-76648.69,22775.49,-76926,22454,554,643,208.8,179.7,117881.3,disc,
LS61_s02a_sc01,LS61,AF568,roi,Dl,,134.66,45.33,0.0,LS61_2a.czi,1,-78442.65,27929.71,-79390,26760,1698,2264,,,1018688.0,polygon,113.64 46.66;116.02 33.07;131.97 21.24;153.58 23.55;162.86 26.57;165.42 39.51;163.01 47.55;138.40 58.21;132.88 62.57;117.51 70.08;109.43 61.50;111.22 53.46
LS61_s02a_sc01,LS61,AF568,roi,Dm,,145.54,102.89,0.0,LS61_2a.czi,1,-79472.85,25904.57,-80459,24843,1831,2175,,,732649.2,polygon,165.88 106.14;178.76 94.95;169.42 82.06;163.86 82.09;154.03 87.10;149.13 92.69;138.07 99.55;128.85 103.93;121.46 105.84;115.35 114.52;115.39 120.07;128.38 124.30;148.68 116.13;160.37 111.12
LS61_s02a_sc01,LS61,AF568,roi,Dm,,141.65,148.52,0.0,LS61_2a.czi,1,-79882.91,24128.15,-81207,23514,2290,1142,,,810852.8,polygon,125.37 136.04;115.52 138.58;114.94 144.75;123.68 158.26;144.68 162.43;160.14 166.64;174.96 169.01;176.10 155.43;170.47 144.98;142.65 135.92;134.01 135.36;117.34 134.86
LS61_s02a_sc01,LS61,AF568,roi,Dl,,124.75,189.53,0.0,LS61_2a.czi,1,-79815.96,22348.41,-80811,20841,1902,2625,,,1040275.6,polygon,108.34 171.32;105.22 166.41;121.83 158.89;127.44 166.87;130.57 174.25;136.80 182.23;141.80 190.83;144.39 209.32;145.07 217.96;129.12 231.02;111.10 213.26;110.38 197.22;109.67 184.27
LS61_s02a_sc05,LS61,AF568,background,__background__,,171.03,139.72,8.0,LS61_2a.czi,5,-38582.16,9223.01,-38790,8975,415,496,160.8,134.5,67962.6,disc,
LS61_s02a_sc05,LS61,AF568,background,__background__,,150.31,143.72,8.0,LS61_2a.czi,5,-38054.33,9389.17,-38262,9141,415,496,160.8,134.5,67962.6,disc,
LS61_s02a_sc05,LS61,AF568,background,__background__,,143.17,167.81,8.0,LS61_2a.czi,5,-37617.94,8813.27,-37825,8565,414,496,160.8,134.5,67962.6,disc,
LS61_s02a_sc05,LS61,AF568,roi,Dl,,87.48,59.95,0.0,LS61_2a.czi,5,-37528.4,12566.52,-38274,11768,1527,1516,,,500096.2,polygon,108.73 37.62;95.96 36.28;85.40 35.23;79.07 38.71;76.46 45.45;72.04 64.54;62.40 77.42;77.37 92.17;82.54 90.95;89.39 82.19;96.07 70.81;103.91 57.18;107.85 50.79
LS61_s02a_sc05,LS61,AF568,roi,Dm,,141.27,78.18,0.0,LS61_2a.czi,5,-38578.03,11337.45,-39256,10526,1450,1488,,,529154.3,polygon,155.73 54.17;149.41 51.09;138.32 55.33;130.19 64.61;125.03 72.39;123.63 103.96;123.10 109.24;138.37 108.66;150.44 99.56;157.41 79.42;162.35 61.60
LS61_s02a_sc05,LS61,AF568,roi,POA,,111.63,144.11,0.0,LS61_2a.czi,5,-37148.28,9896.65,-37646,9240,1098,1386,,,389613.3,polygon,125.24 134.89;112.60 122.18;105.52 120.90;91.35 131.46;85.08 142.37;88.39 146.09;103.48 149.46;109.28 151.26;114.85 162.69;116.76 165.19;135.74 154.75;136.38 151.21;126.52 140.93
LS61_s02a_sc05,LS61,AF568,roi,Dm,,180.12,113.76,0.0,LS61_2a.czi,5,-39084.96,9824.91,-39778,9387,1491,840,,,387038.2,polygon,200.36 94.05;188.63 95.27;170.46 104.78;159.72 114.24;152.82 122.13;153.28 129.10;169.53 130.20;184.21 127.48;193.38 120.75;204.88 109.49;204.07 103.86
LS61_s02a_sc05,LS61,AF568,roi,Dl,,200.54,171.5,0.0,LS61_2a.czi,5,-38913.95,7941.57,-39597,7151,1335,1469,,,497738.1,polygon,223.55 166.84;212.41 157.09;201.04 150.41;179.79 159.69;173.70 160.09;170.51 164.68;173.23 172.80;189.83 179.13;205.73 188.13;212.11 192.08;230.05 185.64;234.58 181.41
LS61_s04a_sc07,LS61,AF568,background,__background__,,128.93,228.05,8.0,LS61_4a.czi,7,-29053.24,5482.78,-29408,5085,709,796,258.4,230.2,186849.3,disc,
LS61_s04a_sc07,LS61,AF568,background,__background__,,129.47,179.66,8.0,LS61_4a.czi,7,-28317.2,7740.83,-28672,7343,709,796,258.4,230.2,186849.3,disc,
LS61_s04a_sc07,LS61,AF568,background,__background__,,141.2,151.77,8.0,LS61_4a.czi,7,-28365.74,9243.12,-28720,8845,709,796,258.4,230.2,186849.3,disc,
LS61_s04a_sc07,LS61,AF568,background,__background__,,143.0,101.08,8.0,LS61_4a.czi,7,-27645.82,11630.21,-28000,11232,709,796,258.4,230.2,186849.3,disc,
LS61_s04a_sc07,LS61,AF568,roi,Nucleus Anterior tuberal,,77.73,122.04,0.0,LS61_4a.czi,7,-25271.95,9508.18,-25927,8725,1257,1697,,,590881.7,polygon,68.15 108.96;68.71 115.22;64.98 126.61;67.84 134.13;76.86 138.55;86.12 141.61;87.93 134.65;86.15 124.24;86.81 111.18;82.95 104.60;78.52 102.69
LS61_s04a_sc07,LS61,AF568,roi,Nucleus Lateral tuberal,,53.26,122.83,0.0,LS61_4a.czi,7,-24271.2,9041.05,-25126,7909,1542,2073,,,734078.0,polygon,61.57 112.82;62.06 110.11;57.77 104.29;48.96 104.96;42.21 108.23;41.79 119.93;43.01 124.07;42.60 135.77;45.04 144.06;65.72 144.40;65.51 139.32;62.86 125.95
LS61_s04a_sc08,LS61,AF568,background,__background__,,163.68,152.33,8.0,LS61_4a.czi,8,-27370.48,22454.27,-27868,21896,995,1117,362.9,323.3,368637.9,disc,
LS61_s04a_sc08,LS61,AF568,background,__background__,,162.16,170.87,8.0,LS61_4a.czi,8,-26280.68,22019.1,-26779,21460,996,1118,362.9,323.3,368637.9,disc,
LS61_s04a_sc08,LS61,AF568,background,__background__,,131.2,172.09,8.0,LS61_4a.czi,8,-25420.14,23953.73,-25918,23395,996,1117,362.9,323.3,368637.9,disc,
LS61_s04a_sc08,LS61,AF568,background,__background__,,123.91,140.01,8.0,LS61_4a.czi,8,-27052.26,25337.82,-27550,24779,996,1118,362.9,323.3,368637.9,disc,
LS61_s04a_sc08,LS61,AF568,roi,Nucleus Anterior tuberal,,135.92,188.38,0.0,LS61_4a.czi,8,-24617.39,23186.12,-25130,21773,1450,2623,,,846118.7,polygon,136.79 196.32;119.62 197.56;120.13 191.38;119.04 183.66;127.21 180.14;135.21 180.98;142.49 182.31;148.61 186.57;154.84 190.23;155.28 194.70
LS61_s04a_sc08,LS61,AF568,roi,Nucleus Lateral tuberal,,133.24,205.65,0.0,LS61_4a.czi,8,-23569.94,22861.18,-24357,21307,1803,2770,,,1118315.7,polygon,138.97 211.78;133.12 209.45;126.60 217.66;115.68 215.65;113.48 207.10;119.07 200.60;124.21 196.52;133.86 195.16;140.76 195.17;147.60 198.93;152.17 204.79;153.42 215.06
LS61_s04a_sc09,LS61,AF568,background,__background__,,153.29,117.11,8.0,LS61_4a.czi,9,-14795.35,9830.21,-15131,9411,672,838,271.9,218.1,186296.0,disc,
LS61_s04a_sc09,LS61,AF568,background,__background__,,173.04,131.3,8.0,LS61_4a.czi,9,-14561.19,8592.53,-14897,8174,672,837,271.9,218.1,186296.0,disc,
LS61_s04a_sc09,LS61,AF568,background,__background__,,95.92,103.54,8.0,LS61_4a.czi,9,-14403.61,12873.92,-14740,12455,672,838,271.9,218.1,186296.0,disc,
LS61_s04a_sc09,LS61,AF568,background,__background__,,93.45,132.53,8.0,LS61_4a.czi,9,-13240.19,12415.07,-13576,11996,672,838,271.9,218.1,186296.0,disc,
LS61_s04a_sc09,LS61,AF568,roi,Nucleus Anterior tuberal,,115.74,182.2,0.0,LS61_4a.czi,9,-11671.15,10346.91,-12270,8942,1349,2662,,,764255.7,polygon,105.79 173.87;97.77 173.87;94.07 174.49;90.37 180.66;89.75 185.59;96.54 193.61;105.79 188.06;112.58 189.91;123.06 190.53;132.94 192.38;140.96 188.68;144.66 182.51;143.42 178.19;133.55 177.57;123.68 175.10;116.89 170.17
LS61_s04a_sc09,LS61,AF568,roi,Nucleus Lateral tuberal,,113.02,204.49,0.0,LS61_4a.czi,9,-10763.48,10033.78,-11440,8495,1189,2898,,,1079327.5,polygon,96.54 210.89;114.43 213.35;123.06 217.67;137.87 221.38;144.66 202.87;137.87 197.31;116.28 192.38;105.79 188.68;90.37 193.00;84.81 204.72;91.60 207.19
LS61_s05a_sc00,LS61,AF568,background,__background__,,148.98,136.24,8.0,LS61_5a.czi,0,-80714.85,9068.89,-81133,8599,837,940,305.1,271.9,260575.2,disc,
LS61_s05a_sc00,LS61,AF568,background,__background__,,146.51,155.98,8.0,LS61_5a.czi,0,-79679.38,8959.6,-80098,8490,837,939,305.1,271.9,260575.2,disc,
LS61_s05a_sc00,LS61,AF568,background,__background__,,97.15,138.09,8.0,LS61_5a.czi,0,-80033.74,12014.33,-80452,11545,837,939,305.1,271.9,260575.2,disc,
LS61_s05a_sc00,LS61,AF568,background,__background__,,89.13,167.08,8.0,LS61_5a.czi,0,-78463.33,12105.44,-78882,11636,837,939,305.1,271.9,260575.2,disc,
LS61_s05a_sc00,LS61,AF568,roi,Migrated posterior tuberal nucleus,,122.28,181.67,0.0,LS61_5a.czi,0,-78093.91,10021.18,-78970,8653,1533,2809,,,1242919.0,polygon,112.58 192.38;117.51 191.76;129.23 191.76;138.49 192.38;145.89 179.42;147.74 174.49;131.08 166.47;119.98 167.70;103.94 173.87;97.77 178.81;100.85 189.29
LS61_s05a_sc00,LS61,AF568,roi,Nucleus Anterior tuberal,,101.06,211.64,0.0,LS61_5a.czi,0,-76324.07,10855.97,-76819,10264,1019,1191,,,350831.5,polygon,93.45 215.21;90.37 212.74;92.83 205.95;99.62 201.63;107.02 203.48;111.96 209.04;110.11 216.44;102.71 218.29;101.47 221.99
LS61_s05a_sc00,LS61,AF568,roi,Nucleus Lateral tuberal,,125.38,225.28,0.0,LS61_5a.czi,0,-75903.18,9289.58,-76899,7928,1547,2762,,,1132484.7,polygon,117.51 234.33;118.75 234.33;132.94 235.56;139.72 234.33;148.36 228.78;146.51 221.99;143.42 210.89;137.25 208.42;108.26 216.44;102.09 223.23;100.85 225.69;108.87 229.40
LS61_s05a_sc00,LS61,AF568,roi,Nucleus Anterior tuberal,,147.0,207.19,0.0,LS61_5a.czi,0,-77071.21,8280.96,-77595,7484,1048,1360,,,446416.7,polygon,152.68 216.44;145.27 217.06;138.49 215.21;136.64 209.65;139.11 201.02;140.96 199.16;145.27 197.31;151.44 197.93;160.08 207.19;160.08 210.89
LS61_s05a_sc01,LS61,AF568,background,__background__,,112.19,101.03,8.0,LS61_5a.czi,1,-79028.55,23678.88,-79480,23100,903,1157,375.6,293.0,345830.3,disc,
LS61_s05a_sc01,LS61,AF568,background,__background__,,120.5,86.54,8.0,LS61_5a.czi,1,-78107.6,23429.11,-78559,22851,903,1157,375.6,293.0,345830.3,disc,
LS61_s05a_sc01,LS61,AF568,background,__background__,,141.99,117.36,8.0,LS61_5a.czi,1,-78595.88,26070.17,-79047,25492,902,1157,375.6,293.0,345830.3,disc,
LS61_s05a_sc01,LS61,AF568,background,__background__,,149.99,100.67,8.0,LS61_5a.czi,1,-77594.11,25697.82,-78045,25119,902,1157,375.6,293.0,345830.3,disc,
LS61_s05a_sc01,LS61,AF568,roi,Migrated posterior tuberal nucleus,,147.76,68.06,0.0,LS61_5a.czi,1,-76307.43,24008.13,-77046,22876,1561,2305,,,1011388.7,polygon,153.89 53.97;162.89 63.75;165.52 72.54;161.45 76.75;147.99 80.56;138.56 77.41;134.06 72.52;130.87 63.46;136.05 59.79;146.27 59.89
LS61_s05a_sc01,LS61,AF568,roi,Nucleus Anterior tuberal,,172.14,57.62,0.0,LS61_5a.czi,1,-74953.28,24818.97,-75635,24317,1249,1289,,,463816.8,polygon,177.85 51.08;182.30 53.21;182.44 61.49;177.04 68.48;161.80 64.60;162.04 62.66;165.24 55.99;169.29 50.40;171.22 50.64
LS61_s05a_sc01,LS61,AF568,roi,Nucleus Lateral tuberal,,161.98,36.94,0.0,LS61_5a.czi,1,-74465.71,23276.3,-75088,22111,1258,2279,,,799614.6,polygon,173.70 34.04;179.55 37.53;173.64 47.01;167.30 47.40;156.20 43.44;147.01 38.36;147.49 34.48;151.74 24.20;161.15 25.98
LS61_s05a_sc01,LS61,AF568,roi,Nucleus Anterior tuberal,,139.38,46.42,0.0,LS61_5a.czi,1,-75712.68,22515.14,-76362,21672,1180,1750,,,626323.3,polygon,136.75 35.49;140.91 36.80;148.17 41.65;151.64 51.52;142.39 59.41;134.92 57.88;130.08 49.40;130.19 39.19
LS61_s05a_sc02,LS61,AF568,background,__background__,,119.07,135.8,8.0,LS61_5a.czi,2,-64668.16,9165.47,-65177,8656,1018,1019,330.6,330.6,343367.5,disc,
LS61_s05a_sc02,LS61,AF568,background,__background__,,117.22,175.58,8.0,LS61_5a.czi,2,-63717.88,11512.2,-64227,11003,1018,1018,330.6,330.6,343367.5,disc,
LS61_s05a_sc02,LS61,AF568,background,__background__,,145.58,127.66,2.0,LS61_5a.czi,2,-63353.34,7990.84,-63481,7863,255,255,82.7,82.7,21460.5,disc,
LS61_s05a_sc02,LS61,AF568,background,__background__,,137.39,169.55,8.0,LS61_5a.czi,2,-62713.17,10627.92,-63222,10119,1018,1018,330.6,330.6,343367.5,disc,
LS61_s05a_sc02,LS61,AF568,roi,Nucleus Posterior Tuberal,,176.78,160.43,0.0,LS61_5a.czi,2,-60680.48,9054.41,-61786,7756,2007,2464,,,1499773.2,polygon,161.09 167.04;161.52 167.80;178.31 181.31;181.83 177.79;187.50 171.02;191.76 160.03;193.71 152.88;184.06 141.31;177.51 139.53;167.73 149.66;159.51 156.38
LS61_s05a_sc08,LS61,AF568,background,__background__,,114.38,160.91,8.0,LS61_5a.czi,8,-23811.03,8227.03,-24318,7658,1014,1138,369.7,329.4,382580.4,disc,
LS61_s05a_sc08,LS61,AF568,background,__background__,,122.6,142.41,8.0,LS61_5a.czi,8,-22552.26,8502.02,-23059,7933,1014,1138,369.7,329.4,382580.4,disc,
LS61_s05a_sc08,LS61,AF568,background,__background__,,180.12,154.52,8.0,LS61_5a.czi,8,-22483.85,12680.36,-22991,12111,1014,1139,369.7,329.4,382580.4,disc,
LS61_s05a_sc08,LS61,AF568,background,__background__,,163.46,140.78,8.0,LS61_5a.czi,8,-21871.93,11307.23,-22379,10738,1014,1138,369.7,329.4,382580.4,disc,
LS61_s05a_sc08,LS61,AF568,background,__background__,,169.71,106.26,8.0,LS61_5a.czi,8,-19652.08,11190.63,-20159,10621,1014,1139,369.7,329.4,382580.4,disc,
LS61_s05a_sc08,LS61,AF568,roi,Nucleus Posterior Tuberal,,136.29,106.92,0.0,LS61_5a.czi,8,-20166.96,8885.49,-21085,7620,1836,2492,,,1467667.5,polygon,151.21 118.99;151.45 106.87;148.53 97.42;146.01 94.86;133.76 91.47;126.71 93.81;117.62 108.71;119.51 116.50;130.12 118.38;138.02 122.18
LS69_s01a_sc02,LS69,AF568,background,__background__,,182.77,85.95,8.0,LS69_1a.czi,2,-72556.11,17563.37,-72743,17340,374,447,144.9,121.1,55136.5,disc,
LS69_s01a_sc02,LS69,AF568,background,__background__,,195.94,106.02,8.0,LS69_1a.czi,2,-72003.6,17666.82,-72190,17443,373,447,144.9,121.1,55136.5,disc,
LS69_s01a_sc02,LS69,AF568,background,__background__,,201.09,129.91,8.0,LS69_1a.czi,2,-71510.57,18007.33,-71697,17784,373,447,144.9,121.1,55136.5,disc,
LS69_s01a_sc02,LS69,AF568,background,__background__,,143.27,185.94,8.0,LS69_1a.czi,2,-71447.48,20249.23,-71634,20026,373,447,144.9,121.1,55136.5,disc,
LS69_s01a_sc02,LS69,AF568,background,__background__,,155.94,104.44,8.0,LS69_1a.czi,2,-72656.49,18463.21,-72843,18240,373,447,144.9,121.1,55136.5,disc,
LS69_s01a_sc02,LS69,AF568,background,__background__,,100.15,166.7,8.0,LS69_1a.czi,2,-72454.08,20779.73,-72641,20556,374,447,144.9,121.1,55136.5,disc,
LS69_s01a_sc02,LS69,AF568,roi,Dl,,28.88,180.24,0.0,LS69_1a.czi,2,-73334.98,22504.6,-74277,21936,1981,1183,,,572801.0,polygon,7.17 174.48;15.06 194.99;22.28 205.76;25.14 204.59;39.74 205.39;56.59 213.28;72.74 200.64;49.63 183.99;33.94 175.36;28.92 157.28;25.07 145.65;13.63 139.55;7.54 154.59;6.83 167.82
LS69_s01a_sc02,LS69,AF568,roi,Dm,,88.92,142.38,0.0,LS69_1a.czi,2,-73049.63,20556.72,-73693,19868,1348,1436,,,364274.4,polygon,61.96 129.57;64.44 148.29;66.27 157.28;95.15 155.82;113.89 160.53;126.76 147.37;116.15 137.46;103.67 137.91;88.00 136.48;73.90 125.20;67.99 130.29
LS69_s01a_sc02,LS69,AF568,roi,Dm,,101.98,101.15,0.0,LS69_1a.czi,2,-73557.24,19515.87,-74502,19050,1764,941,,,401889.8,polygon,77.21 99.16;98.41 111.80;102.00 111.79;119.18 122.74;125.01 126.22;130.39 120.80;135.56 118.14;135.13 112.85;106.70 89.45;96.43 86.20;83.59 72.80;74.27 71.55;69.96 81.19;73.91 91.45
LS69_s01a_sc02,LS69,AF568,roi,Dl,,139.07,56.83,0.0,LS69_1a.czi,2,-73742.37,17921.04,-74477,17261,1457,1237,,,419602.1,polygon,113.01 37.90;105.42 47.02;108.51 53.89;129.28 68.43;138.71 71.90;158.73 78.08;169.18 71.39;172.11 58.05;165.00 53.09;146.58 47.86;123.27 37.55
LS69_s01a_sc03,LS69,AF568,background,__background__,,35.7,106.37,8.0,LS69_1a.czi,3,-72509.93,32380.65,-72752,32139,484,484,156.9,156.9,77350.8,disc,
LS69_s01a_sc03,LS69,AF568,background,__background__,,20.57,113.76,8.0,LS69_1a.czi,3,-72341.45,32860.01,-72583,32618,483,484,156.9,156.9,77350.8,disc,
LS69_s01a_sc03,LS69,AF568,background,__background__,,119.22,186.03,8.0,LS69_1a.czi,3,-69829.79,30156.55,-70072,29915,484,483,156.9,156.9,77350.8,disc,
LS69_s01a_sc03,LS69,AF568,background,__background__,,79.98,174.53,8.0,LS69_1a.czi,3,-70311.94,31292.33,-70554,31050,484,484,156.9,156.9,77350.8,disc,
LS69_s01a_sc03,LS69,AF568,roi,Dl,,37.13,149.05,0.0,LS69_1a.czi,3,-71225.74,32487.33,-71793,31537,1454,1620,,,453202.5,polygon,18.74 132.47;14.78 136.31;15.47 142.56;18.45 151.97;24.31 152.06;38.49 155.97;52.24 176.86;65.36 173.34;70.05 159.55;67.60 153.86;51.73 144.65;39.74 137.45;29.29 131.06;13.57 138.63
LS69_s01a_sc03,LS69,AF568,roi,Dm,,84.05,119.71,0.0,LS69_1a.czi,3,-71940.71,30978.27,-72667,30354,1558,1229,,,429146.5,polygon,71.55 96.94;66.60 101.75;62.77 110.08;65.38 118.32;77.19 124.93;83.73 131.27;86.71 140.68;89.94 146.77;106.52 133.75;104.68 125.91;102.07 117.68;92.86 107.01;82.61 101.20
LS69_s01a_sc03,LS69,AF568,roi,Dm,,114.91,112.9,0.0,LS69_1a.czi,3,-72036.69,30029.5,-72838,29652,1506,716,,,231584.9,polygon,104.61 90.99;101.27 92.69;108.87 106.46;111.94 110.02;113.48 125.07;112.65 128.57;120.74 135.71;125.28 131.68;128.15 122.35;127.33 111.61;109.74 86.77
LS69_s01a_sc03,LS69,AF568,roi,Dl,,147.43,109.12,0.0,LS69_1a.czi,3,-72036.05,29041.59,-72745,28240,1394,1273,,,307106.0,polygon,172.11 91.58;158.76 84.17;148.73 89.29;143.05 104.03;136.50 111.94;134.12 114.64;133.23 122.04;136.77 133.21;144.23 130.20;149.72 114.86;164.51 104.35
LS69_s01a_sc04,LS69,AF568,background,__background__,,186.92,82.96,8.0,LS69_1a.czi,4,-63370.23,7079.21,-63548,6867,355,424,137.5,114.9,49637.0,disc,
LS69_s01a_sc04,LS69,AF568,background,__background__,,65.72,179.79,8.0,LS69_1a.czi,4,-63817.03,11145.08,-63994,10933,354,424,137.5,114.9,49637.0,disc,
LS69_s01a_sc04,LS69,AF568,background,__background__,,224.04,154.18,8.0,LS69_1a.czi,4,-61687.51,7755.7,-61865,7544,355,424,137.5,114.9,49637.0,disc,
LS69_s01a_sc04,LS69,AF568,background,__background__,,233.84,135.13,8.0,LS69_1a.czi,4,-61823.33,7213.18,-62001,7001,355,424,137.5,114.9,49637.0,disc,
LS69_s01a_sc04,LS69,AF568,roi,Dl,,61.73,215.03,0.0,LS69_1a.czi,4,-63340.55,11889.54,-64365,10895,1706,2100,,,655239.7,polygon,20.06 196.51;8.49 203.53;27.70 240.27;39.43 232.66;55.45 232.65;69.54 237.23;79.43 231.66;90.07 225.66;96.81 219.86;105.51 213.96;99.91 199.58;86.17 198.31;80.76 199.36;54.46 208.67;45.28 204.83;28.62 195.69
LS69_s01a_sc04,LS69,AF568,roi,Dm,,77.95,144.81,0.0,LS69_1a.czi,4,-64158.26,10254.56,-64928,9587,1563,1433,,,545898.6,polygon,42.80 131.12;39.08 146.73;43.44 151.79;52.61 155.63;60.93 157.96;72.39 160.51;87.84 164.83;94.54 166.06;110.34 157.66;118.20 154.73;117.41 150.67;109.47 140.12;102.90 133.80;91.25 127.35;82.60 126.21;68.80 127.48;55.49 126.97;52.95 126.90
LS69_s01a_sc04,LS69,AF568,roi,Vd,,113.41,176.26,0.0,LS69_1a.czi,4,-63111.44,10203.83,-63477,9868,642,655,,,144108.7,polygon,118.85 163.88;110.86 160.37;97.61 168.84;97.30 174.52;104.22 184.13;112.90 189.76;115.44 189.83;123.54 183.76;127.48 176.54;125.84 170.95
LS69_s01a_sc04,LS69,AF568,roi,Vv,,165.35,160.95,0.0,LS69_1a.czi,4,-62518.67,8960.27,-63066,7898,1152,2058,,,662948.4,polygon,143.42 163.05;136.65 164.36;132.24 177.86;136.52 185.47;149.19 192.85;163.95 195.05;170.76 186.70;172.52 182.71;173.82 173.46;177.79 170.73;192.88 171.74;201.19 158.04;189.57 128.54;185.41 127.37;173.19 125.24;165.56 125.04;163.60 136.66;162.27 141.41;151.06 151.73
LS69_s01a_sc04,LS69,AF568,roi,Vl,,153.2,211.18,0.0,LS69_1a.czi,4,-61942.46,10139.85,-62198,9763,555,825,,,151023.8,polygon,145.54 205.92;138.40 215.45;142.35 224.24;153.73 229.34;166.96 216.38;167.60 209.52;156.92 195.00;154.11 193.58
LS69_s01a_sc04,LS69,AF568,roi,Dm,,102.1,105.0,0.0,LS69_1a.czi,4,-64383.63,9053.57,-65378,8610,2005,961,,,636603.8,polygon,64.27 79.46;69.87 93.83;87.80 116.78;91.99 122.43;100.33 129.24;119.21 139.64;128.62 140.34;139.17 132.40;137.56 119.78;128.53 110.85;121.96 104.54;110.36 91.05;101.06 80.76;86.01 72.72;77.52 70.99;69.33 75.11
LS69_s01a_sc04,LS69,AF568,roi,Vd,,154.69,118.87,0.0,LS69_1a.czi,4,-63333.34,8353.99,-63726,7874,772,878,,,197388.3,polygon,155.80 137.04;148.41 133.70;140.70 120.02;139.22 113.84;144.59 103.81;159.82 99.73;166.12 104.69;169.39 127.39;168.13 129.60
LS69_s01a_sc04,LS69,AF568,roi,Vl,,212.64,123.0,0.0,LS69_1a.czi,4,-62346.92,7370.63,-62743,6869,709,907,,,182584.5,polygon,214.10 134.74;206.23 137.67;199.07 131.19;196.48 122.14;201.48 108.80;215.09 103.64;223.68 107.31;225.28 119.93;224.83 130.70;220.11 133.86
LS69_s01a_sc04,LS69,AF568,roi,Dl,,128.76,47.5,0.0,LS69_1a.czi,4,-64840.11,7469.57,-66140,6944,2405,1578,,,795840.7,polygon,70.29 23.49;85.09 18.66;102.66 22.28;115.04 23.82;128.18 24.92;139.76 33.92;145.56 40.67;158.16 50.59;167.27 56.98;170.70 63.06;167.41 79.43;161.16 83.45;144.76 75.67;125.29 65.11;113.11 55.95;65.74 42.08
LS69_s01a_sc05,LS69,AF568,background,__background__,,65.3,140.79,8.0,LS69_1a.czi,5,-62160.56,25389.05,-62348,25165,375,448,145.4,121.6,55571.5,disc,
LS69_s01a_sc05,LS69,AF568,background,__background__,,49.7,146.5,8.0,LS69_1a.czi,5,-62086.9,25845.27,-62274,25621,375,449,145.4,121.6,55571.5,disc,
LS69_s01a_sc05,LS69,AF568,background,__background__,,165.36,27.92,8.0,LS69_1a.czi,5,-64393.44,22122.73,-64581,21898,375,449,145.4,121.6,55571.5,disc,
LS69_s01a_sc05,LS69,AF568,background,__background__,,133.1,37.84,8.0,LS69_1a.czi,5,-64284.71,23057.75,-64472,22834,375,448,145.4,121.6,55571.5,disc,
LS69_s01a_sc05,LS69,AF568,background,__background__,,208.98,208.55,8.0,LS69_1a.czi,5,-60060.19,21723.92,-60248,21500,375,448,145.4,121.6,55571.5,disc,
LS69_s01a_sc05,LS69,AF568,roi,Dl,,43.24,165.78,0.0,LS69_1a.czi,5,-61665.84,26109.64,-62772,25094,2019,1859,,,751882.4,polygon,18.22 133.98;11.60 149.22;12.72 165.79;14.41 171.40;19.89 178.10;54.13 197.74;58.64 199.85;78.14 199.67;84.28 192.32;79.90 181.83;72.79 171.74;62.77 168.24;49.31 164.15;36.15 132.65;26.31 122.99;12.62 122.83
LS69_s01a_sc05,LS69,AF568,roi,Dm,,104.49,125.14,0.0,LS69_1a.czi,5,-62375.74,24237.12,-63187,23624,1865,1355,,,489101.4,polygon,87.31 92.79;79.75 98.13;74.05 102.90;78.38 111.17;86.95 117.96;94.65 124.61;96.07 139.46;102.98 148.18;115.04 157.79;122.60 165.29;126.24 167.25;116.67 161.17;129.13 140.30;124.66 120.05;119.62 110.77;117.19 109.46;112.89 108.72;102.81 103.00;98.25 98.67
LS69_s01a_sc05,LS69,AF568,roi,Vd,,139.59,162.27,0.0,LS69_1a.czi,5,-61387.54,23433.53,-61942,22677,1200,1715,,,466970.0,polygon,107.77 174.24;108.36 183.64;125.88 192.42;134.75 184.66;142.07 183.27;142.70 174.52;146.61 167.23;155.84 159.97;164.05 153.42;163.76 142.30;160.14 135.04;151.96 136.28;141.61 139.80;130.37 148.49;117.98 158.74
LS69_s01a_sc05,LS69,AF568,roi,Vv,,158.43,193.01,0.0,LS69_1a.czi,5,-60607.52,23050.42,-61331,21969,1348,2035,,,703257.1,polygon,125.91 199.96;125.67 203.90;132.58 212.62;136.07 215.43;150.10 221.40;159.88 216.01;170.26 207.17;185.41 204.04;194.28 196.27;194.76 175.55;186.55 169.26;176.86 158.73;163.84 164.89;156.99 171.24;142.22 182.41;133.50 189.31
LS69_s01a_sc05,LS69,AF568,roi,Vl,,112.21,219.43,0.0,LS69_1a.czi,5,-60169.89,24444.5,-60501,24085,644,765,,,125198.1,polygon,114.99 227.29;108.14 233.63;98.51 225.33;98.83 218.30;109.51 207.75;112.18 205.11;119.68 210.39;125.43 220.68;122.67 226.40
LS69_s01a_sc05,LS69,AF568,roi,Dm,,138.71,101.57,0.0,LS69_1a.czi,5,-62792.32,23187.09,-63817,22639,1913,963,,,550465.2,polygon,123.58 59.66;123.43 73.35;126.27 90.23;123.77 99.53;125.70 114.03;132.42 128.92;136.04 136.18;138.17 139.21;143.48 139.24;154.42 132.28;158.60 128.57;161.04 117.04;156.83 100.37;147.97 82.46;139.68 66.42;135.56 59.51;131.11 59.63
LS69_s01a_sc05,LS69,AF568,roi,Vl,,215.33,174.62,0.0,LS69_1a.czi,5,-60819.92,21397.25,-61194,21011,724,790,,,159781.0,polygon,219.42 189.10;211.39 189.49;205.61 184.50;201.13 177.09;208.11 162.36;211.78 159.01;225.09 163.96;228.09 167.14;227.37 178.97
LS69_s01a_sc05,LS69,AF568,roi,Dl,,200.05,88.86,0.0,LS69_1a.czi,5,-62857.02,21436.66,-63676,20800,1762,1283,,,506180.2,polygon,220.08 77.65;218.33 82.66;207.53 101.61;206.49 107.62;202.90 120.73;187.27 131.75;183.86 125.85;179.81 108.33;185.50 103.56;186.66 89.15;187.82 74.74;190.97 64.21;200.99 54.88;208.11 52.12;214.39 56.75;220.05 70.12
LS69_s01a_sc06,LS69,AF568,background,__background__,,23.5,121.36,8.0,LS69_1a.czi,6,-56484.3,10075.08,-56656,9837,343,476,154.5,111.1,53930.8,disc,
LS69_s01a_sc06,LS69,AF568,background,__background__,,43.66,137.43,8.0,LS69_1a.czi,6,-56130.88,10662.64,-56302,10424,343,477,154.5,111.1,53930.8,disc,
LS69_s01a_sc06,LS69,AF568,background,__background__,,69.74,109.96,8.0,LS69_1a.czi,6,-55467.37,10018.06,-55639,9780,343,476,154.5,111.1,53930.8,disc,
LS69_s01a_sc06,LS69,AF568,background,__background__,,140.82,209.17,8.0,LS69_1a.czi,6,-54403.19,13328.18,-54575,13090,343,476,154.5,111.1,53930.8,disc,
LS69_s01a_sc06,LS69,AF568,background,__background__,,101.83,225.61,8.0,LS69_1a.czi,6,-55289.86,13574.99,-55461,13337,343,476,154.5,111.1,53930.8,disc,
LS69_s01a_sc06,LS69,AF568,roi,Dl,,165.11,219.79,0.0,LS69_1a.czi,6,-53939.99,13781.64,-54838,12461,1910,2178,,,771374.7,polygon,125.84 237.28;131.37 245.48;140.49 253.72;148.44 252.63;159.49 248.29;173.16 245.99;178.79 243.40;186.66 228.77;198.86 204.45;206.85 187.60;190.82 171.25;173.77 172.67;169.32 184.59;173.34 195.10;165.88 211.64;152.89 219.98;130.85 233.62
LS69_s01a_sc06,LS69,AF568,roi,Dm,,114.68,179.53,0.0,LS69_1a.czi,6,-54823.81,12310.1,-55475,11545,1578,1602,,,542968.7,polygon,93.71 191.04;87.19 197.01;93.31 209.87;99.22 211.41;112.21 203.07;115.22 198.44;127.14 190.73;132.41 182.64;149.76 161.01;154.55 158.20;149.15 147.78;117.68 152.65;116.08 153.59;107.00 162.49;102.80 169.97;98.07 177.75;94.09 184.38
LS69_s01a_sc06,LS69,AF568,roi,Vd,,161.29,144.08,0.0,LS69_1a.czi,6,-53696.31,11555.25,-53971,11211,674,743,,,169221.1,polygon,150.73 138.27;148.44 145.34;150.37 153.50;154.90 155.14;163.34 157.33;181.71 150.85;174.38 132.26;170.69 130.85;157.02 133.15
LS69_s01a_sc06,LS69,AF568,roi,Vv,,201.71,119.87,0.0,LS69_1a.czi,6,-52746.48,11090.77,-53168,10682,855,887,,,212172.0,polygon,185.72 119.89;188.73 115.26;205.22 105.58;213.92 103.34;217.89 108.88;221.73 116.64;217.53 124.11;207.20 130.89;194.11 137.85;183.61 129.71;183.12 126.42
LS69_s01a_sc06,LS69,AF568,roi,Vl,,204.18,148.76,0.0,LS69_1a.czi,6,-52818.27,11946.36,-53039,11602,563,742,,,111750.7,polygon,212.01 136.65;219.35 143.07;210.60 161.08;202.25 160.26;196.38 155.12;194.19 151.40;196.26 145.17;202.37 137.30
LS69_s01a_sc06,LS69,AF568,roi,Dm,,93.92,136.8,0.0,LS69_1a.czi,6,-55075.82,10942.99,-55890,10490,1742,840,,,501958.4,polygon,97.20 148.22;113.09 146.05;135.53 134.31;136.94 130.62;130.48 120.82;113.56 120.02;94.60 121.85;85.27 123.02;62.78 129.79;54.48 133.94;60.16 148.49;66.88 153.85;73.54 154.23;90.41 150.06
LS69_s01a_sc06,LS69,AF568,roi,Vd,,147.52,114.64,0.0,LS69_1a.czi,6,-53858.78,10616.51,-54163,10187,680,778,,,159491.0,polygon,147.46 126.60;147.99 126.29;159.92 118.57;165.46 114.61;158.81 102.06;144.33 100.54;135.81 105.53;133.08 114.29;134.79 123.30
LS69_s01a_sc06,LS69,AF568,roi,Vv,,186.36,92.69,0.0,LS69_1a.czi,6,-52951.69,10208.42,-53524,9705,1037,892,,,247904.1,polygon,175.16 106.77;182.36 106.84;189.27 102.78;193.00 100.59;207.37 92.17;205.20 76.27;196.97 73.23;185.39 77.88;168.24 90.09;160.62 100.28
LS69_s01a_sc06,LS69,AF568,roi,Vl,,174.56,58.66,0.0,LS69_1a.czi,6,-53053.29,9147.79,-53409,8700,639,789,,,136829.3,polygon,178.61 46.81;186.70 52.07;188.01 59.17;179.02 69.45;172.45 70.45;162.54 66.96;157.95 60.36;171.23 43.98
LS69_s01a_sc06,LS69,AF568,roi,Dl,,84.37,74.03,0.0,LS69_1a.czi,6,-55007.44,9059.18,-55983,8339,1855,1274,,,658205.1,polygon,84.22 57.83;117.13 57.84;124.57 65.64;126.59 75.18;117.38 86.31;102.49 82.88;85.35 82.92;72.27 89.88;57.00 93.12;44.02 89.29;37.72 73.67;53.44 56.58;74.66 51.29
LS69_s01a_sc08,LS69,AF568,background,__background__,,194.22,84.78,8.0,LS69_1a.czi,8,-47977.51,4687.78,-48244,4421,533,533,172.8,172.8,93833.1,disc,
LS69_s01a_sc08,LS69,AF568,background,__background__,,176.47,55.85,8.0,LS69_1a.czi,8,-48281.08,5774.21,-48547,5508,532,533,172.8,172.8,93833.1,disc,
LS69_s01a_sc08,LS69,AF568,background,__background__,,208.12,63.08,8.0,LS69_1a.czi,8,-48820.41,4839.68,-49087,4573,533,533,172.8,172.8,93833.1,disc,
LS69_s01a_sc08,LS69,AF568,background,__background__,,85.34,74.85,4.82,LS69_1a.czi,8,-45758.12,7564.93,-45919,7404,322,322,104.1,104.1,34062.0,disc,
LS69_s01a_sc08,LS69,AF568,background,__background__,,71.47,39.5,7.19,LS69_1a.czi,8,-46305.82,8701.96,-46545,8463,479,478,155.3,155.3,75793.8,disc,
LS69_s01a_sc08,LS69,AF568,roi,Dl,,55.48,57.26,0.0,LS69_1a.czi,8,-45511.66,8690.05,-46673,7734,2001,1787,,,665242.5,polygon,62.58 20.05;50.93 29.37;37.45 39.96;33.23 45.59;36.84 61.61;43.74 70.99;45.27 82.21;58.13 89.95;62.15 91.54;68.54 85.45;69.09 79.03;64.25 71.14;61.12 60.61;60.25 41.03;65.58 25.88;68.55 21.75
LS69_s01a_sc08,LS69,AF568,roi,Dm,,118.06,83.62,0.0,LS69_1a.czi,8,-46284.12,6569.51,-47601,5942,2241,1228,,,487032.7,polygon,133.93 44.32;134.71 72.50;129.25 82.94;121.51 95.80;115.03 110.49;113.33 116.45;108.27 112.46;102.96 99.07;103.97 94.83;108.98 85.53;117.39 64.31;118.97 60.30;126.49 48.01
LS69_s01a_sc08,LS69,AF568,roi,Vd,,96.01,122.2,0.0,LS69_1a.czi,8,-44845.73,6234.59,-45360,5881,914,969,,,199550.8,polygon,103.83 118.66;101.95 106.64;84.31 107.62;86.87 117.92;90.22 124.55;90.13 133.15;97.24 135.30;101.58 131.04;107.97 124.95
LS69_s01a_sc08,LS69,AF568,roi,Vv,,87.47,145.07,0.0,LS69_1a.czi,8,-44095.49,5925.66,-44550,5385,956,1030,,,336883.8,polygon,81.30 130.31;69.89 142.38;74.95 149.70;78.87 156.56;86.81 165.01;104.40 150.74;104.38 144.09;94.84 136.34;91.84 130.50
LS69_s01a_sc08,LS69,AF568,roi,Vl,,66.49,111.84,0.0,LS69_1a.czi,8,-44430.81,7187.99,-44768,6856,877,763,,,182252.1,polygon,68.33 124.52;57.34 125.47;54.89 113.22;58.06 101.87;66.29 97.83;72.73 105.02;74.47 109.03;74.48 112.35;71.86 117.29
LS69_s01a_sc08,LS69,AF568,roi,Dm,,140.27,83.61,0.0,LS69_1a.czi,8,-46786.43,6028.63,-47999,5510,2266,994,,,555687.4,polygon,158.13 51.91;150.49 62.82;151.84 56.06;139.72 63.20;135.97 71.00;137.59 76.96;125.51 94.07;123.00 97.06;120.05 104.51;123.39 111.15;127.29 111.36;134.26 105.49;142.84 102.26;151.06 94.90;159.71 79.74;163.41 55.33
LS69_s01a_sc08,LS69,AF568,roi,Vd,,123.02,128.42,0.0,LS69_1a.czi,8,-45304.77,5435.93,-45632,5127,686,795,,,123463.3,polygon,129.39 122.81;128.00 119.61;110.37 120.59;112.81 132.84;115.00 135.69;122.55 133.38;132.40 131.97;133.66 130.47
LS69_s01a_sc08,LS69,AF568,roi,Vv,,125.54,150.06,0.0,LS69_1a.czi,8,-44834.51,4885.35,-45235,4247,869,1295,,,293325.0,polygon,133.70 143.76;133.46 141.01;124.16 132.68;115.91 133.40;109.17 138.69;115.18 153.68;119.89 156.87;122.67 166.60;134.48 168.62;138.12 162.76;134.19 152.58
LS69_s01a_sc08,LS69,AF568,roi,Vl,,148.43,156.64,0.0,LS69_1a.czi,8,-45191.65,4178.93,-45609,3734,691,864,,,173207.8,polygon,145.34 162.97;134.09 154.53;137.05 150.39;146.54 144.86;154.90 145.52;161.61 162.11;155.89 166.48;152.00 166.27
LS69_s01a_sc08,LS69,AF568,roi,Dl,,199.19,113.76,0.0,LS69_1a.czi,8,-47383.81,3911.58,-48976,3307,3001,1337,,,939963.9,polygon,192.11 137.03;180.23 146.92;169.45 143.98;168.60 131.04;181.04 118.05;186.98 113.10;200.21 96.44;209.06 70.75;222.58 70.13;224.79 79.63;225.00 107.58;220.34 117.68;207.31 127.12;200.92 133.21
LS69_s01a_sc10,LS69,AF568,background,__background__,,110.7,70.42,8.0,LS69_1a.czi,10,-32840.16,9493.34,-33064,9269,448,449,145.4,145.4,66458.6,disc,
LS69_s01a_sc10,LS69,AF568,background,__background__,,95.09,26.19,8.0,LS69_1a.czi,10,-32820.87,10805.11,-33045,10581,448,448,145.4,145.4,66458.6,disc,
LS69_s01a_sc10,LS69,AF568,background,__background__,,176.37,132.98,8.0,LS69_1a.czi,10,-34023.02,7249.11,-34247,7025,448,448,145.4,145.4,66458.6,disc,
LS69_s01a_sc10,LS69,AF568,background,__background__,,198.1,153.11,8.0,LS69_1a.czi,10,-34419.52,6521.63,-34644,6297,449,449,145.4,145.4,66458.6,disc,
LS69_s01a_sc10,LS69,AF568,background,__background__,,83.12,190.46,8.0,LS69_1a.czi,10,-31038.25,6557.12,-31262,6333,448,448,145.4,145.4,66458.6,disc,
LS69_s01a_sc10,LS69,AF568,roi,Dl,,63.02,63.65,0.0,LS69_1a.czi,10,-31636.56,10098.12,-32348,8969,1613,2220,,,779491.1,polygon,76.74 24.77;66.21 21.46;52.38 28.68;42.66 46.74;47.64 57.56;44.11 79.88;40.95 99.13;64.63 105.70;67.60 100.85;69.08 85.99;69.87 80.74;77.87 64.45;82.55 57.83;80.02 37.36
LS69_s01a_sc10,LS69,AF568,roi,Dm,,126.04,112.01,0.0,LS69_1a.czi,10,-32875.83,8253.96,-33970,7611,2099,1331,,,463723.0,polygon,108.44 141.15;99.35 145.23;97.39 133.05;102.89 122.92;110.20 117.12;122.22 105.57;132.44 91.42;143.16 80.33;151.42 78.88;157.15 81.83;150.92 99.83;144.96 108.66;129.50 122.89;114.52 139.30
LS69_s01a_sc10,LS69,AF568,roi,Vd,,88.88,148.09,0.0,LS69_1a.czi,10,-31568.89,7628.96,-31903,7257,692,766,,,161062.1,polygon,87.87 162.45;79.09 159.11;75.74 142.15;82.17 135.50;91.30 134.03;100.21 144.35;100.32 150.45;94.32 156.66
LS69_s01a_sc10,LS69,AF568,roi,Vl,,44.12,133.16,0.0,LS69_1a.czi,10,-30515.49,8424.01,-30851,8148,713,672,,,140481.8,polygon,38.16 139.32;31.14 136.82;33.18 128.50;41.30 119.19;47.38 117.34;56.82 133.32;56.04 138.57;49.55 141.74;43.47 143.59
LS69_s01a_sc10,LS69,AF568,roi,Vv,,54.28,178.65,0.0,LS69_1a.czi,10,-30379.06,7127.45,-30797,6188,954,1787,,,519341.5,polygon,61.32 165.97;55.47 156.03;48.42 151.79;42.72 150.58;29.41 162.60;31.29 170.42;38.47 181.64;43.97 197.25;60.76 209.17;66.44 209.51;73.39 207.64;73.04 187.58;68.56 180.68;66.63 170.24
LS69_s01a_sc10,LS69,AF568,roi,Dm,,143.3,133.48,0.0,LS69_1a.czi,10,-33141.88,7530.84,-34440,6934,2455,1193,,,594151.8,polygon,178.54 107.64;160.18 105.34;144.69 117.83;136.48 122.77;124.39 129.96;114.96 139.72;109.39 145.49;107.86 157.74;113.67 165.93;125.78 159.61;131.37 154.71;143.84 144.46;160.19 131.08;171.85 124.33;185.29 119.30;184.25 109.72
LS69_s01a_sc10,LS69,AF568,roi,Vd,,105.97,176.49,0.0,LS69_1a.czi,10,-31768.62,6723.63,-32169,6201,756,932,,,186321.9,polygon,109.45 173.85;108.49 168.63;104.00 161.73;100.11 163.98;93.26 171.08;92.46 175.46;93.39 178.93;104.61 196.63;119.75 188.94;124.05 185.38;116.05 176.79
LS69_s01a_sc10,LS69,AF568,roi,Vl,,96.75,218.39,0.0,LS69_1a.czi,10,-31150.45,5695.12,-31569,5223,790,959,,,209061.3,polygon,88.98 226.13;82.74 218.39;85.62 208.30;92.05 201.64;104.79 207.09;111.02 213.97;110.72 221.39;102.65 234.18;92.18 234.37
LS69_s01a_sc10,LS69,AF568,roi,Dl,,177.95,198.73,0.0,LS69_1a.czi,10,-33478.41,5491.99,-34885,4912,2838,1104,,,850861.8,polygon,152.96 216.73;139.89 217.83;127.98 210.62;140.30 191.64;149.45 191.04;158.18 190.89;168.26 193.77;179.53 189.21;197.21 177.12;204.12 173.51;220.82 180.20;227.05 187.07;220.73 199.83;215.58 205.16;188.74 216.97;171.74 217.71;162.60 219.17
LS69_s01a_sc11,LS69,AF568,background,__background__,,97.45,184.13,8.0,LS69_1a.czi,11,-36041.59,20462.54,-36310,20231,537,463,174.4,150.0,82174.2,disc,
LS69_s01a_sc11,LS69,AF568,background,__background__,,74.05,175.43,8.0,LS69_1a.czi,11,-35680.54,19812.78,-35949,19582,537,462,174.4,150.0,82174.2,disc,
LS69_s01a_sc11,LS69,AF568,background,__background__,,62.27,203.4,8.0,LS69_1a.czi,11,-36579.15,19401.82,-36848,19171,538,462,174.4,150.0,82174.2,disc,
LS69_s01a_sc11,LS69,AF568,background,__background__,,212.18,143.79,8.0,LS69_1a.czi,11,-35040.05,23863.42,-35309,23632,538,463,174.4,150.0,82174.2,disc,
LS69_s01a_sc11,LS69,AF568,background,__background__,,172.4,138.71,8.0,LS69_1a.czi,11,-34750.53,22733.66,-35019,22502,537,463,174.4,150.0,82174.2,disc,
LS69_s01a_sc11,LS69,AF568,roi,Dl,,215.86,107.14,0.0,LS69_1a.czi,11,-33827.14,24064.15,-34976,23009,2332,1993,,,962585.5,polygon,241.50 139.20;246.11 132.32;248.07 112.05;248.17 103.48;241.08 94.73;228.91 94.55;215.61 88.62;204.38 80.10;185.57 74.47;177.50 88.99;180.54 99.33;183.97 101.63;194.67 110.46;206.67 112.86;214.93 117.40;223.46 132.42;228.49 138.78
LS69_s01a_sc11,LS69,AF568,roi,Dm,,149.17,139.27,0.0,LS69_1a.czi,11,-34699.24,22064.79,-35777,21361,2438,1397,,,676058.5,polygon,168.73 168.47;158.62 170.67;140.45 156.16;130.39 138.46;127.54 115.95;121.23 101.09;141.65 105.81;150.79 121.90;158.25 137.53;167.33 147.27;175.92 168.64
LS69_s01a_sc11,LS69,AF568,roi,Vs,,124.34,85.76,0.0,LS69_1a.czi,11,-32837.36,21490.1,-33191,21064,834,944,,,219738.9,polygon,124.23 95.13;127.59 96.05;135.10 91.79;142.09 82.85;128.87 73.33;124.90 71.33;111.95 77.27;109.78 88.43;114.58 95.64
LS69_s01a_sc11,LS69,AF568,roi,Vc,,138.34,63.07,0.0,LS69_1a.czi,11,-32121.77,21951.15,-32454,21552,717,941,,,188211.3,polygon,156.91 60.24;154.22 66.74;140.89 70.76;135.22 73.27;128.96 69.73;124.46 63.06;127.23 57.94;131.21 54.97;145.92 50.88
LS69_s01a_sc11,LS69,AF568,roi,Dm,,121.22,146.55,0.0,LS69_1a.czi,11,-34858.16,21242.88,-36337,20755,2624,1010,,,719438.7,polygon,133.94 189.66;139.93 177.74;140.74 161.67;140.22 157.00;128.56 135.24;124.83 127.42;123.87 114.49;117.14 112.63;107.95 116.44;107.10 121.18;107.00 129.75;111.09 144.45;105.02 155.00;109.96 169.93;121.01 185.65
LS69_s01a_sc11,LS69,AF568,roi,Vs,,96.36,100.47,0.0,LS69_1a.czi,11,-33244.33,20648.07,-33681,20234,908,843,,,241893.1,polygon,98.69 87.64;106.94 92.18;111.21 99.69;106.13 108.24;100.31 112.97;90.97 114.02;82.64 108.11;81.91 94.33;88.43 87.08
LS69_s01a_sc11,LS69,AF568,roi,Vc,,61.87,95.43,0.0,LS69_1a.czi,11,-32972.09,19670.2,-33457,19180,931,990,,,290124.3,polygon,72.99 82.37;75.66 85.82;79.16 94.48;69.33 107.16;58.99 110.19;47.76 101.67;45.09 98.22;45.97 83.53
LS69_s01a_sc11,LS69,AF568,roi,Dl,,45.74,158.64,0.0,LS69_1a.czi,11,-35034.5,19042.92,-36294,18295,2414,1541,,,903172.4,polygon,35.54 152.60;30.09 159.25;21.33 176.29;22.00 183.71;30.69 196.51;40.10 196.84;51.38 185.47;61.06 170.04;66.83 158.96;68.39 146.72;70.95 132.49;62.17 123.28;51.69 123.56;39.80 133.86;34.05 139.97
LS69_s01a_sc12,LS69,AF568,background,__background__,,183.91,150.94,8.0,LS69_1a.czi,12,-23450.43,8467.54,-23661,8215,422,505,163.7,136.9,70394.0,disc,
LS69_s01a_sc12,LS69,AF568,background,__background__,,178.35,172.59,8.0,LS69_1a.czi,12,-23151.11,7861.72,-23362,7609,422,505,163.7,136.9,70394.0,disc,
LS69_s01a_sc12,LS69,AF568,background,__background__,,134.83,70.2,8.0,LS69_1a.czi,12,-22801.65,11339.04,-23013,11087,422,504,163.7,136.9,70394.0,disc,
LS69_s01a_sc12,LS69,AF568,background,__background__,,106.76,57.94,6.11,LS69_1a.czi,12,-22181.9,11955.87,-22343,11763,322,386,125.0,104.5,41061.8,disc,
LS69_s01a_sc12,LS69,AF568,background,__background__,,91.92,67.78,7.03,LS69_1a.czi,12,-21734.57,11788.49,-21920,11567,371,443,143.8,120.3,54358.4,disc,
LS69_s01a_sc12,LS69,AF568,roi,Dl,,64.13,65.52,0.0,LS69_1a.czi,12,-21048.57,12100.52,-21818,11055,1443,1892,,,633994.9,polygon,86.14 36.60;78.14 33.47;56.66 41.43;53.63 42.01;51.18 45.61;53.81 55.54;51.00 70.51;45.67 78.18;46.50 96.48;52.01 102.34;73.18 97.45;74.57 89.53;71.60 81.80;79.78 60.03;88.14 51.79
LS69_s01a_sc12,LS69,AF568,roi,Vc,,24.81,144.53,0.0,LS69_1a.czi,12,-19475.16,10056.51,-19843,9633,763,883,,,176136.7,polygon,15.89 143.72;12.35 132.97;28.83 130.47;35.92 132.77;37.09 148.88;35.21 155.51;28.19 154.96;19.36 152.74;10.45 148.78
LS69_s01a_sc12,LS69,AF568,roi,Dm,,117.05,117.17,0.0,LS69_1a.czi,12,-22007.73,10074.85,-23149,9304,2233,1520,,,789645.9,polygon,85.21 141.01;78.25 132.16;81.56 118.47;93.94 112.23;102.08 108.80;115.71 101.20;129.56 88.78;145.74 89.35;153.17 89.45;157.13 99.75;147.68 112.85;140.04 117.56;132.85 122.69;120.92 129.35;114.19 134.89;99.72 143.41;92.16 149.87
LS69_s01a_sc12,LS69,AF568,roi,Vs,,66.92,143.2,0.0,LS69_1a.czi,12,-20549.51,9727.45,-20973,9305,834,913,,,224068.0,polygon,52.12 143.39;49.27 138.28;58.05 129.58;73.70 128.00;78.83 135.19;83.54 142.84;77.88 152.70;70.61 156.09;66.62 154.96;58.58 150.96
LS69_s01a_sc12,LS69,AF568,roi,Dm,,141.16,139.64,0.0,LS69_1a.czi,12,-22452.5,9184.07,-23637,8439,2370,1443,,,812949.2,polygon,179.44 110.10;166.78 110.23;153.37 113.03;142.77 120.06;133.20 130.54;127.73 144.76;112.66 149.37;101.75 149.43;101.05 163.00;110.66 172.61;130.51 167.34;145.05 160.57;157.39 153.46;176.33 128.14;178.66 121.92
LS69_s01a_sc12,LS69,AF568,roi,Vs,,93.84,172.98,0.0,LS69_1a.czi,12,-21011.72,8591.01,-21316,8195,666,824,,,166328.1,polygon,86.61 181.56;80.73 177.03;79.04 168.81;82.67 162.09;90.47 160.86;97.64 164.90;104.32 167.66;105.43 172.85;105.71 178.95;104.58 182.93;95.07 185.11
LS69_s01a_sc12,LS69,AF568,roi,Vc,,82.52,207.9,0.0,LS69_1a.czi,12,-20469.48,7634.49,-20822,7226,687,878,,,167548.0,polygon,73.18 212.74;69.49 208.54;70.46 201.07;81.44 192.71;90.43 198.42;95.52 204.74;93.68 212.25;87.48 219.95;80.96 220.69
LS69_s01a_sc12,LS69,AF568,roi,Dl,,175.65,193.91,0.0,LS69_1a.czi,12,-22926.52,7240.8,-24282,6671,2633,1246,,,726467.5,polygon,157.64 207.16;142.71 205.22;132.55 202.62;126.21 197.67;131.71 184.32;151.27 182.12;167.57 185.31;180.72 186.46;210.95 178.97;220.99 178.95;225.97 182.66;219.71 198.66;208.99 203.08;184.29 207.26;173.41 208.19
LS69_s01a_sc13,LS69,AF568,background,__background__,,201.1,131.55,8.3,LS69_1a.czi,13,-23642.21,27061.03,-23889,26766,494,590,191.7,160.3,96569.1,disc,
LS69_s01a_sc13,LS69,AF568,background,__background__,,150.04,68.7,8.0,LS69_1a.czi,13,-21455.07,25860.88,-21693,25576,476,570,184.8,154.5,89714.3,disc,
LS69_s01a_sc13,LS69,AF568,background,__background__,,132.17,56.46,8.0,LS69_1a.czi,13,-20970.38,25354.37,-21209,25070,477,569,184.8,154.5,89714.3,disc,
LS69_s01a_sc13,LS69,AF568,background,__background__,,88.61,100.54,8.0,LS69_1a.czi,13,-21916.04,23464.5,-22154,23180,476,569,184.8,154.5,89714.3,disc,
LS69_s01a_sc13,LS69,AF568,background,__background__,,122.91,179.18,8.0,LS69_1a.czi,13,-24433.35,23947.89,-24672,23663,477,570,184.8,154.5,89714.3,disc,
LS69_s01a_sc13,LS69,AF568,background,__background__,,135.99,201.69,2.0,LS69_1a.czi,13,-25178.08,24198.51,-25238,24127,120,143,46.2,38.6,5607.1,disc,
LS69_s01a_sc13,LS69,AF568,background,__background__,,95.55,210.91,8.0,LS69_1a.czi,13,-25143.67,22725.02,-25382,22440,477,570,184.8,154.5,89714.3,disc,
LS69_s01a_sc13,LS69,AF568,roi,Dl,,192.21,72.66,0.0,LS69_1a.czi,13,-21881.6,27277.08,-22529,26289,1478,2036,,,634324.2,polygon,205.98 67.35;215.95 68.56;224.35 79.24;219.34 88.14;206.51 88.22;191.09 87.88;181.83 87.67;169.41 74.56;161.37 64.39;160.78 51.91;178.14 53.90;191.70 60.12
LS69_s01a_sc13,LS69,AF568,roi,Dm,,151.8,121.25,0.0,LS69_1a.czi,13,-22980.39,25455.65,-24392,24808,2315,1229,,,884835.7,polygon,154.73 96.45;147.06 92.09;134.29 94.40;127.85 101.29;135.11 118.85;145.68 143.15;159.19 168.38;170.51 164.07;173.80 149.58;167.38 116.23;154.15 89.28
LS69_s01a_sc13,LS69,AF568,roi,Dm,,129.34,137.05,0.0,LS69_1a.czi,13,-23268.6,24542.62,-24530,24049,2478,1064,,,764474.0,polygon,145.43 176.72;151.52 174.63;152.30 161.94;149.85 155.34;139.50 132.40;125.98 101.86;119.67 97.28;114.00 102.09;110.79 113.50;111.15 119.31;113.03 129.35;119.22 150.71;128.99 166.48
LS69_s01a_sc13,LS69,AF568,roi,Dl,,78.68,156.97,0.0,LS69_1a.czi,13,-23466.36,22622.56,-24575,21893,2609,1391,,,920127.8,polygon,74.29 184.40;78.38 189.05;90.65 192.41;97.88 178.13;94.27 157.19;92.74 137.04;88.43 125.72;66.60 107.95;65.97 114.48;62.98 137.86;66.10 169.78;65.90 189.64
LS69_s02a_sc00,LS69,AF568,background,__background__,,173.65,182.62,8.0,LS69_2a.czi,0,-81359.58,10546.32,-81604,10262,489,568,184.3,158.6,91815.0,disc,
LS69_s02a_sc00,LS69,AF568,background,__background__,,189.05,223.3,8.0,LS69_2a.czi,0,-82677.39,10371.38,-82922,10087,489,568,184.3,158.6,91815.0,disc,
LS69_s02a_sc00,LS69,AF568,background,__background__,,159.34,211.32,8.0,LS69_2a.czi,0,-81937.81,9629.61,-82182,9346,489,568,184.3,158.6,91815.0,disc,
LS69_s02a_sc00,LS69,AF568,background,__background__,,227.47,132.96,8.0,LS69_2a.czi,0,-80764.8,13048.21,-81009,12764,489,568,184.3,158.6,91815.0,disc,
LS69_s02a_sc00,LS69,AF568,background,__background__,,185.93,90.85,8.0,LS69_2a.czi,0,-79043.26,12422.66,-79288,12139,489,568,184.3,158.6,91815.0,disc,
LS69_s02a_sc00,LS69,AF568,background,__background__,,104.48,100.55,8.0,LS69_2a.czi,0,-78169.0,9698.65,-78413,9415,488,568,184.3,158.6,91815.0,disc,
LS69_s02a_sc00,LS69,AF568,roi,Dl,,198.78,52.75,0.0,LS69_2a.czi,0,-78189.82,13445.92,-78748,12196,1311,2322,,,628044.2,polygon,229.54 57.47;230.64 48.97;227.63 42.76;215.14 44.82;203.29 45.04;177.12 36.56;173.77 37.88;165.40 64.92;177.70 68.16;186.24 66.17;200.05 67.46
LS69_s02a_sc00,LS69,AF568,roi,Dm,,175.7,116.78,0.0,LS69_2a.czi,0,-79603.36,11679.47,-80782,10966,2166,1413,,,672138.3,polygon,198.27 148.63;202.41 143.26;202.87 126.48;193.14 115.87;182.34 110.67;169.00 92.61;162.16 87.34;151.32 95.34;147.74 105.05;153.86 118.33;161.08 123.11;184.14 134.63
LS69_s02a_sc00,LS69,AF568,roi,Dm,,162.9,135.92,0.0,LS69_2a.czi,0,-79943.5,10965.49,-81253,10479,2526,1316,,,656966.5,polygon,183.89 173.38;190.29 165.07;196.77 150.59;183.61 137.34;179.32 134.82;164.66 123.52;153.90 115.24;136.27 104.78;136.34 108.73;137.24 115.65;143.55 123.63;147.50 133.67;150.84 142.48;160.13 149.63;179.12 160.36
LS69_s02a_sc00,LS69,AF568,roi,Dl,,127.33,171.7,0.0,LS69_2a.czi,0,-80416.83,9263.95,-81866,8336,2711,1613,,,891459.9,polygon,118.85 173.91;112.26 197.64;117.89 210.54;133.04 222.21;138.91 216.61;142.42 202.96;141.00 178.51;136.80 159.70;133.39 146.94;133.58 141.64;125.72 128.58;121.28 128.28;111.65 138.77;115.85 157.58
LS69_s02a_sc01,LS69,AF568,background,__background__,,65.69,125.13,8.0,LS69_2a.czi,1,-82092.95,26829.51,-82384,26425,582,809,262.5,188.9,155781.3,disc,
LS69_s02a_sc01,LS69,AF568,background,__background__,,56.43,142.41,8.0,LS69_2a.czi,1,-81380.89,26829.33,-81672,26425,582,809,262.5,188.9,155781.3,disc,
LS69_s02a_sc01,LS69,AF568,background,__background__,,155.76,111.56,8.0,LS69_2a.czi,1,-84073.05,23145.26,-84364,22741,582,809,262.5,188.9,155781.3,disc,
LS69_s02a_sc01,LS69,AF568,background,__background__,,144.04,133.77,8.0,LS69_2a.czi,1,-83160.96,23136.94,-83452,22733,582,808,262.5,188.9,155781.3,disc,
LS69_s02a_sc01,LS69,AF568,background,__background__,,113.19,194.23,8.0,LS69_2a.czi,1,-80696.18,23067.36,-80987,22663,582,809,262.5,188.9,155781.3,disc,
LS69_s02a_sc01,LS69,AF568,background,__background__,,73.09,186.83,8.0,LS69_2a.czi,1,-80244.89,25028.29,-80536,24624,582,809,262.5,188.9,155781.3,disc,
LS69_s02a_sc01,LS69,AF568,roi,Dl,,47.66,169.73,0.0,LS69_2a.czi,1,-80355.86,26567.83,-80795,25495,1085,2147,,,544524.0,polygon,31.14 161.53;29.91 157.83;36.07 154.74;41.63 154.74;44.10 154.13;47.18 157.21;59.52 166.47;62.60 169.55;63.22 182.51;62.60 186.83;58.90 191.76;46.56 189.29;42.86 177.57;41.01 172.02
LS69_s02a_sc01,LS69,AF568,roi,Dm,,91.54,149.32,0.0,LS69_2a.czi,1,-81762.23,25102.14,-82888,24123,2085,1765,,,819660.3,polygon,102.09 138.09;103.94 120.81;96.54 118.96;87.28 127.60;79.26 139.32;78.64 154.74;83.58 170.79;86.05 176.34;98.39 177.57;99.62 168.93
LS69_s02a_sc01,LS69,AF568,roi,POA,,85.02,218.14,0.0,LS69_2a.czi,1,-79447.37,23750.49,-79868,22875,933,1751,,,535819.4,polygon,90.98 230.01;79.88 230.63;68.16 225.08;66.31 223.23;66.92 215.21;71.24 209.65;79.88 203.48;87.90 206.57;99.62 214.59;103.94 215.82;103.94 219.52;101.47 223.84
LS69_s02a_sc01,LS69,AF568,roi,Dm,,114.9,146.06,0.0,LS69_2a.czi,1,-82267.47,24140.43,-83512,23433,2401,1557,,,972421.2,polygon,106.41 176.95;105.17 176.95;103.94 162.77;103.94 154.74;105.79 133.15;108.26 123.90;111.34 117.11;123.68 114.03;131.08 115.88;133.55 130.07;123.68 159.06;121.83 162.77;115.04 171.40
LS69_s02a_sc01,LS69,AF568,roi,Dl,,148.51,163.43,0.0,LS69_2a.czi,1,-82288.24,22230.45,-83491,21002,2199,1964,,,774245.6,polygon,137.25 183.74;128.62 183.74;124.92 181.89;127.38 172.02;131.70 167.70;145.89 162.15;151.44 155.98;157.61 147.34;166.25 141.17;172.42 138.70;180.44 155.36;158.23 171.40
LS69_s02a_sc02,LS69,AF568,background,__background__,,60.39,153.74,8.0,LS69_2a.czi,2,-71875.35,21213.81,-72064,20988,378,452,146.6,122.6,56446.6,disc,
LS69_s02a_sc02,LS69,AF568,background,__background__,,51.09,133.84,8.0,LS69_2a.czi,2,-71748.5,20613.47,-71938,20387,379,452,146.6,122.6,56446.6,disc,
LS69_s02a_sc02,LS69,AF568,background,__background__,,80.89,135.06,8.0,LS69_2a.czi,2,-71222.56,21171.38,-71412,20945,379,452,146.6,122.6,56446.6,disc,
LS69_s02a_sc02,LS69,AF568,background,__background__,,124.11,91.92,8.0,LS69_2a.czi,2,-69790.3,20999.89,-69979,20774,378,452,146.6,122.6,56446.6,disc,
LS69_s02a_sc02,LS69,AF568,background,__background__,,171.2,112.26,8.0,LS69_2a.czi,2,-69233.7,22283.56,-69423,22058,378,452,146.6,122.6,56446.6,disc,
LS69_s02a_sc02,LS69,AF568,roi,Dl,,216.18,168.47,0.0,LS69_2a.czi,2,-69250.35,24312.88,-69727,23072,1042,2253,,,594693.2,polygon,229.74 168.78;239.91 177.38;239.03 190.07;233.48 199.70;223.23 209.04;212.53 194.65;210.63 186.09;197.98 175.55;194.73 161.47;198.42 134.99;200.12 124.79;207.87 120.41;222.65 147.23
LS69_s02a_sc02,LS69,AF568,roi,Dm,,134.71,157.7,0.0,LS69_2a.czi,2,-70577.36,22625.26,-71495,21962,1919,1237,,,431558.1,polygon,107.72 184.56;109.36 188.15;123.41 193.18;130.39 175.27;137.02 173.09;150.58 162.66;149.25 150.24;151.54 130.66;158.48 119.65;148.56 116.03;133.02 138.59;117.20 160.32
LS69_s02a_sc02,LS69,AF568,roi,POA,,178.08,70.46,0.0,LS69_2a.czi,2,-68484.94,21493.46,-68998,20701,1058,1800,,,397513.3,polygon,164.01 49.87;148.80 58.09;147.11 66.91;160.05 74.14;169.12 80.79;190.07 87.23;208.54 91.72;207.25 69.64;200.91 67.13;184.94 59.06
LS69_s02a_sc02,LS69,AF568,roi,Dm,,98.01,158.52,0.0,LS69_2a.czi,2,-71259.7,21988.88,-72382,21501,2564,1024,,,590004.2,polygon,139.75 112.96;118.47 119.49;94.39 139.81;85.20 159.36;75.75 176.70;63.04 181.34;62.18 189.89;81.48 191.35;91.15 188.63;107.78 170.77;121.95 146.82;135.01 125.08
LS69_s02a_sc02,LS69,AF568,roi,Dl,,43.15,108.86,0.0,LS69_2a.czi,2,-71521.09,19926.45,-72540,19326,2325,1088,,,589014.6,polygon,88.30 76.60;71.98 85.64;42.41 99.04;23.92 98.69;11.20 107.46;3.70 118.19;8.05 134.21;23.23 134.27;33.99 132.11;55.30 117.30;71.89 107.71;83.81 95.07
LS69_s02a_sc04,LS69,AF568,background,__background__,,102.12,190.0,8.0,LS69_2a.czi,4,-62404.4,23697.91,-62594,23508,380,380,123.2,123.2,47684.6,disc,
LS69_s02a_sc04,LS69,AF568,background,__background__,,200.1,92.89,8.0,LS69_2a.czi,4,-61008.64,26653.29,-61199,26463,380,380,123.2,123.2,47684.6,disc,
LS69_s02a_sc04,LS69,AF568,background,__background__,,183.54,102.63,8.0,LS69_2a.czi,4,-61095.48,26206.47,-61286,26016,381,381,123.2,123.2,47684.6,disc,
LS69_s02a_sc04,LS69,AF568,background,__background__,,158.97,79.31,8.0,LS69_2a.czi,4,-60380.57,25841.72,-60571,25652,380,380,123.2,123.2,47684.6,disc,
LS69_s02a_sc04,LS69,AF568,background,__background__,,141.42,56.21,8.0,LS69_2a.czi,4,-59726.0,25632.05,-59916,25442,380,380,123.2,123.2,47684.6,disc,
LS69_s02a_sc04,LS69,AF568,background,__background__,,58.75,112.46,8.0,LS69_2a.czi,4,-60329.88,23341.25,-60520,23151,380,380,123.2,123.2,47684.6,disc,
LS69_s02a_sc04,LS69,AF568,background,__background__,,124.38,32.75,8.0,LS69_2a.czi,4,-59067.41,25436.61,-59257,25247,380,380,123.2,123.2,47684.6,disc,
LS69_s02a_sc04,LS69,AF568,roi,Dl,,195.16,43.61,0.0,LS69_2a.czi,4,-59868.8,26931.99,-60693,25954,1499,1992,,,752181.8,polygon,214.74 31.16;231.38 32.03;239.04 39.43;241.85 49.59;231.96 67.46;210.45 69.35;190.91 64.49;179.34 62.22;161.02 57.99;152.90 47.87;152.18 38.48;158.13 28.82;172.56 21.39;193.06 20.22;197.82 23.62
LS69_s02a_sc04,LS69,AF568,roi,Dm,,141.44,126.13,0.0,LS69_2a.czi,4,-61288.06,25080.5,-62432,24587,2213,919,,,524798.5,polygon,109.56 98.42;119.00 86.23;134.74 90.04;145.44 100.57;161.34 134.01;166.51 143.22;162.28 169.93;152.40 162.63;136.03 143.25;127.05 133.00
LS69_s02a_sc04,LS69,AF568,roi,POA,,97.09,44.53,0.0,LS69_2a.czi,4,-59115.11,24734.0,-59594,24287,919,900,,,258130.5,polygon,79.70 33.18;87.55 28.24;104.88 24.80;115.99 41.14;120.61 53.80;108.26 62.00;98.65 61.36;80.56 50.10;77.65 46.11
LS69_s02a_sc04,LS69,AF568,roi,Dm,,115.72,147.14,0.0,LS69_2a.czi,4,-61554.34,24340.08,-62753,23841,2088,1206,,,546985.3,polygon,105.65 111.94;94.13 114.97;87.91 126.35;92.21 143.82;99.10 153.30;106.90 159.84;113.20 167.46;134.88 178.40;158.46 185.67;152.53 161.77;132.17 145.29;111.50 116.84
LS69_s02a_sc04,LS69,AF568,roi,POA,,62.48,60.38,0.0,LS69_2a.czi,4,-59195.94,23835.73,-59656,23311,908,1025,,,285068.4,polygon,78.64 62.17;75.42 71.37;72.24 77.50;55.00 83.16;47.52 80.21;38.82 59.84;45.13 50.68;52.62 45.24;58.47 41.75;65.00 42.34;76.11 50.28;84.72 60.04
LS69_s02a_sc04,LS69,AF568,roi,Dl,,39.86,193.29,0.0,LS69_2a.czi,4,-61986.37,22281.14,-63140,21704,2244,1179,,,694745.7,polygon,26.16 162.07;17.17 193.77;23.15 206.20;31.58 219.90;26.63 228.84;40.46 244.72;58.15 233.39;63.42 219.65;59.66 198.73;55.05 177.69;53.92 162.49;52.70 153.46;25.49 149.59;24.53 155.63
LS69_s02a_sc06,LS69,AF568,background,__background__,,110.2,72.18,8.0,LS69_2a.czi,6,-47309.96,22120.49,-47498,21895,376,451,146.0,122.1,56008.2,disc,
LS69_s02a_sc06,LS69,AF568,background,__background__,,121.19,57.65,8.0,LS69_2a.czi,6,-47350.3,22629.77,-47539,22405,377,450,146.0,122.1,56008.2,disc,
LS69_s02a_sc06,LS69,AF568,background,__background__,,101.03,50.78,8.0,LS69_2a.czi,6,-46862.78,22496.52,-47051,22271,377,451,146.0,122.1,56008.2,disc,
LS69_s02a_sc06,LS69,AF568,background,__background__,,134.97,170.28,8.0,LS69_2a.czi,6,-49014.93,20142.01,-49203,19917,376,450,146.0,122.1,56008.2,disc,
LS69_s02a_sc06,LS69,AF568,roi,Dl,,148.92,27.19,0.0,LS69_2a.czi,6,-47528.57,23766.62,-48493,22817,1765,1757,,,625560.0,polygon,175.83 11.17;165.75 7.74;156.74 9.46;142.81 14.80;130.85 15.44;116.91 20.78;108.27 28.18;116.61 46.95;124.95 49.49;128.38 47.52;145.22 39.52;157.42 41.41;189.55 39.51;193.09 20.71;181.46 15.16
LS69_s02a_sc06,LS69,AF568,roi,Dm,,158.12,113.77,0.0,LS69_2a.czi,6,-48780.37,21833.7,-49868,21127,2034,1276,,,603470.2,polygon,170.99 127.16;200.67 133.01;202.60 124.57;204.06 119.17;195.06 112.79;188.64 109.92;165.76 96.39;154.27 93.99;136.35 96.83;119.75 99.25;115.09 109.15;113.44 115.76;124.46 121.21;130.56 122.15;150.07 125.17
LS69_s02a_sc06,LS69,AF568,roi,POA,,63.52,89.46,0.0,LS69_2a.czi,6,-46590.51,21018.99,-47158,20603,1112,947,,,311393.5,polygon,44.71 83.89;44.72 75.78;56.73 70.77;76.05 75.01;85.93 95.89;81.09 107.00;68.75 110.09;50.14 97.22
LS69_s02a_sc06,LS69,AF568,roi,Dm,,158.31,145.75,0.0,LS69_2a.czi,6,-49178.65,21072.41,-50054,20513,1853,1101,,,573634.5,polygon,189.83 142.57;182.38 138.29;163.85 132.93;149.92 130.15;137.12 128.16;122.77 124.07;116.33 137.43;128.05 150.48;148.02 158.57;160.30 167.96;174.99 165.86;186.95 165.22;197.56 153.13
LS69_s02a_sc06,LS69,AF568,roi,POA,,74.51,122.76,0.0,LS69_2a.czi,6,-47220.84,20385.49,-47593,19974,776,859,,,211032.3,polygon,89.48 113.30;92.14 124.32;85.33 132.01;79.74 139.88;60.47 131.28;55.89 120.58;60.96 112.00;72.08 108.73
LS69_s02a_sc06,LS69,AF568,roi,Dl,,135.95,216.75,0.0,LS69_2a.czi,6,-49607.74,19046.17,-50649,18505,1964,1188,,,569071.1,polygon,122.54 218.30;108.53 208.02;105.49 191.32;122.62 181.48;139.45 197.82;154.30 210.73;165.60 222.47;170.92 244.52;141.28 242.43;132.70 237.36;132.01 229.76
LS69_s02a_sc08,LS69,AF568,background,__background__,,136.41,144.76,8.0,LS69_2a.czi,8,-37893.67,17301.26,-38162,16980,537,642,208.2,174.1,113856.4,disc,
LS69_s02a_sc08,LS69,AF568,background,__background__,,154.01,109.88,8.0,LS69_2a.czi,8,-38239.17,18809.86,-38507,18489,536,642,208.2,174.1,113856.4,disc,
LS69_s02a_sc08,LS69,AF568,background,__background__,,143.09,91.99,8.0,LS69_2a.czi,8,-37761.91,19424.98,-38030,19104,536,642,208.2,174.1,113856.4,disc,
LS69_s02a_sc08,LS69,AF568,background,__background__,,187.59,80.05,4.36,LS69_2a.czi,8,-39142.55,20247.4,-39289,20072,293,350,113.5,94.9,33818.2,disc,
LS69_s02a_sc08,LS69,AF568,background,__background__,,209.39,154.18,4.45,LS69_2a.czi,8,-40350.8,17512.06,-40500,17333,299,358,115.8,96.8,35228.8,disc,
LS69_s02a_sc08,LS69,AF568,roi,Dl,,156.66,67.11,0.0,LS69_2a.czi,8,-38041.68,20509.14,-38976,19819,1898,1388,,,519959.4,polygon,185.14 66.99;182.58 57.68;169.26 51.89;164.79 52.27;162.01 53.60;138.92 65.38;129.74 73.63;125.39 76.54;140.16 81.35;144.15 80.26;162.05 75.62;175.71 70.15
LS69_s02a_sc08,LS69,AF568,roi,Dm,,191.74,115.18,0.0,LS69_2a.czi,8,-39512.34,18901.97,-40386,18248,1692,1215,,,517455.1,polygon,186.96 130.87;168.68 124.73;166.01 119.17;170.34 109.97;188.49 107.27;199.25 106.89;212.80 105.17;218.99 112.05;214.16 120.53
LS69_s02a_sc08,LS69,AF568,roi,POA,,121.09,121.53,0.0,LS69_2a.czi,8,-37236.53,18090.92,-37686,17322,1016,1456,,,417164.2,polygon,114.97 129.19;106.73 123.16;106.82 106.82;115.16 102.82;131.50 109.20;135.63 116.93;133.00 130.25;128.89 135.09;117.16 140.32
LS69_s02a_sc08,LS69,AF568,roi,Dm,,197.91,137.5,0.0,LS69_2a.czi,8,-39863.22,18075.25,-40845,17555,1983,1095,,,577188.4,polygon,176.34 146.38;166.65 141.31;171.96 130.41;190.21 123.97;205.95 127.08;223.98 128.14;226.91 141.92;217.24 146.30;203.68 144.87;196.18 144.64
LS69_s02a_sc08,LS69,AF568,roi,Dl,,212.86,194.11,0.0,LS69_2a.czi,8,-40730.2,15972.89,-41637,15215,2148,1586,,,843260.8,polygon,214.70 213.09;200.66 210.94;177.53 197.55;175.22 193.32;201.21 179.60;215.50 186.83;231.94 176.88;241.26 180.61;239.96 196.71;230.66 205.56
LS69_s02a_sc09,LS69,AF568,background,__background__,,79.88,135.77,8.0,LS69_2a.czi,9,-38187.27,26984.47,-38420,26752,465,465,150.7,150.7,71358.7,disc,
LS69_s02a_sc09,LS69,AF568,background,__background__,,94.44,143.96,8.0,LS69_2a.czi,9,-38022.08,27439.6,-38254,27207,464,465,150.7,150.7,71358.7,disc,
LS69_s02a_sc09,LS69,AF568,background,__background__,,144.42,157.91,8.0,LS69_2a.czi,9,-37187.37,28690.64,-37420,28458,465,465,150.7,150.7,71358.7,disc,
LS69_s02a_sc09,LS69,AF568,background,__background__,,175.21,149.48,8.0,LS69_2a.czi,9,-36351.44,29087.23,-36584,28855,465,465,150.7,150.7,71358.7,disc,
LS69_s02a_sc09,LS69,AF568,background,__background__,,170.11,170.53,8.0,LS69_2a.czi,9,-36861.3,29453.43,-37094,29221,465,465,150.7,150.7,71358.7,disc,
LS69_s02a_sc09,LS69,AF568,background,__background__,,120.24,119.62,8.0,LS69_2a.czi,9,-36995.15,27392.26,-37227,27160,464,465,150.7,150.7,71358.7,disc,
LS69_s02a_sc09,LS69,AF568,background,__background__,,26.57,182.56,8.0,LS69_2a.czi,9,-40242.98,27005.29,-40475,26773,464,465,150.7,150.7,71358.7,disc,
LS69_s02a_sc09,LS69,AF568,roi,Dl,,189.45,203.06,0.0,LS69_2a.czi,9,-37051.03,30533.77,-37892,30044,1615,1071,,,409941.8,polygon,196.37 223.53;198.76 219.94;206.09 198.88;201.46 193.58;199.22 182.46;200.92 175.45;194.07 176.83;188.95 184.53;185.88 189.16;176.14 198.24;173.94 211.59;171.57 226.31;175.17 230.93;183.72 231.43
LS69_s02a_sc09,LS69,AF568,roi,Dm,,120.58,188.39,0.0,LS69_2a.czi,9,-38287.25,28909.93,-39154,28380,1510,1108,,,372099.1,polygon,99.16 209.31;116.11 218.36;121.07 214.24;123.28 205.34;123.28 203.12;133.86 184.96;134.69 173.67;134.52 170.59;126.98 164.10;119.62 165.14;114.50 170.62;113.14 177.12;107.35 192.53
LS69_s02a_sc09,LS69,AF568,roi,POA,,160.75,119.87,0.0,LS69_2a.czi,9,-36109.66,28163.29,-36693,27433,1403,1441,,,519136.8,polygon,140.44 127.12;151.24 138.73;156.03 140.44;169.87 129.64;183.40 132.70;190.91 123.61;188.32 108.56;171.89 106.53;156.83 104.68;147.92 98.02;134.59 109.16;137.52 119.25
LS69_s02a_sc09,LS69,AF568,roi,Dm,,91.05,184.73,0.0,LS69_2a.czi,9,-38867.01,28271.47,-39636,27732,1626,1013,,,457923.4,polygon,68.00 196.02;76.23 208.15;82.56 206.43;91.28 203.34;100.85 197.85;103.41 190.66;111.41 168.57;113.46 165.49;100.95 154.21;91.04 160.22;79.60 178.55;73.80 187.28
LS69_s02a_sc09,LS69,AF568,roi,Dl,,35.71,140.63,0.0,LS69_2a.czi,9,-39249.76,26256.58,-40210,25414,1856,1407,,,753099.6,polygon,27.22 161.52;16.95 163.59;6.33 157.27;4.42 138.97;12.61 122.18;47.85 113.74;53.15 113.56;66.87 133.05;66.02 137.67;51.67 152.58;39.69 152.77
LS85_s02a_sc05,LS85,AF568,background,__background__,,226.38,106.16,8.0,LS85_2a.czi,5,-48191.59,22298.26,-48403,22005,422,586,190.3,136.9,81825.5,disc,
LS85_s02a_sc05,LS85,AF568,background,__background__,,207.36,103.79,8.0,LS85_2a.czi,5,-47984.25,22937.67,-48195,22644,422,587,190.3,136.9,81825.5,disc,
LS85_s02a_sc05,LS85,AF568,background,__background__,,212.18,114.76,8.0,LS85_2a.czi,5,-47803.73,22578.13,-48015,22285,422,586,190.3,136.9,81825.5,disc,
LS85_s02a_sc05,LS85,AF568,background,__background__,,92.85,71.9,8.0,LS85_2a.czi,5,-47132.02,27122.89,-47343,26830,422,586,190.3,136.9,81825.5,disc,
LS85_s02a_sc05,LS85,AF568,background,__background__,,104.71,85.46,8.0,LS85_2a.czi,5,-46989.74,26494.05,-47201,26201,422,586,190.3,136.9,81825.5,disc,
LS85_s02a_sc05,LS85,AF568,roi,Dl,,80.36,102.8,0.0,LS85_2a.czi,5,-46266.37,26924.58,-46735,25841,808,2025,,,409100.8,polygon,64.37 79.65;60.96 90.94;65.00 96.10;71.00 104.16;74.08 111.03;76.16 113.31;84.82 120.61;91.37 122.49;96.22 123.41;105.25 118.86;100.06 106.56;88.69 93.71;76.98 82.69;70.14 75.73
LS85_s02a_sc05,LS85,AF568,roi,Dm,,133.97,110.24,0.0,LS85_2a.czi,5,-46833.7,25107.85,-47616,24247,1583,1455,,,458337.5,polygon,138.16 78.03;134.78 79.27;123.32 96.55;123.38 102.84;125.83 119.64;126.14 141.05;142.36 141.64;144.06 129.40;147.71 103.72
LS85_s02a_sc05,LS85,AF568,roi,Vd,,141.25,148.54,0.0,LS85_2a.czi,5,-46072.62,24150.88,-46515,23214,1016,1790,,,414423.2,polygon,152.69 146.75;159.07 142.94;169.74 146.23;167.52 154.60;153.92 163.31;138.89 159.82;115.89 158.57;114.39 153.26;115.89 145.38;123.08 137.33;138.32 136.47;145.59 137.86
LS85_s02a_sc05,LS85,AF568,roi,Vv,,132.54,173.58,0.0,LS85_2a.czi,5,-45390.47,23946.08,-45926,23027,1090,1741,,,491976.7,polygon,144.34 187.23;124.86 187.29;115.91 188.09;106.16 179.95;105.15 175.36;109.82 170.60;120.65 163.25;127.63 159.55;141.31 160.28;150.89 162.73;159.64 166.29;162.95 171.94;153.74 184.00
LS85_s02a_sc05,LS85,AF568,roi,Vl,,101.6,167.6,0.0,LS85_2a.czi,5,-45100.95,25026.69,-45350,24559,415,886,,,112668.3,polygon,96.40 171.81;90.43 166.90;91.24 162.66;100.39 157.50;111.93 162.84;112.16 174.82;108.67 176.66
LS85_s02a_sc05,LS85,AF568,roi,Dm,,172.08,117.26,0.0,LS85_2a.czi,5,-47198.1,23783.41,-48190,23304,1796,1063,,,517712.7,polygon,190.08 92.33;185.63 95.88;163.58 106.12;151.02 122.56;144.09 132.55;148.01 138.32;155.66 141.03;162.91 139.27;177.45 128.86;183.46 123.73;200.87 95.01;202.17 91.49
LS85_s02a_sc05,LS85,AF568,roi,Vl,,176.68,174.98,0.0,LS85_2a.czi,5,-45963.81,22540.29,-46236,22054,564,876,,,142214.1,polygon,174.67 182.97;167.28 182.19;164.19 175.32;166.10 171.92;173.92 167.13;180.56 165.25;186.16 168.83;190.83 177.26;186.41 183.96
LS85_s02a_sc05,LS85,AF568,roi,Dl,,232.81,152.3,0.0,LS85_2a.czi,5,-47242.65,21218.52,-48194,20461,1765,1473,,,559179.3,polygon,229.39 172.68;210.17 174.67;206.27 172.04;207.34 156.55;222.06 151.82;231.82 146.77;246.03 124.98;247.70 122.79;250.59 120.83;257.22 145.33;249.88 164.03;235.22 175.05
LS85_s02a_sc06,LS85,AF568,background,__background__,,51.59,139.4,8.0,LS85_2a.czi,6,-33461.13,5003.25,-33660,4727,397,552,179.0,128.8,72419.0,disc,
LS85_s02a_sc06,LS85,AF568,background,__background__,,75.18,126.9,8.0,LS85_2a.czi,6,-32933.25,5556.57,-33132,5281,397,551,179.0,128.8,72419.0,disc,
LS85_s02a_sc06,LS85,AF568,background,__background__,,85.81,121.66,8.0,LS85_2a.czi,6,-32704.18,5811.63,-32903,5536,397,552,179.0,128.8,72419.0,disc,
LS85_s02a_sc06,LS85,AF568,background,__background__,,167.89,139.08,8.0,LS85_2a.czi,6,-32233.86,8625.2,-32432,8349,397,552,179.0,128.8,72419.0,disc,
LS85_s02a_sc06,LS85,AF568,background,__background__,,171.17,170.12,8.0,LS85_2a.czi,6,-32895.74,9180.15,-33094,8904,397,552,179.0,128.8,72419.0,disc,
LS85_s02a_sc06,LS85,AF568,roi,Dl,,198.49,156.86,0.0,LS85_2a.czi,6,-32311.68,9838.71,-33068,8868,1373,1935,,,591532.1,polygon,198.85 190.73;209.57 193.72;221.57 173.62;220.29 170.81;214.71 158.84;208.67 151.83;203.22 139.26;198.45 129.37;187.87 125.78;180.05 129.75;179.81 142.33;183.11 153.16;184.74 162.99;188.04 173.83
LS85_s02a_sc06,LS85,AF568,roi,Dm,,137.39,155.28,0.0,LS85_2a.czi,6,-32917.23,7910.36,-33680,7201,1771,1382,,,561145.8,polygon,128.49 174.63;132.13 186.80;138.89 187.66;145.90 181.62;147.64 179.47;146.31 153.91;151.71 117.83;142.13 112.57;132.11 117.94;124.78 134.02;121.23 161.66
LS85_s02a_sc06,LS85,AF568,roi,Vd,,129.42,110.86,0.0,LS85_2a.czi,6,-32004.41,7014.03,-32326,6139,646,1838,,,312256.6,polygon,124.95 118.90;130.97 120.22;140.41 120.40;149.85 120.58;156.53 118.89;150.82 107.53;147.60 104.93;133.88 101.28;126.04 99.55;115.67 97.90;107.30 98.59;101.51 110.58;108.08 115.19;118.32 117.44
LS85_s02a_sc06,LS85,AF568,roi,Vv,,147.61,84.25,0.0,LS85_2a.czi,6,-31216.66,7193.18,-31669,6277,1011,1588,,,539566.4,polygon,120.27 91.34;134.54 98.26;147.19 101.05;157.91 104.03;162.11 99.27;167.70 85.34;168.48 76.04;160.70 65.48;147.84 60.76;139.14 60.11;117.85 85.12
LS85_s02a_sc06,LS85,AF568,roi,Vl,,174.4,106.95,0.0,LS85_2a.czi,6,-31444.82,8359.63,-31779,7869,670,1074,,,200146.1,polygon,168.20 97.45;179.03 94.15;188.95 100.75;188.65 116.48;181.09 119.24;165.63 117.73;161.67 109.91;161.98 99.88
LS85_s02a_sc06,LS85,AF568,roi,Dm,,99.29,146.52,0.0,LS85_2a.czi,6,-33120.43,6594.52,-33941,5719,1534,1470,,,395999.2,polygon,62.22 165.75;67.98 168.28;93.32 159.32;103.74 152.13;112.43 147.10;119.58 140.46;125.31 131.61;113.64 121.46;95.40 132.61
LS85_s02a_sc06,LS85,AF568,roi,Vl,,99.71,86.53,0.0,LS85_2a.czi,6,-31770.32,5732.75,-32105,5433,638,719,,,134442.9,polygon,103.50 75.65;109.40 77.58;113.10 86.60;106.63 95.92;96.87 100.09;90.09 93.55;90.61 85.45;92.35 83.30;94.82 80.69
LS85_s02a_sc06,LS85,AF568,roi,Dl,,43.02,98.6,0.0,LS85_2a.czi,6,-32635.8,4140.99,-33426,3074,1385,1820,,,454203.1,polygon,64.77 82.29;67.05 83.43;69.02 94.60;65.61 95.74;51.91 103.47;37.54 114.21;28.45 115.37;14.67 120.55;2.74 111.61;12.93 91.11;29.66 89.73;52.54 89.08;62.32 90.60
LS85_s02a_sc09,LS85,AF568,background,__background__,,30.86,97.23,8.0,LS85_2a.czi,9,-17222.99,22268.76,-17402,22020,358,497,161.1,115.9,58659.4,disc,
LS85_s02a_sc09,LS85,AF568,background,__background__,,46.82,91.85,8.0,LS85_2a.czi,9,-16864.27,22422.48,-17043,22174,358,497,161.1,115.9,58659.4,disc,
LS85_s02a_sc09,LS85,AF568,background,__background__,,64.19,84.34,8.0,LS85_2a.czi,9,-16452.31,22548.17,-16631,22300,357,497,161.1,115.9,58659.4,disc,
LS85_s02a_sc09,LS85,AF568,background,__background__,,82.32,79.48,8.0,LS85_2a.czi,9,-16061.11,22754.25,-16240,22506,358,497,161.1,115.9,58659.4,disc,
LS85_s02a_sc09,LS85,AF568,background,__background__,,155.93,150.95,8.0,LS85_2a.czi,9,-15660.72,25883.9,-15840,25636,358,496,161.1,115.9,58659.4,disc,
LS85_s02a_sc09,LS85,AF568,background,__background__,,106.29,70.96,8.0,LS85_2a.czi,9,-15516.63,22974.06,-15695,22726,357,496,161.1,115.9,58659.4,disc,
LS85_s02a_sc09,LS85,AF568,roi,Dl,,172.9,183.85,0.0,LS85_2a.czi,9,-15782.33,27018.3,-16437,26331,1320,1541,,,480847.6,polygon,152.57 205.82;165.50 219.07;174.79 216.44;181.75 207.58;180.66 202.73;192.42 174.44;190.56 157.76;188.93 155.07;181.96 154.75;176.32 154.06;171.64 160.83;165.32 174.96;148.80 192.55;149.44 197.82
LS85_s02a_sc09,LS85,AF568,roi,Dm,,133.31,134.67,0.0,LS85_2a.czi,9,-15857.77,25065.03,-16752,24499,1745,1163,,,557230.9,polygon,98.37 149.21;100.21 156.72;107.58 167.53;110.19 167.65;123.84 165.21;134.36 154.77;148.98 140.59;149.83 131.46;158.76 117.45;154.23 111.57;155.20 99.82;151.30 99.21;141.27 108.36;132.20 115.81
LS85_s02a_sc09,LS85,AF568,roi,Vd,,165.88,104.94,0.0,LS85_2a.czi,9,-14881.49,24907.31,-15136,24524,446,801,,,114126.8,polygon,167.36 120.46;159.30 115.29;154.39 108.08;156.45 101.19;162.03 93.58;163.44 91.46;171.00 97.92;172.67 99.74;176.63 108.66;175.56 112.98
LS85_s02a_sc09,LS85,AF568,roi,Vv,,187.88,83.16,0.0,LS85_2a.czi,9,-14199.93,24758.07,-14609,24351,896,929,,,239071.7,polygon,169.24 88.67;174.19 95.01;178.43 97.82;198.14 96.53;199.91 86.57;207.10 72.48;200.74 68.27;190.40 65.18;172.79 77.91
LS85_s02a_sc09,LS85,AF568,roi,Vl,,195.78,116.02,0.0,LS85_2a.czi,9,-14485.05,25727.25,-14729,25217,509,1040,,,147960.3,polygon,200.66 108.44;211.59 117.67;208.96 127.59;199.71 129.36;187.74 123.57;181.58 115.00;185.17 103.37;190.85 103.19
LS85_s02a_sc09,LS85,AF568,roi,Dm,,104.93,114.17,0.0,LS85_2a.czi,9,-16104.03,24035.78,-16835,23443,1941,1055,,,586311.0,polygon,72.42 124.45;76.50 130.75;85.43 135.96;98.21 133.48;102.65 131.94;116.99 123.85;122.00 119.28;141.67 99.65;150.64 84.77;134.04 84.89;109.20 93.37;78.77 109.45;75.59 112.37
LS85_s02a_sc09,LS85,AF568,roi,Vd,,143.5,73.28,0.0,LS85_2a.czi,9,-14873.88,23706.12,-15113,23209,427,968,,,132470.3,polygon,130.69 72.07;131.03 74.27;138.85 84.67;149.35 84.27;157.32 82.02;156.64 77.62;148.86 66.35;143.07 59.10;135.64 59.20
LS85_s02a_sc09,LS85,AF568,roi,Vv,,167.06,57.71,0.0,LS85_2a.czi,9,-14244.98,23741.25,-14622,23392,932,721,,,191859.6,polygon,154.26 53.05;150.12 57.67;150.30 63.36;162.68 69.59;166.01 73.24;176.45 64.54;186.59 52.78;184.99 40.04;172.09 45.13
LS85_s02a_sc09,LS85,AF568,roi,Vl,,150.38,49.92,0.0,LS85_2a.czi,9,-14445.19,23243.39,-14712,22956,590,618,,,113872.2,polygon,152.74 38.57;159.33 37.56;162.43 46.44;158.62 53.25;151.67 62.11;146.90 61.45;140.99 56.82;136.04 50.48;144.70 42.58
LS85_s02a_sc09,LS85,AF568,roi,Dl,,72.08,34.14,0.0,LS85_2a.czi,9,-15655.76,21428.95,-16390,20377,1423,2129,,,650532.1,polygon,98.14 29.11;109.73 33.56;112.53 39.37;107.61 51.37;89.27 51.41;79.19 52.27;58.80 49.16;39.99 40.44;30.71 33.03;35.67 20.16;39.81 15.54;59.18 12.05;76.45 16.33
LS87_s01a_sc01,LS87,AF568,background,__background__,,158.16,167.45,8.0,LS87_1a.czi,1,-81656.83,18235.97,-81794,18099,274,274,88.7,88.7,24722.9,disc,
LS87_s01a_sc01,LS87,AF568,background,__background__,,165.94,212.27,8.0,LS87_1a.czi,1,-82430.97,18181.59,-82568,18045,274,274,88.7,88.7,24722.9,disc,
LS87_s01a_sc01,LS87,AF568,background,__background__,,182.63,157.67,8.0,LS87_1a.czi,1,-81594.89,18681.24,-81732,18544,274,274,88.7,88.7,24722.9,disc,
LS87_s01a_sc01,LS87,AF568,background,__background__,,218.23,106.05,8.0,LS87_1a.czi,1,-80885.47,19481.91,-81022,19345,274,274,88.7,88.7,24722.9,disc,
LS87_s01a_sc01,LS87,AF568,background,__background__,,156.42,81.07,8.0,LS87_1a.czi,1,-80219.04,18560.31,-80356,18423,274,274,88.7,88.7,24722.9,disc,
LS87_s01a_sc01,LS87,AF568,roi,Dl,,220.93,180.1,0.0,LS87_1a.czi,1,-82122.97,19223.89,-82909,18558,1643,1216,,,425137.6,polygon,206.63 229.45;217.51 228.39;228.45 220.43;237.17 194.45;245.46 174.05;246.45 149.12;238.54 131.28;235.98 128.28;224.84 127.41;215.08 145.65;208.49 167.00;200.49 179.29;194.39 214.56;193.58 231.99
LS87_s01a_sc01,LS87,AF568,roi,Dm,,96.09,176.96,0.0,LS87_1a.czi,1,-81560.57,17169.06,-82262,16570,1620,1231,,,491268.4,polygon,71.51 206.82;82.74 217.12;90.87 220.56;105.82 214.62;116.65 207.26;119.36 199.62;116.66 180.89;127.51 150.30;126.51 145.71;98.95 122.24;90.00 123.04;83.36 138.11;79.03 154.24;68.37 180.47;64.01 193.45
LS87_s01a_sc01,LS87,AF568,roi,Vd,,97.95,99.91,0.0,LS87_1a.czi,1,-80292.03,17514.87,-80685,17221,692,682,,,130589.4,polygon,88.22 112.65;92.37 117.22;115.86 119.18;117.49 84.32;107.65 79.93;95.21 82.58;84.93 96.95;81.87 106.42
LS87_s01a_sc01,LS87,AF568,roi,Vv,,115.82,41.85,0.0,LS87_1a.czi,1,-79403.47,18048.21,-79825,17585,810,965,,,182084.9,polygon,92.85 62.04;103.27 37.02;110.20 27.03;119.56 17.51;132.98 16.30;141.26 22.28;127.28 56.04;114.44 67.41;100.55 71.04
LS87_s01a_sc01,LS87,AF568,roi,Vl,,192.54,59.28,0.0,LS87_1a.czi,1,-80005.81,19247.63,-80245,18964,470,612,,,94913.6,polygon,191.44 45.67;206.82 47.35;211.12 54.45;208.92 65.96;194.35 73.23;185.77 75.37;176.97 65.52;175.94 57.79;181.54 48.18
LS87_s01a_sc02,LS87,AF568,background,__background__,,129.23,80.09,8.0,LS87_1a.czi,2,-80017.48,27782.01,-80177,27591,319,382,123.8,103.5,40243.1,disc,
LS87_s01a_sc02,LS87,AF568,background,__background__,,121.83,52.33,8.0,LS87_1a.czi,2,-80580.25,27660.92,-80740,27470,319,382,123.8,103.5,40243.1,disc,
LS87_s01a_sc02,LS87,AF568,background,__background__,,103.32,36.91,8.0,LS87_1a.czi,2,-81014.54,27903.98,-81174,27713,319,382,123.8,103.5,40243.1,disc,
LS87_s01a_sc02,LS87,AF568,background,__background__,,129.85,117.73,8.0,LS87_1a.czi,2,-79333.98,28149.05,-79494,27958,320,382,123.8,103.5,40243.1,disc,
LS87_s01a_sc02,LS87,AF568,background,__background__,,129.85,141.17,8.0,LS87_1a.czi,2,-78911.59,28385.94,-79071,28195,319,382,123.8,103.5,40243.1,disc,
LS87_s01a_sc02,LS87,AF568,roi,Dl,,66.07,83.27,0.0,LS87_1a.czi,2,-80493.93,29175.25,-81444,28468,1955,1317,,,570684.0,polygon,77.41 37.52;67.54 33.21;55.20 35.67;49.03 54.18;47.80 65.29;53.35 88.73;53.35 109.09;58.28 126.98;70.62 136.85;77.41 131.92;82.96 115.26;82.96 91.82;82.96 56.03
LS87_s01a_sc02,LS87,AF568,roi,Dm,,176.45,71.6,0.0,LS87_1a.czi,2,-79771.43,26678.61,-80688,26088,2015,1308,,,691658.4,polygon,183.53 35.06;182.91 32.59;164.40 26.42;155.76 35.67;155.15 54.80;157.61 78.86;160.70 100.45;166.25 120.81;181.67 130.07;192.78 117.11;201.42 85.65;198.95 65.29;192.78 48.01
LS87_s01a_sc02,LS87,AF568,roi,Vd,,183.71,148.08,0.0,LS87_1a.czi,2,-78331.92,27295.09,-78696,26819,727,904,,,199856.3,polygon,173.04 152.28;164.40 149.19;168.72 138.09;180.44 129.45;195.25 128.83;200.80 137.47;203.27 157.83;194.01 163.38;182.29 165.23;174.89 159.06
LS87_s01a_sc02,LS87,AF568,roi,Vl,,111.22,196.7,0.0,LS87_1a.czi,2,-78068.39,29348.63,-78414,28934,648,771,,,146529.7,polygon,100.85 203.48;95.30 197.93;97.77 185.59;104.56 180.66;119.36 182.51;125.53 186.21;126.15 197.93;120.60 209.04;115.04 211.50;107.02 212.12
LS87_s01a_sc02,LS87,AF568,roi,Vv,,163.01,213.51,0.0,LS87_1a.czi,2,-77327.81,28402.44,-77687,27971,733,908,,,204644.3,polygon,169.34 231.25;148.36 229.40;141.57 212.74;145.89 201.63;163.17 198.55;171.19 199.78;182.91 213.35;181.67 221.38
LS87_s04a_sc04,LS87,AF568,background,__background__,,166.25,125.13,8.0,LS87_4a.czi,4,-46901.56,8211.9,-47242,7776,681,872,283.0,220.8,196294.0,disc,
LS87_s04a_sc04,LS87,AF568,background,__background__,,152.06,151.66,8.0,LS87_4a.czi,4,-45644.0,8499.38,-45984,8064,680,871,283.0,220.8,196294.0,disc,
LS87_s04a_sc04,LS87,AF568,background,__background__,,109.49,154.74,8.0,LS87_4a.czi,4,-44960.26,10650.6,-45300,10215,680,871,283.0,220.8,196294.0,disc,
LS87_s04a_sc04,LS87,AF568,background,__background__,,108.26,127.6,8.0,LS87_4a.czi,4,-46039.81,11171.41,-46380,10736,680,871,283.0,220.8,196294.0,disc,
LS87_s04a_sc04,LS87,AF568,roi,Nucleus Anterior tuberal,,135.18,194.51,0.0,LS87_4a.czi,4,-43692.21,8651.18,-44159,7368,1028,2752,,,739161.5,polygon,110.11 184.36;128.62 184.36;142.19 185.59;148.98 187.44;152.68 191.14;158.85 197.93;154.53 202.25;136.02 203.48;127.38 202.87;116.28 202.25;111.34 197.93
LS87_s04a_sc04,LS87,AF568,roi,Nucleus Lateral tuberal,,127.44,220.93,0.0,LS87_4a.czi,4,-42523.85,8606.71,-43208,7293,1354,2500,,,862797.1,polygon,105.79 217.06;112.58 212.74;132.32 207.80;137.25 207.19;141.57 209.65;152.06 223.23;147.13 231.86;136.02 233.10;122.45 229.40;110.11 231.86;104.56 226.31
LS87_s04a_sc06,LS87,AF568,background,__background__,,161.32,136.24,8.0,LS87_4a.czi,6,-34514.69,9157.38,-34907,8718,784,879,285.6,254.4,228256.3,disc,
LS87_s04a_sc06,LS87,AF568,background,__background__,,107.64,165.85,8.0,LS87_4a.czi,6,-32758.89,11886.96,-33151,11447,784,880,285.6,254.4,228256.3,disc,
LS87_s04a_sc06,LS87,AF568,background,__background__,,105.17,149.81,8.0,LS87_4a.czi,6,-33523.36,12128.12,-33915,11688,783,880,285.6,254.4,228256.3,disc,
LS87_s04a_sc06,LS87,AF568,background,__background__,,165.63,160.91,8.0,LS87_4a.czi,6,-33341.95,8758.61,-33734,8319,784,879,285.6,254.4,228256.3,disc,
LS87_s04a_sc06,LS87,AF568,roi,Nucleus Anterior tuberal,,144.09,203.33,0.0,LS87_4a.czi,6,-31154.12,9651.11,-31945,8025,1588,3576,,,1518072.5,polygon,127.38 193.00;144.66 193.00;167.48 189.91;173.04 191.76;174.27 200.40;169.34 206.57;155.76 213.97;148.98 215.82;128.00 217.67;111.96 215.82;107.64 209.04;120.60 193.00
LS87_s04a_sc06,LS87,AF568,roi,Nucleus Lateral tuberal,,147.74,231.13,0.0,LS87_4a.czi,6,-29825.44,9267.54,-30630,7613,1617,3154,,,1380861.7,polygon,122.45 230.63;121.21 223.23;141.57 216.44;157.61 217.67;168.10 217.06;178.59 226.93;174.89 246.67;155.15 239.88;145.89 236.18;131.70 242.35;128.00 245.44
LS87_s04a_sc08,LS87,AF568,background,__background__,,158.23,125.75,8.0,LS87_4a.czi,8,-19492.95,9357.03,-19811,8905,636,904,293.6,206.7,190667.6,disc,
LS87_s04a_sc08,LS87,AF568,background,__background__,,145.89,144.87,8.0,LS87_4a.czi,8,-18631.62,9749.52,-18950,9297,637,905,293.6,206.7,190667.6,disc,
LS87_s04a_sc08,LS87,AF568,background,__background__,,105.17,147.34,8.0,LS87_4a.czi,8,-18116.44,11933.69,-18435,11482,637,904,293.6,206.7,190667.6,disc,
LS87_s04a_sc08,LS87,AF568,background,__background__,,47.18,178.19,8.0,LS87_4a.czi,8,-16333.58,14643.37,-16652,14191,637,905,293.6,206.7,190667.6,disc,
LS87_s04a_sc08,LS87,AF568,roi,Nucleus Anterior tuberal,,132.78,202.04,0.0,LS87_4a.czi,8,-16301.77,9625.99,-17026,7745,1366,3778,,,1178687.5,polygon,105.17 191.14;121.21 188.68;155.15 189.91;160.08 190.53;166.87 203.48;159.46 209.04;141.57 207.80;136.02 206.57;129.23 210.27;115.04 212.74;105.79 211.50;97.77 202.87
LS87_s04a_sc08,LS87,AF568,roi,Nucleus Lateral tuberal,,130.41,219.97,0.0,LS87_4a.czi,8,-15589.05,9492.28,-16294,7961,1415,2901,,,935629.6,polygon,109.49 228.78;107.02 225.08;106.41 215.82;119.98 207.80;131.08 206.57;146.51 205.95;155.15 217.67;157.61 223.23;152.68 226.31;133.55 228.16;115.04 234.33
LS87_s05a_sc00,LS87,AF568,background,__background__,,130.43,103.67,8.0,LS87_5a.czi,0,-78830.64,9688.76,-79216,9257,770,864,280.5,249.9,220177.1,disc,
LS87_s05a_sc00,LS87,AF568,background,__background__,,137.82,59.97,8.0,LS87_5a.czi,0,-78479.94,7330.99,-78865,6899,770,864,280.5,249.9,220177.1,disc,
LS87_s05a_sc00,LS87,AF568,background,__background__,,162.81,76.85,8.0,LS87_5a.czi,0,-77277.31,8238.55,-77662,7807,770,864,280.5,249.9,220177.1,disc,
LS87_s05a_sc00,LS87,AF568,background,__background__,,163.56,184.22,8.0,LS87_5a.czi,0,-77230.35,14029.39,-77615,13597,770,864,280.5,249.9,220177.1,disc,
LS87_s05a_sc00,LS87,AF568,background,__background__,,155.84,160.58,8.0,LS87_5a.czi,0,-77603.75,12755.26,-77989,12323,770,864,280.5,249.9,220177.1,disc,
LS87_s05a_sc00,LS87,AF568,roi,Migrated posterior tuberal nucleus,,187.39,106.56,0.0,LS87_5a.czi,0,-76093.07,9838.13,-77085,8311,1796,2899,,,1418624.8,polygon,192.98 130.83;183.30 131.98;177.35 115.00;168.91 98.52;166.81 82.46;174.36 78.23;190.72 86.90;197.97 95.07;204.11 103.77;203.98 120.88;200.76 128.53
LS87_s05a_sc00,LS87,AF568,roi,Nucleus Anterior tuberal,,227.94,134.61,0.0,LS87_5a.czi,0,-74141.54,11346.37,-74645,10843,1002,1074,,,270477.8,polygon,237.90 133.56;238.30 140.19;227.69 145.18;217.48 133.62;219.78 129.81;226.51 125.28
LS87_s05a_sc00,LS87,AF568,roi,Nucleus Lateral tuberal,,232.59,94.09,0.0,LS87_5a.czi,0,-73922.2,9160.42,-74633,7637,1257,2753,,,985905.5,polygon,241.71 101.08;242.57 111.59;235.83 116.12;232.78 116.88;220.11 92.84;217.84 83.68;221.03 65.82;237.48 70.35;243.95 88.44
LS87_s05a_sc00,LS87,AF568,roi,Nucleus Anterior tuberal,,198.23,80.04,0.0,LS87_5a.czi,0,-75574.83,8406.56,-76136,7609,1133,1323,,,342309.5,polygon,203.16 74.22;210.12 83.22;207.76 89.79;201.16 88.80;191.08 83.32;188.39 80.49;186.58 75.21;197.58 65.26
LS87_s05a_sc02,LS87,AF568,background,__background__,,80.74,147.73,8.0,LS87_5a.czi,2,-63050.99,7496.54,-63402,7046,702,901,292.4,228.1,209476.5,disc,
LS87_s05a_sc02,LS87,AF568,background,__background__,,103.61,148.83,8.0,LS87_5a.czi,2,-63769.58,8395.78,-64121,7946,703,900,292.4,228.1,209476.5,disc,
LS87_s05a_sc02,LS87,AF568,background,__background__,,140.21,59.54,8.0,LS87_5a.czi,2,-61995.86,13321.86,-62347,12872,702,900,292.4,228.1,209476.5,disc,
LS87_s05a_sc02,LS87,AF568,background,__background__,,113.74,58.5,8.0,LS87_5a.czi,2,-61171.64,12272.13,-61523,11822,703,900,292.4,228.1,209476.5,disc,
LS87_s05a_sc02,LS87,AF568,roi,Migrated posterior tuberal nucleus,,74.62,81.83,0.0,LS87_5a.czi,2,-60752.03,9768.41,-61278,8556,1276,2546,,,960335.9,polygon,79.55 89.34;75.76 97.13;67.70 102.45;63.35 101.36;56.04 75.77;68.87 64.65;82.51 58.28;90.98 64.60;86.84 82.87
LS87_s05a_sc02,LS87,AF568,roi,Nucleus Anterior tuberal,,63.19,51.04,0.0,LS87_5a.czi,2,-59421.85,10477.1,-59911,9764,1013,1559,,,439433.3,polygon,57.34 40.19;71.05 37.42;73.39 44.47;74.58 52.28;68.80 61.05;59.08 61.85;50.84 56.38;50.39 54.70
LS87_s05a_sc02,LS87,AF568,roi,Nucleus Anterior tuberal,,42.94,89.98,0.0,LS87_5a.czi,2,-60067.26,8152.28,-60529,7325,860,1554,,,383820.0,polygon,41.63 80.98;46.46 78.78;54.47 83.41;49.51 96.93;43.28 104.02;31.67 99.46;33.57 86.30
LS87_s05a_sc04,LS87,AF568,background,__background__,,130.92,148.45,8.0,LS87_5a.czi,4,-47977.95,9379.63,-48306,8931,656,897,291.3,212.8,194749.3,disc,
LS87_s05a_sc04,LS87,AF568,background,__background__,,105.75,143.43,8.0,LS87_5a.czi,4,-46932.77,9520.91,-47261,9072,656,898,291.3,212.8,194749.3,disc,
LS87_s05a_sc04,LS87,AF568,background,__background__,,118.83,95.03,8.0,LS87_5a.czi,4,-47270.75,12291.38,-47599,11843,656,897,291.3,212.8,194749.3,disc,
LS87_s05a_sc04,LS87,AF568,background,__background__,,130.94,81.18,8.0,LS87_5a.czi,4,-47708.19,13130.25,-48036,12682,656,897,291.3,212.8,194749.3,disc,
LS87_s05a_sc04,LS87,AF568,background,__background__,,91.46,36.25,8.0,LS87_5a.czi,4,-45919.76,15417.83,-46248,14969,656,898,291.3,212.8,194749.3,disc,
LS87_s05a_sc04,LS87,AF568,background,__background__,,231.4,42.01,8.0,LS87_5a.czi,4,-51641.63,15867.3,-51969,15419,655,897,291.3,212.8,194749.3,disc,
LS87_s05a_sc04,LS87,AF568,roi,Nucleus Posterior Tuberal,,45.82,140.31,0.0,LS87_5a.czi,4,-44479.72,9364.84,-45754,7471,2551,3631,,,2898539.5,polygon,70.23 111.57;44.33 110.85;23.24 114.58;18.11 143.45;20.46 147.83;12.78 157.49;22.25 171.95;47.74 165.26;64.53 160.79;72.67 156.70;78.45 126.62;75.02 116.65
LS87_s05a_sc05,LS87,AF568,background,__background__,,197.72,117.11,8.0,LS87_5a.czi,5,-51815.31,23161.24,-52164,22770,698,783,254.1,226.4,180753.4,disc,
LS87_s05a_sc05,LS87,AF568,background,__background__,,177.36,130.68,8.0,LS87_5a.czi,5,-50993.55,23922.21,-51342,23531,697,783,254.1,226.4,180753.4,disc,
LS87_s05a_sc05,LS87,AF568,background,__background__,,157.0,114.64,8.0,LS87_5a.czi,5,-51406.09,25101.17,-51755,24710,698,783,254.1,226.4,180753.4,disc,
LS87_s05a_sc05,LS87,AF568,background,__background__,,107.02,113.41,8.0,LS87_5a.czi,5,-50828.71,27456.82,-51178,27065,698,783,254.1,226.4,180753.4,disc,
LS87_s05a_sc05,LS87,AF568,background,__background__,,78.03,117.73,8.0,LS87_5a.czi,5,-50283.99,28752.12,-50633,28361,698,783,254.1,226.4,180753.4,disc,
LS87_s05a_sc05,LS87,AF568,background,__background__,,150.21,152.89,8.0,LS87_5a.czi,5,-49726.22,24878.87,-50075,24487,698,783,254.1,226.4,180753.4,disc,
LS87_s05a_sc05,LS87,AF568,roi,Nucleus Posterior Tuberal,,142.09,198.86,0.0,LS87_5a.czi,5,-47707.8,24609.82,-48782,23262,1957,3024,,,1701106.6,polygon,116.89 180.04;116.89 195.46;126.15 215.21;137.25 217.67;149.59 213.35;157.00 224.46;165.02 218.29;168.10 206.57;164.40 190.53;151.44 178.81;138.49 172.02;113.81 173.87
