scene_uid,animal,marker,plate_set,plate_id,roi_kind,region,region_ambiguous,ambiguity_group,region_uncertain_in_atlas,sec_x,sec_y,sec_r,seed_n,n_landmarks,transform,mean_residual_px,roi_shape,part,sec_poly,roi_n,landmarks_at_draw
LS136_s02a_sc00,LS136,AF568,plates_final,plate_020,background,__background__,0,,0,212.06,189.59,8.00,,0,,,disc,,,,
LS136_s02a_sc00,LS136,AF568,plates_final,plate_020,background,__background__,0,,0,198.31,174.38,8.00,,0,,,disc,,,,
LS136_s02a_sc00,LS136,AF568,plates_final,plate_020,background,__background__,0,,0,185.56,194.48,2.00,,0,,,disc,,,,
LS136_s02a_sc00,LS136,AF568,plates_final,plate_020,background,__background__,0,,0,129.05,176.38,8.00,,0,,,disc,,,,
LS136_s02a_sc00,LS136,AF568,plates_final,plate_020,background,__background__,0,,0,71.02,109.45,8.00,,0,,,disc,,,,
LS136_s02a_sc00,LS136,AF568,plates_final,plate_020,background,__background__,0,,0,63.34,93.97,8.00,,0,,,disc,,,,
LS136_s02a_sc00,LS136,AF568,plates_final,plate_020,roi,Dl,0,,0,87.94,29.90,,,0,,,polygon,1,121.82 5.02;77.94 6.83;59.43 15.33;44.74 37.08;56.56 52.57;75.88 52.62;92.74 40.81;107.38 35.61;120.63 33.16;122.32 19.92,1,0
LS136_s02a_sc00,LS136,AF568,plates_final,plate_020,roi,Dm,0,,0,120.96,102.85,,,0,,,polygon,1,143.89 100.83;145.57 90.35;140.92 78.19;138.43 78.74;127.10 85.05;115.49 93.57;100.83 105.67;88.67 114.46;89.74 126.33;107.67 126.38;118.16 123.93;135.03 110.73,2,0
LS136_s02a_sc00,LS136,AF568,plates_final,plate_020,roi,Dm,0,,0,149.58,135.88,,,0,,,polygon,2,189.57 141.52;186.05 117.78;159.28 120.74;152.11 120.16;139.14 121.78;123.39 127.53;115.91 140.20;113.96 144.61;123.87 152.09;146.78 149.67;158.66 144.46;186.24 150.06,4,0
LS136_s02a_sc00,LS136,AF568,plates_final,plate_020,roi,Dl,0,,0,173.91,215.79,,,0,,,polygon,2,166.71 223.12;175.50 238.04;196.71 248.87;216.88 239.54;209.48 223.24;189.93 210.22;154.96 184.18;149.16 186.37;140.58 196.83;149.10 208.45;163.98 214.84,5,0
LS45_s03a_sc01,LS45,AF568,plates_final,plate_024,background,__background__,0,,0,74.94,114.64,8.00,,0,,,disc,,,,
LS45_s03a_sc01,LS45,AF568,plates_final,plate_024,background,__background__,0,,0,58.90,59.73,8.00,,0,,,disc,,,,
LS45_s03a_sc01,LS45,AF568,plates_final,plate_024,background,__background__,0,,0,139.11,147.34,8.00,,0,,,disc,,,,
LS45_s03a_sc01,LS45,AF568,plates_final,plate_024,background,__background__,0,,0,98.39,138.09,8.00,,0,,,disc,,,,
LS45_s03a_sc01,LS45,AF568,plates_final,plate_024,roi,Dl,0,,0,29.70,74.44,,,0,,,polygon,1,12.01 38.14;6.46 54.18;6.46 67.76;13.25 82.56;31.76 111.56;43.48 111.56;56.43 102.92;56.43 91.82;46.56 79.48;32.99 67.14;27.44 50.48;23.12 35.67,1,0
LS45_s03a_sc01,LS45,AF568,plates_final,plate_024,roi,Dm,0,,0,102.86,90.94,,,0,,,polygon,1,85.43 67.14;89.13 56.65;96.54 57.27;108.87 77.63;117.51 88.11;116.89 107.86;119.98 115.88;114.43 118.34;111.96 120.20;93.45 109.71;90.98 87.50;89.13 85.03,2,0
LS45_s03a_sc01,LS45,AF568,plates_final,plate_024,roi,POA,1,Vd/Vv/POA,0,120.60,176.95,,,0,,,polygon,1,115.04 158.45;111.34 159.06;92.22 168.93;90.37 192.38;99.62 200.40;116.28 193.61;127.38 177.57;141.57 189.29;153.29 178.81;147.74 166.47;131.70 161.53,3,0
LS45_s03a_sc01,LS45,AF568,plates_final,plate_024,roi,Dm,0,,0,128.37,98.36,,,0,,,polygon,2,128.62 116.49;132.94 110.32;139.11 99.22;145.27 85.65;145.89 80.71;142.19 71.46;139.11 67.76;125.53 67.76;116.28 75.78;116.28 93.67;115.66 111.56;115.04 120.20;116.89 122.66;122.45 126.98;124.30 125.13,4,0
LS45_s03a_sc01,LS45,AF568,plates_final,plate_024,roi,Dl,0,,0,180.59,114.64,,,0,,,polygon,2,169.95 134.39;200.80 122.66;206.35 120.81;209.44 109.09;208.20 106.01;202.03 97.99;181.67 96.75;176.12 106.62;162.55 111.56;150.83 115.88;148.98 120.20;150.21 133.77,5,0
LS37_s05a_sc04,LS37,AF568,plates_final,plate_038,background,__background__,0,,0,238.43,141.17,8.00,,0,,,disc,,,,
LS37_s05a_sc04,LS37,AF568,plates_final,plate_038,background,__background__,0,,0,199.57,114.64,8.02,,0,,,disc,,,,
LS37_s05a_sc04,LS37,AF568,plates_final,plate_038,background,__background__,0,,0,195.25,172.64,8.00,,0,,,disc,,,,
LS37_s05a_sc04,LS37,AF568,plates_final,plate_038,background,__background__,0,,0,123.06,160.91,8.02,,0,,,disc,,,,
LS37_s05a_sc04,LS37,AF568,plates_final,plate_038,roi,Nucleus Anterior tuberal,0,,0,157.95,182.46,,,0,,,polygon,1,144.04 188.06;144.04 188.06;154.53 191.76;163.17 189.29;172.42 189.91;176.12 189.29;177.97 184.98;179.21 176.95;166.25 172.64;160.08 168.93;142.81 170.79;137.87 176.34;134.79 184.98,1,0
LS37_s05a_sc04,LS37,AF568,plates_final,plate_038,roi,Nucleus Lateral tuberal,0,,0,158.09,201.49,,,0,,,polygon,1,142.81 203.48;148.36 209.65;152.68 213.35;166.87 213.97;173.04 212.74;181.06 205.95;180.44 197.31;176.12 192.38;163.78 192.38;153.29 193.61;147.13 194.23;134.17 193.00;135.40 197.31,2,0
LS61_s04a_sc09,LS61,AF568,plates_final,plate_040,background,__background__,0,,0,153.29,117.11,8.00,,0,,,disc,,,,
LS61_s04a_sc09,LS61,AF568,plates_final,plate_040,background,__background__,0,,0,173.04,131.30,8.00,,0,,,disc,,,,
LS61_s04a_sc09,LS61,AF568,plates_final,plate_040,background,__background__,0,,0,95.92,103.54,8.00,,0,,,disc,,,,
LS61_s04a_sc09,LS61,AF568,plates_final,plate_040,background,__background__,0,,0,93.45,132.53,8.00,,0,,,disc,,,,
LS61_s04a_sc09,LS61,AF568,plates_final,plate_040,roi,Nucleus Anterior tuberal,0,,0,115.74,182.20,,,0,,,polygon,1,105.79 173.87;97.77 173.87;94.07 174.49;90.37 180.66;89.75 185.59;96.54 193.61;105.79 188.06;112.58 189.91;123.06 190.53;132.94 192.38;140.96 188.68;144.66 182.51;143.42 178.19;133.55 177.57;123.68 175.10;116.89 170.17,1,0
LS61_s04a_sc09,LS61,AF568,plates_final,plate_040,roi,Nucleus Lateral tuberal,0,,0,113.02,204.49,,,0,,,polygon,1,96.54 210.89;114.43 213.35;123.06 217.67;137.87 221.38;144.66 202.87;137.87 197.31;116.28 192.38;105.79 188.68;90.37 193.00;84.81 204.72;91.60 207.19,2,0
LS87_s05a_sc02,LS87,AF568,plates_final,plate_042,background,__background__,0,,0,80.74,147.73,8.00,,0,,,disc,,,,
LS87_s05a_sc02,LS87,AF568,plates_final,plate_042,background,__background__,0,,0,103.61,148.83,8.00,,0,,,disc,,,,
LS87_s05a_sc02,LS87,AF568,plates_final,plate_042,background,__background__,0,,0,140.21,59.54,8.00,,0,,,disc,,,,
LS87_s05a_sc02,LS87,AF568,plates_final,plate_042,background,__background__,0,,0,113.74,58.50,8.00,,0,,,disc,,,,
LS87_s05a_sc02,LS87,AF568,plates_final,plate_042,roi,Migrated posterior tuberal nucleus,0,,0,74.62,81.83,,,0,,,polygon,1,79.55 89.34;75.76 97.13;67.70 102.45;63.35 101.36;56.04 75.77;68.87 64.65;82.51 58.28;90.98 64.60;86.84 82.87,1,4
LS87_s05a_sc02,LS87,AF568,plates_final,plate_042,roi,Nucleus Anterior tuberal,0,,0,63.19,51.04,,,0,,,polygon,1,57.34 40.19;71.05 37.42;73.39 44.47;74.58 52.28;68.80 61.05;59.08 61.85;50.84 56.38;50.39 54.70,2,4
LS87_s05a_sc02,LS87,AF568,plates_final,plate_042,roi,Nucleus Anterior tuberal,0,,0,42.94,89.98,,,0,,,polygon,2,41.63 80.98;46.46 78.78;54.47 83.41;49.51 96.93;43.28 104.02;31.67 99.46;33.57 86.30,4,4
LS120_s02a_sc06,LS120,AF568,plates_final,plate_021,background,__background__,0,,0,72.73,67.08,8.00,,0,,,disc,,,,
LS120_s02a_sc06,LS120,AF568,plates_final,plate_021,background,__background__,0,,0,59.15,92.45,8.00,,0,,,disc,,,,
LS120_s02a_sc06,LS120,AF568,plates_final,plate_021,background,__background__,0,,0,74.47,165.83,8.00,,0,,,disc,,,,
LS120_s02a_sc06,LS120,AF568,plates_final,plate_021,background,__background__,0,,0,155.12,147.67,8.00,,0,,,disc,,,,
LS120_s02a_sc06,LS120,AF568,plates_final,plate_021,roi,Dl,0,,0,117.94,192.73,,,0,,,polygon,1,81.38 193.28;75.02 202.24;92.85 213.11;103.44 215.06;116.17 210.11;131.19 201.35;142.13 197.73;150.39 189.91;157.03 174.14;147.46 167.82;126.16 174.42;115.93 179.86;94.02 186.49,1,0
LS120_s02a_sc06,LS120,AF568,plates_final,plate_021,roi,Dm,0,,0,110.28,142.87,,,0,,,polygon,1,89.79 137.90;80.51 137.73;76.04 147.22;101.32 158.95;125.20 154.70;137.10 145.47;145.34 137.04;131.39 129.69;105.81 137.12,2,0
LS120_s02a_sc06,LS120,AF568,plates_final,plate_021,roi,POA,1,Vd/Vv/POA,0,185.76,131.88,,,0,,,polygon,1,197.91 125.82;199.89 141.16;185.72 141.85;178.06 136.67;175.23 129.40;175.02 125.08;188.51 123.19,3,0
LS120_s02a_sc06,LS120,AF568,plates_final,plate_021,roi,Dm,0,,0,101.21,110.44,,,0,,,polygon,2,125.12 115.17;129.75 108.77;128.68 99.55;106.40 98.79;98.36 98.57;80.12 104.40;67.10 116.15;71.40 128.30;103.94 124.24,4,0
LS120_s02a_sc06,LS120,AF568,plates_final,plate_021,roi,POA,1,Vd/Vv/POA,0,167.30,102.69,,,0,,,polygon,2,183.21 103.06;164.59 113.86;158.27 111.08;157.82 101.83;165.00 97.16;168.52 93.28;173.72 98.59,5,0
LS120_s02a_sc06,LS120,AF568,plates_final,plate_021,roi,Dl,0,,0,115.29,62.68,,,0,,,polygon,2,133.68 62.87;143.90 69.78;134.40 77.65;110.22 75.75;98.03 66.46;78.97 55.66;97.62 45.48;125.53 47.82,6,0
LS37_s03a_sc02,LS37,AF568,plates_final,plate_020,background,__background__,0,,0,75.13,23.90,8.00,,0,,,disc,,,,
LS37_s03a_sc02,LS37,AF568,plates_final,plate_020,background,__background__,0,,0,87.95,42.33,8.00,,0,,,disc,,,,
LS37_s03a_sc02,LS37,AF568,plates_final,plate_020,background,__background__,0,,0,69.78,168.12,8.00,,0,,,disc,,,,
LS37_s03a_sc02,LS37,AF568,plates_final,plate_020,roi,Dl,0,,0,65.35,217.69,,,0,,,polygon,1,67.21 239.93;70.02 225.28;90.73 203.47;85.00 193.17;78.54 191.07;66.82 189.21;52.73 208.63;48.72 220.95;45.54 238.73;53.96 242.76;59.61 241.36,1,0
LS37_s03a_sc02,LS37,AF568,plates_final,plate_020,roi,Dm,0,,0,47.99,156.61,,,0,,,polygon,1,30.44 151.44;25.60 156.35;30.58 169.00;39.38 171.86;47.94 169.45;56.26 159.83;61.51 157.64;73.38 153.07;69.62 146.66;55.92 140.91;37.23 146.51,2,0
LS37_s03a_sc02,LS37,AF568,plates_final,plate_020,roi,POA,1,Vd/Vv/POA,0,97.38,140.01,,,0,,,polygon,1,86.75 141.84;82.16 153.97;84.97 163.32;105.87 166.87;106.23 163.74;105.56 151.85;104.30 139.76;112.99 128.96;111.10 110.83;106.76 104.23;86.25 127.41;84.92 131.52;88.07 135.79,3,0
LS37_s03a_sc02,LS37,AF568,plates_final,plate_020,roi,Dm,0,,0,62.48,67.44,,,0,,,polygon,2,44.63 41.88;50.03 59.20;54.64 74.97;56.85 84.13;62.96 91.30;69.46 99.25;72.98 100.39;82.03 84.52;78.81 72.45;74.03 59.22;71.23 49.87;49.03 30.34;45.51 29.19,4,0
LS37_s03a_sc02,LS37,AF568,plates_final,plate_020,roi,Dl,0,,0,115.06,45.05,,,0,,,polygon,2,103.15 39.49;100.91 28.38;106.06 12.54;115.61 11.10;129.33 18.80;132.80 40.04;133.64 47.45;125.34 59.02;119.55 66.87;117.83 72.15;104.22 78.11;104.48 61.33;102.84 50.41,5,0
LS22_s02a_sc10,LS22,AF568,plates_final,plate_024,background,__background__,0,,0,124.62,92.27,8.00,,0,,,disc,,,,
LS22_s02a_sc10,LS22,AF568,plates_final,plate_024,background,__background__,0,,0,100.96,85.66,8.00,,0,,,disc,,,,
LS22_s02a_sc10,LS22,AF568,plates_final,plate_024,background,__background__,0,,0,68.04,142.97,8.00,,0,,,disc,,,,
LS22_s02a_sc10,LS22,AF568,plates_final,plate_024,background,__background__,0,,0,209.69,108.94,8.00,,0,,,disc,,,,
LS22_s02a_sc10,LS22,AF568,plates_final,plate_024,roi,Dl,0,,0,166.73,86.04,,,0,,,polygon,1,209.12 85.76;194.05 75.93;181.91 76.63;162.04 76.13;151.02 74.63;131.15 75.51;130.80 81.58;146.66 95.28;162.60 100.69;175.80 104.70;188.82 99.61,1,0
LS22_s02a_sc10,LS22,AF568,plates_final,plate_024,roi,Dm,0,,0,122.28,128.34,,,0,,,polygon,1,145.02 142.99;130.10 145.03;114.50 133.55;95.84 123.96;93.10 122.55;97.08 112.11;105.90 112.48;128.43 121.29;137.21 125.80;148.17 132.82;149.76 139.18,2,0
LS22_s02a_sc10,LS22,AF568,plates_final,plate_024,roi,POA,1,Vd/Vv/POA,0,55.88,104.33,,,0,,,polygon,1,79.43 111.36;85.10 97.63;79.41 88.46;64.29 82.77;53.81 82.93;42.38 93.02;35.13 100.39;30.90 108.62;32.18 116.91;40.41 121.14;51.75 119.33;62.80 118.08;68.90 115.66,3,0
LS22_s02a_sc10,LS22,AF568,plates_final,plate_024,roi,Dm,0,,0,104.82,142.20,,,0,,,polygon,2,134.09 158.87;122.64 146.06;120.76 141.62;104.94 125.16;90.08 121.69;86.41 128.82;84.40 135.42;88.21 140.16;92.04 143.51;101.06 151.61;128.43 171.23,4,0
LS22_s02a_sc10,LS22,AF568,plates_final,plate_024,roi,Dl,0,,0,74.30,184.53,,,0,,,polygon,2,83.45 196.67;91.49 193.17;92.46 180.49;83.99 172.67;69.98 167.55;61.98 166.90;46.94 179.98;58.44 187.28;66.63 195.65;76.52 199.35;85.45 190.07,5,0
LS45_s04a_sc08,LS45,AF568,plates_final,plate_039,background,__background__,0,,0,90.37,106.62,8.00,,0,,,disc,,,,
LS45_s04a_sc08,LS45,AF568,plates_final,plate_039,background,__background__,0,,0,95.30,138.09,8.00,,0,,,disc,,,,
LS45_s04a_sc08,LS45,AF568,plates_final,plate_039,background,__background__,0,,0,143.42,147.34,8.00,,0,,,disc,,,,
LS45_s04a_sc08,LS45,AF568,plates_final,plate_039,background,__background__,0,,0,152.06,108.47,8.00,,0,,,disc,,,,
LS45_s04a_sc08,LS45,AF568,plates_final,plate_039,roi,Nucleus Anterior tuberal,0,,0,114.35,188.14,,,0,,,polygon,1,103.32 195.46;111.96 197.93;123.68 201.63;136.64 193.00;133.55 185.59;113.81 173.87;97.77 172.02;94.07 185.59,1,0
LS45_s04a_sc08,LS45,AF568,plates_final,plate_039,roi,Nucleus Lateral tuberal,0,,0,111.68,210.72,,,0,,,polygon,1,95.92 202.25;92.83 202.25;108.87 196.08;115.66 196.08;123.06 201.63;125.53 203.48;134.17 223.23;126.15 226.93;109.49 226.31;102.09 220.76;94.68 218.91,2,0
LS120_s05a_sc07,LS120,AF568,plates_final,plate_043,background,__background__,0,,0,71.53,164.27,8.00,,0,,,disc,,,,
LS120_s05a_sc07,LS120,AF568,plates_final,plate_043,background,__background__,0,,0,88.47,132.46,8.00,,0,,,disc,,,,
LS120_s05a_sc07,LS120,AF568,plates_final,plate_043,background,__background__,0,,0,64.42,141.72,8.00,,0,,,disc,,,,
LS120_s05a_sc07,LS120,AF568,plates_final,plate_043,background,__background__,0,,0,86.76,112.09,8.00,,0,,,disc,,,,
LS120_s05a_sc07,LS120,AF568,plates_final,plate_043,background,__background__,0,,0,52.78,89.89,8.00,,0,,,disc,,,,
LS120_s05a_sc07,LS120,AF568,plates_final,plate_043,roi,Nucleus Posterior Tuberal,0,,0,16.92,124.56,,,0,,,polygon,1,32.90 112.19;40.83 146.50;11.13 148.61;5.95 126.34;-3.23 120.44;4.85 116.51;19.93 113.23;22.97 112.69,1,0
LS105_s06a_sc06,LS105,AF568,plates_final,plate_045,background,__background__,0,,0,156.27,106.25,8.00,,0,,,disc,,,,
LS105_s06a_sc06,LS105,AF568,plates_final,plate_045,background,__background__,0,,0,175.30,92.72,8.00,,0,,,disc,,,,
LS105_s06a_sc06,LS105,AF568,plates_final,plate_045,background,__background__,0,,0,152.30,79.76,8.00,,0,,,disc,,,,
LS105_s06a_sc06,LS105,AF568,plates_final,plate_045,background,__background__,0,,0,171.01,67.04,8.00,,0,,,disc,,,,
LS69_s02a_sc08,LS69,AF568,plates_final,plate_023,background,__background__,0,,0,136.41,144.76,8.00,,0,,,disc,,,,
LS69_s02a_sc08,LS69,AF568,plates_final,plate_023,background,__background__,0,,0,154.01,109.88,8.00,,0,,,disc,,,,
LS69_s02a_sc08,LS69,AF568,plates_final,plate_023,background,__background__,0,,0,143.09,91.99,8.00,,0,,,disc,,,,
LS69_s02a_sc08,LS69,AF568,plates_final,plate_023,background,__background__,0,,0,187.59,80.05,4.36,,0,,,disc,,,,
LS69_s02a_sc08,LS69,AF568,plates_final,plate_023,background,__background__,0,,0,209.39,154.18,4.45,,0,,,disc,,,,
LS69_s02a_sc08,LS69,AF568,plates_final,plate_023,roi,Dl,0,,0,156.66,67.11,,,0,,,polygon,1,185.14 66.99;182.58 57.68;169.26 51.89;164.79 52.27;162.01 53.60;138.92 65.38;129.74 73.63;125.39 76.54;140.16 81.35;144.15 80.26;162.05 75.62;175.71 70.15,1,0
LS69_s02a_sc08,LS69,AF568,plates_final,plate_023,roi,Dm,0,,0,191.74,115.18,,,0,,,polygon,1,186.96 130.87;168.68 124.73;166.01 119.17;170.34 109.97;188.49 107.27;199.25 106.89;212.80 105.17;218.99 112.05;214.16 120.53,2,0
LS69_s02a_sc08,LS69,AF568,plates_final,plate_023,roi,POA,1,Vd/Vv/POA,0,121.09,121.53,,,0,,,polygon,1,114.97 129.19;106.73 123.16;106.82 106.82;115.16 102.82;131.50 109.20;135.63 116.93;133.00 130.25;128.89 135.09;117.16 140.32,3,0
LS69_s02a_sc08,LS69,AF568,plates_final,plate_023,roi,Dm,0,,0,197.91,137.50,,,0,,,polygon,2,176.34 146.38;166.65 141.31;171.96 130.41;190.21 123.97;205.95 127.08;223.98 128.14;226.91 141.92;217.24 146.30;203.68 144.87;196.18 144.64,4,0
LS69_s02a_sc08,LS69,AF568,plates_final,plate_023,roi,Dl,0,,0,212.86,194.11,,,0,,,polygon,2,214.70 213.09;200.66 210.94;177.53 197.55;175.22 193.32;201.21 179.60;215.50 186.83;231.94 176.88;241.26 180.61;239.96 196.71;230.66 205.56,5,0
LS120_s01a_sc12,LS120,AF568,plates_final,plate_014,background,__background__,0,,0,182.96,186.22,6.90,,0,,,disc,,,,
LS120_s01a_sc12,LS120,AF568,plates_final,plate_014,background,__background__,0,,0,163.59,169.76,8.00,,0,,,disc,,,,
LS120_s01a_sc12,LS120,AF568,plates_final,plate_014,background,__background__,0,,0,51.86,98.11,8.00,,0,,,disc,,,,
LS120_s01a_sc12,LS120,AF568,plates_final,plate_014,background,__background__,0,,0,45.18,80.69,8.00,,0,,,disc,,,,
LS120_s01a_sc12,LS120,AF568,plates_final,plate_014,roi,Dl,0,,0,217.28,168.83,,,0,,,polygon,1,225.43 193.20;223.06 209.59;203.60 207.33;203.08 189.69;206.86 171.28;209.72 147.72;217.42 138.79;225.28 130.73;234.64 133.48;223.73 166.47,1,0
LS120_s01a_sc12,LS120,AF568,plates_final,plate_014,roi,Dm,0,,0,150.22,126.65,,,0,,,polygon,1,172.95 110.89;171.88 95.13;166.47 92.11;145.60 109.16;141.46 110.80;131.29 123.26;125.29 141.63;125.27 151.39;134.22 166.62;152.11 152.76;162.44 141.15;173.70 124.94,2,0
LS120_s01a_sc12,LS120,AF568,plates_final,plate_014,roi,Vd,1,Vd/Vv/POA,0,178.42,103.35,,,0,,,polygon,1,179.15 91.16;182.78 89.18;190.49 97.54;192.90 105.97;188.28 114.78;182.93 117.08;172.16 116.35;164.56 111.07;163.76 99.25;167.17 91.10,3,0
LS120_s01a_sc12,LS120,AF568,plates_final,plate_014,roi,Dm,0,,0,107.97,100.45,,,0,,,polygon,2,90.44 120.42;101.13 125.59;114.58 128.93;121.30 126.83;122.99 118.99;121.01 115.36;118.10 106.58;116.92 87.73;116.94 77.97;110.48 66.73;102.91 68.97;93.97 71.03;90.82 83.12;90.00 108.09,6,0
LS120_s01a_sc12,LS120,AF568,plates_final,plate_014,roi,Vd,1,Vd/Vv/POA,0,137.86,70.81,,,0,,,polygon,2,144.75 82.28;128.72 79.40;122.84 73.81;126.75 66.01;133.75 58.11;144.41 55.74;149.12 59.77;148.36 72.76;142.05 89.41,7,0
LS120_s01a_sc12,LS120,AF568,plates_final,plate_014,roi,Vv,1,Vd/Vv/POA,0,163.78,45.17,,,0,,,polygon,2,173.49 47.41;168.52 56.73;162.31 59.17;151.61 46.47;148.41 43.50;168.77 26.10;173.36 36.80,8,0
LS120_s01a_sc12,LS120,AF568,plates_final,plate_014,roi,Vl,0,,0,127.10,41.74,,,0,,,polygon,2,132.47 36.17;139.60 38.88;137.36 48.59;128.64 56.81;116.29 49.72;111.81 42.11;121.78 31.00;128.81 30.63,9,0
LS120_s01a_sc12,LS120,AF568,plates_final,plate_014,roi,Dl,0,,0,52.18,59.93,,,0,,,polygon,2,73.81 42.74;90.74 43.24;87.91 57.05;80.95 62.73;55.39 66.00;38.13 73.54;22.63 78.54;0.80 65.63;19.25 49.90,10,0
LS22_s01a_sc12,LS22,AF568,plates_final,plate_015,background,__background__,0,,0,127.83,74.02,8.00,,0,,,disc,,,,
LS22_s01a_sc12,LS22,AF568,plates_final,plate_015,background,__background__,0,,0,22.58,118.67,8.00,,0,,,disc,,,,
LS22_s01a_sc12,LS22,AF568,plates_final,plate_015,background,__background__,0,,0,26.00,139.49,8.00,,0,,,disc,,,,
LS22_s01a_sc12,LS22,AF568,plates_final,plate_015,background,__background__,0,,0,87.91,239.71,8.00,,0,,,disc,,,,
LS22_s01a_sc12,LS22,AF568,plates_final,plate_015,background,__background__,0,,0,103.17,205.07,8.00,,0,,,disc,,,,
LS22_s01a_sc12,LS22,AF568,plates_final,plate_015,roi,Dl,0,,0,32.20,188.70,,,0,,,polygon,1,7.39 155.05;-0.34 169.76;2.16 177.95;8.86 193.41;18.37 202.22;29.62 210.95;45.26 220.39;59.68 232.06;71.10 222.45;61.29 205.81;60.02 195.38;52.71 186.93;39.45 171.28;26.90 163.03;17.05 156.43;15.72 156.04,1,0
LS22_s01a_sc12,LS22,AF568,plates_final,plate_015,roi,Dm,0,,0,82.07,142.58,,,0,,,polygon,1,62.80 108.83;49.24 108.04;50.82 126.32;62.30 141.15;70.45 148.70;76.89 157.18;84.09 163.02;100.34 165.45;103.38 164.90;111.22 164.60;116.37 150.86;102.79 138.29;76.18 116.17,2,0
LS22_s01a_sc12,LS22,AF568,plates_final,plate_015,roi,Vd,1,Vd/Vv/POA,0,128.37,172.54,,,0,,,polygon,1,124.03 157.12;117.85 166.52;116.15 179.25;128.11 183.59;131.07 181.30;139.46 172.24;141.91 167.78,3,0
LS22_s01a_sc12,LS22,AF568,plates_final,plate_015,roi,Vl,0,,0,120.70,218.22,,,0,,,polygon,1,130.20 226.73;111.74 234.86;111.76 223.95;113.52 212.97;121.35 200.88;135.67 209.93,4,0
LS22_s01a_sc12,LS22,AF568,plates_final,plate_015,roi,Vv,1,Vd/Vv/POA,0,154.67,181.98,,,0,,,polygon,1,167.44 184.70;177.16 165.12;176.28 153.37;167.99 142.33;147.22 158.41;144.94 167.23;133.77 194.73;131.07 204.00;141.65 218.00;151.53 213.69;162.36 200.18,5,0
LS22_s01a_sc12,LS22,AF568,plates_final,plate_015,roi,Dm,0,,0,97.29,109.50,,,0,,,polygon,2,122.21 143.66;108.54 140.25;95.83 127.64;94.06 126.84;85.91 119.29;73.58 105.36;71.51 96.71;73.72 86.14;77.46 81.20;83.04 78.80;91.34 78.92;101.79 89.43;105.19 98.47;109.78 104.40;134.08 134.47;128.63 140.35,6,0
LS22_s01a_sc12,LS22,AF568,plates_final,plate_015,roi,Vd,1,Vd/Vv/POA,0,143.22,145.14,,,0,,,polygon,2,141.12 158.65;133.07 153.72;129.38 148.62;139.31 134.27;142.80 134.13;150.32 136.90;152.72 142.48;157.03 152.36,7,0
LS22_s01a_sc12,LS22,AF568,plates_final,plate_015,roi,Vl,0,,0,170.03,124.25,,,0,,,polygon,2,179.06 134.92;168.70 137.94;160.68 133.88;162.51 124.64;161.41 118.57;167.17 109.62;175.44 108.87;185.25 125.52,8,0
LS22_s01a_sc12,LS22,AF568,plates_final,plate_015,roi,Dl,0,,0,152.63,67.51,,,0,,,polygon,2,177.27 99.63;165.75 106.62;157.22 100.40;149.07 92.85;147.48 85.49;146.44 81.17;136.70 66.26;136.26 54.93;134.50 43.21;135.04 34.46;137.42 28.25;153.95 26.74;159.90 33.94;173.77 65.27;178.78 93.46,9,0
LS61_s02a_sc01,LS61,AF568,plates_final,plate_023,background,__background__,0,,0,164.13,207.95,8.00,,0,,,disc,,,,
LS61_s02a_sc01,LS61,AF568,plates_final,plate_023,background,__background__,0,,0,176.96,190.59,8.00,,0,,,disc,,,,
LS61_s02a_sc01,LS61,AF568,plates_final,plate_023,background,__background__,0,,0,160.29,188.24,8.00,,0,,,disc,,,,
LS61_s02a_sc01,LS61,AF568,plates_final,plate_023,background,__background__,0,,0,168.70,67.25,8.00,,0,,,disc,,,,
LS61_s02a_sc01,LS61,AF568,plates_final,plate_023,background,__background__,0,,0,42.17,148.34,8.00,,0,,,disc,,,,
LS61_s02a_sc01,LS61,AF568,plates_final,plate_023,roi,Dl,0,,0,134.66,45.33,,,0,,,polygon,1,113.64 46.66;116.02 33.07;131.97 21.24;153.58 23.55;162.86 26.57;165.42 39.51;163.01 47.55;138.40 58.21;132.88 62.57;117.51 70.08;109.43 61.50;111.22 53.46,1,0
LS61_s02a_sc01,LS61,AF568,plates_final,plate_023,roi,Dm,0,,0,145.54,102.89,,,0,,,polygon,1,165.88 106.14;178.76 94.95;169.42 82.06;163.86 82.09;154.03 87.10;149.13 92.69;138.07 99.55;128.85 103.93;121.46 105.84;115.35 114.52;115.39 120.07;128.38 124.30;148.68 116.13;160.37 111.12,2,0
LS61_s02a_sc01,LS61,AF568,plates_final,plate_023,roi,Dm,0,,0,141.65,148.52,,,0,,,polygon,2,125.37 136.04;115.52 138.58;114.94 144.75;123.68 158.26;144.68 162.43;160.14 166.64;174.96 169.01;176.10 155.43;170.47 144.98;142.65 135.92;134.01 135.36;117.34 134.86,4,0
LS61_s02a_sc01,LS61,AF568,plates_final,plate_023,roi,Dl,0,,0,124.75,189.53,,,0,,,polygon,2,108.34 171.32;105.22 166.41;121.83 158.89;127.44 166.87;130.57 174.25;136.80 182.23;141.80 190.83;144.39 209.32;145.07 217.96;129.12 231.02;111.10 213.26;110.38 197.22;109.67 184.27,5,0
LS138_s01a_sc10,LS138,AF568,plates_final,plate_025,background,__background__,0,,0,144.64,193.14,8.00,,0,,,disc,,,,
LS138_s01a_sc10,LS138,AF568,plates_final,plate_025,background,__background__,0,,0,63.17,105.25,8.00,,0,,,disc,,,,
LS138_s01a_sc10,LS138,AF568,plates_final,plate_025,background,__background__,0,,0,76.76,26.79,8.00,,0,,,disc,,,,
LS138_s01a_sc10,LS138,AF568,plates_final,plate_025,background,__background__,0,,0,106.88,27.30,8.00,,0,,,disc,,,,
LS138_s01a_sc10,LS138,AF568,plates_final,plate_025,roi,Dl,0,,0,124.26,14.34,,,0,,,polygon,1,151.11 14.34;151.78 26.44;142.32 29.54;121.57 17.09;104.67 10.47;98.87 8.03;101.55 4.17;122.24 4.63,1,0
LS138_s01a_sc10,LS138,AF568,plates_final,plate_025,roi,Dm,0,,0,101.11,54.55,,,0,,,polygon,1,117.01 57.72;98.11 63.92;90.98 61.83;87.24 58.54;88.16 44.87;108.72 45.95;117.54 49.02,2,0
LS138_s01a_sc10,LS138,AF568,plates_final,plate_025,roi,POA,1,Vd/Vv/POA,0,54.94,67.26,,,0,,,polygon,1,66.04 63.64;74.44 53.40;63.74 41.12;53.34 39.62;47.48 49.75;49.55 70.33;44.81 75.02;39.71 78.39;46.65 93.67;53.07 93.09;65.47 81.78,3,0
LS138_s01a_sc10,LS138,AF568,plates_final,plate_025,roi,Dm,0,,0,97.04,74.49,,,0,,,polygon,2,79.99 81.62;75.19 74.33;91.32 66.31;101.25 63.94;115.74 70.06;115.72 73.21;101.28 82.21;95.83 84.24,4,0
LS138_s01a_sc10,LS138,AF568,plates_final,plate_025,roi,Dl,0,,0,80.76,125.58,,,0,,,polygon,2,69.20 134.19;63.65 130.54;61.49 125.69;74.96 118.37;90.46 116.52;97.35 116.67;98.76 125.15;94.15 129.24;76.82 133.87,5,0
LS37_s01a_sc12,LS37,AF568,plates_final,plate_018,background,__background__,0,,0,36.07,36.91,8.00,,0,,,disc,,,,
LS37_s01a_sc12,LS37,AF568,plates_final,plate_018,background,__background__,0,,0,35.46,57.27,8.00,,0,,,disc,,,,
LS37_s01a_sc12,LS37,AF568,plates_final,plate_018,background,__background__,0,,0,236.58,122.05,8.00,,0,,,disc,,,,
LS37_s01a_sc12,LS37,AF568,plates_final,plate_018,background,__background__,0,,0,232.88,139.32,8.00,,0,,,disc,,,,
LS37_s01a_sc12,LS37,AF568,plates_final,plate_018,background,__background__,0,,0,53.35,183.12,8.00,,0,,,disc,,,,
LS37_s01a_sc12,LS37,AF568,plates_final,plate_018,background,__background__,0,,0,128.00,187.44,8.00,,0,,,disc,,,,
LS37_s01a_sc12,LS37,AF568,plates_final,plate_018,roi,Dl,0,,0,42.95,119.71,,,0,,,polygon,1,12.63 90.58;13.86 84.41;39.16 81.94;45.33 83.80;57.05 102.92;61.37 112.79;61.99 123.90;62.60 136.85;65.07 149.19;49.65 159.06;45.95 159.06;33.61 149.81;34.22 137.47;18.80 104.15,1,0
LS37_s01a_sc12,LS37,AF568,plates_final,plate_018,roi,Dm,0,,0,94.02,116.21,,,0,,,polygon,1,102.71 143.64;97.15 150.43;88.52 149.19;80.50 139.94;82.96 126.37;85.43 115.88;84.20 88.11;86.66 82.56;92.22 77.63;100.24 79.48;107.64 97.99;107.64 121.43;106.41 138.09,2,0
LS37_s01a_sc12,LS37,AF568,plates_final,plate_018,roi,Dm,0,,0,128.57,136.34,,,0,,,polygon,2,107.02 152.89;113.19 136.85;123.06 118.34;132.32 107.86;145.89 100.45;157.00 110.32;153.29 124.51;145.27 135.62;134.79 149.81;121.21 170.79;106.41 167.08;103.32 161.53,3,0
LS37_s01a_sc12,LS37,AF568,plates_final,plate_018,roi,Dl,0,,0,195.62,168.65,,,0,,,polygon,2,171.19 167.08;176.12 167.70;190.93 179.42;196.48 184.36;213.14 193.00;223.01 194.85;229.18 190.53;238.43 169.55;229.18 164.00;217.46 154.13;192.16 149.19;181.06 147.96;159.46 148.58;156.38 155.98;160.08 163.38,4,0
LS45_s05a_sc05,LS45,AF568,plates_final,plate_043,background,__background__,0,,0,149.59,211.34,8.00,,0,,,disc,,,,
LS45_s05a_sc05,LS45,AF568,plates_final,plate_043,background,__background__,0,,0,138.48,193.03,8.00,,0,,,disc,,,,
LS45_s05a_sc05,LS45,AF568,plates_final,plate_043,background,__background__,0,,0,131.97,150.82,8.00,,0,,,disc,,,,
LS45_s05a_sc05,LS45,AF568,plates_final,plate_043,background,__background__,0,,0,117.09,129.27,8.00,,0,,,disc,,,,
LS45_s05a_sc05,LS45,AF568,plates_final,plate_043,roi,Nucleus Posterior Tuberal,0,,0,78.76,188.82,,,0,,,polygon,1,90.16 167.67;93.93 170.91;97.65 190.54;96.94 194.07;84.69 205.64;78.67 207.13;70.21 203.59;60.92 197.73;55.90 191.00;58.98 179.43;78.29 169.28,1,0
LS69_s01a_sc12,LS69,AF568,plates_final,plate_017,background,__background__,0,,0,183.91,150.94,8.00,,0,,,disc,,,,
LS69_s01a_sc12,LS69,AF568,plates_final,plate_017,background,__background__,0,,0,178.35,172.59,8.00,,0,,,disc,,,,
LS69_s01a_sc12,LS69,AF568,plates_final,plate_017,background,__background__,0,,0,134.83,70.20,8.00,,0,,,disc,,,,
LS69_s01a_sc12,LS69,AF568,plates_final,plate_017,background,__background__,0,,0,106.76,57.94,6.11,,0,,,disc,,,,
LS69_s01a_sc12,LS69,AF568,plates_final,plate_017,background,__background__,0,,0,91.92,67.78,7.03,,0,,,disc,,,,
LS69_s01a_sc12,LS69,AF568,plates_final,plate_017,roi,Dl,0,,0,64.13,65.52,,,0,,,polygon,1,86.14 36.60;78.14 33.47;56.66 41.43;53.63 42.01;51.18 45.61;53.81 55.54;51.00 70.51;45.67 78.18;46.50 96.48;52.01 102.34;73.18 97.45;74.57 89.53;71.60 81.80;79.78 60.03;88.14 51.79,1,0
LS69_s01a_sc12,LS69,AF568,plates_final,plate_017,roi,Vc,0,,0,24.81,144.53,,,0,,,polygon,1,15.89 143.72;12.35 132.97;28.83 130.47;35.92 132.77;37.09 148.88;35.21 155.51;28.19 154.96;19.36 152.74;10.45 148.78,2,0
LS69_s01a_sc12,LS69,AF568,plates_final,plate_017,roi,Dm,0,,0,117.05,117.17,,,0,,,polygon,1,85.21 141.01;78.25 132.16;81.56 118.47;93.94 112.23;102.08 108.80;115.71 101.20;129.56 88.78;145.74 89.35;153.17 89.45;157.13 99.75;147.68 112.85;140.04 117.56;132.85 122.69;120.92 129.35;114.19 134.89;99.72 143.41;92.16 149.87,3,0
LS69_s01a_sc12,LS69,AF568,plates_final,plate_017,roi,Vs,0,,0,66.92,143.20,,,0,,,polygon,1,52.12 143.39;49.27 138.28;58.05 129.58;73.70 128.00;78.83 135.19;83.54 142.84;77.88 152.70;70.61 156.09;66.62 154.96;58.58 150.96,4,0
LS69_s01a_sc12,LS69,AF568,plates_final,plate_017,roi,Dm,0,,0,141.16,139.64,,,0,,,polygon,2,179.44 110.10;166.78 110.23;153.37 113.03;142.77 120.06;133.20 130.54;127.73 144.76;112.66 149.37;101.75 149.43;101.05 163.00;110.66 172.61;130.51 167.34;145.05 160.57;157.39 153.46;176.33 128.14;178.66 121.92,5,0
LS69_s01a_sc12,LS69,AF568,plates_final,plate_017,roi,Vs,0,,0,93.84,172.98,,,0,,,polygon,2,86.61 181.56;80.73 177.03;79.04 168.81;82.67 162.09;90.47 160.86;97.64 164.90;104.32 167.66;105.43 172.85;105.71 178.95;104.58 182.93;95.07 185.11,6,0
LS69_s01a_sc12,LS69,AF568,plates_final,plate_017,roi,Vc,0,,0,82.52,207.90,,,0,,,polygon,2,73.18 212.74;69.49 208.54;70.46 201.07;81.44 192.71;90.43 198.42;95.52 204.74;93.68 212.25;87.48 219.95;80.96 220.69,7,0
LS69_s01a_sc12,LS69,AF568,plates_final,plate_017,roi,Dl,0,,0,175.65,193.91,,,0,,,polygon,2,157.64 207.16;142.71 205.22;132.55 202.62;126.21 197.67;131.71 184.32;151.27 182.12;167.57 185.31;180.72 186.46;210.95 178.97;220.99 178.95;225.97 182.66;219.71 198.66;208.99 203.08;184.29 207.26;173.41 208.19,8,0
LS61_s05a_sc08,LS61,AF568,plates_final,plate_044,background,__background__,0,,0,114.38,160.91,8.00,,0,,,disc,,,,
LS61_s05a_sc08,LS61,AF568,plates_final,plate_044,background,__background__,0,,0,122.60,142.41,8.00,,0,,,disc,,,,
LS61_s05a_sc08,LS61,AF568,plates_final,plate_044,background,__background__,0,,0,180.12,154.52,8.00,,0,,,disc,,,,
LS61_s05a_sc08,LS61,AF568,plates_final,plate_044,background,__background__,0,,0,163.46,140.78,8.00,,0,,,disc,,,,
LS61_s05a_sc08,LS61,AF568,plates_final,plate_044,background,__background__,0,,0,169.71,106.26,8.00,,0,,,disc,,,,
LS61_s05a_sc08,LS61,AF568,plates_final,plate_044,roi,Nucleus Posterior Tuberal,0,,0,136.29,106.92,,,0,,,polygon,1,151.21 118.99;151.45 106.87;148.53 97.42;146.01 94.86;133.76 91.47;126.71 93.81;117.62 108.71;119.51 116.50;130.12 118.38;138.02 122.18,1,0
LS22_s04a_sc06,LS22,AF568,plates_final,plate_039,background,__background__,0,,0,71.37,94.07,8.00,,0,,,disc,,,,
LS22_s04a_sc06,LS22,AF568,plates_final,plate_039,background,__background__,0,,0,97.23,77.65,8.00,,0,,,disc,,,,
LS22_s04a_sc06,LS22,AF568,plates_final,plate_039,background,__background__,0,,0,233.77,154.97,8.00,,0,,,disc,,,,
LS22_s04a_sc06,LS22,AF568,plates_final,plate_039,background,__background__,0,,0,228.88,182.71,8.00,,0,,,disc,,,,
LS22_s04a_sc06,LS22,AF568,plates_final,plate_039,roi,Nucleus Anterior tuberal,0,,0,195.67,83.04,,,0,,,polygon,1,202.75 71.46;192.47 61.60;178.29 68.41;171.81 77.45;179.01 87.20;185.74 92.61;196.13 99.38;205.67 98.35;214.35 97.40;216.79 83.53;209.39 76.00,1,0
LS22_s04a_sc06,LS22,AF568,plates_final,plate_039,roi,Nucleus Lateral tuberal,0,,0,211.89,66.00,,,0,,,polygon,1,221.58 54.93;227.73 63.04;227.72 66.99;227.79 75.76;220.65 82.68;213.80 84.30;204.20 72.62;196.30 68.65;191.89 60.35;194.02 55.73;202.03 52.67;214.93 54.34,2,0
LS37_s01a_sc07,LS37,AF568,plates_final,plate_013,background,__background__,0,,0,244.60,87.50,8.00,,0,,,disc,,,,
LS37_s01a_sc07,LS37,AF568,plates_final,plate_013,background,__background__,0,,0,229.18,82.56,8.00,,0,,,disc,,,,
LS37_s01a_sc07,LS37,AF568,plates_final,plate_013,background,__background__,0,,0,231.03,98.60,8.00,,0,,,disc,,,,
LS37_s01a_sc07,LS37,AF568,plates_final,plate_013,background,__background__,0,,0,61.99,66.52,8.00,,0,,,disc,,,,
LS37_s01a_sc07,LS37,AF568,plates_final,plate_013,background,__background__,0,,0,45.95,72.69,8.00,,0,,,disc,,,,
LS37_s01a_sc07,LS37,AF568,plates_final,plate_013,roi,Dl,0,,0,20.36,99.80,,,0,,,polygon,1,12.01 61.59;-1.56 85.65;-2.79 97.37;5.84 118.34;12.63 123.90;20.65 134.39;26.20 140.55;36.07 144.26;47.80 132.53;34.84 110.94;19.42 101.69;18.18 97.99;20.03 84.41;20.65 81.94;31.14 72.07;30.52 54.18;14.48 54.80,1,0
LS37_s01a_sc07,LS37,AF568,plates_final,plate_013,roi,Dm,0,,0,85.83,107.97,,,0,,,polygon,1,82.35 147.96;67.54 139.94;67.54 129.45;69.39 125.13;76.18 112.18;74.94 94.28;76.79 81.94;81.11 68.99;89.75 61.59;99.62 66.52;105.79 86.88;104.56 94.28;99.62 106.62;95.30 114.03;92.22 123.90;89.13 138.09;87.28 143.64,2,0
LS37_s01a_sc07,LS37,AF568,plates_final,plate_013,roi,Vd,1,Vd/Vv/POA,0,78.44,159.82,,,0,,,polygon,1,79.88 172.64;71.24 172.02;65.07 164.62;66.92 157.21;76.18 148.58;82.96 148.58;87.28 151.66;90.37 155.98;86.05 167.08,3,0
LS37_s01a_sc07,LS37,AF568,plates_final,plate_013,roi,Vv,1,Vd/Vv/POA,0,99.50,179.50,,,0,,,polygon,1,100.24 159.06;104.56 159.06;111.34 166.47;111.96 182.51;112.58 191.14;118.13 196.08;111.96 201.63;102.09 205.33;94.68 203.48;87.90 196.08;84.20 186.21;83.58 172.02;84.81 161.53;90.37 155.98;94.07 155.98,4,0
LS37_s01a_sc07,LS37,AF568,plates_final,plate_013,roi,Vl,0,,0,65.76,184.02,,,0,,,polygon,1,59.52 195.46;53.35 193.00;55.82 178.19;60.75 173.87;66.92 173.25;70.62 177.57;75.56 183.74;76.18 187.44;73.09 193.61,5,0
LS37_s01a_sc07,LS37,AF568,plates_final,plate_013,roi,Dm,0,,0,149.42,113.19,,,0,,,polygon,2,127.38 124.51;123.68 133.15;126.15 138.09;137.25 145.49;146.51 135.00;153.29 127.60;163.17 120.20;169.34 110.32;174.27 95.52;174.27 86.26;169.34 80.71;153.91 84.41;140.34 94.28;132.94 109.09,6,0
LS37_s01a_sc07,LS37,AF568,plates_final,plate_013,roi,Vd,1,Vd/Vv/POA,0,129.37,161.12,,,0,,,polygon,2,124.92 167.70;115.66 163.38;114.43 157.21;125.53 143.02;135.40 150.43;138.49 152.89;144.04 165.23;135.40 175.72;130.47 174.49,7,0
LS37_s01a_sc07,LS37,AF568,plates_final,plate_013,roi,Vv,1,Vd/Vv/POA,0,126.64,181.07,,,0,,,polygon,2,128.00 198.55;128.00 198.55;121.21 196.08;113.81 193.00;113.19 185.59;111.96 173.87;112.58 166.47;115.66 164.62;123.68 165.85;129.85 166.47;135.40 167.70;139.11 170.79;143.42 184.36;144.04 187.44;139.72 196.70,8,0
LS37_s01a_sc07,LS37,AF568,plates_final,plate_013,roi,Vl,0,,0,152.18,169.61,,,0,,,polygon,2,152.06 180.04;145.27 182.51;140.96 176.34;140.34 170.17;143.42 162.15;148.36 155.36;155.76 154.74;163.17 159.68;169.34 172.64;163.17 182.51,9,0
LS37_s01a_sc07,LS37,AF568,plates_final,plate_013,roi,Dl,0,,0,199.33,132.23,,,0,,,polygon,2,176.74 148.58;165.63 148.58;163.17 141.79;163.78 133.15;175.50 123.90;184.14 122.05;203.88 115.88;216.84 112.18;226.09 110.32;232.26 110.32;241.52 119.58;242.14 131.30;216.84 151.04;206.35 149.81;191.55 147.34;182.91 149.81,10,0
LS22_s01a_sc06,LS22,AF568,plates_final,plate_010,background,__background__,0,,0,173.04,79.48,5.69,,0,,,disc,,,,
LS22_s01a_sc06,LS22,AF568,plates_final,plate_010,background,__background__,0,,0,216.22,94.28,5.85,,0,,,disc,,,,
LS22_s01a_sc06,LS22,AF568,plates_final,plate_010,background,__background__,0,,0,42.24,94.28,8.90,,0,,,disc,,,,
LS22_s01a_sc06,LS22,AF568,plates_final,plate_010,background,__background__,0,,0,69.39,192.38,8.00,,0,,,disc,,,,
LS22_s01a_sc06,LS22,AF568,plates_final,plate_010,roi,Dl,0,,0,27.44,129.96,,,0,,,polygon,1,8.31 99.84;26.82 102.92;31.14 117.73;41.01 140.55;37.31 159.68;20.03 159.06,1,0
LS22_s01a_sc06,LS22,AF568,plates_final,plate_010,roi,Dm,0,,0,82.58,136.35,,,0,,,polygon,1,79.88 112.79;65.69 112.18;61.37 117.11;60.75 125.75;63.84 133.15;66.92 139.32;74.33 146.11;83.58 154.13;88.52 155.98;99.62 155.98;102.71 154.13;100.24 146.72;97.77 142.41;94.68 136.85;93.45 130.68;87.90 118.34,2,0
LS22_s01a_sc06,LS22,AF568,plates_final,plate_010,roi,Dm,0,,0,114.20,125.52,,,0,,,polygon,2,126.15 105.39;109.49 102.30;104.56 102.30;99.62 115.88;99.62 124.51;108.26 143.64;110.73 146.11;118.13 147.34;126.77 143.02;127.38 135.62;125.53 114.64,3,0
LS22_s01a_sc06,LS22,AF568,plates_final,plate_010,roi,Dl,0,,0,213.38,136.76,,,0,,,polygon,2,238.43 123.28;229.80 135.62;223.01 146.72;216.22 154.74;211.90 159.06;202.03 164.62;190.93 161.53;187.23 145.49;190.31 127.60;206.35 118.34;218.69 114.03;227.95 113.41;231.03 113.41,4,0
LS87_s04a_sc06,LS87,AF568,plates_final,plate_039,background,__background__,0,,0,161.32,136.24,8.00,,0,,,disc,,,,
LS87_s04a_sc06,LS87,AF568,plates_final,plate_039,background,__background__,0,,0,107.64,165.85,8.00,,0,,,disc,,,,
LS87_s04a_sc06,LS87,AF568,plates_final,plate_039,background,__background__,0,,0,105.17,149.81,8.00,,0,,,disc,,,,
LS87_s04a_sc06,LS87,AF568,plates_final,plate_039,background,__background__,0,,0,165.63,160.91,8.00,,0,,,disc,,,,
LS87_s04a_sc06,LS87,AF568,plates_final,plate_039,roi,Nucleus Anterior tuberal,0,,0,144.09,203.33,,,0,,,polygon,1,127.38 193.00;144.66 193.00;167.48 189.91;173.04 191.76;174.27 200.40;169.34 206.57;155.76 213.97;148.98 215.82;128.00 217.67;111.96 215.82;107.64 209.04;120.60 193.00,1,4
LS87_s04a_sc06,LS87,AF568,plates_final,plate_039,roi,Nucleus Lateral tuberal,0,,0,147.74,231.13,,,0,,,polygon,1,122.45 230.63;121.21 223.23;141.57 216.44;157.61 217.67;168.10 217.06;178.59 226.93;174.89 246.67;155.15 239.88;145.89 236.18;131.70 242.35;128.00 245.44,2,4
LS37_s03a_sc07,LS37,AF568,plates_final,plate_025,background,__background__,0,,0,163.78,88.11,8.00,,0,,,disc,,,,
LS37_s03a_sc07,LS37,AF568,plates_final,plate_025,background,__background__,0,,0,165.02,107.86,8.00,,0,,,disc,,,,
LS37_s03a_sc07,LS37,AF568,plates_final,plate_025,background,__background__,0,,0,94.68,134.39,8.00,,0,,,disc,,,,
LS37_s03a_sc07,LS37,AF568,plates_final,plate_025,roi,Dl,0,,0,46.36,133.97,,,0,,,polygon,1,18.80 138.09;12.63 126.98;20.03 123.28;30.52 123.90;43.48 126.37;53.35 124.51;71.24 123.90;79.26 131.30;81.11 142.41;61.99 150.43;47.18 147.34;36.69 149.19,1,0
LS37_s03a_sc07,LS37,AF568,plates_final,plate_025,roi,Dm,0,,0,72.29,104.46,,,0,,,polygon,1,55.20 114.03;42.86 112.18;41.63 97.99;61.37 89.35;76.18 85.65;89.13 91.82;102.71 106.01;109.49 112.79;78.03 117.73;66.31 117.11,2,0
LS37_s03a_sc07,LS37,AF568,plates_final,plate_025,roi,POA,1,Vd/Vv/POA,0,127.72,151.38,,,0,,,polygon,1,124.30 141.17;114.43 149.19;115.04 165.85;116.89 182.51;127.38 184.98;131.08 173.25;133.55 165.23;139.11 141.17;147.13 115.26;130.47 117.11;125.53 129.45,3,0
LS37_s03a_sc07,LS37,AF568,plates_final,plate_025,roi,Dm,0,,0,174.76,62.39,,,0,,,polygon,2,183.53 39.99;166.25 54.18;154.53 60.35;147.13 78.86;152.68 83.18;176.12 78.24;188.46 68.99;192.78 60.97;194.63 51.10;191.55 48.01,4,0
LS37_s03a_sc07,LS37,AF568,plates_final,plate_025,roi,Dl,0,,0,231.22,88.73,,,0,,,polygon,2,245.84 76.39;235.97 76.39;226.71 78.24;214.99 85.03;203.27 102.30;213.14 106.62;224.86 97.37;243.37 95.52;251.39 88.73;252.62 80.71,5,0
LS120_s05a_sc00,LS120,AF568,plates_final,plate_040,background,__background__,0,,0,202.11,170.05,8.00,,0,,,disc,,,,
LS120_s05a_sc00,LS120,AF568,plates_final,plate_040,background,__background__,0,,0,193.31,183.18,8.00,,0,,,disc,,,,
LS120_s05a_sc00,LS120,AF568,plates_final,plate_040,background,__background__,0,,0,152.95,199.94,8.00,,0,,,disc,,,,
LS120_s05a_sc00,LS120,AF568,plates_final,plate_040,background,__background__,0,,0,148.31,219.95,8.00,,0,,,disc,,,,
LS120_s05a_sc00,LS120,AF568,plates_final,plate_040,roi,Nucleus Anterior tuberal,0,,0,189.56,210.57,,,0,,,polygon,1,173.33 215.69;182.99 197.40;194.25 196.16;207.67 197.94;207.96 201.53;196.42 215.10;190.41 219.41;180.09 228.31;172.91 223.58,1,0
LS120_s05a_sc00,LS120,AF568,plates_final,plate_040,roi,Nucleus Lateral tuberal,0,,0,200.58,226.79,,,0,,,polygon,1,179.03 242.73;181.38 231.18;193.99 219.12;204.95 208.99;222.37 202.59;223.10 214.21;210.36 237.74;198.68 241.56;191.36 243.00,2,0
LS105_s05a_sc05,LS105,AF568,plates_final,plate_038,background,__background__,0,,0,94.07,166.47,8.00,,0,,,disc,,,,
LS105_s05a_sc05,LS105,AF568,plates_final,plate_038,background,__background__,0,,0,178.59,149.19,8.00,,0,,,disc,,,,
LS105_s05a_sc05,LS105,AF568,plates_final,plate_038,background,__background__,0,,0,76.79,43.69,8.00,,0,,,disc,,,,
LS105_s05a_sc05,LS105,AF568,plates_final,plate_038,background,__background__,0,,0,165.02,42.46,8.00,,0,,,disc,,,,
LS105_s05a_sc05,LS105,AF568,plates_final,plate_038,roi,Nucleus Anterior tuberal,0,,0,144.66,195.28,,,0,,,polygon,1,128.62 204.10;109.49 201.63;126.15 184.36;130.47 184.36;149.59 184.36;177.36 187.44;176.12 196.08;165.02 207.80;145.27 204.10;138.49 198.55,1,0
LS105_s05a_sc05,LS105,AF568,plates_final,plate_038,roi,Nucleus Lateral tuberal,0,,0,149.72,218.45,,,0,,,polygon,1,119.98 217.06;121.21 212.12;130.47 206.57;140.34 204.10;155.15 203.48;169.34 205.95;174.27 207.19;182.91 217.67;184.76 222.61;177.36 230.63;160.08 228.16;147.13 225.08;133.55 231.25;128.00 235.56;121.21 229.40,2,0
LS37_s06a_sc00,LS37,AF568,plates_final,plate_043,background,__background__,0,,0,158.85,157.83,8.00,,0,,,disc,,,,
LS37_s06a_sc00,LS37,AF568,plates_final,plate_043,background,__background__,0,,0,105.17,142.41,8.00,,0,,,disc,,,,
LS37_s06a_sc00,LS37,AF568,plates_final,plate_043,background,__background__,0,,0,92.22,130.07,8.00,,0,,,disc,,,,
LS37_s06a_sc00,LS37,AF568,plates_final,plate_043,background,__background__,0,,0,198.95,80.71,12.97,,0,,,disc,,,,
LS37_s06a_sc00,LS37,AF568,plates_final,plate_043,background,__background__,0,,0,169.34,73.31,8.11,,0,,,disc,,,,
LS37_s06a_sc00,LS37,AF568,plates_final,plate_043,background,__background__,0,,0,130.47,67.76,8.00,,0,,,disc,,,,
LS37_s06a_sc00,LS37,AF568,plates_final,plate_043,background,__background__,0,,0,133.55,97.99,8.00,,0,,,disc,,,,
LS37_s06a_sc00,LS37,AF568,plates_final,plate_043,roi,Nucleus Posterior Tuberal,0,,0,113.01,189.05,,,0,,,polygon,1,89.75 191.14;92.83 178.19;105.79 176.95;121.21 180.04;128.00 186.83;130.47 193.00;124.30 200.40;122.45 202.25;107.64 191.14;107.64 190.53,1,0
LS45_s05a_sc00,LS45,AF568,plates_final,plate_040,background,__background__,0,,0,124.06,104.33,8.00,,0,,,disc,,,,
LS45_s05a_sc00,LS45,AF568,plates_final,plate_040,background,__background__,0,,0,106.64,92.43,8.00,,0,,,disc,,,,
LS45_s05a_sc00,LS45,AF568,plates_final,plate_040,background,__background__,0,,0,126.47,85.27,8.00,,0,,,disc,,,,
LS45_s05a_sc00,LS45,AF568,plates_final,plate_040,background,__background__,0,,0,144.93,67.94,10.61,,0,,,disc,,,,
LS45_s05a_sc00,LS45,AF568,plates_final,plate_040,roi,Nucleus Anterior tuberal,0,,0,102.25,46.52,,,0,,,polygon,1,117.55 32.91;123.83 36.48;120.52 44.97;110.40 51.15;98.79 59.41;96.77 62.75;90.94 64.47;83.21 57.28;83.18 46.77;96.35 29.89;103.26 25.63,1,0
LS45_s05a_sc00,LS45,AF568,plates_final,plate_040,roi,Nucleus Lateral tuberal,0,,0,87.03,27.03,,,0,,,polygon,1,105.63 17.95;106.08 23.23;97.60 36.12;90.15 41.65;81.04 46.17;76.95 48.02;69.47 43.05;66.31 27.91;70.70 16.89;84.73 5.76;93.09 5.12;102.57 12.45,2,0
LS69_s01a_sc06,LS69,AF568,plates_final,plate_013,background,__background__,0,,0,23.50,121.36,8.00,,0,,,disc,,,,
LS69_s01a_sc06,LS69,AF568,plates_final,plate_013,background,__background__,0,,0,43.66,137.43,8.00,,0,,,disc,,,,
LS69_s01a_sc06,LS69,AF568,plates_final,plate_013,background,__background__,0,,0,69.74,109.96,8.00,,0,,,disc,,,,
LS69_s01a_sc06,LS69,AF568,plates_final,plate_013,background,__background__,0,,0,140.82,209.17,8.00,,0,,,disc,,,,
LS69_s01a_sc06,LS69,AF568,plates_final,plate_013,background,__background__,0,,0,101.83,225.61,8.00,,0,,,disc,,,,
LS69_s01a_sc06,LS69,AF568,plates_final,plate_013,roi,Dl,0,,0,165.11,219.79,,,0,,,polygon,1,125.84 237.28;131.37 245.48;140.49 253.72;148.44 252.63;159.49 248.29;173.16 245.99;178.79 243.40;186.66 228.77;198.86 204.45;206.85 187.60;190.82 171.25;173.77 172.67;169.32 184.59;173.34 195.10;165.88 211.64;152.89 219.98;130.85 233.62,1,0
LS69_s01a_sc06,LS69,AF568,plates_final,plate_013,roi,Dm,0,,0,114.68,179.53,,,0,,,polygon,1,93.71 191.04;87.19 197.01;93.31 209.87;99.22 211.41;112.21 203.07;115.22 198.44;127.14 190.73;132.41 182.64;149.76 161.01;154.55 158.20;149.15 147.78;117.68 152.65;116.08 153.59;107.00 162.49;102.80 169.97;98.07 177.75;94.09 184.38,2,0
LS69_s01a_sc06,LS69,AF568,plates_final,plate_013,roi,Vd,1,Vd/Vv/POA,0,161.29,144.08,,,0,,,polygon,1,150.73 138.27;148.44 145.34;150.37 153.50;154.90 155.14;163.34 157.33;181.71 150.85;174.38 132.26;170.69 130.85;157.02 133.15,3,0
LS69_s01a_sc06,LS69,AF568,plates_final,plate_013,roi,Vv,1,Vd/Vv/POA,0,201.71,119.87,,,0,,,polygon,1,185.72 119.89;188.73 115.26;205.22 105.58;213.92 103.34;217.89 108.88;221.73 116.64;217.53 124.11;207.20 130.89;194.11 137.85;183.61 129.71;183.12 126.42,4,0
LS69_s01a_sc06,LS69,AF568,plates_final,plate_013,roi,Vl,0,,0,204.18,148.76,,,0,,,polygon,1,212.01 136.65;219.35 143.07;210.60 161.08;202.25 160.26;196.38 155.12;194.19 151.40;196.26 145.17;202.37 137.30,5,0
LS69_s01a_sc06,LS69,AF568,plates_final,plate_013,roi,Dm,0,,0,93.92,136.80,,,0,,,polygon,2,97.20 148.22;113.09 146.05;135.53 134.31;136.94 130.62;130.48 120.82;113.56 120.02;94.60 121.85;85.27 123.02;62.78 129.79;54.48 133.94;60.16 148.49;66.88 153.85;73.54 154.23;90.41 150.06,6,0
LS69_s01a_sc06,LS69,AF568,plates_final,plate_013,roi,Vd,1,Vd/Vv/POA,0,147.52,114.64,,,0,,,polygon,2,147.46 126.60;147.99 126.29;159.92 118.57;165.46 114.61;158.81 102.06;144.33 100.54;135.81 105.53;133.08 114.29;134.79 123.30,7,0
LS69_s01a_sc06,LS69,AF568,plates_final,plate_013,roi,Vv,1,Vd/Vv/POA,0,186.36,92.69,,,0,,,polygon,2,175.16 106.77;182.36 106.84;189.27 102.78;193.00 100.59;207.37 92.17;205.20 76.27;196.97 73.23;185.39 77.88;168.24 90.09;160.62 100.28,8,0
LS69_s01a_sc06,LS69,AF568,plates_final,plate_013,roi,Vl,0,,0,174.56,58.66,,,0,,,polygon,2,178.61 46.81;186.70 52.07;188.01 59.17;179.02 69.45;172.45 70.45;162.54 66.96;157.95 60.36;171.23 43.98,9,0
LS69_s01a_sc06,LS69,AF568,plates_final,plate_013,roi,Dl,0,,0,84.37,74.03,,,0,,,polygon,2,84.22 57.83;117.13 57.84;124.57 65.64;126.59 75.18;117.38 86.31;102.49 82.88;85.35 82.92;72.27 89.88;57.00 93.12;44.02 89.29;37.72 73.67;53.44 56.58;74.66 51.29,10,0
LS45_s06a_sc01,LS45,AF568,plates_final,plate_044,background,__background__,0,,0,130.24,55.54,8.00,,0,,,disc,,,,
LS45_s06a_sc01,LS45,AF568,plates_final,plate_044,background,__background__,0,,0,139.19,71.04,8.00,,0,,,disc,,,,
LS45_s06a_sc01,LS45,AF568,plates_final,plate_044,background,__background__,0,,0,152.79,107.13,8.00,,0,,,disc,,,,
LS45_s06a_sc01,LS45,AF568,plates_final,plate_044,background,__background__,0,,0,162.60,124.28,8.00,,0,,,disc,,,,
LS45_s06a_sc01,LS45,AF568,plates_final,plate_044,background,__background__,0,,0,183.49,132.03,8.00,,0,,,disc,,,,
LS45_s06a_sc01,LS45,AF568,plates_final,plate_044,roi,Nucleus Posterior Tuberal,0,,0,197.25,73.48,,,0,,,polygon,1,184.64 89.50;196.52 101.35;212.65 94.87;217.60 83.16;212.42 74.73;204.77 66.92;199.73 64.01;199.91 60.42;192.81 52.31;186.53 54.95;180.17 65.33;179.28 74.18,1,0
LS22_s01a_sc09,LS22,AF568,plates_final,plate_012,background,__background__,0,,0,233.83,148.10,10.47,,0,,,disc,,,,
LS22_s01a_sc09,LS22,AF568,plates_final,plate_012,background,__background__,0,,0,143.15,71.69,7.90,,0,,,disc,,,,
LS22_s01a_sc09,LS22,AF568,plates_final,plate_012,background,__background__,0,,0,27.00,105.40,7.03,,0,,,disc,,,,
LS22_s01a_sc09,LS22,AF568,plates_final,plate_012,roi,Dl,0,,0,77.67,72.63,,,0,,,polygon,1,122.11 58.09;106.04 49.10;102.24 52.31;83.16 55.66;79.32 57.99;68.12 61.91;57.86 67.54;55.34 70.26;33.63 84.63;39.09 90.53;42.78 95.63;54.67 98.23;67.45 89.88;79.35 81.56;85.77 78.26;96.13 75.24;114.66 68.86;110.40 71.64,1,0
LS22_s01a_sc09,LS22,AF568,plates_final,plate_012,roi,Dm,0,,0,115.96,116.11,,,0,,,polygon,1,145.96 99.52;133.20 96.96;127.23 100.68;110.48 107.87;106.23 110.65;83.56 111.52;83.37 118.08;89.26 123.53;101.47 128.95;113.69 134.38;129.06 136.84;141.64 123.26;142.27 117.13,2,0
LS22_s01a_sc09,LS22,AF568,plates_final,plate_012,roi,Vd,1,Vd/Vv/POA,0,103.57,148.18,,,0,,,polygon,1,83.71 126.80;77.64 127.90;69.22 136.09;75.27 145.89;82.48 151.73;101.71 163.65;108.92 169.49;117.81 173.51;126.81 169.24;128.71 161.74;123.27 156.71;129.38 156.48;121.75 151.09;113.15 143.13;107.72 138.10;102.77 134.36;96.95 130.66;96.95 130.66,3,0
LS22_s01a_sc09,LS22,AF568,plates_final,plate_012,roi,Vv,1,Vd/Vv/POA,0,77.96,167.62,,,0,,,polygon,1,71.53 150.84;54.21 143.21;49.54 146.45;43.77 155.40;43.97 160.63;53.12 171.63;61.59 176.11;68.63 177.58;83.27 183.57;91.80 189.79;99.33 192.56;113.78 182.40;111.59 182.04;107.95 166.90;99.87 161.10;89.66 156.69;81.64 152.64,4,0
LS22_s01a_sc09,LS22,AF568,plates_final,plate_012,roi,Vl,0,,0,30.23,145.14,,,0,,,polygon,1,42.43 143.23;36.31 131.68;28.81 129.78;20.20 132.73;16.14 140.74;20.48 151.49;25.49 156.98;32.12 158.90;39.38 154.70;40.99 151.14,5,0
LS22_s01a_sc09,LS22,AF568,plates_final,plate_012,roi,Dm,0,,0,169.51,130.49,,,0,,,polygon,2,206.86 116.39;184.79 110.25;170.04 112.57;157.38 112.62;146.21 117.41;137.83 126.47;134.19 134.03;131.84 141.10;142.15 148.13;148.61 145.70;154.26 145.04;167.69 142.34;179.31 137.97;184.96 137.32;193.64 136.11;199.19 132.84;204.29 129.15;208.00 123.33,6,0
LS22_s01a_sc09,LS22,AF568,plates_final,plate_012,roi,Vl,0,,0,129.17,183.12,,,0,,,polygon,2,120.26 191.75;113.82 183.27;114.32 173.64;121.23 171.63;129.49 170.88;137.02 173.65;140.29 179.20;142.66 183.91;139.12 194.08;134.37 195.58;128.30 196.68,7,0
LS22_s01a_sc09,LS22,AF568,plates_final,plate_012,roi,Dl,0,,0,212.65,187.66,,,0,,,polygon,2,176.36 197.46;172.25 192.81;173.30 186.22;175.27 180.47;183.01 177.55;190.34 175.09;198.61 174.34;212.49 172.06;220.69 169.56;225.88 168.49;244.98 176.92;247.70 179.44;249.51 181.11;256.43 190.89;253.60 196.67;236.36 202.57;231.97 201.87;226.74 202.07;208.98 205.81;196.26 204.11;184.96 205.42,8,0
LS120_s01a_sc09,LS120,AF568,plates_final,plate_010,background,__background__,0,,0,76.20,175.05,8.00,,0,,,disc,,,,
LS120_s01a_sc09,LS120,AF568,plates_final,plate_010,background,__background__,0,,0,68.42,163.16,8.00,,0,,,disc,,,,
LS120_s01a_sc09,LS120,AF568,plates_final,plate_010,background,__background__,0,,0,48.54,110.91,8.00,,0,,,disc,,,,
LS120_s01a_sc09,LS120,AF568,plates_final,plate_010,background,__background__,0,,0,116.55,75.31,8.00,,0,,,disc,,,,
LS120_s01a_sc09,LS120,AF568,plates_final,plate_010,background,__background__,0,,0,141.40,67.19,8.00,,0,,,disc,,,,
LS120_s01a_sc09,LS120,AF568,plates_final,plate_010,roi,Dl,0,,0,121.77,37.27,,,0,,,polygon,1,162.34 39.86;159.87 10.19;141.20 17.82;128.77 21.88;108.28 28.24;96.49 31.08;90.08 42.67;92.90 55.07;103.93 59.00;119.45 54.39;136.21 49.80,1,0
LS120_s01a_sc09,LS120,AF568,plates_final,plate_010,roi,Dm,0,,0,104.41,108.03,,,0,,,polygon,1,85.10 103.65;87.26 88.89;104.58 86.78;111.85 93.11;117.79 104.34;121.13 121.69;106.84 126.32;104.35 127.50;100.80 120.03,2,0
LS120_s01a_sc09,LS120,AF568,plates_final,plate_010,roi,Dm,0,,0,120.77,164.94,,,0,,,polygon,2,101.84 158.92;116.27 147.50;126.74 148.34;138.99 152.91;138.05 168.32;131.06 178.05;123.02 178.50;109.36 182.53;101.62 169.41,3,0
LS120_s01a_sc09,LS120,AF568,plates_final,plate_010,roi,Dl,0,,0,102.91,222.84,,,0,,,polygon,2,102.68 236.69;126.52 247.07;143.87 243.73;144.17 229.54;119.72 218.54;100.82 207.65;86.69 204.27;79.91 204.13;74.25 208.95;72.76 221.26;80.61 229.44,4,0
LS69_s02a_sc02,LS69,AF568,plates_final,plate_020,background,__background__,0,,0,60.39,153.74,8.00,,0,,,disc,,,,
LS69_s02a_sc02,LS69,AF568,plates_final,plate_020,background,__background__,0,,0,51.09,133.84,8.00,,0,,,disc,,,,
LS69_s02a_sc02,LS69,AF568,plates_final,plate_020,background,__background__,0,,0,80.89,135.06,8.00,,0,,,disc,,,,
LS69_s02a_sc02,LS69,AF568,plates_final,plate_020,background,__background__,0,,0,124.11,91.92,8.00,,0,,,disc,,,,
LS69_s02a_sc02,LS69,AF568,plates_final,plate_020,background,__background__,0,,0,171.20,112.26,8.00,,0,,,disc,,,,
LS69_s02a_sc02,LS69,AF568,plates_final,plate_020,roi,Dl,0,,0,216.18,168.47,,,0,,,polygon,1,229.74 168.78;239.91 177.38;239.03 190.07;233.48 199.70;223.23 209.04;212.53 194.65;210.63 186.09;197.98 175.55;194.73 161.47;198.42 134.99;200.12 124.79;207.87 120.41;222.65 147.23,1,0
LS69_s02a_sc02,LS69,AF568,plates_final,plate_020,roi,Dm,0,,0,134.71,157.70,,,0,,,polygon,1,107.72 184.56;109.36 188.15;123.41 193.18;130.39 175.27;137.02 173.09;150.58 162.66;149.25 150.24;151.54 130.66;158.48 119.65;148.56 116.03;133.02 138.59;117.20 160.32,2,0
LS69_s02a_sc02,LS69,AF568,plates_final,plate_020,roi,POA,1,Vd/Vv/POA,0,178.08,70.46,,,0,,,polygon,1,164.01 49.87;148.80 58.09;147.11 66.91;160.05 74.14;169.12 80.79;190.07 87.23;208.54 91.72;207.25 69.64;200.91 67.13;184.94 59.06,3,0
LS69_s02a_sc02,LS69,AF568,plates_final,plate_020,roi,Dm,0,,0,98.01,158.52,,,0,,,polygon,2,139.75 112.96;118.47 119.49;94.39 139.81;85.20 159.36;75.75 176.70;63.04 181.34;62.18 189.89;81.48 191.35;91.15 188.63;107.78 170.77;121.95 146.82;135.01 125.08,4,0
LS69_s02a_sc02,LS69,AF568,plates_final,plate_020,roi,Dl,0,,0,43.15,108.86,,,0,,,polygon,2,88.30 76.60;71.98 85.64;42.41 99.04;23.92 98.69;11.20 107.46;3.70 118.19;8.05 134.21;23.23 134.27;33.99 132.11;55.30 117.30;71.89 107.71;83.81 95.07,5,0
LS22_s02a_sc01,LS22,AF568,plates_final,plate_016,background,__background__,0,,0,202.09,89.03,8.00,,0,,,disc,,,,
LS22_s02a_sc01,LS22,AF568,plates_final,plate_016,background,__background__,0,,0,159.50,91.82,8.00,,0,,,disc,,,,
LS22_s02a_sc01,LS22,AF568,plates_final,plate_016,background,__background__,0,,0,169.27,194.30,8.00,,0,,,disc,,,,
LS22_s02a_sc01,LS22,AF568,plates_final,plate_016,background,__background__,0,,0,200.69,201.31,8.00,,0,,,disc,,,,
LS22_s02a_sc01,LS22,AF568,plates_final,plate_016,roi,Dl,0,,0,151.10,51.44,,,0,,,polygon,1,184.99 64.23;186.32 50.67;188.86 40.82;180.91 29.66;164.27 27.07;152.52 31.31;140.15 36.16;126.54 41.62;107.36 49.50;103.53 67.37;117.03 77.33;134.97 71.29;153.51 65.86;174.48 67.25,1,0
LS22_s02a_sc01,LS22,AF568,plates_final,plate_016,roi,Dm,0,,0,143.93,127.70,,,0,,,polygon,1,186.98 132.73;193.27 116.12;176.03 111.06;159.97 112.80;143.92 114.54;120.48 114.37;112.37 126.66;110.45 135.90;111.66 139.61;119.02 145.83;130.14 144.06;162.88 138.73,2,0
LS22_s02a_sc01,LS22,AF568,plates_final,plate_016,roi,Vs,0,,0,89.48,125.11,,,0,,,polygon,1,88.84 138.22;77.15 133.81;75.36 125.78;79.77 112.86;86.56 112.29;101.96 114.86;108.68 125.40;97.49 137.66,3,0
LS22_s02a_sc01,LS22,AF568,plates_final,plate_016,roi,Vc,0,,0,74.88,86.84,,,0,,,polygon,1,60.19 89.27;64.62 73.26;72.06 68.38;82.55 67.84;86.75 84.52;86.68 94.40;84.80 98.70;73.67 102.94;62.57 102.25,4,0
LS22_s02a_sc01,LS22,AF568,plates_final,plate_016,roi,Dm,0,,0,150.06,160.28,,,0,,,polygon,2,114.61 158.75;125.17 148.34;143.08 146.00;160.36 146.12;170.23 146.19;181.34 145.65;189.94 150.64;194.80 161.17;191.67 167.93;162.00 175.74;148.42 177.50;134.23 176.78;120.70 171.14;109.00 167.35;105.32 164.86,5,0
LS22_s02a_sc01,LS22,AF568,plates_final,plate_016,roi,Vs,0,,0,89.59,168.56,,,0,,,polygon,2,80.07 157.90;74.43 170.20;76.86 176.38;83.59 183.22;87.29 184.48;97.18 181.46;105.89 171.03;104.10 163.00;96.12 156.16;91.81 154.89;88.11 155.48,6,0
LS22_s02a_sc01,LS22,AF568,plates_final,plate_016,roi,Vc,0,,0,76.04,196.18,,,0,,,polygon,2,74.94 186.24;78.65 184.42;84.20 184.45;95.20 199.96;89.61 205.47;82.75 215.29;67.99 209.64;60.65 199.71;61.95 191.09;64.45 185.55,7,0
LS22_s02a_sc01,LS22,AF568,plates_final,plate_016,roi,Dl,0,,0,142.34,228.72,,,0,,,polygon,2,100.58 224.67;103.12 214.20;126.60 209.43;134.58 215.04;155.49 225.06;167.22 223.29;181.39 226.47;185.64 235.75;160.23 252.85;135.56 251.45;115.30 237.73,8,0
LS22_s02a_sc07,LS22,AF568,plates_final,plate_021,background,__background__,0,,0,166.09,89.57,8.00,,0,,,disc,,,,
LS22_s02a_sc07,LS22,AF568,plates_final,plate_021,background,__background__,0,,0,144.01,92.26,8.00,,0,,,disc,,,,
LS22_s02a_sc07,LS22,AF568,plates_final,plate_021,background,__background__,0,,0,71.01,147.78,8.00,,0,,,disc,,,,
LS22_s02a_sc07,LS22,AF568,plates_final,plate_021,background,__background__,0,,0,109.44,215.49,8.00,,0,,,disc,,,,
LS22_s02a_sc07,LS22,AF568,plates_final,plate_021,roi,Dl,0,,0,215.09,117.21,,,0,,,polygon,1,247.03 151.33;248.75 129.81;232.26 104.93;202.51 88.01;181.83 83.82;179.55 108.37;196.37 114.48;213.16 127.50;234.35 146.60,1,0
LS22_s02a_sc07,LS22,AF568,plates_final,plate_021,roi,Dm,0,,0,141.39,141.09,,,0,,,polygon,1,144.04 176.96;162.58 160.19;156.01 140.03;147.23 122.34;134.03 108.23;112.49 113.41;133.31 166.45,2,0
LS22_s02a_sc07,LS22,AF568,plates_final,plate_021,roi,POA,1,Vd/Vv/POA,0,90.40,74.45,,,0,,,polygon,1,102.37 84.69;94.90 91.84;85.53 88.23;74.50 84.06;69.87 65.01;82.31 56.77;92.80 55.69;99.93 68.68;99.92 71.44;101.84 78.07,3,0
LS22_s02a_sc07,LS22,AF568,plates_final,plate_021,roi,Dm,0,,0,102.87,148.57,,,0,,,polygon,2,134.65 181.63;119.85 146.27;108.88 121.41;96.21 113.92;86.82 118.58;84.02 133.75;86.20 143.69;93.31 163.58;101.83 176.57;116.98 186.27,4,0
LS22_s02a_sc07,LS22,AF568,plates_final,plate_021,roi,POA,1,Vd/Vv/POA,0,60.57,94.97,,,0,,,polygon,2,56.59 75.73;67.62 78.52;73.10 92.33;75.01 98.96;74.17 102.82;64.78 108.86;55.12 108.84;46.03 103.01;44.11 97.77;49.12 82.88,5,0
LS22_s02a_sc07,LS22,AF568,plates_final,plate_021,roi,Dl,0,,0,44.19,180.52,,,0,,,polygon,2,57.82 223.90;37.98 215.84;24.52 194.28;19.31 182.40;29.30 165.05;29.33 155.39;30.74 141.60;39.05 133.34;48.96 139.44;54.13 163.74;51.08 171.45;51.03 186.63;55.97 197.96;67.23 215.09;66.38 221.71,6,0
LS120_s02a_sc02,LS120,AF568,plates_final,plate_019,background,__background__,0,,0,24.84,78.78,8.00,,0,,,disc,,,,
LS120_s02a_sc02,LS120,AF568,plates_final,plate_019,background,__background__,0,,0,40.80,95.96,8.00,,0,,,disc,,,,
LS120_s02a_sc02,LS120,AF568,plates_final,plate_019,background,__background__,0,,0,70.44,98.01,8.00,,0,,,disc,,,,
LS120_s02a_sc02,LS120,AF568,plates_final,plate_019,background,__background__,0,,0,92.44,80.79,8.00,,0,,,disc,,,,
LS120_s02a_sc02,LS120,AF568,plates_final,plate_019,background,__background__,0,,0,124.13,178.41,8.00,,0,,,disc,,,,
LS120_s02a_sc02,LS120,AF568,plates_final,plate_019,background,__background__,0,,0,143.12,198.68,8.00,,0,,,disc,,,,
LS120_s02a_sc02,LS120,AF568,plates_final,plate_019,background,__background__,0,,0,171.93,197.24,8.00,,0,,,disc,,,,
LS120_s02a_sc02,LS120,AF568,plates_final,plate_019,roi,Dl,0,,0,228.31,180.18,,,0,,,polygon,1,241.25 201.02;235.45 213.61;231.08 214.44;221.55 208.23;214.22 199.86;211.42 175.84;217.28 157.14;218.29 144.06;236.28 134.22;243.90 156.98;240.64 176.58,1,0
LS120_s02a_sc02,LS120,AF568,plates_final,plate_019,roi,Dm,0,,0,154.97,117.59,,,0,,,polygon,1,114.08 139.04;121.41 147.41;132.72 150.15;147.66 139.83;167.04 122.58;182.77 120.13;185.14 102.27;187.98 80.49;181.43 81.73;171.75 89.48;158.06 104.60;133.43 124.41;131.22 126.57,2,0
LS120_s02a_sc02,LS120,AF568,plates_final,plate_019,roi,Dm,0,,0,127.34,103.21,,,0,,,polygon,2,104.53 133.71;117.70 125.99;128.72 115.20;137.55 105.70;152.08 93.20;153.40 91.90;172.33 75.09;164.55 68.90;142.27 71.72;116.82 85.41;91.70 109.14;79.28 129.08;94.47 136.66,3,0
LS120_s02a_sc02,LS120,AF568,plates_final,plate_019,roi,Dl,0,,0,68.36,38.98,,,0,,,polygon,2,32.86 20.84;24.47 29.91;32.16 45.70;37.35 50.11;59.18 48.60;80.09 51.43;107.96 56.96;120.38 37.02;115.21 30.86;86.84 31.87;55.50 25.44,4,0
LS136_s06a_sc00,LS136,AF568,plates_final,plate_041,background,__background__,0,,0,153.94,89.08,8.00,,0,,,disc,,,,
LS136_s06a_sc00,LS136,AF568,plates_final,plate_041,background,__background__,0,,0,133.04,108.48,8.00,,0,,,disc,,,,
LS136_s06a_sc00,LS136,AF568,plates_final,plate_041,background,__background__,0,,0,137.44,162.59,8.00,,0,,,disc,,,,
LS136_s06a_sc00,LS136,AF568,plates_final,plate_041,background,__background__,0,,0,165.19,179.20,8.00,,0,,,disc,,,,
LS136_s06a_sc00,LS136,AF568,plates_final,plate_041,roi,Migrated posterior tuberal nucleus,0,,0,174.38,140.84,,,0,,,polygon,1,184.34 161.17;184.10 148.82;183.98 138.31;183.91 128.42;179.13 121.95;170.82 118.20;163.78 123.64;157.47 139.55;163.33 161.40;172.99 166.91,1,0
LS136_s06a_sc00,LS136,AF568,plates_final,plate_041,roi,Nucleus Lateral tuberal,0,,0,208.27,143.03,,,0,,,polygon,1,219.86 156.21;207.37 163.27;200.43 161.28;201.11 144.53;202.71 132.05;204.22 127.00;212.00 123.36;218.49 136.52,3,0
LS120_s02a_sc09,LS120,AF568,plates_final,plate_024,background,__background__,0,,0,173.39,77.29,8.00,,0,,,disc,,,,
LS120_s02a_sc09,LS120,AF568,plates_final,plate_024,background,__background__,0,,0,174.31,44.98,8.00,,0,,,disc,,,,
LS120_s02a_sc09,LS120,AF568,plates_final,plate_024,background,__background__,0,,0,204.56,47.40,2.00,,0,,,disc,,,,
LS120_s02a_sc09,LS120,AF568,plates_final,plate_024,background,__background__,0,,0,183.80,140.95,8.00,,0,,,disc,,,,
LS120_s02a_sc09,LS120,AF568,plates_final,plate_024,roi,Dl,0,,0,37.81,144.24,,,0,,,polygon,1,26.53 114.00;25.65 125.00;26.20 152.73;27.94 158.68;44.14 170.77;46.32 171.22;52.61 168.67;48.05 142.57;45.35 124.36;35.35 114.43,1,0
LS120_s02a_sc09,LS120,AF568,plates_final,plate_024,roi,Dm,0,,0,102.38,134.90,,,0,,,polygon,1,94.66 103.11;93.16 101.05;87.56 105.31;82.65 111.29;83.38 122.97;86.30 138.43;99.88 155.56;102.98 158.30;118.71 169.25;122.60 165.68;124.17 156.40;121.83 144.03;113.05 122.29,2,0
LS120_s02a_sc09,LS120,AF568,plates_final,plate_024,roi,POA,1,Vd/Vv/POA,0,154.87,207.47,,,0,,,polygon,1,128.35 204.61;131.14 218.12;132.90 230.72;141.97 235.04;148.94 230.89;148.68 220.35;146.48 213.26;144.63 208.68;146.18 192.75;168.29 193.13;179.57 207.87;186.76 200.97;186.96 191.58;169.28 180.76;162.99 183.30,3,0
LS120_s02a_sc09,LS120,AF568,plates_final,plate_024,roi,Dm,0,,0,141.50,105.41,,,0,,,polygon,2,134.33 81.09;129.54 85.69;124.33 102.44;131.83 119.37;136.79 130.00;145.89 144.29;160.85 130.26;158.81 103.81;151.16 78.28;141.43 78.89,4,0
LS120_s02a_sc09,LS120,AF568,plates_final,plate_024,roi,Dl,0,,0,215.55,99.15,,,0,,,polygon,2,222.42 111.38;215.83 124.69;209.31 129.98;203.12 127.83;195.19 119.72;196.95 101.04;211.31 77.27;216.42 65.23;236.70 64.35;234.80 77.77;229.00 91.42,5,0
LS69_s01a_sc03,LS69,AF568,plates_final,plate_010,background,__background__,0,,0,35.70,106.37,8.00,,0,,,disc,,,,
LS69_s01a_sc03,LS69,AF568,plates_final,plate_010,background,__background__,0,,0,20.57,113.76,8.00,,0,,,disc,,,,
LS69_s01a_sc03,LS69,AF568,plates_final,plate_010,background,__background__,0,,0,119.22,186.03,8.00,,0,,,disc,,,,
LS69_s01a_sc03,LS69,AF568,plates_final,plate_010,background,__background__,0,,0,79.98,174.53,8.00,,0,,,disc,,,,
LS69_s01a_sc03,LS69,AF568,plates_final,plate_010,roi,Dl,0,,0,37.13,149.05,,,0,,,polygon,1,18.74 132.47;14.78 136.31;15.47 142.56;18.45 151.97;24.31 152.06;38.49 155.97;52.24 176.86;65.36 173.34;70.05 159.55;67.60 153.86;51.73 144.65;39.74 137.45;29.29 131.06;13.57 138.63,1,0
LS69_s01a_sc03,LS69,AF568,plates_final,plate_010,roi,Dm,0,,0,84.05,119.71,,,0,,,polygon,1,71.55 96.94;66.60 101.75;62.77 110.08;65.38 118.32;77.19 124.93;83.73 131.27;86.71 140.68;89.94 146.77;106.52 133.75;104.68 125.91;102.07 117.68;92.86 107.01;82.61 101.20,2,0
LS69_s01a_sc03,LS69,AF568,plates_final,plate_010,roi,Dm,0,,0,114.91,112.90,,,0,,,polygon,2,104.61 90.99;101.27 92.69;108.87 106.46;111.94 110.02;113.48 125.07;112.65 128.57;120.74 135.71;125.28 131.68;128.15 122.35;127.33 111.61;109.74 86.77,3,0
LS69_s01a_sc03,LS69,AF568,plates_final,plate_010,roi,Dl,0,,0,147.43,109.12,,,0,,,polygon,2,172.11 91.58;158.76 84.17;148.73 89.29;143.05 104.03;136.50 111.94;134.12 114.64;133.23 122.04;136.77 133.21;144.23 130.20;149.72 114.86;164.51 104.35,4,0
LS61_s02a_sc05,LS61,AF568,plates_final,plate_024,background,__background__,0,,0,171.03,139.72,8.00,,0,,,disc,,,,
LS61_s02a_sc05,LS61,AF568,plates_final,plate_024,background,__background__,0,,0,150.31,143.72,8.00,,0,,,disc,,,,
LS61_s02a_sc05,LS61,AF568,plates_final,plate_024,background,__background__,0,,0,143.17,167.81,8.00,,0,,,disc,,,,
LS61_s02a_sc05,LS61,AF568,plates_final,plate_024,roi,Dl,0,,0,87.48,59.95,,,0,,,polygon,1,108.73 37.62;95.96 36.28;85.40 35.23;79.07 38.71;76.46 45.45;72.04 64.54;62.40 77.42;77.37 92.17;82.54 90.95;89.39 82.19;96.07 70.81;103.91 57.18;107.85 50.79,1,0
LS61_s02a_sc05,LS61,AF568,plates_final,plate_024,roi,Dm,0,,0,141.27,78.18,,,0,,,polygon,1,155.73 54.17;149.41 51.09;138.32 55.33;130.19 64.61;125.03 72.39;123.63 103.96;123.10 109.24;138.37 108.66;150.44 99.56;157.41 79.42;162.35 61.60,2,0
LS61_s02a_sc05,LS61,AF568,plates_final,plate_024,roi,POA,1,Vd/Vv/POA,0,111.63,144.11,,,0,,,polygon,1,125.24 134.89;112.60 122.18;105.52 120.90;91.35 131.46;85.08 142.37;88.39 146.09;103.48 149.46;109.28 151.26;114.85 162.69;116.76 165.19;135.74 154.75;136.38 151.21;126.52 140.93,3,0
LS61_s02a_sc05,LS61,AF568,plates_final,plate_024,roi,Dm,0,,0,180.12,113.76,,,0,,,polygon,2,200.36 94.05;188.63 95.27;170.46 104.78;159.72 114.24;152.82 122.13;153.28 129.10;169.53 130.20;184.21 127.48;193.38 120.75;204.88 109.49;204.07 103.86,4,0
LS61_s02a_sc05,LS61,AF568,plates_final,plate_024,roi,Dl,0,,0,200.54,171.50,,,0,,,polygon,2,223.55 166.84;212.41 157.09;201.04 150.41;179.79 159.69;173.70 160.09;170.51 164.68;173.23 172.80;189.83 179.13;205.73 188.13;212.11 192.08;230.05 185.64;234.58 181.41,5,0
LS37_s05a_sc07,LS37,AF568,plates_final,plate_041,background,__background__,0,,0,114.23,125.65,8.00,,0,,,disc,,,,
LS37_s05a_sc07,LS37,AF568,plates_final,plate_041,background,__background__,0,,0,122.91,143.60,8.00,,0,,,disc,,,,
LS37_s05a_sc07,LS37,AF568,plates_final,plate_041,background,__background__,0,,0,176.73,126.23,8.00,,0,,,disc,,,,
LS37_s05a_sc07,LS37,AF568,plates_final,plate_041,background,__background__,0,,0,216.71,114.16,8.00,,0,,,disc,,,,
LS37_s05a_sc07,LS37,AF568,plates_final,plate_041,background,__background__,0,,0,138.30,169.12,8.00,,0,,,disc,,,,
LS37_s05a_sc07,LS37,AF568,plates_final,plate_041,roi,Migrated posterior tuberal nucleus,0,,0,150.60,111.61,,,0,,,polygon,1,160.49 115.00;153.10 115.51;140.31 118.26;135.38 118.61;132.53 113.24;133.55 110.08;146.04 103.02;162.83 104.32;169.16 106.35;172.62 111.68,1,0
LS37_s05a_sc07,LS37,AF568,plates_final,plate_041,roi,Nucleus Anterior tuberal,0,,0,179.73,96.34,,,0,,,polygon,1,184.17 91.08;189.97 94.38;190.18 97.46;185.08 104.00;175.89 105.26;171.15 99.41;168.87 93.38;174.28 91.15;177.97 90.89,2,0
LS37_s05a_sc07,LS37,AF568,plates_final,plate_041,roi,Nucleus Lateral tuberal,0,,0,154.09,90.99,,,0,,,polygon,1,167.48 82.35;171.79 82.05;175.91 87.94;171.29 92.60;156.86 98.55;150.80 100.21;140.25 99.72;135.19 98.21;134.19 92.72;134.95 85.86;156.23 80.66,3,0
LS37_s05a_sc07,LS37,AF568,plates_final,plate_041,roi,Nucleus Anterior tuberal,0,,0,128.78,101.82,,,0,,,polygon,2,125.79 96.40;133.66 93.99;138.14 96.15;138.44 100.46;135.67 104.98;128.71 111.65;122.21 107.16;118.31 104.34;118.09 101.26,4,0
LS22_s05a_sc04,LS22,AF568,plates_final,plate_044,background,__background__,0,,0,173.04,130.07,8.00,,0,,,disc,,,,
LS22_s05a_sc04,LS22,AF568,plates_final,plate_044,background,__background__,0,,0,93.45,129.45,8.00,,0,,,disc,,,,
LS22_s05a_sc04,LS22,AF568,plates_final,plate_044,background,__background__,0,,0,45.33,164.00,8.00,,0,,,disc,,,,
LS22_s05a_sc04,LS22,AF568,plates_final,plate_044,background,__background__,0,,0,14.48,67.76,8.00,,0,,,disc,,,,
LS22_s05a_sc04,LS22,AF568,plates_final,plate_044,roi,Nucleus Posterior Tuberal,0,,0,134.32,199.32,,,0,,,polygon,1,115.04 185.59;154.53 184.36;155.76 212.12;111.96 215.21,1,0
LS120_s04a_sc07,LS120,AF568,plates_final,plate_039,background,__background__,0,,0,106.77,116.21,8.00,,0,,,disc,,,,
LS120_s04a_sc07,LS120,AF568,plates_final,plate_039,background,__background__,0,,0,82.02,111.62,8.00,,0,,,disc,,,,
LS120_s04a_sc07,LS120,AF568,plates_final,plate_039,background,__background__,0,,0,99.38,82.41,8.00,,0,,,disc,,,,
LS120_s04a_sc07,LS120,AF568,plates_final,plate_039,background,__background__,0,,0,54.59,148.10,8.00,,0,,,disc,,,,
LS120_s04a_sc07,LS120,AF568,plates_final,plate_039,background,__background__,0,,0,71.16,163.03,8.00,,0,,,disc,,,,
LS120_s04a_sc07,LS120,AF568,plates_final,plate_039,roi,Nucleus Anterior tuberal,0,,0,42.24,118.10,,,0,,,polygon,1,38.32 102.00;52.10 87.62;56.40 94.05;59.87 115.36;48.78 133.92;42.33 139.60;35.93 142.52;28.73 128.32;29.88 126.13;35.31 115.74;37.00 113.84,1,0
LS120_s04a_sc07,LS120,AF568,plates_final,plate_039,roi,Nucleus Lateral tuberal,0,,0,24.72,110.46,,,0,,,polygon,1,27.22 89.93;21.32 95.90;17.37 100.79;11.34 113.65;7.24 126.83;14.22 137.44;25.35 132.12;30.50 122.28;35.98 109.13;40.39 94.03;40.96 92.94,2,0
LS22_s06a_sc00,LS22,AF568,plates_final,plate_044,background,__background__,0,,0,171.40,110.11,8.00,,0,,,disc,,,,
LS22_s06a_sc00,LS22,AF568,plates_final,plate_044,background,__background__,0,,0,124.47,58.47,8.00,,0,,,disc,,,,
LS22_s06a_sc00,LS22,AF568,plates_final,plate_044,background,__background__,0,,0,90.14,18.65,8.00,,0,,,disc,,,,
LS22_s06a_sc00,LS22,AF568,plates_final,plate_044,background,__background__,0,,0,170.72,180.35,8.00,,0,,,disc,,,,
LS22_s06a_sc00,LS22,AF568,plates_final,plate_044,roi,Nucleus Posterior Tuberal,0,,0,176.82,57.78,,,0,,,polygon,1,178.47 85.71;148.06 48.96;178.21 33.79;202.54 62.67,1,0
LS120_s05a_sc03,LS120,AF568,plates_final,plate_041,background,__background__,0,,0,111.13,59.75,8.00,,0,,,disc,,,,
LS120_s05a_sc03,LS120,AF568,plates_final,plate_041,background,__background__,0,,0,134.58,89.97,8.00,,0,,,disc,,,,
LS120_s05a_sc03,LS120,AF568,plates_final,plate_041,background,__background__,0,,0,178.17,106.26,8.00,,0,,,disc,,,,
LS120_s05a_sc03,LS120,AF568,plates_final,plate_041,background,__background__,0,,0,211.41,78.49,8.00,,0,,,disc,,,,
LS120_s05a_sc03,LS120,AF568,plates_final,plate_041,background,__background__,0,,0,205.67,110.78,8.00,,0,,,disc,,,,
LS120_s05a_sc03,LS120,AF568,plates_final,plate_041,background,__background__,0,,0,141.35,61.14,8.00,,0,,,disc,,,,
LS120_s05a_sc03,LS120,AF568,plates_final,plate_041,roi,Migrated posterior tuberal nucleus,0,,0,160.34,49.00,,,0,,,polygon,1,191.69 73.43;150.20 56.41;132.28 51.80;128.69 50.88;133.88 35.65;144.85 27.64;150.61 39.95;155.34 48.81;159.08 49.13;168.55 42.01;172.92 37.40;183.63 47.79;187.29 60.83;185.77 64.26,1,0
LS120_s05a_sc03,LS120,AF568,plates_final,plate_041,roi,Nucleus Anterior tuberal,0,,0,195.81,24.44,,,0,,,polygon,1,205.88 30.57;194.33 35.89;184.46 34.63;186.66 18.63;192.97 13.88;200.29 15.13;206.08 22.34,2,0
LS120_s05a_sc03,LS120,AF568,plates_final,plate_041,roi,Nucleus Lateral tuberal,0,,0,177.58,12.43,,,0,,,polygon,1,169.70 2.81;157.15 -0.41;149.78 5.98;150.94 11.37;166.87 23.74;183.02 25.34;189.46 25.08;195.62 20.93;196.98 18.10;198.11 6.28;188.39 4.43;184.94 5.45,3,0
LS120_s05a_sc03,LS120,AF568,plates_final,plate_041,roi,Nucleus Anterior tuberal,0,,0,141.75,17.37,,,0,,,polygon,2,142.57 9.22;148.27 6.86;153.02 13.18;153.25 24.70;138.11 29.10;132.58 28.31;132.64 18.14;133.59 9.46,4,0
LS37_s01a_sc04,LS37,AF568,plates_final,plate_010,background,__background__,0,,0,237.82,96.13,8.00,,0,,,disc,,,,
LS37_s01a_sc04,LS37,AF568,plates_final,plate_010,background,__background__,0,,0,41.01,51.71,8.00,,0,,,disc,,,,
LS37_s01a_sc04,LS37,AF568,plates_final,plate_010,background,__background__,0,,0,20.03,70.22,8.00,,0,,,disc,,,,
LS37_s01a_sc04,LS37,AF568,plates_final,plate_010,background,__background__,0,,0,137.87,192.38,8.00,,0,,,disc,,,,
LS37_s01a_sc04,LS37,AF568,plates_final,plate_010,roi,Dl,0,,0,38.49,122.51,,,0,,,polygon,1,20.03 107.86;12.01 94.28;14.48 89.35;26.82 85.65;37.93 96.13;49.65 117.11;53.35 123.28;64.45 146.72;59.52 162.77;47.80 163.38;44.10 157.21;31.76 126.37,1,0
LS37_s01a_sc04,LS37,AF568,plates_final,plate_010,roi,Dm,0,,0,84.20,120.50,,,0,,,polygon,1,79.88 145.49;71.24 139.32;70.01 122.66;70.62 112.79;89.75 89.35;101.47 85.65;103.94 118.96;86.66 149.81,2,0
LS37_s01a_sc04,LS37,AF568,plates_final,plate_010,roi,Dm,0,,0,135.40,151.73,,,0,,,polygon,2,153.29 122.66;168.72 134.39;140.34 159.06;137.25 169.55;110.11 176.95;109.49 170.17;126.15 152.89;131.70 149.19;141.57 130.68,3,0
LS37_s01a_sc04,LS37,AF568,plates_final,plate_010,roi,Dl,0,,0,204.66,149.76,,,0,,,polygon,2,210.67 156.60;227.33 156.60;236.58 145.49;240.90 135.62;232.88 130.68;219.93 126.98;195.86 133.77;185.38 137.47;165.63 159.06;166.25 176.34;173.65 178.81;200.80 159.68,4,0
LS120_s06a_sc00,LS120,AF568,plates_final,plate_044,background,__background__,0,,0,60.55,88.26,8.00,,0,,,disc,,,,
LS120_s06a_sc00,LS120,AF568,plates_final,plate_044,background,__background__,0,,0,48.35,148.19,8.00,,0,,,disc,,,,
LS120_s06a_sc00,LS120,AF568,plates_final,plate_044,background,__background__,0,,0,112.08,82.75,8.00,,0,,,disc,,,,
LS120_s06a_sc00,LS120,AF568,plates_final,plate_044,background,__background__,0,,0,42.15,199.16,8.00,,0,,,disc,,,,
LS120_s06a_sc00,LS120,AF568,plates_final,plate_044,background,__background__,0,,0,83.59,223.42,8.00,,0,,,disc,,,,
LS120_s06a_sc00,LS120,AF568,plates_final,plate_044,roi,Nucleus Posterior Tuberal,0,,0,24.23,104.65,,,0,,,polygon,1,46.93 88.83;46.69 119.08;45.89 122.75;24.55 129.73;15.69 121.27;6.75 114.66;6.35 110.31;7.42 101.10;7.22 92.44;12.95 89.02;23.66 84.60;46.65 82.02,1,5
LS87_s01a_sc02,LS87,AF568,plates_final,plate_014,background,__background__,0,,0,129.23,80.09,8.00,,0,,,disc,,,,
LS87_s01a_sc02,LS87,AF568,plates_final,plate_014,background,__background__,0,,0,121.83,52.33,8.00,,0,,,disc,,,,
LS87_s01a_sc02,LS87,AF568,plates_final,plate_014,background,__background__,0,,0,103.32,36.91,8.00,,0,,,disc,,,,
LS87_s01a_sc02,LS87,AF568,plates_final,plate_014,background,__background__,0,,0,129.85,117.73,8.00,,0,,,disc,,,,
LS87_s01a_sc02,LS87,AF568,plates_final,plate_014,background,__background__,0,,0,129.85,141.17,8.00,,0,,,disc,,,,
LS87_s01a_sc02,LS87,AF568,plates_final,plate_014,roi,Dl,0,,0,66.07,83.27,,,0,,,polygon,1,77.41 37.52;67.54 33.21;55.20 35.67;49.03 54.18;47.80 65.29;53.35 88.73;53.35 109.09;58.28 126.98;70.62 136.85;77.41 131.92;82.96 115.26;82.96 91.82;82.96 56.03,1,0
LS87_s01a_sc02,LS87,AF568,plates_final,plate_014,roi,Dm,0,,0,176.45,71.60,,,0,,,polygon,1,183.53 35.06;182.91 32.59;164.40 26.42;155.76 35.67;155.15 54.80;157.61 78.86;160.70 100.45;166.25 120.81;181.67 130.07;192.78 117.11;201.42 85.65;198.95 65.29;192.78 48.01,2,0
LS87_s01a_sc02,LS87,AF568,plates_final,plate_014,roi,Vd,1,Vd/Vv/POA,0,183.71,148.08,,,0,,,polygon,1,173.04 152.28;164.40 149.19;168.72 138.09;180.44 129.45;195.25 128.83;200.80 137.47;203.27 157.83;194.01 163.38;182.29 165.23;174.89 159.06,3,0
LS87_s01a_sc02,LS87,AF568,plates_final,plate_014,roi,Vl,0,,0,111.22,196.70,,,0,,,polygon,1,100.85 203.48;95.30 197.93;97.77 185.59;104.56 180.66;119.36 182.51;125.53 186.21;126.15 197.93;120.60 209.04;115.04 211.50;107.02 212.12,4,0
LS87_s01a_sc02,LS87,AF568,plates_final,plate_014,roi,Vv,1,Vd/Vv/POA,0,163.01,213.51,,,0,,,polygon,1,169.34 231.25;148.36 229.40;141.57 212.74;145.89 201.63;163.17 198.55;171.19 199.78;182.91 213.35;181.67 221.38,5,0
LS37_s01a_sc09,LS37,AF568,plates_final,plate_015,background,__background__,0,,0,59.52,60.97,8.00,,0,,,disc,,,,
LS37_s01a_sc09,LS37,AF568,plates_final,plate_015,background,__background__,0,,0,62.60,78.24,8.00,,0,,,disc,,,,
LS37_s01a_sc09,LS37,AF568,plates_final,plate_015,background,__background__,0,,0,226.09,107.86,8.00,,0,,,disc,,,,
LS37_s01a_sc09,LS37,AF568,plates_final,plate_015,background,__background__,0,,0,243.37,117.73,8.00,,0,,,disc,,,,
LS37_s01a_sc09,LS37,AF568,plates_final,plate_015,roi,Dl,0,,0,26.66,99.75,,,0,,,polygon,1,23.74 54.80;17.57 62.20;12.01 78.86;7.70 95.52;8.31 106.62;15.72 115.26;18.80 131.30;28.67 138.09;34.84 137.47;42.24 129.45;43.48 121.43;43.48 109.09;37.93 94.28;36.07 69.61;29.29 52.33,1,0
LS37_s01a_sc09,LS37,AF568,plates_final,plate_015,roi,Dm,0,,0,89.00,108.83,,,0,,,polygon,1,92.83 139.94;79.88 147.96;71.24 145.49;68.77 139.94;76.18 123.90;80.50 115.88;81.73 105.39;82.35 89.97;90.37 72.69;99.62 65.90;105.79 69.61;107.02 82.56;106.41 102.92;103.32 121.43,2,0
LS37_s01a_sc09,LS37,AF568,plates_final,plate_015,roi,Vd,1,Vd/Vv/POA,0,70.36,159.68,,,0,,,polygon,1,70.62 172.02;63.84 170.79;57.05 162.77;58.90 151.66;76.18 146.72;82.35 153.51;83.58 160.30,3,0
LS37_s01a_sc09,LS37,AF568,plates_final,plate_015,roi,Vl,0,,0,44.34,178.56,,,0,,,polygon,1,44.10 189.29;36.69 189.29;32.37 186.83;33.61 174.49;36.07 167.70;45.95 168.32;50.88 169.55;53.35 173.87;57.05 181.27;53.35 184.98,4,0
LS37_s01a_sc09,LS37,AF568,plates_final,plate_015,roi,Vv,1,Vd/Vv/POA,0,86.82,190.73,,,0,,,polygon,1,84.81 201.02;76.18 204.10;67.54 204.10;60.75 196.70;72.47 184.36;78.03 180.66;80.50 179.42;94.07 175.72;99.62 172.64;115.04 183.12;119.98 204.10;92.83 202.87,5,0
LS37_s01a_sc09,LS37,AF568,plates_final,plate_015,roi,Dm,0,,0,158.09,116.83,,,0,,,polygon,2,131.08 115.88;124.92 130.07;122.45 138.09;123.68 140.55;145.27 143.64;161.93 127.60;173.65 117.73;198.33 114.03;203.88 94.90;200.80 91.20;179.21 95.52;155.15 99.84;134.79 109.71,6,0
LS37_s01a_sc09,LS37,AF568,plates_final,plate_015,roi,Vd,1,Vd/Vv/POA,0,108.87,164.79,,,0,,,polygon,2,100.85 169.55;97.15 166.47;97.77 154.74;115.66 150.43;125.53 163.38;116.28 173.25;108.87 175.72,7,0
LS37_s01a_sc09,LS37,AF568,plates_final,plate_015,roi,Vl,0,,0,136.81,182.62,,,0,,,polygon,2,134.79 191.14;126.77 191.14;122.45 180.04;126.15 175.10;130.47 174.49;137.25 171.40;142.81 172.64;149.59 180.04;150.21 189.29;143.42 191.76;140.96 191.76,8,0
LS37_s01a_sc09,LS37,AF568,plates_final,plate_015,roi,Dl,0,,0,198.37,149.95,,,0,,,polygon,2,159.46 168.32;157.61 161.53;157.00 149.81;161.93 140.55;169.34 136.85;182.91 135.00;197.10 132.53;211.29 136.85;216.84 140.55;229.80 137.47;236.58 136.85;242.75 142.41;244.60 151.66;227.95 160.91;213.76 173.87;200.80 172.64;190.93 158.45;169.95 162.77,9,0
LS37_s03a_sc04,LS37,AF568,plates_final,plate_022,background,__background__,0,,0,168.10,151.66,8.00,,0,,,disc,,,,
LS37_s03a_sc04,LS37,AF568,plates_final,plate_022,background,__background__,0,,0,141.57,162.77,8.00,,0,,,disc,,,,
LS37_s03a_sc04,LS37,AF568,plates_final,plate_022,background,__background__,0,,0,79.88,109.71,8.00,,0,,,disc,,,,
LS37_s03a_sc04,LS37,AF568,plates_final,plate_022,roi,Dl,0,,0,35.51,74.49,,,0,,,polygon,1,12.01 55.42;17.57 73.92;32.37 81.94;41.63 85.65;44.71 102.92;52.73 104.77;58.28 95.52;65.07 80.71;53.97 70.84;32.99 56.65;25.59 48.63;16.33 49.86;8.31 61.59,1,0
LS37_s03a_sc04,LS37,AF568,plates_final,plate_022,roi,Dm,0,,0,104.43,81.51,,,0,,,polygon,1,115.04 65.90;118.75 90.58;110.11 99.22;107.64 110.32;95.30 116.49;94.68 91.20;93.45 72.07;92.83 54.80;105.17 53.57;111.34 60.97,2,0
LS37_s03a_sc04,LS37,AF568,plates_final,plate_022,roi,POA,1,Vd/Vv/POA,0,96.01,138.88,,,0,,,polygon,1,95.30 150.43;82.96 148.58;83.58 129.45;94.68 126.37;102.71 127.60;108.26 138.70;104.56 151.04,3,0
LS37_s03a_sc04,LS37,AF568,plates_final,plate_022,roi,Dm,0,,0,200.55,129.08,,,0,,,polygon,2,172.42 120.81;164.40 136.24;189.08 140.55;198.33 144.26;215.61 143.02;227.95 133.77;237.82 122.05;220.54 116.49;200.80 114.03;178.59 119.58,4,0
LS37_s03a_sc04,LS37,AF568,plates_final,plate_022,roi,POA,1,Vd/Vv/POA,0,130.62,142.17,,,0,,,polygon,2,117.51 141.79;120.60 130.68;133.55 130.07;139.72 132.53;144.04 145.49;137.25 151.66;130.47 152.28;121.83 152.89,5,0
LS37_s03a_sc04,LS37,AF568,plates_final,plate_022,roi,Dl,0,,0,204.04,191.14,,,0,,,polygon,2,179.82 188.06;190.93 196.08;199.57 209.04;214.99 210.27;224.86 209.04;234.11 197.31;231.65 191.76;219.93 184.98;212.52 178.19;189.08 173.87;177.36 175.72;173.65 179.42,6,0
LS69_s01a_sc08,LS69,AF568,plates_final,plate_013,background,__background__,0,,0,194.22,84.78,8.00,,0,,,disc,,,,
LS69_s01a_sc08,LS69,AF568,plates_final,plate_013,background,__background__,0,,0,176.47,55.85,8.00,,0,,,disc,,,,
LS69_s01a_sc08,LS69,AF568,plates_final,plate_013,background,__background__,0,,0,208.12,63.08,8.00,,0,,,disc,,,,
LS69_s01a_sc08,LS69,AF568,plates_final,plate_013,background,__background__,0,,0,85.34,74.85,4.82,,0,,,disc,,,,
LS69_s01a_sc08,LS69,AF568,plates_final,plate_013,background,__background__,0,,0,71.47,39.50,7.19,,0,,,disc,,,,
LS69_s01a_sc08,LS69,AF568,plates_final,plate_013,roi,Dl,0,,0,55.48,57.26,,,0,,,polygon,1,62.58 20.05;50.93 29.37;37.45 39.96;33.23 45.59;36.84 61.61;43.74 70.99;45.27 82.21;58.13 89.95;62.15 91.54;68.54 85.45;69.09 79.03;64.25 71.14;61.12 60.61;60.25 41.03;65.58 25.88;68.55 21.75,1,0
LS69_s01a_sc08,LS69,AF568,plates_final,plate_013,roi,Dm,0,,0,118.06,83.62,,,0,,,polygon,1,133.93 44.32;134.71 72.50;129.25 82.94;121.51 95.80;115.03 110.49;113.33 116.45;108.27 112.46;102.96 99.07;103.97 94.83;108.98 85.53;117.39 64.31;118.97 60.30;126.49 48.01,2,0
LS69_s01a_sc08,LS69,AF568,plates_final,plate_013,roi,Vd,1,Vd/Vv/POA,0,96.01,122.20,,,0,,,polygon,1,103.83 118.66;101.95 106.64;84.31 107.62;86.87 117.92;90.22 124.55;90.13 133.15;97.24 135.30;101.58 131.04;107.97 124.95,3,0
LS69_s01a_sc08,LS69,AF568,plates_final,plate_013,roi,Vv,1,Vd/Vv/POA,0,87.47,145.07,,,0,,,polygon,1,81.30 130.31;69.89 142.38;74.95 149.70;78.87 156.56;86.81 165.01;104.40 150.74;104.38 144.09;94.84 136.34;91.84 130.50,4,0
LS69_s01a_sc08,LS69,AF568,plates_final,plate_013,roi,Vl,0,,0,66.49,111.84,,,0,,,polygon,1,68.33 124.52;57.34 125.47;54.89 113.22;58.06 101.87;66.29 97.83;72.73 105.02;74.47 109.03;74.48 112.35;71.86 117.29,5,0
LS69_s01a_sc08,LS69,AF568,plates_final,plate_013,roi,Dm,0,,0,140.27,83.61,,,0,,,polygon,2,158.13 51.91;150.49 62.82;151.84 56.06;139.72 63.20;135.97 71.00;137.59 76.96;125.51 94.07;123.00 97.06;120.05 104.51;123.39 111.15;127.29 111.36;134.26 105.49;142.84 102.26;151.06 94.90;159.71 79.74;163.41 55.33,6,0
LS69_s01a_sc08,LS69,AF568,plates_final,plate_013,roi,Vd,1,Vd/Vv/POA,0,123.02,128.42,,,0,,,polygon,2,129.39 122.81;128.00 119.61;110.37 120.59;112.81 132.84;115.00 135.69;122.55 133.38;132.40 131.97;133.66 130.47,7,0
LS69_s01a_sc08,LS69,AF568,plates_final,plate_013,roi,Vv,1,Vd/Vv/POA,0,125.54,150.06,,,0,,,polygon,2,133.70 143.76;133.46 141.01;124.16 132.68;115.91 133.40;109.17 138.69;115.18 153.68;119.89 156.87;122.67 166.60;134.48 168.62;138.12 162.76;134.19 152.58,8,0
LS69_s01a_sc08,LS69,AF568,plates_final,plate_013,roi,Vl,0,,0,148.43,156.64,,,0,,,polygon,2,145.34 162.97;134.09 154.53;137.05 150.39;146.54 144.86;154.90 145.52;161.61 162.11;155.89 166.48;152.00 166.27,9,0
LS69_s01a_sc08,LS69,AF568,plates_final,plate_013,roi,Dl,0,,0,199.19,113.76,,,0,,,polygon,2,192.11 137.03;180.23 146.92;169.45 143.98;168.60 131.04;181.04 118.05;186.98 113.10;200.21 96.44;209.06 70.75;222.58 70.13;224.79 79.63;225.00 107.58;220.34 117.68;207.31 127.12;200.92 133.21,10,0
LS105_s05a_sc07,LS105,AF568,plates_final,plate_040,background,__background__,0,,0,165.02,126.98,8.00,,0,,,disc,,,,
LS105_s05a_sc07,LS105,AF568,plates_final,plate_040,background,__background__,0,,0,86.05,152.89,8.00,,0,,,disc,,,,
LS105_s05a_sc07,LS105,AF568,plates_final,plate_040,background,__background__,0,,0,53.97,128.83,8.00,,0,,,disc,,,,
LS105_s05a_sc07,LS105,AF568,plates_final,plate_040,background,__background__,0,,0,34.22,125.13,8.00,,0,,,disc,,,,
LS105_s05a_sc07,LS105,AF568,plates_final,plate_040,background,__background__,0,,0,169.95,56.65,2.00,,0,,,disc,,,,
LS105_s05a_sc07,LS105,AF568,plates_final,plate_040,background,__background__,0,,0,198.33,123.90,8.00,,0,,,disc,,,,
LS105_s05a_sc07,LS105,AF568,plates_final,plate_040,roi,Nucleus Anterior tuberal,0,,0,116.59,188.06,,,0,,,polygon,1,94.07 178.81;113.19 178.19;132.94 176.95;142.81 176.95;150.21 191.76;129.85 194.23;129.85 184.98;110.11 184.36;102.09 187.44;102.09 201.02;100.24 204.10;91.60 197.93,1,0
LS105_s05a_sc07,LS105,AF568,plates_final,plate_040,roi,Nucleus Lateral tuberal,0,,0,122.83,212.85,,,0,,,polygon,1,134.17 205.33;133.55 198.55;143.42 194.23;154.53 204.72;153.91 224.46;142.19 231.86;130.47 222.61;118.75 217.67;105.17 226.31;94.68 228.78;89.75 206.57;93.45 201.63;102.71 204.72;116.89 212.74;124.30 215.21;127.38 210.27,2,0
LS37_s06a_sc02,LS37,AF568,plates_final,plate_044,roi,Nucleus Posterior Tuberal,0,,0,131.87,209.32,,,0,,,polygon,1,139.72 220.76;131.08 207.19;127.38 218.29;121.21 217.67;115.04 212.74;116.28 207.80;125.53 195.46;133.55 191.76;145.27 193.61;148.36 216.44;147.13 220.76,1,0
LS61_s01a_sc11,LS61,AF568,plates_final,plate_022,background,__background__,0,,0,232.29,163.66,8.00,,0,,,disc,,,,
LS61_s01a_sc11,LS61,AF568,plates_final,plate_022,background,__background__,0,,0,148.89,56.92,8.00,,0,,,disc,,,,
LS61_s01a_sc11,LS61,AF568,plates_final,plate_022,background,__background__,0,,0,136.35,42.16,8.00,,0,,,disc,,,,
LS61_s01a_sc11,LS61,AF568,plates_final,plate_022,background,__background__,0,,0,225.68,177.75,8.00,,0,,,disc,,,,
LS61_s01a_sc11,LS61,AF568,plates_final,plate_022,roi,Dl,0,,0,109.75,79.43,,,0,,,polygon,1,91.12 81.81;87.74 57.18;101.97 44.95;117.72 41.18;124.74 49.19;124.60 68.03;125.65 91.19;125.71 105.58;118.76 111.96;110.60 110.41;95.11 100.31;93.28 91.33,1,0
LS61_s01a_sc11,LS61,AF568,plates_final,plate_022,roi,Dm,0,,0,150.03,104.41,,,0,,,polygon,1,142.22 131.65;135.83 121.10;132.60 108.62;141.40 87.43;152.98 73.20;162.61 72.42;167.18 77.59;163.48 103.63;155.33 129.48;146.69 139.04,2,0
LS61_s01a_sc11,LS61,AF568,plates_final,plate_022,roi,POA,1,Vd/Vv/POA,0,68.08,168.31,,,0,,,polygon,1,54.25 173.38;49.16 168.54;59.87 150.51;73.11 153.31;79.52 167.46;80.42 182.06;80.22 182.90,3,0
LS61_s01a_sc11,LS61,AF568,plates_final,plate_022,roi,Dm,0,,0,174.15,149.62,,,0,,,polygon,2,158.14 143.65;139.56 153.46;147.96 164.96;155.06 167.15;171.56 165.81;180.23 163.45;197.73 147.08;203.95 141.87;197.67 132.69;190.14 128.60;173.67 137.13,4,0
LS61_s01a_sc11,LS61,AF568,plates_final,plate_022,roi,POA,1,Vd/Vv/POA,0,74.27,189.63,,,0,,,polygon,2,60.80 196.10;62.27 193.77;66.26 184.87;76.70 177.10;83.69 177.92;87.41 182.87;89.66 190.17;72.36 202.09;69.29 201.78,5,0
LS61_s01a_sc11,LS61,AF568,plates_final,plate_022,roi,Dl,0,,0,190.22,199.59,,,0,,,polygon,2,166.13 208.05;156.25 198.88;160.22 186.38;184.53 178.88;191.11 184.99;193.46 190.06;207.86 193.59;215.59 193.24;223.56 202.84;214.20 217.16;195.29 222.85;174.42 218.17,6,0
LS87_s05a_sc04,LS87,AF568,plates_final,plate_043,background,__background__,0,,0,130.92,148.45,8.00,,0,,,disc,,,,
LS87_s05a_sc04,LS87,AF568,plates_final,plate_043,background,__background__,0,,0,105.75,143.43,8.00,,0,,,disc,,,,
LS87_s05a_sc04,LS87,AF568,plates_final,plate_043,background,__background__,0,,0,118.83,95.03,8.00,,0,,,disc,,,,
LS87_s05a_sc04,LS87,AF568,plates_final,plate_043,background,__background__,0,,0,130.94,81.18,8.00,,0,,,disc,,,,
LS87_s05a_sc04,LS87,AF568,plates_final,plate_043,background,__background__,0,,0,91.46,36.25,8.00,,0,,,disc,,,,
LS87_s05a_sc04,LS87,AF568,plates_final,plate_043,background,__background__,0,,0,231.40,42.01,8.00,,0,,,disc,,,,
LS87_s05a_sc04,LS87,AF568,plates_final,plate_043,roi,Nucleus Posterior Tuberal,0,,0,45.82,140.31,,,0,,,polygon,1,70.23 111.57;44.33 110.85;23.24 114.58;18.11 143.45;20.46 147.83;12.78 157.49;22.25 171.95;47.74 165.26;64.53 160.79;72.67 156.70;78.45 126.62;75.02 116.65,1,6
LS45_s05a_sc02,LS45,AF568,plates_final,plate_042,background,__background__,0,,0,168.35,126.26,8.00,,0,,,disc,,,,
LS45_s05a_sc02,LS45,AF568,plates_final,plate_042,background,__background__,0,,0,125.90,100.02,8.00,,0,,,disc,,,,
LS45_s05a_sc02,LS45,AF568,plates_final,plate_042,background,__background__,0,,0,204.39,203.47,8.00,,0,,,disc,,,,
LS45_s05a_sc02,LS45,AF568,plates_final,plate_042,background,__background__,0,,0,54.69,45.33,8.00,,0,,,disc,,,,
LS45_s05a_sc02,LS45,AF568,plates_final,plate_042,roi,Migrated posterior tuberal nucleus,0,,0,158.06,76.52,,,0,,,polygon,1,175.64 85.76;173.61 88.92;160.49 91.35;151.58 85.52;143.23 79.93;133.51 74.42;136.03 60.73;141.86 56.51;168.67 65.99;174.02 72.31;180.01 80.25,1,0
LS45_s05a_sc02,LS45,AF568,plates_final,plate_042,roi,Nucleus Anterior tuberal,0,,0,198.12,70.11,,,0,,,polygon,1,199.86 55.87;205.94 69.88;205.21 71.58;199.29 79.12;191.11 76.28;187.30 67.94,2,0
LS45_s05a_sc02,LS45,AF568,plates_final,plate_042,roi,Nucleus Lateral tuberal,0,,0,181.96,35.31,,,0,,,polygon,1,197.75 48.25;195.08 49.79;179.28 44.36;165.11 38.29;162.44 35.13;162.19 21.60;171.75 19.66;189.90 27.43;193.95 30.51;202.13 38.05,3,0
LS45_s05a_sc02,LS45,AF568,plates_final,plate_042,roi,Nucleus Anterior tuberal,0,,0,149.28,38.22,,,0,,,polygon,2,156.44 31.89;161.95 40.96;151.90 48.74;147.21 48.74;142.02 45.17;141.37 38.85;145.34 26.46;148.02 24.92,4,0
LS120_s01a_sc17,LS120,AF568,plates_final,plate_016,background,__background__,0,,0,209.82,150.80,8.00,,0,,,disc,,,,
LS120_s01a_sc17,LS120,AF568,plates_final,plate_016,background,__background__,0,,0,192.26,149.05,8.00,,0,,,disc,,,,
LS120_s01a_sc17,LS120,AF568,plates_final,plate_016,background,__background__,0,,0,199.60,136.06,8.00,,0,,,disc,,,,
LS120_s01a_sc17,LS120,AF568,plates_final,plate_016,background,__background__,0,,0,89.11,183.25,8.00,,0,,,disc,,,,
LS120_s01a_sc17,LS120,AF568,plates_final,plate_016,background,__background__,0,,0,72.34,165.96,8.00,,0,,,disc,,,,
LS120_s01a_sc17,LS120,AF568,plates_final,plate_016,background,__background__,0,,0,170.48,146.24,8.00,,0,,,disc,,,,
LS120_s01a_sc17,LS120,AF568,plates_final,plate_016,roi,Dl,0,,0,205.76,109.80,,,0,,,polygon,1,233.62 117.22;241.95 128.78;237.46 142.94;226.25 141.00;205.04 119.89;194.59 113.19;183.62 99.62;168.23 82.22;168.24 78.62;185.15 82.90;219.17 101.41,1,0
LS120_s01a_sc17,LS120,AF568,plates_final,plate_016,roi,Dm,0,,0,138.68,113.39,,,0,,,polygon,1,144.24 146.80;152.91 148.09;157.39 133.93;150.24 119.52;143.40 105.64;131.40 85.50;115.55 76.99;114.35 90.64,2,0
LS120_s01a_sc17,LS120,AF568,plates_final,plate_016,roi,Vs,0,,0,106.14,66.96,,,0,,,polygon,1,108.37 73.37;98.33 68.58;95.17 63.29;93.27 60.11;103.25 49.13;116.98 58.90;122.86 74.79;114.28 78.47;102.75 76.00,3,0
LS120_s01a_sc17,LS120,AF568,plates_final,plate_016,roi,Dm,0,,0,101.00,117.53,,,0,,,polygon,2,121.45 160.38;124.02 150.23;120.79 132.77;104.53 118.75;101.18 107.11;99.94 97.79;89.49 87.50;84.82 91.72;84.26 102.83;85.93 110.45;94.54 133.33,5,0
LS120_s01a_sc17,LS120,AF568,plates_final,plate_016,roi,Vs,0,,0,77.51,79.29,,,0,,,polygon,2,66.95 89.44;75.30 93.81;82.70 92.98;88.35 79.56;89.96 71.42;78.66 64.51;70.51 66.49;67.62 76.11,6,0
LS120_s01a_sc17,LS120,AF568,plates_final,plate_016,roi,Vc,0,,0,48.06,71.61,,,0,,,polygon,2,37.27 69.79;44.08 57.11;57.48 69.95;54.72 73.75;53.55 76.60;41.26 82.49,7,0
LS120_s01a_sc17,LS120,AF568,plates_final,plate_016,roi,Dl,0,,0,32.51,137.51,,,0,,,polygon,2,29.13 105.52;25.98 96.63;41.63 98.79;47.00 107.80;41.55 127.57;38.65 144.38;39.55 160.36;38.68 170.94;28.51 175.57;16.16 165.69;20.83 157.87;22.47 138.94,8,0
LS138_s01a_sc07,LS138,AF568,plates_final,plate_016,background,__background__,0,,0,121.60,117.86,8.00,,0,,,disc,,,,
LS138_s01a_sc07,LS138,AF568,plates_final,plate_016,background,__background__,0,,0,31.01,111.39,8.00,,0,,,disc,,,,
LS138_s01a_sc07,LS138,AF568,plates_final,plate_016,background,__background__,0,,0,130.65,41.28,8.00,,0,,,disc,,,,
LS138_s01a_sc07,LS138,AF568,plates_final,plate_016,background,__background__,0,,0,180.52,119.09,8.00,,0,,,disc,,,,
LS138_s01a_sc07,LS138,AF568,plates_final,plate_016,roi,Dl,0,,0,99.46,36.56,,,0,,,polygon,1,86.05 35.02;82.98 39.61;82.97 49.55;87.86 55.15;107.61 46.45;111.37 41.33;128.86 11.20;107.96 14.16,1,0
LS138_s01a_sc07,LS138,AF568,plates_final,plate_016,roi,Dm,0,,0,111.61,64.57,,,0,,,polygon,1,90.58 77.88;86.23 72.98;98.34 60.82;110.28 54.87;127.27 53.29;129.64 54.21;130.55 61.78;123.42 68.97;108.19 76.37,2,0
LS138_s01a_sc07,LS138,AF568,plates_final,plate_016,roi,Dm,0,,0,104.82,86.77,,,0,,,polygon,2,111.31 91.07;118.57 92.61;132.44 81.30;126.56 73.72;117.60 75.69;99.60 85.24;85.22 85.91;80.62 87.81;77.47 97.99;98.82 96.33,5,0
LS138_s01a_sc07,LS138,AF568,plates_final,plate_016,roi,Dl,0,,0,94.91,143.17,,,0,,,polygon,2,97.94 127.93;120.66 135.16;123.64 141.13;118.72 155.43;92.70 154.63;83.52 153.47;67.38 148.33;68.54 139.14;81.10 133.27,8,0
LS69_s01a_sc10,LS69,AF568,plates_final,plate_015,background,__background__,0,,0,110.70,70.42,8.00,,0,,,disc,,,,
LS69_s01a_sc10,LS69,AF568,plates_final,plate_015,background,__background__,0,,0,95.09,26.19,8.00,,0,,,disc,,,,
LS69_s01a_sc10,LS69,AF568,plates_final,plate_015,background,__background__,0,,0,176.37,132.98,8.00,,0,,,disc,,,,
LS69_s01a_sc10,LS69,AF568,plates_final,plate_015,background,__background__,0,,0,198.10,153.11,8.00,,0,,,disc,,,,
LS69_s01a_sc10,LS69,AF568,plates_final,plate_015,background,__background__,0,,0,83.12,190.46,8.00,,0,,,disc,,,,
LS69_s01a_sc10,LS69,AF568,plates_final,plate_015,roi,Dl,0,,0,63.02,63.65,,,0,,,polygon,1,76.74 24.77;66.21 21.46;52.38 28.68;42.66 46.74;47.64 57.56;44.11 79.88;40.95 99.13;64.63 105.70;67.60 100.85;69.08 85.99;69.87 80.74;77.87 64.45;82.55 57.83;80.02 37.36,1,0
LS69_s01a_sc10,LS69,AF568,plates_final,plate_015,roi,Dm,0,,0,126.04,112.01,,,0,,,polygon,1,108.44 141.15;99.35 145.23;97.39 133.05;102.89 122.92;110.20 117.12;122.22 105.57;132.44 91.42;143.16 80.33;151.42 78.88;157.15 81.83;150.92 99.83;144.96 108.66;129.50 122.89;114.52 139.30,2,0
LS69_s01a_sc10,LS69,AF568,plates_final,plate_015,roi,Vd,1,Vd/Vv/POA,0,88.88,148.09,,,0,,,polygon,1,87.87 162.45;79.09 159.11;75.74 142.15;82.17 135.50;91.30 134.03;100.21 144.35;100.32 150.45;94.32 156.66,3,0
LS69_s01a_sc10,LS69,AF568,plates_final,plate_015,roi,Vl,0,,0,44.12,133.16,,,0,,,polygon,1,38.16 139.32;31.14 136.82;33.18 128.50;41.30 119.19;47.38 117.34;56.82 133.32;56.04 138.57;49.55 141.74;43.47 143.59,4,0
LS69_s01a_sc10,LS69,AF568,plates_final,plate_015,roi,Vv,1,Vd/Vv/POA,0,54.28,178.65,,,0,,,polygon,1,61.32 165.97;55.47 156.03;48.42 151.79;42.72 150.58;29.41 162.60;31.29 170.42;38.47 181.64;43.97 197.25;60.76 209.17;66.44 209.51;73.39 207.64;73.04 187.58;68.56 180.68;66.63 170.24,5,0
LS69_s01a_sc10,LS69,AF568,plates_final,plate_015,roi,Dm,0,,0,143.30,133.48,,,0,,,polygon,2,178.54 107.64;160.18 105.34;144.69 117.83;136.48 122.77;124.39 129.96;114.96 139.72;109.39 145.49;107.86 157.74;113.67 165.93;125.78 159.61;131.37 154.71;143.84 144.46;160.19 131.08;171.85 124.33;185.29 119.30;184.25 109.72,6,0
LS69_s01a_sc10,LS69,AF568,plates_final,plate_015,roi,Vd,1,Vd/Vv/POA,0,105.97,176.49,,,0,,,polygon,2,109.45 173.85;108.49 168.63;104.00 161.73;100.11 163.98;93.26 171.08;92.46 175.46;93.39 178.93;104.61 196.63;119.75 188.94;124.05 185.38;116.05 176.79,7,0
LS69_s01a_sc10,LS69,AF568,plates_final,plate_015,roi,Vl,0,,0,96.75,218.39,,,0,,,polygon,2,88.98 226.13;82.74 218.39;85.62 208.30;92.05 201.64;104.79 207.09;111.02 213.97;110.72 221.39;102.65 234.18;92.18 234.37,8,0
LS69_s01a_sc10,LS69,AF568,plates_final,plate_015,roi,Dl,0,,0,177.95,198.73,,,0,,,polygon,2,152.96 216.73;139.89 217.83;127.98 210.62;140.30 191.64;149.45 191.04;158.18 190.89;168.26 193.77;179.53 189.21;197.21 177.12;204.12 173.51;220.82 180.20;227.05 187.07;220.73 199.83;215.58 205.16;188.74 216.97;171.74 217.71;162.60 219.17,9,0
LS136_s02a_sc03,LS136,AF568,plates_final,plate_023,background,__background__,0,,0,174.79,38.42,8.00,,0,,,disc,,,,
LS136_s02a_sc03,LS136,AF568,plates_final,plate_023,background,__background__,0,,0,155.15,29.88,2.00,,0,,,disc,,,,
LS136_s02a_sc03,LS136,AF568,plates_final,plate_023,background,__background__,0,,0,75.34,83.71,2.00,,0,,,disc,,,,
LS136_s02a_sc03,LS136,AF568,plates_final,plate_023,background,__background__,0,,0,82.24,98.98,8.00,,0,,,disc,,,,
LS136_s02a_sc03,LS136,AF568,plates_final,plate_023,roi,Dl,0,,0,35.92,84.41,,,0,,,polygon,1,46.56 71.01;43.13 60.45;26.16 60.12;17.49 71.37;21.66 86.23;29.54 102.48;34.51 115.79;54.29 106.77;49.96 85.47,1,0
LS136_s02a_sc03,LS136,AF568,plates_final,plate_023,roi,Dm,0,,0,111.87,82.74,,,0,,,polygon,1,122.00 79.58;112.77 61.17;112.02 56.87;96.61 57.34;94.95 70.20;98.89 90.33;107.17 105.81;116.51 108.61;129.64 101.10;128.11 96.40,2,0
LS136_s02a_sc03,LS136,AF568,plates_final,plate_023,roi,Dm,0,,0,147.79,73.79,,,0,,,polygon,2,139.25 94.73;139.84 68.59;139.16 54.54;138.27 43.80;152.73 40.40;160.83 53.34;161.21 80.46;154.52 113.77;144.36 114.48,4,0
LS37_s01a_sc03,LS37,AF568,plates_final,plate_009,background,__background__,0,,0,225.48,86.40,8.00,,0,,,disc,,,,
LS37_s01a_sc03,LS37,AF568,plates_final,plate_009,background,__background__,0,,0,203.03,79.53,8.00,,0,,,disc,,,,
LS37_s01a_sc03,LS37,AF568,plates_final,plate_009,background,__background__,0,,0,48.74,45.51,8.00,,0,,,disc,,,,
LS37_s01a_sc03,LS37,AF568,plates_final,plate_009,background,__background__,0,,0,140.55,179.67,8.00,,0,,,disc,,,,
LS37_s01a_sc03,LS37,AF568,plates_final,plate_009,roi,Dl,0,,0,20.65,89.32,,,0,,,polygon,1,7.01 72.62;18.22 50.62;27.95 57.50;36.49 71.71;33.81 92.66;35.16 107.62;23.65 128.28;11.23 116.91;17.20 92.97;12.27 102.55;4.18 89.08,1,0
LS37_s01a_sc03,LS37,AF568,plates_final,plate_009,roi,Dm,0,,0,70.71,118.07,,,0,,,polygon,1,92.16 93.22;82.13 84.99;66.43 96.98;59.71 116.28;52.98 130.50;51.94 142.32;60.32 144.41;69.90 139.17;80.07 128.99;91.42 103.84,2,0
LS37_s01a_sc03,LS37,AF568,plates_final,plate_009,roi,Dm,0,,0,138.81,135.43,,,0,,,polygon,2,140.21 119.82;121.82 132.40;112.85 147.97;110.61 159.49;121.24 162.78;139.79 157.23;151.45 146.15;164.75 118.31;163.25 116.67;152.33 112.03;148.59 116.82,3,0
LS37_s01a_sc03,LS37,AF568,plates_final,plate_009,roi,Dl,0,,0,199.06,141.17,,,0,,,polygon,2,220.42 122.02;200.66 114.55;185.70 126.08;167.90 136.26;154.90 162.91;165.98 172.03;183.93 158.70;208.32 152.70;217.29 149.85;227.61 136.53;228.65 132.34;227.30 130.09,4,0
LS105_s06a_sc04,LS105,AF568,plates_final,plate_043,background,__background__,0,,0,173.76,112.65,8.00,,0,,,disc,,,,
LS105_s06a_sc04,LS105,AF568,plates_final,plate_043,background,__background__,0,,0,196.01,93.64,8.00,,0,,,disc,,,,
LS105_s06a_sc04,LS105,AF568,plates_final,plate_043,background,__background__,0,,0,141.42,169.83,8.00,,0,,,disc,,,,
LS105_s06a_sc04,LS105,AF568,plates_final,plate_043,background,__background__,0,,0,154.81,186.77,8.00,,0,,,disc,,,,
LS105_s06a_sc04,LS105,AF568,plates_final,plate_043,background,__background__,0,,0,166.17,165.52,8.00,,0,,,disc,,,,
LS105_s06a_sc04,LS105,AF568,plates_final,plate_043,roi,Nucleus Posterior Tuberal,0,,0,214.55,166.18,,,0,,,polygon,1,190.55 155.37;201.43 135.91;214.22 131.00;240.83 143.77;248.99 149.12;244.33 161.93;219.77 196.92;218.04 203.48;212.32 205.79;184.47 173.55;185.10 171.16,1,0
LS37_s01a_sc05,LS37,AF568,plates_final,plate_011,background,__background__,0,,0,146.22,233.39,8.00,,0,,,disc,,,,
LS37_s01a_sc05,LS37,AF568,plates_final,plate_011,background,__background__,0,,0,183.63,66.82,8.00,,0,,,disc,,,,
LS37_s01a_sc05,LS37,AF568,plates_final,plate_011,background,__background__,0,,0,188.62,50.28,8.00,,0,,,disc,,,,
LS37_s01a_sc05,LS37,AF568,plates_final,plate_011,roi,Dl,0,,0,155.68,26.85,,,0,,,polygon,1,193.41 13.06;198.84 18.56;190.77 36.75;180.55 34.31;167.26 33.52;153.18 39.58;139.71 39.38;128.13 37.17;108.46 31.88;105.82 21.41;122.86 9.80;179.18 6.83,1,0
LS37_s01a_sc05,LS37,AF568,plates_final,plate_011,roi,Dm,0,,0,138.83,74.63,,,0,,,polygon,1,164.99 77.30;183.30 82.83;184.53 91.58;165.19 97.98;148.66 92.99;126.03 86.81;113.30 71.36;105.47 67.39;97.65 63.41;105.23 55.39;118.06 53.46;142.33 62.72;150.06 66.99,2,0
LS37_s01a_sc05,LS37,AF568,plates_final,plate_011,roi,Vd,1,Vd/Vv/POA,0,91.08,65.73,,,0,,,polygon,1,91.60 77.05;98.75 74.70;102.61 66.20;106.35 53.80;86.85 54.35;82.42 56.24;82.87 65.40;83.22 70.66;85.05 73.14,3,0
LS37_s01a_sc05,LS37,AF568,plates_final,plate_011,roi,Vv,1,Vd/Vv/POA,0,70.53,87.06,,,0,,,polygon,1,81.73 79.87;79.39 66.28;68.94 56.04;49.68 57.95;47.90 91.57;58.03 111.39;72.51 112.54;75.59 110.89;84.82 99.50;86.74 84.61,4,0
LS37_s01a_sc05,LS37,AF568,plates_final,plate_011,roi,Vl,0,,0,78.65,40.34,,,0,,,polygon,1,66.73 39.90;67.51 33.05;78.81 25.50;87.31 29.36;90.84 36.87;90.24 43.13;86.51 49.09;76.22 51.14;72.09 49.90;70.20 45.46,5,0
LS37_s01a_sc05,LS37,AF568,plates_final,plate_011,roi,Dm,0,,0,126.18,145.01,,,0,,,polygon,2,151.45 149.90;162.54 162.27;157.50 170.42;153.59 176.97;133.79 180.66;118.48 150.26;99.64 140.06;95.82 129.24;96.31 119.08;99.51 114.89;108.90 115.79;136.65 130.61,6,0
LS37_s01a_sc05,LS37,AF568,plates_final,plate_011,roi,Vd,1,Vd/Vv/POA,0,81.22,111.70,,,0,,,polygon,2,92.67 107.67;96.49 118.49;89.04 123.97;78.69 124.07;72.21 115.67;67.67 107.21;72.00 101.42;80.99 95.12,7,0
LS37_s01a_sc05,LS37,AF568,plates_final,plate_011,roi,Vl,0,,0,70.67,136.23,,,0,,,polygon,2,60.61 126.34;70.78 120.39;73.73 121.28;82.68 140.74;81.20 143.52;71.62 149.64;64.47 145.55;60.28 142.36,8,0
LS37_s01a_sc05,LS37,AF568,plates_final,plate_011,roi,Dl,0,,0,102.96,204.57,,,0,,,polygon,2,82.07 187.60;85.52 171.89;96.87 172.73;103.70 186.40;105.04 199.05;130.34 224.09;135.17 235.85;127.77 243.29;100.73 226.10;81.68 208.10;83.65 195.17,9,0
LS45_s03a_sc02,LS45,AF568,plates_final,plate_025,background,__background__,0,,0,170.84,142.88,8.00,,0,,,disc,,,,
LS45_s03a_sc02,LS45,AF568,plates_final,plate_025,background,__background__,0,,0,30.24,141.66,8.00,,0,,,disc,,,,
LS45_s03a_sc02,LS45,AF568,plates_final,plate_025,background,__background__,0,,0,44.86,155.61,8.00,,0,,,disc,,,,
LS45_s03a_sc02,LS45,AF568,plates_final,plate_025,roi,Dl,0,,0,208.13,179.62,,,0,,,polygon,1,220.82 199.99;221.53 188.14;216.43 182.60;216.69 149.81;206.05 149.36;199.10 152.26;193.92 170.07;196.15 180.03;200.73 193.67;205.58 206.11;212.40 203.82,1,0
LS45_s03a_sc02,LS45,AF568,plates_final,plate_025,roi,Dm,0,,0,163.97,176.12,,,0,,,polygon,1,162.78 159.43;159.36 154.89;148.72 154.44;147.33 163.61;150.05 180.00;152.94 186.96;165.22 202.92;167.44 207.20;175.98 197.07;179.97 184.69;178.87 172.44;173.30 166.16;169.67 159.68,2,0
LS45_s03a_sc02,LS45,AF568,plates_final,plate_025,roi,POA,1,Vd/Vv/POA,0,171.22,104.61,,,0,,,polygon,1,167.97 115.72;204.22 106.00;205.95 103.86;196.56 94.85;188.13 92.99;163.32 99.54;144.90 94.23;141.58 103.60;152.44 111.67;156.65 112.60;161.68 115.60,3,0
LS45_s03a_sc02,LS45,AF568,plates_final,plate_025,roi,Dm,0,,0,131.85,153.89,,,0,,,polygon,2,141.55 149.71;136.08 157.35;133.34 161.17;123.46 171.63;113.42 171.32;118.99 146.01;135.11 144.50;141.59 140.87;143.14 142.48,4,0
LS61_s05a_sc00,LS61,AF568,plates_final,plate_041,background,__background__,0,,0,148.98,136.24,8.00,,0,,,disc,,,,
LS61_s05a_sc00,LS61,AF568,plates_final,plate_041,background,__background__,0,,0,146.51,155.98,8.00,,0,,,disc,,,,
LS61_s05a_sc00,LS61,AF568,plates_final,plate_041,background,__background__,0,,0,97.15,138.09,8.00,,0,,,disc,,,,
LS61_s05a_sc00,LS61,AF568,plates_final,plate_041,background,__background__,0,,0,89.13,167.08,8.00,,0,,,disc,,,,
LS61_s05a_sc00,LS61,AF568,plates_final,plate_041,roi,Migrated posterior tuberal nucleus,0,,0,122.28,181.67,,,0,,,polygon,1,112.58 192.38;117.51 191.76;129.23 191.76;138.49 192.38;145.89 179.42;147.74 174.49;131.08 166.47;119.98 167.70;103.94 173.87;97.77 178.81;100.85 189.29,1,0
LS61_s05a_sc00,LS61,AF568,plates_final,plate_041,roi,Nucleus Anterior tuberal,0,,0,101.06,211.64,,,0,,,polygon,1,93.45 215.21;90.37 212.74;92.83 205.95;99.62 201.63;107.02 203.48;111.96 209.04;110.11 216.44;102.71 218.29;101.47 221.99,2,0
LS61_s05a_sc00,LS61,AF568,plates_final,plate_041,roi,Nucleus Lateral tuberal,0,,0,125.38,225.28,,,0,,,polygon,1,117.51 234.33;118.75 234.33;132.94 235.56;139.72 234.33;148.36 228.78;146.51 221.99;143.42 210.89;137.25 208.42;108.26 216.44;102.09 223.23;100.85 225.69;108.87 229.40,3,0
LS61_s05a_sc00,LS61,AF568,plates_final,plate_041,roi,Nucleus Anterior tuberal,0,,0,147.00,207.19,,,0,,,polygon,2,152.68 216.44;145.27 217.06;138.49 215.21;136.64 209.65;139.11 201.02;140.96 199.16;145.27 197.31;151.44 197.93;160.08 207.19;160.08 210.89,4,0
LS69_s02a_sc00,LS69,AF568,plates_final,plate_019,background,__background__,0,,0,173.65,182.62,8.00,,0,,,disc,,,,
LS69_s02a_sc00,LS69,AF568,plates_final,plate_019,background,__background__,0,,0,189.05,223.30,8.00,,0,,,disc,,,,
LS69_s02a_sc00,LS69,AF568,plates_final,plate_019,background,__background__,0,,0,159.34,211.32,8.00,,0,,,disc,,,,
LS69_s02a_sc00,LS69,AF568,plates_final,plate_019,background,__background__,0,,0,227.47,132.96,8.00,,0,,,disc,,,,
LS69_s02a_sc00,LS69,AF568,plates_final,plate_019,background,__background__,0,,0,185.93,90.85,8.00,,0,,,disc,,,,
LS69_s02a_sc00,LS69,AF568,plates_final,plate_019,background,__background__,0,,0,104.48,100.55,8.00,,0,,,disc,,,,
LS69_s02a_sc00,LS69,AF568,plates_final,plate_019,roi,Dl,0,,0,198.78,52.75,,,0,,,polygon,1,229.54 57.47;230.64 48.97;227.63 42.76;215.14 44.82;203.29 45.04;177.12 36.56;173.77 37.88;165.40 64.92;177.70 68.16;186.24 66.17;200.05 67.46,1,0
LS69_s02a_sc00,LS69,AF568,plates_final,plate_019,roi,Dm,0,,0,175.70,116.78,,,0,,,polygon,1,198.27 148.63;202.41 143.26;202.87 126.48;193.14 115.87;182.34 110.67;169.00 92.61;162.16 87.34;151.32 95.34;147.74 105.05;153.86 118.33;161.08 123.11;184.14 134.63,2,0
LS69_s02a_sc00,LS69,AF568,plates_final,plate_019,roi,Dm,0,,0,162.90,135.92,,,0,,,polygon,2,183.89 173.38;190.29 165.07;196.77 150.59;183.61 137.34;179.32 134.82;164.66 123.52;153.90 115.24;136.27 104.78;136.34 108.73;137.24 115.65;143.55 123.63;147.50 133.67;150.84 142.48;160.13 149.63;179.12 160.36,3,0
LS69_s02a_sc00,LS69,AF568,plates_final,plate_019,roi,Dl,0,,0,127.33,171.70,,,0,,,polygon,2,118.85 173.91;112.26 197.64;117.89 210.54;133.04 222.21;138.91 216.61;142.42 202.96;141.00 178.51;136.80 159.70;133.39 146.94;133.58 141.64;125.72 128.58;121.28 128.28;111.65 138.77;115.85 157.58,4,0
LS120_s05a_sc05,LS120,AF568,plates_final,plate_042,background,__background__,0,,0,98.20,178.67,8.00,,0,,,disc,,,,
LS120_s05a_sc05,LS120,AF568,plates_final,plate_042,background,__background__,0,,0,117.96,168.36,8.00,,0,,,disc,,,,
LS120_s05a_sc05,LS120,AF568,plates_final,plate_042,background,__background__,0,,0,102.69,127.26,8.00,,0,,,disc,,,,
LS120_s05a_sc05,LS120,AF568,plates_final,plate_042,background,__background__,0,,0,82.05,113.18,8.00,,0,,,disc,,,,
LS120_s05a_sc05,LS120,AF568,plates_final,plate_042,background,__background__,0,,0,57.73,91.95,8.00,,0,,,disc,,,,
LS120_s05a_sc05,LS120,AF568,plates_final,plate_042,roi,Migrated posterior tuberal nucleus,0,,0,74.77,158.41,,,0,,,polygon,1,82.46 136.44;93.81 169.81;82.16 178.72;73.13 173.15;67.78 162.01;67.24 157.56;56.81 131.15,1,0
LS120_s05a_sc05,LS120,AF568,plates_final,plate_042,roi,Nucleus Anterior tuberal,0,,0,31.23,140.35,,,0,,,polygon,1,37.45 131.26;40.98 136.47;39.83 149.67;23.88 148.34;20.69 142.33;24.55 134.01,2,0
LS120_s05a_sc05,LS120,AF568,plates_final,plate_042,roi,Nucleus Lateral tuberal,0,,0,38.11,171.03,,,0,,,polygon,1,26.30 162.05;30.55 168.97;34.46 176.69;34.91 182.53;46.09 193.22;55.49 193.28;56.51 186.16;48.68 170.71;42.10 161.43;31.96 151.64;25.65 150.95;24.57 154.75,3,0
LS120_s05a_sc05,LS120,AF568,plates_final,plate_042,roi,Nucleus Anterior tuberal,0,,0,70.13,184.12,,,0,,,polygon,2,67.40 192.96;59.45 183.59;61.04 176.23;66.72 173.84;73.52 175.66;82.40 179.29;76.71 194.40;73.77 196.97,4,0
LS37_s01a_sc06,LS37,AF568,plates_final,plate_012,background,__background__,0,,0,230.70,149.37,8.00,,0,,,disc,,,,
LS37_s01a_sc06,LS37,AF568,plates_final,plate_012,background,__background__,0,,0,80.42,58.46,8.00,,0,,,disc,,,,
LS37_s01a_sc06,LS37,AF568,plates_final,plate_012,background,__background__,0,,0,72.11,35.99,8.00,,0,,,disc,,,,
LS37_s01a_sc06,LS37,AF568,plates_final,plate_012,roi,Dl,0,,0,32.19,64.83,,,0,,,polygon,1,25.94 27.58;11.48 56.64;11.91 92.43;13.10 112.14;24.04 119.11;32.79 105.64;39.39 82.37;47.36 59.30;52.45 47.79;52.21 31.01;41.12 23.19;34.51 20.79,1,0
LS37_s01a_sc06,LS37,AF568,plates_final,plate_012,roi,Dm,0,,0,82.63,114.26,,,0,,,polygon,1,103.99 79.62;111.41 84.09;106.73 105.71;98.97 127.41;80.44 135.48;72.17 144.00;57.50 148.74;53.04 135.79;57.02 128.02;73.64 114.08;82.06 106.43;84.64 93.15;92.61 82.91,2,0
LS37_s01a_sc06,LS37,AF568,plates_final,plate_012,roi,Vd,1,Vd/Vv/POA,0,68.18,165.46,,,0,,,polygon,1,45.19 141.57;56.19 146.31;64.61 151.50;74.46 167.51;96.85 168.95;106.24 169.54;119.56 190.26;77.73 186.42;60.94 173.83;54.06 175.01;50.36 166.36;42.68 165.47;37.48 148.22,3,0
LS37_s01a_sc06,LS37,AF568,plates_final,plate_012,roi,Vv,1,Vd/Vv/POA,0,62.32,206.13,,,0,,,polygon,1,93.71 196.94;53.86 176.38;37.23 190.32;39.34 207.66;48.77 213.56;65.28 216.90;78.04 226.65;82.30 220.61,4,0
LS37_s01a_sc06,LS37,AF568,plates_final,plate_012,roi,Vl,0,,0,18.24,168.14,,,0,,,polygon,1,6.95 176.51;2.89 168.36;6.56 158.87;21.68 156.70;27.88 161.83;29.93 168.56;28.74 174.52;21.25 179.80,5,0
LS37_s01a_sc06,LS37,AF568,plates_final,plate_012,roi,Dm,0,,0,172.38,136.33,,,0,,,polygon,2,132.12 142.50;143.35 125.50;154.41 128.02;173.50 118.08;179.88 116.54;194.37 118.46;207.57 117.95;215.10 130.82;211.28 139.45;194.50 152.53;179.65 151.11;165.42 158.44;136.31 159.04;125.93 150.21,6,0
LS37_s01a_sc06,LS37,AF568,plates_final,plate_012,roi,Vl,0,,0,107.69,216.09,,,0,,,polygon,2,101.28 227.95;94.73 223.33;92.80 212.15;97.27 204.74;104.80 204.77;112.63 206.51;120.90 210.84;123.66 216.56;119.34 224.83;109.47 229.19,7,0
LS37_s01a_sc06,LS37,AF568,plates_final,plate_012,roi,Dl,0,,0,202.97,200.67,,,0,,,polygon,2,147.38 212.91;161.52 215.33;172.67 220.93;182.37 223.24;191.77 223.83;199.92 219.77;206.35 216.00;224.56 213.74;230.28 210.98;241.95 196.57;246.58 190.02;249.07 186.49;258.52 172.02;238.77 167.90;231.63 172.68;209.49 188.01;204.77 191.48;190.49 201.03;173.38 194.25;159.44 190.46;141.39 206.41,8,0
LS136_s02a_sc07,LS136,AF568,plates_final,plate_025,background,__background__,0,,0,76.25,148.04,8.00,,0,,,disc,,,,
LS136_s02a_sc07,LS136,AF568,plates_final,plate_025,background,__background__,0,,0,159.90,131.99,8.00,,0,,,disc,,,,
LS136_s02a_sc07,LS136,AF568,plates_final,plate_025,background,__background__,0,,0,180.46,158.66,8.00,,0,,,disc,,,,
LS136_s02a_sc07,LS136,AF568,plates_final,plate_025,background,__background__,0,,0,205.92,180.78,8.00,,0,,,disc,,,,
LS136_s02a_sc07,LS136,AF568,plates_final,plate_025,roi,Dl,0,,0,234.67,145.25,,,0,,,polygon,1,251.53 122.77;253.71 132.42;246.35 144.86;242.49 147.99;227.16 172.97;218.96 168.67;212.21 157.89;223.64 143.54;232.91 135.16;237.72 126.26,1,0
LS136_s02a_sc07,LS136,AF568,plates_final,plate_025,roi,Dm,0,,0,149.45,162.55,,,0,,,polygon,1,137.35 139.39;130.91 149.81;135.10 164.13;144.19 173.91;149.12 181.23;162.07 187.89;169.09 184.88;168.76 167.43;160.19 156.94;149.67 149.90;137.48 132.50,2,0
LS136_s02a_sc07,LS136,AF568,plates_final,plate_025,roi,POA,1,Vd/Vv/POA,0,121.23,116.51,,,0,,,polygon,1,149.09 99.99;152.06 114.51;138.20 129.25;128.05 132.15;91.92 136.75;88.04 120.50;92.65 110.38;106.54 111.26;111.39 114.22;116.61 127.13;120.77 125.83;132.89 115.74;131.15 97.27;137.85 96.19,3,0
LS136_s02a_sc07,LS136,AF568,plates_final,plate_025,roi,Dm,0,,0,81.80,177.08,,,0,,,polygon,2,67.33 189.48;66.51 192.11;76.95 194.80;86.29 190.78;99.65 176.75;105.18 164.60;98.00 158.89;90.28 161.39;72.90 169.83;69.86 170.32;66.88 178.93,4,0
LS136_s02a_sc07,LS136,AF568,plates_final,plate_025,roi,Dl,0,,0,31.84,168.84,,,0,,,polygon,2,22.39 170.51;10.19 176.24;15.21 187.92;23.13 186.64;45.81 172.34;51.62 165.78;55.66 148.25;37.70 149.28;24.86 162.61,5,0
LS120_s05a_sc09,LS120,AF568,plates_final,plate_045,background,__background__,0,,0,102.55,187.32,8.00,,0,,,disc,,,,
LS120_s05a_sc09,LS120,AF568,plates_final,plate_045,background,__background__,0,,0,66.17,179.51,8.00,,0,,,disc,,,,
LS120_s05a_sc09,LS120,AF568,plates_final,plate_045,background,__background__,0,,0,42.07,70.36,8.00,,0,,,disc,,,,
LS120_s05a_sc09,LS120,AF568,plates_final,plate_045,background,__background__,0,,0,63.99,47.25,8.00,,0,,,disc,,,,
LS120_s05a_sc09,LS120,AF568,plates_final,plate_045,background,__background__,0,,0,139.85,103.30,8.00,,0,,,disc,,,,
LS120_s05a_sc09,LS120,AF568,plates_final,plate_045,background,__background__,0,,0,122.35,75.51,8.00,,0,,,disc,,,,
LS120_s05a_sc09,LS120,AF568,plates_final,plate_045,roi,Nucleus Posterior Tuberal,0,,0,36.14,171.62,,,0,,,polygon,1,36.06 150.53;51.15 163.04;55.82 171.13;54.01 174.85;46.95 181.85;38.52 189.12;29.38 188.37;25.84 181.75;27.72 174.08;22.19 176.00;18.53 160.13;27.52 148.54,1,0
LS37_s01a_sc08,LS37,AF568,plates_final,plate_014,background,__background__,0,,0,237.82,85.03,8.00,,0,,,disc,,,,
LS37_s01a_sc08,LS37,AF568,plates_final,plate_014,background,__background__,0,,0,211.29,83.80,8.00,,0,,,disc,,,,
LS37_s01a_sc08,LS37,AF568,plates_final,plate_014,background,__background__,0,,0,44.71,54.18,8.00,,0,,,disc,,,,
LS37_s01a_sc08,LS37,AF568,plates_final,plate_014,background,__background__,0,,0,66.31,76.39,8.00,,0,,,disc,,,,
LS37_s01a_sc08,LS37,AF568,plates_final,plate_014,roi,Dl,0,,0,23.61,90.74,,,0,,,polygon,1,5.84 54.80;2.76 68.37;3.99 81.94;5.23 88.11;7.70 102.92;13.25 114.03;20.03 120.81;28.05 129.45;37.31 130.68;48.41 130.07;47.18 107.24;45.33 105.39;34.84 102.92;29.29 90.58;29.91 73.31;30.52 65.29;28.67 58.50;20.65 52.95;9.55 46.78,1,0
LS37_s01a_sc08,LS37,AF568,plates_final,plate_014,roi,Dm,0,,0,83.58,96.88,,,0,,,polygon,1,84.81 136.24;75.56 131.92;70.62 126.37;76.18 117.11;77.41 111.56;79.26 100.45;79.26 84.41;78.03 73.92;79.26 65.29;81.73 63.44;89.13 64.67;96.54 73.31;100.24 93.05;102.09 114.64,2,0
LS37_s01a_sc08,LS37,AF568,plates_final,plate_014,roi,Vd,1,Vd/Vv/POA,0,76.44,151.48,,,0,,,polygon,1,83.58 164.00;76.18 163.38;65.07 156.60;64.45 146.72;75.56 139.32;81.73 140.55;88.52 149.81,3,0
LS37_s01a_sc08,LS37,AF568,plates_final,plate_014,roi,Vl,0,,0,64.92,183.54,,,0,,,polygon,1,57.67 193.00;52.73 189.29;50.88 180.66;56.43 175.10;61.37 172.64;68.16 174.49;73.09 176.95;74.94 179.42;74.94 182.51;73.09 190.53;70.01 193.00;65.69 194.85,4,0
LS37_s01a_sc08,LS37,AF568,plates_final,plate_014,roi,Vv,1,Vd/Vv/POA,0,91.77,199.16,,,0,,,polygon,1,84.20 209.65;79.26 207.19;78.03 202.25;77.41 195.46;87.28 186.21;95.92 186.21;103.32 186.21;109.49 196.08;103.94 204.72;98.39 208.42;92.22 208.42,5,0
LS37_s01a_sc08,LS37,AF568,plates_final,plate_014,roi,Dm,0,,0,143.21,116.28,,,0,,,polygon,2,121.21 142.41;120.60 122.05;124.92 117.11;133.55 108.47;137.25 100.45;137.25 88.11;158.85 78.24;163.17 77.63;177.97 83.80;181.67 93.05;160.08 107.24;152.68 120.20;155.15 135.62;141.57 149.81;130.47 151.66;120.60 152.28;117.51 148.58,6,0
LS37_s01a_sc08,LS37,AF568,plates_final,plate_014,roi,Vd,1,Vd/Vv/POA,0,124.86,162.97,,,0,,,polygon,2,118.13 176.34;106.41 166.47;109.49 159.06;116.89 155.36;121.83 152.28;126.77 152.28;135.40 153.51;140.34 156.60;139.11 164.00;132.32 169.55;126.15 174.49;125.53 175.72,7,0
LS37_s01a_sc08,LS37,AF568,plates_final,plate_014,roi,Vv,1,Vd/Vv/POA,0,127.23,194.28,,,0,,,polygon,2,124.92 204.10;121.21 203.48;118.13 201.02;115.66 197.31;115.04 192.38;124.30 183.74;128.00 181.27;132.32 180.66;138.49 183.12;142.81 194.85;136.64 201.02;129.23 208.42,8,0
LS37_s01a_sc08,LS37,AF568,plates_final,plate_014,roi,Vl,0,,0,150.88,184.86,,,0,,,polygon,2,152.06 200.40;144.04 193.61;140.96 189.91;137.87 180.66;143.42 176.95;148.36 175.10;152.68 175.10;155.76 176.34;161.93 180.66;158.23 197.31;164.40 187.44,9,0
LS37_s01a_sc08,LS37,AF568,plates_final,plate_014,roi,Dl,0,,0,216.06,126.04,,,0,,,polygon,2,208.20 149.19;223.01 149.19;234.11 147.34;251.39 119.58;257.56 102.30;247.69 96.75;237.82 95.52;230.41 103.54;216.84 114.03;206.35 120.81;192.16 127.60;174.89 131.30;177.97 137.47;182.29 147.34;200.18 148.58,10,0
LS69_s02a_sc04,LS69,AF568,plates_final,plate_021,background,__background__,0,,0,102.12,190.00,8.00,,0,,,disc,,,,
LS69_s02a_sc04,LS69,AF568,plates_final,plate_021,background,__background__,0,,0,200.10,92.89,8.00,,0,,,disc,,,,
LS69_s02a_sc04,LS69,AF568,plates_final,plate_021,background,__background__,0,,0,183.54,102.63,8.00,,0,,,disc,,,,
LS69_s02a_sc04,LS69,AF568,plates_final,plate_021,background,__background__,0,,0,158.97,79.31,8.00,,0,,,disc,,,,
LS69_s02a_sc04,LS69,AF568,plates_final,plate_021,background,__background__,0,,0,141.42,56.21,8.00,,0,,,disc,,,,
LS69_s02a_sc04,LS69,AF568,plates_final,plate_021,background,__background__,0,,0,58.75,112.46,8.00,,0,,,disc,,,,
LS69_s02a_sc04,LS69,AF568,plates_final,plate_021,background,__background__,0,,0,124.38,32.75,8.00,,0,,,disc,,,,
LS69_s02a_sc04,LS69,AF568,plates_final,plate_021,roi,Dl,0,,0,195.16,43.61,,,0,,,polygon,1,214.74 31.16;231.38 32.03;239.04 39.43;241.85 49.59;231.96 67.46;210.45 69.35;190.91 64.49;179.34 62.22;161.02 57.99;152.90 47.87;152.18 38.48;158.13 28.82;172.56 21.39;193.06 20.22;197.82 23.62,1,0
LS69_s02a_sc04,LS69,AF568,plates_final,plate_021,roi,Dm,0,,0,141.44,126.13,,,0,,,polygon,1,109.56 98.42;119.00 86.23;134.74 90.04;145.44 100.57;161.34 134.01;166.51 143.22;162.28 169.93;152.40 162.63;136.03 143.25;127.05 133.00,2,0
LS69_s02a_sc04,LS69,AF568,plates_final,plate_021,roi,POA,1,Vd/Vv/POA,0,97.09,44.53,,,0,,,polygon,1,79.70 33.18;87.55 28.24;104.88 24.80;115.99 41.14;120.61 53.80;108.26 62.00;98.65 61.36;80.56 50.10;77.65 46.11,3,0
LS69_s02a_sc04,LS69,AF568,plates_final,plate_021,roi,Dm,0,,0,115.72,147.14,,,0,,,polygon,2,105.65 111.94;94.13 114.97;87.91 126.35;92.21 143.82;99.10 153.30;106.90 159.84;113.20 167.46;134.88 178.40;158.46 185.67;152.53 161.77;132.17 145.29;111.50 116.84,4,0
LS69_s02a_sc04,LS69,AF568,plates_final,plate_021,roi,POA,1,Vd/Vv/POA,0,62.48,60.38,,,0,,,polygon,2,78.64 62.17;75.42 71.37;72.24 77.50;55.00 83.16;47.52 80.21;38.82 59.84;45.13 50.68;52.62 45.24;58.47 41.75;65.00 42.34;76.11 50.28;84.72 60.04,5,0
LS69_s02a_sc04,LS69,AF568,plates_final,plate_021,roi,Dl,0,,0,39.86,193.29,,,0,,,polygon,2,26.16 162.07;17.17 193.77;23.15 206.20;31.58 219.90;26.63 228.84;40.46 244.72;58.15 233.39;63.42 219.65;59.66 198.73;55.05 177.69;53.92 162.49;52.70 153.46;25.49 149.59;24.53 155.63,6,0
LS37_s01a_sc10,LS37,AF568,plates_final,plate_016,background,__background__,0,,0,60.75,75.16,8.00,,0,,,disc,,,,
LS37_s01a_sc10,LS37,AF568,plates_final,plate_016,background,__background__,0,,0,60.75,103.54,8.00,,0,,,disc,,,,
LS37_s01a_sc10,LS37,AF568,plates_final,plate_016,background,__background__,0,,0,60.14,137.47,8.00,,0,,,disc,,,,
LS37_s01a_sc10,LS37,AF568,plates_final,plate_016,background,__background__,0,,0,217.46,93.05,8.00,,0,,,disc,,,,
LS37_s01a_sc10,LS37,AF568,plates_final,plate_016,roi,Dl,0,,0,28.00,102.05,,,0,,,polygon,1,6.46 70.84;6.46 93.05;16.95 103.54;19.42 120.81;24.35 133.15;42.24 152.28;47.80 133.77;41.63 114.03;41.63 95.52;42.86 78.86;29.29 64.05;16.95 64.67,1,0
LS37_s01a_sc10,LS37,AF568,plates_final,plate_016,roi,Dm,0,,0,89.97,101.58,,,0,,,polygon,1,97.77 62.20;84.20 62.82;78.03 75.78;78.64 94.90;76.79 117.73;74.33 125.75;80.50 142.41;97.15 136.24;107.02 121.43;108.87 100.45;106.41 77.63,2,0
LS37_s01a_sc10,LS37,AF568,plates_final,plate_016,roi,Vs,0,,0,84.33,161.81,,,0,,,polygon,1,88.52 169.55;74.33 173.87;69.39 160.30;71.86 156.60;82.35 152.89;88.52 151.66;94.07 156.60;95.30 166.47;94.68 168.32,3,0
LS37_s01a_sc10,LS37,AF568,plates_final,plate_016,roi,Vc,0,,0,50.97,182.60,,,0,,,polygon,1,52.73 197.93;36.69 181.27;36.69 177.57;51.50 173.25;57.05 172.64;60.75 178.19;61.37 197.31,4,0
LS37_s01a_sc10,LS37,AF568,plates_final,plate_016,roi,Dm,0,,0,138.92,117.30,,,0,,,polygon,2,112.58 136.85;110.73 147.34;121.83 146.72;132.94 141.79;142.19 130.68;146.51 120.81;167.48 107.86;177.97 91.20;173.04 81.94;155.76 88.11;130.47 98.60;120.60 106.01;113.81 126.98,5,0
LS37_s01a_sc10,LS37,AF568,plates_final,plate_016,roi,Vs,0,,0,113.81,166.41,,,0,,,polygon,2,107.02 173.87;98.39 167.08;97.15 161.53;103.94 159.06;110.11 158.45;119.98 157.83;123.68 160.30;125.53 166.47;124.92 172.64;122.45 175.72;118.75 177.57,6,0
LS37_s01a_sc10,LS37,AF568,plates_final,plate_016,roi,Vc,0,,0,131.70,179.42,,,0,,,polygon,2,133.55 195.46;123.68 196.08;116.89 178.19;121.21 175.10;124.30 170.17;129.23 167.70;134.17 167.70;141.57 174.49;142.19 176.95;144.04 181.27;137.87 190.53,7,0
LS37_s01a_sc10,LS37,AF568,plates_final,plate_016,roi,Dl,0,,0,192.74,139.79,,,0,,,polygon,2,185.38 150.43;178.59 146.11;169.95 141.79;161.32 146.72;153.29 150.43;151.44 141.17;155.76 128.22;168.72 123.28;187.23 121.43;203.88 123.90;223.01 128.22;239.67 122.05;246.45 122.66;235.97 151.04;218.69 160.30;203.88 162.77;193.40 155.98,8,0
LS22_s01a_sc08,LS22,AF568,plates_final,plate_011,background,__background__,0,,0,130.18,221.72,10.54,,0,,,disc,,,,
LS22_s01a_sc08,LS22,AF568,plates_final,plate_011,background,__background__,0,,0,106.25,203.41,4.82,,0,,,disc,,,,
LS22_s01a_sc08,LS22,AF568,plates_final,plate_011,background,__background__,0,,0,145.47,60.10,5.69,,0,,,disc,,,,
LS22_s01a_sc08,LS22,AF568,plates_final,plate_011,background,__background__,0,,0,182.29,96.67,3.95,,0,,,disc,,,,
LS22_s01a_sc08,LS22,AF568,plates_final,plate_011,roi,Dl,0,,0,161.48,41.27,,,0,,,polygon,1,205.09 54.28;197.40 44.86;190.53 39.32;180.35 30.72;171.27 25.44;157.77 19.32;146.47 17.06;124.97 13.11;116.92 23.56;118.56 28.54;123.50 35.18;131.20 41.83;139.73 46.83;149.37 49.63;160.40 52.44;163.70 54.11;177.20 60.23;186.29 62.75;189.87 63.87;198.99 62.25,1,0
LS22_s01a_sc08,LS22,AF568,plates_final,plate_011,roi,Dm,0,,0,143.61,106.53,,,0,,,polygon,1,126.61 82.37;136.02 77.44;147.88 77.22;159.72 83.89;161.06 93.55;160.47 101.55;161.56 104.86;162.36 112.87;159.00 123.62;153.75 127.18;146.02 127.43;139.12 127.40;132.50 126.82;126.72 124.59;122.33 116.84;122.39 104.43;123.79 98.92,2,0
LS22_s01a_sc08,LS22,AF568,plates_final,plate_011,roi,Vd,1,Vd/Vv/POA,0,107.32,78.00,,,0,,,polygon,1,112.80 86.45;118.90 78.48;122.81 68.01;113.73 61.35;102.66 70.96;99.89 72.33;95.16 81.69;95.40 90.80;104.50 91.94,3,0
LS22_s01a_sc08,LS22,AF568,plates_final,plate_011,roi,Vv,1,Vd/Vv/POA,0,63.50,102.41,,,0,,,polygon,1,83.19 109.51;85.19 91.86;84.11 85.79;84.98 74.48;81.41 70.60;66.27 63.64;49.12 72.95;47.45 77.63;44.90 92.25;39.34 104.64;37.35 118.15;41.19 122.86;47.23 130.06;52.20 129.80;66.27 129.31;74.83 127.41;77.33 123.83;80.66 118.60,4,0
LS22_s01a_sc08,LS22,AF568,plates_final,plate_011,roi,Vl,0,,0,78.04,43.48,,,0,,,polygon,1,85.44 29.78;90.40 32.28;91.76 37.81;89.74 58.22;86.15 58.48;78.71 58.17;72.64 57.87;69.62 52.89;66.06 46.26;64.42 42.66;65.84 34.39;74.41 28.36;79.38 28.10,5,0
LS22_s01a_sc08,LS22,AF568,plates_final,plate_011,roi,Dm,0,,0,115.98,152.86,,,0,,,polygon,2,151.73 147.59;144.04 139.56;129.71 133.70;126.40 134.79;112.59 137.50;105.41 139.40;91.33 141.27;87.43 151.74;87.96 156.16;94.55 163.63;102.26 168.91;104.46 170.02;109.97 171.42;121.83 172.58;136.77 163.53;149.22 153.93,6,0
LS22_s01a_sc08,LS22,AF568,plates_final,plate_011,roi,Vd,1,Vd/Vv/POA,0,80.71,137.21,,,0,,,polygon,2,69.00 136.21;78.70 126.60;91.42 119.20;92.77 127.48;92.19 134.10;83.84 152.00;77.50 149.49;73.65 147.55;67.32 142.28,7,0
LS22_s01a_sc08,LS22,AF568,plates_final,plate_011,roi,Vl,0,,0,54.17,148.82,,,0,,,polygon,2,53.83 136.15;59.34 138.93;64.01 141.99;70.59 152.22;68.37 156.63;59.80 159.91;53.46 160.16;50.70 160.14;44.64 157.08;38.06 146.85;39.74 140.79;47.49 135.02,8,0
LS22_s01a_sc08,LS22,AF568,plates_final,plate_011,roi,Dl,0,,0,82.03,225.82,,,0,,,polygon,2,114.64 244.28;116.07 230.49;112.80 221.93;103.16 217.75;97.08 218.83;83.07 205.53;77.84 202.19;68.47 198.84;56.33 198.24;53.55 203.75;52.97 210.37;55.70 217.28;59.25 228.05;64.71 241.87;75.43 252.12;83.68 257.68;98.30 258.84;103.55 256.65,9,0
LS87_s01a_sc01,LS87,AF568,plates_final,plate_013,background,__background__,0,,0,158.16,167.45,8.00,,0,,,disc,,,,
LS87_s01a_sc01,LS87,AF568,plates_final,plate_013,background,__background__,0,,0,165.94,212.27,8.00,,0,,,disc,,,,
LS87_s01a_sc01,LS87,AF568,plates_final,plate_013,background,__background__,0,,0,182.63,157.67,8.00,,0,,,disc,,,,
LS87_s01a_sc01,LS87,AF568,plates_final,plate_013,background,__background__,0,,0,218.23,106.05,8.00,,0,,,disc,,,,
LS87_s01a_sc01,LS87,AF568,plates_final,plate_013,background,__background__,0,,0,156.42,81.07,8.00,,0,,,disc,,,,
LS87_s01a_sc01,LS87,AF568,plates_final,plate_013,roi,Dl,0,,0,220.93,180.10,,,0,,,polygon,1,206.63 229.45;217.51 228.39;228.45 220.43;237.17 194.45;245.46 174.05;246.45 149.12;238.54 131.28;235.98 128.28;224.84 127.41;215.08 145.65;208.49 167.00;200.49 179.29;194.39 214.56;193.58 231.99,1,0
LS87_s01a_sc01,LS87,AF568,plates_final,plate_013,roi,Dm,0,,0,96.09,176.96,,,0,,,polygon,1,71.51 206.82;82.74 217.12;90.87 220.56;105.82 214.62;116.65 207.26;119.36 199.62;116.66 180.89;127.51 150.30;126.51 145.71;98.95 122.24;90.00 123.04;83.36 138.11;79.03 154.24;68.37 180.47;64.01 193.45,2,0
LS87_s01a_sc01,LS87,AF568,plates_final,plate_013,roi,Vd,1,Vd/Vv/POA,0,97.95,99.91,,,0,,,polygon,1,88.22 112.65;92.37 117.22;115.86 119.18;117.49 84.32;107.65 79.93;95.21 82.58;84.93 96.95;81.87 106.42,3,0
LS87_s01a_sc01,LS87,AF568,plates_final,plate_013,roi,Vv,1,Vd/Vv/POA,0,115.82,41.85,,,0,,,polygon,1,92.85 62.04;103.27 37.02;110.20 27.03;119.56 17.51;132.98 16.30;141.26 22.28;127.28 56.04;114.44 67.41;100.55 71.04,4,0
LS87_s01a_sc01,LS87,AF568,plates_final,plate_013,roi,Vl,0,,0,192.54,59.28,,,0,,,polygon,1,191.44 45.67;206.82 47.35;211.12 54.45;208.92 65.96;194.35 73.23;185.77 75.37;176.97 65.52;175.94 57.79;181.54 48.18,5,0
LS37_s01a_sc11,LS37,AF568,plates_final,plate_017,background,__background__,0,,0,221.78,73.92,8.00,,0,,,disc,,,,
LS37_s01a_sc11,LS37,AF568,plates_final,plate_017,background,__background__,0,,0,242.75,84.41,8.00,,0,,,disc,,,,
LS37_s01a_sc11,LS37,AF568,plates_final,plate_017,background,__background__,0,,0,152.68,149.81,8.00,,0,,,disc,,,,
LS37_s01a_sc11,LS37,AF568,plates_final,plate_017,background,__background__,0,,0,33.61,49.86,8.00,,0,,,disc,,,,
LS37_s01a_sc11,LS37,AF568,plates_final,plate_017,background,__background__,0,,0,46.56,68.37,8.00,,0,,,disc,,,,
LS37_s01a_sc11,LS37,AF568,plates_final,plate_017,background,__background__,0,,0,65.69,63.44,8.00,,0,,,disc,,,,
LS37_s01a_sc11,LS37,AF568,plates_final,plate_017,roi,Dl,0,,0,32.44,99.01,,,0,,,polygon,1,7.70 52.33;-0.33 74.54;2.76 98.60;3.99 106.62;23.12 117.73;29.29 128.22;42.86 139.32;51.50 139.94;62.60 126.37;63.22 122.66;56.43 113.41;50.88 106.62;47.80 95.52;47.18 88.73;39.78 81.33;26.20 79.48;15.10 57.27;13.86 53.57,1,0
LS37_s01a_sc11,LS37,AF568,plates_final,plate_017,roi,Vc,0,,0,72.81,176.56,,,0,,,polygon,1,73.09 188.06;66.92 186.83;61.99 181.89;58.90 172.64;58.90 167.08;68.77 164.62;75.56 162.77;84.20 165.23;86.05 181.89;86.05 184.98;80.50 186.21,2,0
LS37_s01a_sc11,LS37,AF568,plates_final,plate_017,roi,Dm,0,,0,93.31,97.84,,,0,,,polygon,1,105.17 132.53;90.98 139.94;83.58 135.00;86.66 106.01;87.90 99.22;74.94 78.24;79.26 62.82;85.43 56.03;90.98 57.88;100.24 72.69;105.79 100.45;111.96 106.62;110.11 124.51,3,0
LS37_s01a_sc11,LS37,AF568,plates_final,plate_017,roi,Vs,0,,0,95.37,158.72,,,0,,,polygon,1,97.15 168.32;87.90 169.55;83.58 165.85;79.88 154.13;80.50 151.04;94.68 146.72;112.58 149.81;113.81 152.28;108.26 170.79,4,0
LS37_s01a_sc11,LS37,AF568,plates_final,plate_017,roi,Dm,0,,0,140.99,109.90,,,0,,,polygon,2,119.98 136.24;123.06 120.81;128.62 109.09;130.47 99.22;126.77 83.80;142.19 74.54;150.83 70.84;168.10 77.01;172.42 90.58;157.61 101.07;145.89 104.15;144.04 122.66;145.89 133.77;137.25 143.64;134.17 145.49;128.62 145.49,5,0
LS37_s01a_sc11,LS37,AF568,plates_final,plate_017,roi,Vs,0,,0,125.29,161.59,,,0,,,polygon,2,131.08 170.17;121.21 172.02;113.81 170.17;114.43 165.85;115.66 160.91;120.60 154.74;124.30 152.28;128.62 151.04;139.72 154.13;143.42 164.62,6,0
LS37_s01a_sc11,LS37,AF568,plates_final,plate_017,roi,Vc,0,,0,153.50,176.89,,,0,,,polygon,2,155.76 189.29;139.11 188.06;139.72 180.04;144.66 168.32;150.21 163.38;158.23 165.85;165.02 171.40;165.63 181.89;163.17 183.74,7,0
LS37_s01a_sc11,LS37,AF568,plates_final,plate_017,roi,Dl,0,,0,209.24,122.93,,,0,,,polygon,2,192.78 139.32;179.82 138.70;166.25 135.62;165.63 126.37;176.74 116.49;187.84 116.49;195.25 118.34;207.59 113.41;216.84 108.47;228.56 104.15;239.67 101.07;248.92 101.07;250.77 112.79;243.37 139.94;233.50 149.19;214.37 145.49,8,0
LS22_s01a_sc10,LS22,AF568,plates_final,plate_013,background,__background__,0,,0,184.14,75.78,8.00,,0,,,disc,,,,
LS22_s01a_sc10,LS22,AF568,plates_final,plate_013,background,__background__,0,,0,79.88,75.16,8.00,,0,,,disc,,,,
LS22_s01a_sc10,LS22,AF568,plates_final,plate_013,background,__background__,0,,0,60.75,176.34,8.00,,0,,,disc,,,,
LS22_s01a_sc10,LS22,AF568,plates_final,plate_013,roi,Dl,0,,0,46.00,117.58,,,0,,,polygon,1,49.65 72.07;38.54 76.39;36.69 84.41;32.37 97.99;27.44 112.79;28.67 133.77;28.67 149.19;29.29 168.93;33.61 173.25;36.69 172.64;47.18 167.70;53.97 151.66;54.58 144.87;58.28 131.92;60.75 117.73;61.37 109.09;62.60 97.37;62.60 81.94;61.37 77.63;58.28 75.78;43.48 72.07,1,0
LS22_s01a_sc10,LS22,AF568,plates_final,plate_013,roi,Dm,0,,0,113.78,121.43,,,0,,,polygon,1,119.36 100.45;116.89 94.28;112.58 86.88;109.49 85.03;99.00 88.11;98.39 96.75;94.68 115.88;97.15 125.13;97.77 153.51;116.28 160.91;118.75 161.53;121.83 161.53;125.53 154.13;128.00 137.47;125.53 130.68;122.45 114.03;122.45 110.94;121.83 108.47,2,0
LS22_s01a_sc10,LS22,AF568,plates_final,plate_013,roi,Vd,1,Vd/Vv/POA,0,111.29,181.48,,,0,,,polygon,1,118.75 172.64;109.49 167.08;103.32 167.70;94.68 174.49;97.77 183.12;103.32 187.44;105.17 195.46;113.19 194.23;119.36 193.61;123.68 184.36;123.68 180.04;123.06 177.57,3,0
LS22_s01a_sc10,LS22,AF568,plates_final,plate_013,roi,Vv,1,Vd/Vv/POA,0,107.74,216.95,,,0,,,polygon,1,94.68 206.57;98.39 202.87;107.64 200.40;117.51 199.16;123.68 200.40;128.62 218.91;126.77 225.08;117.51 235.56;102.71 239.27;94.07 231.25;89.75 225.08;91.60 218.91,4,0
LS22_s01a_sc10,LS22,AF568,plates_final,plate_013,roi,Vl,0,,0,77.88,209.99,,,0,,,polygon,1,82.96 220.14;74.33 221.99;66.92 222.61;63.84 218.91;61.37 211.50;65.69 204.72;72.47 198.55;78.03 198.55;81.11 198.55;89.75 199.16;94.68 206.57;92.22 213.35;89.13 215.21,5,0
LS22_s01a_sc10,LS22,AF568,plates_final,plate_013,roi,Dm,0,,0,140.71,122.62,,,0,,,polygon,2,137.87 160.91;132.94 155.36;128.00 141.17;127.38 138.09;128.00 125.13;127.38 115.26;129.23 107.24;134.79 91.82;139.11 85.65;144.66 81.94;158.85 89.35;161.32 95.52;163.17 136.24;152.68 151.66;145.27 164.00,6,0
LS22_s01a_sc10,LS22,AF568,plates_final,plate_013,roi,Vd,1,Vd/Vv/POA,0,148.02,177.96,,,0,,,polygon,2,137.25 188.06;133.55 177.57;134.79 171.40;144.04 164.62;152.68 163.38;157.00 168.32;160.08 172.02;161.32 177.57;155.15 186.83;148.36 194.23;144.04 193.61,7,0
LS22_s01a_sc10,LS22,AF568,plates_final,plate_013,roi,Vv,1,Vd/Vv/POA,0,160.70,207.42,,,0,,,polygon,2,142.81 206.57;143.42 199.78;150.21 191.76;158.23 191.14;163.78 189.91;174.89 196.70;178.59 199.78;181.06 207.19;173.65 221.99;164.40 225.69;157.61 225.08;153.29 223.23;147.13 217.67,8,0
LS22_s01a_sc10,LS22,AF568,plates_final,plate_013,roi,Vl,0,,0,185.99,188.27,,,0,,,polygon,2,184.76 199.78;181.67 201.02;177.97 197.93;173.04 189.29;171.19 183.12;181.06 176.34;189.08 173.25;196.48 181.27;198.95 183.12;199.57 188.06;190.31 192.38;187.84 193.61,9,0
LS22_s01a_sc10,LS22,AF568,plates_final,plate_013,roi,Dl,0,,0,223.94,128.99,,,0,,,polygon,2,215.61 166.47;208.82 168.32;199.57 165.85;198.95 154.13;206.97 133.15;211.90 126.98;213.14 121.43;213.76 102.92;220.54 92.43;232.88 85.03;237.82 84.41;248.92 93.67;255.71 105.39;254.47 136.85;240.90 157.83;223.01 168.93,10,0
LS37_s03a_sc01,LS37,AF568,plates_final,plate_019,background,__background__,0,,0,126.11,34.74,8.00,,0,,,disc,,,,
LS37_s03a_sc01,LS37,AF568,plates_final,plate_019,background,__background__,0,,0,122.02,54.22,8.00,,0,,,disc,,,,
LS37_s03a_sc01,LS37,AF568,plates_final,plate_019,background,__background__,0,,0,92.95,197.54,8.00,,0,,,disc,,,,
LS37_s03a_sc01,LS37,AF568,plates_final,plate_019,background,__background__,0,,0,104.19,143.99,8.00,,0,,,disc,,,,
LS37_s03a_sc01,LS37,AF568,plates_final,plate_019,roi,Dl,0,,0,52.32,212.40,,,0,,,polygon,1,32.31 228.67;54.38 217.74;60.02 216.97;71.91 218.45;81.48 210.45;77.79 199.75;73.99 194.73;56.62 189.21;46.69 198.54;30.25 208.69;18.02 230.83;24.37 234.82,1,0
LS37_s03a_sc01,LS37,AF568,plates_final,plate_019,roi,Dm,0,,0,55.63,156.40,,,0,,,polygon,1,15.26 154.95;41.04 169.59;54.30 164.87;69.47 162.66;81.56 167.62;83.14 157.48;76.48 148.26;69.87 147.34;38.41 140.03;26.83 151.21,2,0
LS37_s03a_sc01,LS37,AF568,plates_final,plate_019,roi,Dm,0,,0,91.68,69.43,,,0,,,polygon,2,87.62 107.83;98.38 97.57;103.24 91.17;106.66 67.80;104.76 57.86;97.73 42.55;84.81 31.08;78.52 50.24;75.97 66.13;79.10 82.11,3,0
LS37_s03a_sc01,LS37,AF568,plates_final,plate_019,roi,Dl,0,,0,148.94,84.15,,,0,,,polygon,2,136.96 107.08;144.64 89.14;149.55 83.61;163.59 77.09;175.57 65.46;172.79 48.14;167.41 45.84;151.13 58.60;139.86 67.58;124.61 97.76;129.64 116.26;137.38 121.48;143.17 115.89,4,0
LS120_s01a_sc11,LS120,AF568,plates_final,plate_011,background,__background__,0,,0,47.42,133.73,8.00,,0,,,disc,,,,
LS120_s01a_sc11,LS120,AF568,plates_final,plate_011,background,__background__,0,,0,58.15,141.66,8.00,,0,,,disc,,,,
LS120_s01a_sc11,LS120,AF568,plates_final,plate_011,roi,Dl,0,,0,191.47,131.20,,,0,,,polygon,1,193.05 161.85;200.76 168.40;210.80 165.19;220.03 153.29;215.71 140.72;209.73 136.72;193.30 106.27;180.90 94.55;171.57 95.94;162.40 106.61;167.37 118.59;171.94 126.23,1,0
LS120_s01a_sc11,LS120,AF568,plates_final,plate_011,roi,Vv,1,Vd/Vv/POA,0,103.43,41.67,,,0,,,polygon,1,124.17 54.71;106.74 57.56;91.77 60.54;87.57 57.86;70.95 44.08;75.60 37.51;79.07 29.65;87.32 25.11;107.93 20.56;129.66 30.89;128.10 37.61;129.12 41.98;126.56 43.71,4,0
LS120_s01a_sc11,LS120,AF568,plates_final,plate_011,roi,Dm,0,,0,95.85,110.89,,,0,,,polygon,2,102.42 82.68;105.27 100.11;106.70 108.83;112.14 123.92;112.00 139.36;107.18 149.62;94.73 151.48;86.44 144.28;82.64 133.60;82.31 115.05;82.76 105.81;84.28 87.35;87.96 75.18;91.84 71.66;99.12 74.49,6,0
LS120_s01a_sc11,LS120,AF568,plates_final,plate_011,roi,Vd,1,Vd/Vv/POA,0,89.49,73.86,,,0,,,polygon,2,77.46 75.28;78.27 83.97;103.50 85.82;97.27 74.40;96.22 70.64;90.17 67.87;87.77 66.52;85.30 66.40,7,0
LS120_s01a_sc11,LS120,AF568,plates_final,plate_011,roi,Vl,0,,0,70.57,53.10,,,0,,,polygon,2,58.24 51.49;59.82 57.12;58.93 62.64;64.85 67.87;78.77 61.14;81.91 60.05;84.73 52.78;83.28 44.68;76.65 41.27;66.82 40.17;62.27 44.89,8,0
LS120_s01a_sc11,LS120,AF568,plates_final,plate_011,roi,Dl,0,,0,38.46,107.22,,,0,,,polygon,2,40.68 82.13;49.94 69.61;62.37 80.72;63.99 98.09;49.86 109.14;42.16 114.94;32.33 139.16;17.27 143.99;11.05 119.59;14.99 114.84,9,0
LS69_s02a_sc06,LS69,AF568,plates_final,plate_022,background,__background__,0,,0,110.20,72.18,8.00,,0,,,disc,,,,
LS69_s02a_sc06,LS69,AF568,plates_final,plate_022,background,__background__,0,,0,121.19,57.65,8.00,,0,,,disc,,,,
LS69_s02a_sc06,LS69,AF568,plates_final,plate_022,background,__background__,0,,0,101.03,50.78,8.00,,0,,,disc,,,,
LS69_s02a_sc06,LS69,AF568,plates_final,plate_022,background,__background__,0,,0,134.97,170.28,8.00,,0,,,disc,,,,
LS69_s02a_sc06,LS69,AF568,plates_final,plate_022,roi,Dl,0,,0,148.92,27.19,,,0,,,polygon,1,175.83 11.17;165.75 7.74;156.74 9.46;142.81 14.80;130.85 15.44;116.91 20.78;108.27 28.18;116.61 46.95;124.95 49.49;128.38 47.52;145.22 39.52;157.42 41.41;189.55 39.51;193.09 20.71;181.46 15.16,1,0
LS69_s02a_sc06,LS69,AF568,plates_final,plate_022,roi,Dm,0,,0,158.12,113.77,,,0,,,polygon,1,170.99 127.16;200.67 133.01;202.60 124.57;204.06 119.17;195.06 112.79;188.64 109.92;165.76 96.39;154.27 93.99;136.35 96.83;119.75 99.25;115.09 109.15;113.44 115.76;124.46 121.21;130.56 122.15;150.07 125.17,2,0
LS69_s02a_sc06,LS69,AF568,plates_final,plate_022,roi,POA,1,Vd/Vv/POA,0,63.52,89.46,,,0,,,polygon,1,44.71 83.89;44.72 75.78;56.73 70.77;76.05 75.01;85.93 95.89;81.09 107.00;68.75 110.09;50.14 97.22,3,0
LS69_s02a_sc06,LS69,AF568,plates_final,plate_022,roi,Dm,0,,0,158.31,145.75,,,0,,,polygon,2,189.83 142.57;182.38 138.29;163.85 132.93;149.92 130.15;137.12 128.16;122.77 124.07;116.33 137.43;128.05 150.48;148.02 158.57;160.30 167.96;174.99 165.86;186.95 165.22;197.56 153.13,4,0
LS69_s02a_sc06,LS69,AF568,plates_final,plate_022,roi,POA,1,Vd/Vv/POA,0,74.51,122.76,,,0,,,polygon,2,89.48 113.30;92.14 124.32;85.33 132.01;79.74 139.88;60.47 131.28;55.89 120.58;60.96 112.00;72.08 108.73,5,0
LS69_s02a_sc06,LS69,AF568,plates_final,plate_022,roi,Dl,0,,0,135.95,216.75,,,0,,,polygon,2,122.54 218.30;108.53 208.02;105.49 191.32;122.62 181.48;139.45 197.82;154.30 210.73;165.60 222.47;170.92 244.52;141.28 242.43;132.70 237.36;132.01 229.76,6,0
LS37_s03a_sc03,LS37,AF568,plates_final,plate_021,background,__background__,0,,0,105.35,92.85,8.00,,0,,,disc,,,,
LS37_s03a_sc03,LS37,AF568,plates_final,plate_021,background,__background__,0,,0,114.31,78.58,8.00,,0,,,disc,,,,
LS37_s03a_sc03,LS37,AF568,plates_final,plate_021,background,__background__,0,,0,101.70,33.07,8.00,,0,,,disc,,,,
LS37_s03a_sc03,LS37,AF568,plates_final,plate_021,background,__background__,0,,0,82.43,159.31,8.00,,0,,,disc,,,,
LS37_s03a_sc03,LS37,AF568,plates_final,plate_021,background,__background__,0,,0,111.46,165.47,8.00,,0,,,disc,,,,
LS37_s03a_sc03,LS37,AF568,plates_final,plate_021,roi,Dl,0,,0,59.38,212.42,,,0,,,polygon,1,61.89 222.39;56.11 227.77;44.88 240.45;41.74 240.61;37.94 232.57;41.07 215.57;48.21 201.03;55.30 195.22;76.01 190.17;77.23 190.35;80.80 191.50;81.71 202.24;69.10 211.60,1,0
LS37_s03a_sc03,LS37,AF568,plates_final,plate_021,roi,Dm,0,,0,46.00,158.45,,,0,,,polygon,1,65.82 149.38;67.29 168.93;42.77 170.29;26.36 171.61;28.07 160.02;33.34 153.93;48.46 148.68;55.89 144.79,2,0
LS37_s03a_sc03,LS37,AF568,plates_final,plate_021,roi,POA,1,Vd/Vv/POA,0,106.55,141.40,,,0,,,polygon,1,114.93 133.55;116.78 146.30;109.08 152.02;99.13 151.80;95.51 142.54;97.30 134.69;113.12 128.92,3,0
LS37_s03a_sc03,LS37,AF568,plates_final,plate_021,roi,Dm,0,,0,72.70,66.26,,,0,,,polygon,2,64.11 68.05;68.68 79.33;71.44 85.97;77.43 91.85;84.77 88.56;84.68 72.34;80.29 59.84;84.95 32.46;65.04 36.38;59.03 51.71;59.33 62.36,4,0
LS37_s03a_sc03,LS37,AF568,plates_final,plate_021,roi,POA,1,Vd/Vv/POA,0,111.07,123.78,,,0,,,polygon,2,121.75 129.57;123.37 118.59;121.56 113.95;109.63 110.32;105.60 112.22;99.35 125.02;98.07 137.92;109.21 142.69,5,0
LS37_s03a_sc03,LS37,AF568,plates_final,plate_021,roi,Dl,0,,0,130.64,46.64,,,0,,,polygon,2,134.54 64.11;136.50 55.04;144.38 48.10;151.79 31.73;144.44 18.17;133.81 14.11;129.36 14.70;124.64 33.96;112.10 47.07;113.51 62.87;117.92 71.01;121.23 73.99;134.06 71.52,6,0
LS22_s02a_sc02,LS22,AF568,plates_final,plate_018,background,__background__,0,,0,12.00,177.99,8.00,,0,,,disc,,,,
LS22_s02a_sc02,LS22,AF568,plates_final,plate_018,background,__background__,0,,0,163.16,192.49,8.00,,0,,,disc,,,,
LS22_s02a_sc02,LS22,AF568,plates_final,plate_018,background,__background__,0,,0,215.76,97.69,8.00,,0,,,disc,,,,
LS22_s02a_sc02,LS22,AF568,plates_final,plate_018,background,__background__,0,,0,144.91,97.07,8.00,,0,,,disc,,,,
LS22_s02a_sc02,LS22,AF568,plates_final,plate_018,roi,Dl,0,,0,69.31,212.52,,,0,,,polygon,1,19.57 211.97;32.28 231.41;63.47 239.13;85.71 229.87;104.49 231.80;115.67 216.54;115.46 206.79;109.81 197.93;95.93 196.86;81.63 203.42;68.97 204.67;32.38 199.80;24.98 200.74;19.99 204.36,1,0
LS22_s02a_sc02,LS22,AF568,plates_final,plate_018,roi,Dm,0,,0,115.76,151.58,,,0,,,polygon,1,85.46 136.79;77.14 149.07;89.36 163.83;112.17 171.54;126.28 165.57;144.47 167.33;152.47 158.18;152.57 153.69;134.80 144.31;128.22 146.80;113.12 143.41;94.99 135.22;93.81 134.85,2,0
LS22_s02a_sc02,LS22,AF568,plates_final,plate_018,roi,Dm,0,,0,130.14,128.66,,,0,,,polygon,2,124.96 140.62;97.35 135.95;85.53 121.96;91.26 115.98;127.36 116.18;131.04 114.73;156.58 113.60;163.86 125.54;163.29 144.09;149.63 144.38;140.61 142.24,3,0
LS22_s02a_sc02,LS22,AF568,plates_final,plate_018,roi,Dl,0,,0,174.41,57.94,,,0,,,polygon,2,207.77 71.32;203.03 86.64;193.54 90.16;173.46 82.01;174.61 72.03;163.84 60.95;154.59 57.44;145.93 54.11;138.65 42.17;140.84 35.10;157.13 30.46;171.01 31.52;185.28 41.75;198.15 50.26;208.38 63.11,4,0
LS120_s01a_sc14,LS120,AF568,plates_final,plate_016,background,__background__,0,,0,76.00,173.05,6.17,,0,,,disc,,,,
LS120_s01a_sc14,LS120,AF568,plates_final,plate_016,background,__background__,0,,0,97.79,161.21,6.17,,0,,,disc,,,,
LS120_s01a_sc14,LS120,AF568,plates_final,plate_016,background,__background__,0,,0,187.67,144.18,8.00,,0,,,disc,,,,
LS120_s01a_sc14,LS120,AF568,plates_final,plate_016,background,__background__,0,,0,215.38,143.23,8.00,,0,,,disc,,,,
LS120_s01a_sc14,LS120,AF568,plates_final,plate_016,roi,Dl,0,,0,206.13,99.61,,,0,,,polygon,1,237.45 127.27;240.92 116.44;231.83 107.54;219.95 103.17;214.87 100.62;198.00 79.60;186.84 76.93;181.15 79.32;180.43 90.33;182.82 96.02;186.53 98.48;212.79 119.56,1,0
LS120_s01a_sc14,LS120,AF568,plates_final,plate_016,roi,Dm,0,,0,150.40,116.81,,,0,,,polygon,1,158.75 154.99;164.23 160.05;173.78 149.34;168.59 127.44;161.95 114.83;152.26 98.16;147.00 85.65;130.19 80.67;122.58 91.23;124.67 105.74,2,0
LS120_s01a_sc14,LS120,AF568,plates_final,plate_016,roi,Vd,0,,0,124.57,74.66,,,0,,,polygon,1,115.56 76.11;119.05 86.02;123.33 88.24;135.18 84.59;137.71 71.49;135.41 64.42;118.35 58.87;111.97 67.58,3,0
LS120_s01a_sc14,LS120,AF568,plates_final,plate_016,roi,Vl,0,,0,146.96,48.52,,,0,,,polygon,1,137.51 40.78;153.44 34.09;159.78 42.80;156.30 53.63;151.57 58.30;143.70 60.27;137.93 51.32;135.45 47.00,4,0
LS120_s01a_sc14,LS120,AF568,plates_final,plate_016,roi,Vv,0,,0,95.08,47.99,,,0,,,polygon,1,107.37 53.45;118.38 54.18;119.95 38.80;108.82 31.43;103.77 24.18;99.04 28.85;93.88 35.70;95.47 41.06;93.61 52.55;86.75 47.39;75.78 41.97;64.70 50.64;69.06 64.20;77.71 67.26;86.53 67.56;100.90 63.53;114.58 53.10,5,0
LS120_s01a_sc14,LS120,AF568,plates_final,plate_016,roi,Dm,0,,0,122.37,135.43,,,0,,,polygon,2,119.43 113.97;125.58 125.44;137.73 138.40;143.79 151.24;142.77 158.36;139.42 163.12;129.84 165.81;117.79 151.47;110.25 139.91;100.15 125.42;103.29 115.40;107.31 109.03;113.51 103.07,6,0
LS120_s01a_sc14,LS120,AF568,plates_final,plate_016,roi,Vd,0,,0,95.07,86.81,,,0,,,polygon,2,105.47 82.36;110.19 90.41;108.54 94.45;101.39 98.13;87.29 98.03;78.71 85.58;81.11 78.54;87.37 75.91;95.54 77.83,7,0
LS120_s01a_sc14,LS120,AF568,plates_final,plate_016,roi,Vl,0,,0,70.13,74.71,,,0,,,polygon,2,60.97 73.62;64.60 64.74;73.46 60.34;81.27 67.77;81.47 73.04;77.01 86.29;67.40 93.68;54.87 78.20,8,0
LS120_s01a_sc14,LS120,AF568,plates_final,plate_016,roi,Dl,0,,0,61.24,153.21,,,0,,,polygon,2,52.06 120.87;54.93 114.98;61.82 115.43;67.05 119.92;73.27 134.71;72.18 151.23;69.59 173.73;72.97 189.72;63.98 200.19;51.27 187.46;51.01 178.87;44.80 151.36,9,0
LS136_s04a_sc03,LS136,AF568,plates_final,plate_039,background,__background__,0,,0,178.59,160.30,8.00,,0,,,disc,,,,
LS136_s04a_sc03,LS136,AF568,plates_final,plate_039,background,__background__,0,,0,154.53,150.43,2.00,,0,,,disc,,,,
LS136_s04a_sc03,LS136,AF568,plates_final,plate_039,background,__background__,0,,0,101.47,172.02,8.00,,0,,,disc,,,,
LS136_s04a_sc03,LS136,AF568,plates_final,plate_039,background,__background__,0,,0,82.96,168.93,8.00,,0,,,disc,,,,
LS136_s04a_sc03,LS136,AF568,plates_final,plate_039,roi,Nucleus Anterior tuberal,0,,0,135.91,180.21,,,0,,,polygon,1,112.58 178.81;126.15 170.79;151.44 166.47;161.93 169.55;163.78 172.02;157.61 186.83;144.04 184.36;133.55 185.59;130.47 189.91;109.49 192.38;103.94 185.59,1,0
LS136_s04a_sc03,LS136,AF568,plates_final,plate_039,roi,Nucleus Lateral tuberal,0,,0,136.12,201.38,,,0,,,polygon,1,110.73 201.63;116.28 195.46;128.62 188.06;147.74 183.12;161.32 183.12;165.63 194.23;152.06 211.50;141.57 207.19;137.25 199.16;135.40 226.31;120.60 216.44;116.28 210.27,2,0
LS37_s03a_sc05,LS37,AF568,plates_final,plate_023,background,__background__,0,,0,162.71,139.30,8.00,,0,,,disc,,,,
LS37_s03a_sc05,LS37,AF568,plates_final,plate_023,background,__background__,0,,0,107.70,193.32,8.00,,0,,,disc,,,,
LS37_s03a_sc05,LS37,AF568,plates_final,plate_023,background,__background__,0,,0,88.15,188.80,8.00,,0,,,disc,,,,
LS37_s03a_sc05,LS37,AF568,plates_final,plate_023,roi,Dl,0,,0,53.81,187.05,,,0,,,polygon,1,19.16 200.63;49.44 195.53;53.23 194.62;68.60 195.93;77.03 194.29;80.70 174.54;70.10 173.89;58.40 176.11;47.67 174.08;13.80 190.89,1,0
LS37_s03a_sc05,LS37,AF568,plates_final,plate_023,roi,Dm,0,,0,83.95,153.67,,,0,,,polygon,1,59.12 151.65;65.14 156.62;94.24 168.27;100.51 170.16;111.76 166.05;111.37 156.11;104.90 149.24;74.36 134.13;61.02 139.56;57.09 144.92,2,0
LS37_s03a_sc05,LS37,AF568,plates_final,plate_023,roi,POA,1,Vd/Vv/POA,0,135.11,165.49,,,0,,,polygon,1,129.16 156.63;134.46 151.14;142.50 145.38;150.74 144.60;159.44 151.53;155.84 163.24;144.39 174.03;137.20 174.16;129.09 187.96;125.36 186.65;119.48 177.23;118.69 174.81;120.98 166.83;124.19 162.65,3,0
LS37_s03a_sc05,LS37,AF568,plates_final,plate_023,roi,Dm,0,,0,161.33,96.15,,,0,,,polygon,2,146.43 122.56;151.85 112.62;143.88 98.69;152.84 85.09;158.86 72.60;164.15 67.11;174.55 62.79;179.98 70.31;170.49 90.06;180.24 113.80;161.66 128.32;151.00 129.89,4,0
LS37_s03a_sc05,LS37,AF568,plates_final,plate_023,roi,Dl,0,,0,222.61,110.60,,,0,,,polygon,2,211.36 126.36;205.35 121.39;209.47 109.36;218.95 95.43;229.09 88.37;241.65 74.70;250.87 104.59;237.39 114.46;213.78 137.22;208.22 134.14,5,0
LS22_s02a_sc03,LS22,AF568,plates_final,plate_019,background,__background__,0,,0,229.88,163.20,8.00,,0,,,disc,,,,
LS22_s02a_sc03,LS22,AF568,plates_final,plate_019,background,__background__,0,,0,31.75,135.36,8.00,,0,,,disc,,,,
LS22_s02a_sc03,LS22,AF568,plates_final,plate_019,background,__background__,0,,0,53.65,134.72,8.00,,0,,,disc,,,,
LS22_s02a_sc03,LS22,AF568,plates_final,plate_019,background,__background__,0,,0,125.50,66.92,8.00,,0,,,disc,,,,
LS22_s02a_sc03,LS22,AF568,plates_final,plate_019,background,__background__,0,,0,162.04,116.68,8.00,,0,,,disc,,,,
LS22_s02a_sc03,LS22,AF568,plates_final,plate_019,roi,Dl,0,,0,191.07,83.52,,,0,,,polygon,1,213.03 85.27;229.99 87.23;234.13 93.37;227.94 120.61;213.41 122.22;193.52 114.80;178.38 101.20;171.15 92.68;164.26 84.67;155.50 77.19;148.72 57.21;164.74 45.66;168.50 44.61;189.12 61.95;196.36 70.47;208.37 77.25,1,0
LS22_s02a_sc03,LS22,AF568,plates_final,plate_019,roi,Dm,0,,0,133.75,142.41,,,0,,,polygon,1,137.68 168.84;143.51 170.86;154.81 172.16;164.01 163.73;159.32 151.26;155.70 147.01;135.91 125.38;127.78 110.03;117.99 103.23;107.94 111.50;106.11 120.92;110.27 131.51;117.67 139.17;132.50 158.94;135.08 161.66,2,0
LS22_s02a_sc03,LS22,AF568,plates_final,plate_019,roi,Dm,0,,0,104.47,149.62,,,0,,,polygon,2,129.35 177.44;127.71 160.68;119.08 145.66;110.62 132.02;102.54 125.56;98.94 123.53;86.42 119.32;81.17 128.07;82.76 138.16;87.10 150.12;98.46 162.54;104.15 169.87;113.97 181.11;120.29 180.56,3,0
LS138_s01a_sc06,LS138,AF568,plates_final,plate_015,background,__background__,0,,0,124.40,104.88,8.00,,0,,,disc,,,,
LS138_s01a_sc06,LS138,AF568,plates_final,plate_015,background,__background__,0,,0,100.87,98.64,8.00,,0,,,disc,,,,
LS138_s01a_sc06,LS138,AF568,plates_final,plate_015,background,__background__,0,,0,190.11,173.31,8.00,,0,,,disc,,,,
LS138_s01a_sc06,LS138,AF568,plates_final,plate_015,background,__background__,0,,0,181.32,121.00,8.00,,0,,,disc,,,,
LS138_s01a_sc06,LS138,AF568,plates_final,plate_015,background,__background__,0,,0,16.00,70.99,8.00,,0,,,disc,,,,
LS138_s01a_sc06,LS138,AF568,plates_final,plate_015,roi,Dl,0,,0,129.69,17.43,,,0,,,polygon,1,150.21 5.74;161.73 14.82;151.91 28.03;134.25 28.40;119.59 28.05;99.45 23.29;100.47 16.33;115.27 8.66;134.34 3.53,1,0
LS138_s01a_sc06,LS138,AF568,plates_final,plate_015,roi,Dm,0,,0,121.12,51.42,,,0,,,polygon,1,140.48 52.66;146.02 47.68;135.14 40.23;119.60 38.82;88.55 52.87;98.62 60.63;119.40 67.02,2,0
LS138_s01a_sc06,LS138,AF568,plates_final,plate_015,roi,Vd,1,Vd/Vv/POA,0,78.91,51.83,,,0,,,polygon,1,74.85 54.96;83.57 58.10;87.32 55.69;86.71 49.37;84.13 47.57;70.28 46.90;65.48 50.19,3,0
LS138_s01a_sc06,LS138,AF568,plates_final,plate_015,roi,Vl,0,,0,71.37,36.70,,,0,,,polygon,1,74.94 30.09;79.25 27.93;76.99 37.72;71.91 46.27;66.26 43.80;62.83 36.24;67.45 34.89,4,0
LS138_s01a_sc06,LS138,AF568,plates_final,plate_015,roi,Vv,1,Vd/Vv/POA,0,50.85,69.98,,,0,,,polygon,1,52.94 48.08;64.14 56.34;67.22 67.78;53.98 84.22;52.44 97.01;43.39 93.05;35.12 82.71;39.49 60.38;48.94 40.27,5,0
LS138_s01a_sc06,LS138,AF568,plates_final,plate_015,roi,Dm,0,,0,118.86,73.74,,,0,,,polygon,2,114.39 76.94;125.77 83.26;143.78 79.01;147.87 72.72;139.25 66.26;102.44 59.61;96.93 70.67;96.41 76.49;102.87 78.65,6,0
LS138_s01a_sc06,LS138,AF568,plates_final,plate_015,roi,Vd,1,Vd/Vv/POA,0,83.16,73.17,,,0,,,polygon,2,78.10 64.46;86.93 64.28;90.96 67.38;88.07 86.32;78.46 82.12;76.41 74.49,7,0
LS138_s01a_sc06,LS138,AF568,plates_final,plate_015,roi,Vl,0,,0,46.39,96.96,,,0,,,polygon,2,40.18 100.40;44.60 105.70;50.25 108.17;60.99 102.09;48.89 81.99;41.90 85.67;37.95 94.72,8,0
LS138_s01a_sc06,LS138,AF568,plates_final,plate_015,roi,Dl,0,,0,97.85,127.70,,,0,,,polygon,2,60.82 125.58;60.22 119.26;97.77 113.45;120.10 117.81;131.40 122.75;123.75 140.28;108.42 143.01;80.33 139.49,9,0
LS37_s03a_sc06,LS37,AF568,plates_final,plate_024,background,__background__,0,,0,226.09,69.61,8.00,,0,,,disc,,,,
LS37_s03a_sc06,LS37,AF568,plates_final,plate_024,background,__background__,0,,0,159.46,104.15,8.00,,0,,,disc,,,,
LS37_s03a_sc06,LS37,AF568,plates_final,plate_024,background,__background__,0,,0,184.14,90.58,8.00,,0,,,disc,,,,
LS37_s03a_sc06,LS37,AF568,plates_final,plate_024,background,__background__,0,,0,82.96,111.56,8.00,,0,,,disc,,,,
LS37_s03a_sc06,LS37,AF568,plates_final,plate_024,background,__background__,0,,0,63.84,56.03,8.00,,0,,,disc,,,,
LS37_s03a_sc06,LS37,AF568,plates_final,plate_024,roi,Dl,0,,0,46.94,79.95,,,0,,,polygon,1,34.22 78.24;14.48 77.63;9.55 71.46;23.12 65.90;36.69 62.82;44.10 67.14;63.22 72.07;68.77 75.78;79.88 98.60;70.01 99.22;66.31 98.60;58.90 88.73;41.01 83.18,1,0
LS37_s03a_sc06,LS37,AF568,plates_final,plate_024,roi,Dm,0,,0,98.16,66.97,,,0,,,polygon,1,98.39 49.25;86.66 46.78;81.11 51.10;81.73 64.67;89.13 74.54;94.07 83.18;103.32 92.43;112.58 83.80;113.81 77.01;111.34 64.67;107.64 49.25,2,0
LS37_s03a_sc06,LS37,AF568,plates_final,plate_024,roi,POA,1,Vd/Vv/POA,0,111.28,132.60,,,0,,,polygon,1,113.81 110.32;91.60 124.51;90.37 137.47;89.75 148.58;100.85 147.96;112.58 138.09;116.89 142.41;133.55 138.70;138.49 124.51;124.92 113.41,3,0
LS37_s03a_sc06,LS37,AF568,plates_final,plate_024,roi,Dm,0,,0,161.86,72.69,,,0,,,polygon,2,168.72 59.12;178.59 53.57;189.08 62.20;173.04 82.56;160.70 91.20;139.11 92.43;138.49 79.48;147.74 70.84;161.32 62.82,4,0
LS37_s03a_sc06,LS37,AF568,plates_final,plate_024,roi,Dl,0,,0,215.21,100.73,,,0,,,polygon,2,206.35 94.28;214.37 85.03;235.97 83.18;248.30 86.26;252.62 102.30;223.01 114.64;210.05 114.64;202.03 114.64;188.46 112.79;189.08 104.77;197.10 95.52,5,0
LS22_s02a_sc05,LS22,AF568,plates_final,plate_020,background,__background__,0,,0,164.74,79.17,8.00,,0,,,disc,,,,
LS22_s02a_sc05,LS22,AF568,plates_final,plate_020,background,__background__,0,,0,139.56,89.17,8.00,,0,,,disc,,,,
LS22_s02a_sc05,LS22,AF568,plates_final,plate_020,background,__background__,0,,0,155.28,160.09,8.00,,0,,,disc,,,,
LS22_s02a_sc05,LS22,AF568,plates_final,plate_020,background,__background__,0,,0,43.37,191.59,8.00,,0,,,disc,,,,
LS22_s02a_sc05,LS22,AF568,plates_final,plate_020,roi,Dl,0,,0,100.37,200.34,,,0,,,polygon,1,59.02 220.71;76.18 226.99;80.73 225.79;104.59 216.22;114.06 207.01;124.63 202.96;134.80 193.24;139.11 185.14;140.06 170.32;128.53 172.36;113.12 183.80;94.68 190.43;74.07 194.87;64.44 200.93;57.48 214.25,1,0
LS22_s02a_sc05,LS22,AF568,plates_final,plate_020,roi,Dm,0,,0,119.35,138.20,,,0,,,polygon,1,95.85 127.62;82.18 139.94;89.73 147.92;112.38 155.00;134.66 147.69;139.64 147.80;150.37 130.06;139.38 128.43;133.10 128.75;116.26 128.76,2,0
LS22_s02a_sc05,LS22,AF568,plates_final,plate_020,roi,POA,1,Vd/Vv/POA,0,180.48,119.97,,,0,,,polygon,1,165.10 131.61;166.04 154.82;186.99 152.30;191.62 133.65;192.65 118.21;195.62 98.07;184.91 94.62;178.11 94.24;174.22 103.64;169.53 118.54,3,0
LS22_s02a_sc05,LS22,AF568,plates_final,plate_020,roi,Dm,0,,0,123.04,113.67,,,0,,,polygon,2,96.75 121.51;85.85 119.28;94.12 105.53;116.90 103.29;133.83 102.67;156.79 99.20;157.84 117.44;153.37 122.39;127.71 122.97;107.21 122.44,4,0
LS22_s02a_sc05,LS22,AF568,plates_final,plate_020,roi,Dl,0,,0,144.48,44.77,,,0,,,polygon,2,116.51 38.37;111.22 48.82;131.41 59.90;133.61 57.73;163.71 56.57;170.75 63.84;185.98 53.62;157.48 26.96;150.86 25.36;135.22 29.91;132.51 31.38,5,0
LS120_s01a_sc18,LS120,AF568,plates_final,plate_017,background,__background__,0,,0,185.40,43.89,8.00,,0,,,disc,,,,
LS120_s01a_sc18,LS120,AF568,plates_final,plate_017,background,__background__,0,,0,165.48,58.48,8.00,,0,,,disc,,,,
LS120_s01a_sc18,LS120,AF568,plates_final,plate_017,background,__background__,0,,0,152.24,74.76,8.00,,0,,,disc,,,,
LS120_s01a_sc18,LS120,AF568,plates_final,plate_017,background,__background__,0,,0,206.10,75.61,8.00,,0,,,disc,,,,
LS120_s01a_sc18,LS120,AF568,plates_final,plate_017,background,__background__,0,,0,204.81,141.32,8.00,,0,,,disc,,,,
LS120_s01a_sc18,LS120,AF568,plates_final,plate_017,background,__background__,0,,0,206.15,159.60,8.00,,0,,,disc,,,,
LS120_s01a_sc18,LS120,AF568,plates_final,plate_017,background,__background__,0,,0,47.20,127.53,8.00,,0,,,disc,,,,
LS120_s01a_sc18,LS120,AF568,plates_final,plate_017,background,__background__,0,,0,70.26,114.02,8.00,,0,,,disc,,,,
LS120_s01a_sc18,LS120,AF568,plates_final,plate_017,background,__background__,0,,0,56.07,153.12,8.00,,0,,,disc,,,,
LS120_s01a_sc18,LS120,AF568,plates_final,plate_017,roi,Dl,0,,0,64.39,190.77,,,0,,,polygon,1,33.67 169.64;30.46 185.62;36.20 192.20;40.48 191.01;64.60 203.67;77.44 205.79;84.93 206.55;88.88 206.70;97.94 199.04;90.74 190.38;81.72 186.67;67.29 180.73;42.73 161.97,1,0
LS120_s01a_sc18,LS120,AF568,plates_final,plate_017,roi,Vc,0,,0,149.33,235.94,,,0,,,polygon,1,157.42 240.60;151.84 248.01;142.75 243.42;138.04 232.83;141.07 226.49;155.06 226.34;159.11 233.91,2,0
LS120_s01a_sc18,LS120,AF568,plates_final,plate_017,roi,Dm,0,,0,125.52,151.69,,,0,,,polygon,1,153.92 169.12;159.57 180.51;148.11 185.29;135.41 179.22;119.49 158.96;108.15 147.54;102.40 128.72;101.21 124.43;104.84 120.23;122.09 122.90,3,0
LS120_s01a_sc18,LS120,AF568,plates_final,plate_017,roi,Vs,0,,0,160.78,191.85,,,0,,,polygon,1,172.60 203.18;164.29 209.04;148.11 203.23;143.95 188.22;150.55 176.80;163.26 177.18;170.86 185.37;172.64 191.80,4,0
LS120_s01a_sc18,LS120,AF568,plates_final,plate_017,roi,Dm,0,,0,151.76,127.24,,,0,,,polygon,2,133.78 91.42;129.60 100.04;133.36 115.51;139.07 127.78;151.92 147.83;165.38 164.34;169.81 159.20;173.20 145.83;166.19 121.85;155.30 98.59,5,0
LS120_s01a_sc18,LS120,AF568,plates_final,plate_017,roi,Vs,0,,0,180.92,171.95,,,0,,,polygon,2,179.85 158.90;175.63 160.96;171.79 168.24;174.23 177.69;176.55 185.39;187.39 184.16;193.50 178.02;188.41 162.21,6,0
LS120_s01a_sc18,LS120,AF568,plates_final,plate_017,roi,Vc,0,,0,203.10,187.94,,,0,,,polygon,2,208.96 197.88;194.84 196.29;188.65 189.31;196.64 179.10;197.85 177.70;215.96 185.99;218.83 189.28,7,0
LS120_s01a_sc18,LS120,AF568,plates_final,plate_017,roi,Dl,0,,0,223.34,86.99,,,0,,,polygon,2,225.11 131.96;213.70 143.29;203.87 122.58;206.81 103.12;216.48 73.98;220.64 53.11;225.60 31.31;240.86 30.63;247.66 75.62;232.70 104.28,8,0
LS45_s04a_sc06,LS45,AF568,plates_final,plate_038,background,__background__,0,,0,153.97,141.15,8.00,,0,,,disc,,,,
LS45_s04a_sc06,LS45,AF568,plates_final,plate_038,background,__background__,0,,0,101.72,133.83,8.00,,0,,,disc,,,,
LS45_s04a_sc06,LS45,AF568,plates_final,plate_038,background,__background__,0,,0,108.90,166.83,8.00,,0,,,disc,,,,
LS45_s04a_sc06,LS45,AF568,plates_final,plate_038,background,__background__,0,,0,34.89,143.89,8.00,,0,,,disc,,,,
LS45_s04a_sc06,LS45,AF568,plates_final,plate_038,background,__background__,0,,0,229.34,154.14,8.00,,0,,,disc,,,,
LS45_s04a_sc06,LS45,AF568,plates_final,plate_038,roi,Nucleus Anterior tuberal,0,,0,136.18,185.72,,,0,,,polygon,1,128.15 194.30;122.49 192.11;117.96 188.00;116.55 184.37;124.38 180.28;129.22 178.19;141.36 173.89;156.30 176.25;159.04 181.67;156.41 191.07;145.53 195.92;136.72 192.65,1,0
LS45_s04a_sc06,LS45,AF568,plates_final,plate_038,roi,Nucleus Lateral tuberal,0,,0,137.34,207.16,,,0,,,polygon,1,127.31 202.37;131.45 198.46;141.89 197.34;152.98 196.79;162.81 195.69;163.07 213.59;145.50 220.63;134.94 219.29;130.04 220.15;123.20 219.25;116.34 205.38;121.06 200.82;134.77 203.24,2,0
LS22_s02a_sc08,LS22,AF568,plates_final,plate_022,background,__background__,0,,0,118.57,182.35,8.00,,0,,,disc,,,,
LS22_s02a_sc08,LS22,AF568,plates_final,plate_022,background,__background__,0,,0,26.46,143.55,8.00,,0,,,disc,,,,
LS22_s02a_sc08,LS22,AF568,plates_final,plate_022,background,__background__,0,,0,103.18,75.74,8.00,,0,,,disc,,,,
LS22_s02a_sc08,LS22,AF568,plates_final,plate_022,background,__background__,0,,0,75.39,73.23,8.00,,0,,,disc,,,,
LS22_s02a_sc08,LS22,AF568,plates_final,plate_022,roi,Dl,0,,0,154.77,64.14,,,0,,,polygon,1,199.90 75.58;185.81 47.39;176.98 47.64;161.75 47.15;144.65 47.88;131.77 49.74;112.49 55.57;109.09 63.51;123.43 81.74;141.90 80.93;154.13 77.45;179.97 79.80;190.18 79.47,1,0
LS22_s02a_sc08,LS22,AF568,plates_final,plate_022,roi,Dm,0,,0,112.52,118.79,,,0,,,polygon,1,138.17 139.74;124.64 135.29;111.19 127.51;96.78 122.00;84.95 118.27;79.12 113.09;84.87 102.80;98.72 98.67;114.68 106.85;127.80 113.82;140.60 119.98;148.78 127.51,2,0
LS22_s02a_sc08,LS22,AF568,plates_final,plate_022,roi,POA,1,Vd/Vv/POA,0,43.42,84.70,,,0,,,polygon,1,30.19 80.04;33.18 74.61;45.50 67.80;55.79 68.86;57.08 81.49;55.22 92.11;48.74 94.70;41.04 100.13;36.18 97.37;31.32 89.92,3,0
LS22_s02a_sc08,LS22,AF568,plates_final,plate_022,roi,Dm,0,,0,96.63,141.60,,,0,,,polygon,2,124.07 158.54;120.59 146.30;113.95 136.74;86.08 123.46;77.58 119.81;72.80 132.53;74.82 138.77;86.97 148.00;98.96 154.49;110.46 157.40,4,0
LS22_s02a_sc08,LS22,AF568,plates_final,plate_022,roi,POA,1,Vd/Vv/POA,0,22.08,112.27,,,0,,,polygon,2,30.11 102.15;31.40 110.09;32.53 119.97;31.08 123.38;22.57 124.43;14.87 125.16;10.10 119.08;9.29 110.01;12.20 93.81;26.62 94.62,5,0
LS22_s02a_sc08,LS22,AF568,plates_final,plate_022,roi,Dl,0,,0,55.30,188.35,,,0,,,polygon,2,32.29 176.92;33.99 163.56;48.01 162.18;65.75 177.17;67.12 181.78;67.37 190.61;69.64 196.29;69.64 205.68;66.56 209.73;57.32 212.49;45.74 198.80;40.23 185.02,6,0
LS120_s02a_sc00,LS120,AF568,plates_final,plate_018,background,__background__,0,,0,210.47,36.66,8.00,,0,,,disc,,,,
LS120_s02a_sc00,LS120,AF568,plates_final,plate_018,background,__background__,0,,0,188.63,44.26,8.00,,0,,,disc,,,,
LS120_s02a_sc00,LS120,AF568,plates_final,plate_018,background,__background__,0,,0,165.53,72.89,8.00,,0,,,disc,,,,
LS120_s02a_sc00,LS120,AF568,plates_final,plate_018,background,__background__,0,,0,173.41,86.16,8.00,,0,,,disc,,,,
LS120_s02a_sc00,LS120,AF568,plates_final,plate_018,background,__background__,0,,0,77.34,154.94,8.00,,0,,,disc,,,,
LS120_s02a_sc00,LS120,AF568,plates_final,plate_018,background,__background__,0,,0,52.02,157.40,8.00,,0,,,disc,,,,
LS120_s02a_sc00,LS120,AF568,plates_final,plate_018,background,__background__,0,,0,70.26,123.69,8.00,,0,,,disc,,,,
LS120_s02a_sc00,LS120,AF568,plates_final,plate_018,roi,Dl,0,,0,63.66,201.75,,,0,,,polygon,1,19.62 197.36;16.50 177.31;34.63 174.52;59.80 184.76;81.29 192.08;111.13 218.73;110.76 224.53;93.97 225.90;69.59 214.54;39.28 207.78,1,0
LS120_s02a_sc00,LS120,AF568,plates_final,plate_018,roi,Dm,0,,0,127.78,151.72,,,0,,,polygon,1,108.92 123.84;103.61 121.80;103.58 155.48;119.44 167.94;131.79 183.01;157.87 187.14;162.36 172.09;151.34 155.60;122.59 128.37;116.31 121.94,2,0
LS120_s02a_sc00,LS120,AF568,plates_final,plate_018,roi,Dm,0,,0,162.58,129.96,,,0,,,polygon,2,144.13 94.27;138.38 104.40;143.25 118.59;164.55 137.24;160.20 156.42;172.92 165.68;180.22 161.03;184.04 142.13;177.52 119.71;160.60 100.10,3,0
LS120_s02a_sc00,LS120,AF568,plates_final,plate_018,roi,Dl,0,,0,226.65,97.43,,,0,,,polygon,2,236.58 59.01;224.76 60.50;220.49 82.44;215.49 90.06;211.43 109.79;220.68 139.85;232.21 137.83;239.93 111.91;238.26 85.46,4,0
LS136_s02a_sc01,LS136,AF568,plates_final,plate_021,background,__background__,0,,0,194.70,131.67,8.00,,0,,,disc,,,,
LS136_s02a_sc01,LS136,AF568,plates_final,plate_021,background,__background__,0,,0,180.50,160.35,2.00,,0,,,disc,,,,
LS136_s02a_sc01,LS136,AF568,plates_final,plate_021,background,__background__,0,,0,123.31,125.76,8.00,,0,,,disc,,,,
LS136_s02a_sc01,LS136,AF568,plates_final,plate_021,background,__background__,0,,0,124.42,151.40,8.00,,0,,,disc,,,,
LS136_s02a_sc01,LS136,AF568,plates_final,plate_021,roi,Dl,0,,0,100.04,120.19,,,0,,,polygon,1,109.64 101.02;107.27 100.10;98.39 101.47;89.72 120.89;90.62 133.45;90.23 141.48;97.88 139.96;104.63 130.86;111.92 112.51,1,0
LS136_s02a_sc01,LS136,AF568,plates_final,plate_021,roi,Dm,0,,0,145.02,136.76,,,0,,,polygon,1,149.44 155.18;154.29 131.54;156.38 115.01;144.97 121.66;138.76 131.44;136.29 146.05;134.98 156.46,2,0
LS136_s02a_sc01,LS136,AF568,plates_final,plate_021,roi,Dm,0,,0,167.88,141.06,,,0,,,polygon,2,180.93 127.44;178.71 125.30;167.08 128.80;158.95 138.97;153.35 153.81;153.04 156.25;162.67 158.72;174.86 145.95;181.30 134.33,4,0
LS136_s02a_sc01,LS136,AF568,plates_final,plate_021,roi,Dl,0,,0,212.68,147.97,,,0,,,polygon,2,195.88 161.67;194.74 155.93;202.95 140.17;220.40 134.92;227.75 135.84;231.95 141.97;228.72 152.76;209.44 152.81;202.24 155.63,6,0
LS87_s04a_sc04,LS87,AF568,plates_final,plate_038,background,__background__,0,,0,166.25,125.13,8.00,,0,,,disc,,,,
LS87_s04a_sc04,LS87,AF568,plates_final,plate_038,background,__background__,0,,0,152.06,151.66,8.00,,0,,,disc,,,,
LS87_s04a_sc04,LS87,AF568,plates_final,plate_038,background,__background__,0,,0,109.49,154.74,8.00,,0,,,disc,,,,
LS87_s04a_sc04,LS87,AF568,plates_final,plate_038,background,__background__,0,,0,108.26,127.60,8.00,,0,,,disc,,,,
LS87_s04a_sc04,LS87,AF568,plates_final,plate_038,roi,Nucleus Anterior tuberal,0,,0,135.18,194.51,,,0,,,polygon,1,110.11 184.36;128.62 184.36;142.19 185.59;148.98 187.44;152.68 191.14;158.85 197.93;154.53 202.25;136.02 203.48;127.38 202.87;116.28 202.25;111.34 197.93,1,4
LS87_s04a_sc04,LS87,AF568,plates_final,plate_038,roi,Nucleus Lateral tuberal,0,,0,127.44,220.93,,,0,,,polygon,1,105.79 217.06;112.58 212.74;132.32 207.80;137.25 207.19;141.57 209.65;152.06 223.23;147.13 231.86;136.02 233.10;122.45 229.40;110.11 231.86;104.56 226.31,2,4
LS105_s05a_sc06,LS105,AF568,plates_final,plate_039,background,__background__,0,,0,161.93,156.60,8.00,,0,,,disc,,,,
LS105_s05a_sc06,LS105,AF568,plates_final,plate_039,background,__background__,0,,0,190.31,144.26,8.00,,0,,,disc,,,,
LS105_s05a_sc06,LS105,AF568,plates_final,plate_039,background,__background__,0,,0,175.50,126.98,8.00,,0,,,disc,,,,
LS105_s05a_sc06,LS105,AF568,plates_final,plate_039,background,__background__,0,,0,91.60,168.32,8.00,,0,,,disc,,,,
LS105_s05a_sc06,LS105,AF568,plates_final,plate_039,roi,Nucleus Anterior tuberal,0,,0,137.31,185.49,,,0,,,polygon,1,108.26 186.21;109.49 183.12;122.45 181.89;143.42 176.34;161.32 172.02;166.25 172.02;173.65 188.06;157.00 189.91;145.27 193.00;135.40 197.93;116.28 198.55;108.87 186.83,1,0
LS105_s05a_sc06,LS105,AF568,plates_final,plate_039,roi,Nucleus Lateral tuberal,0,,0,145.27,207.23,,,0,,,polygon,1,116.28 213.97;116.28 209.65;138.49 196.08;146.51 194.23;167.48 189.29;180.44 192.38;177.97 207.19;169.34 209.65;162.55 202.25;155.76 199.16;144.04 204.72;128.00 215.82;131.70 219.52;126.77 231.25;117.51 223.23,2,0
LS120_s02a_sc01,LS120,AF568,plates_final,plate_018,background,__background__,0,,0,216.53,139.07,8.00,,0,,,disc,,,,
LS120_s02a_sc01,LS120,AF568,plates_final,plate_018,background,__background__,0,,0,198.50,133.76,8.00,,0,,,disc,,,,
LS120_s02a_sc01,LS120,AF568,plates_final,plate_018,background,__background__,0,,0,176.15,133.68,8.00,,0,,,disc,,,,
LS120_s02a_sc01,LS120,AF568,plates_final,plate_018,background,__background__,0,,0,87.94,76.73,8.00,,0,,,disc,,,,
LS120_s02a_sc01,LS120,AF568,plates_final,plate_018,background,__background__,0,,0,65.10,71.44,8.00,,0,,,disc,,,,
LS120_s02a_sc01,LS120,AF568,plates_final,plate_018,background,__background__,0,,0,68.72,91.25,8.00,,0,,,disc,,,,
LS120_s02a_sc01,LS120,AF568,plates_final,plate_018,background,__background__,0,,0,47.68,81.85,8.00,,0,,,disc,,,,
LS120_s02a_sc01,LS120,AF568,plates_final,plate_018,roi,Dl,0,,0,23.06,99.56,,,0,,,polygon,1,34.91 90.50;20.30 70.41;5.77 69.60;-6.32 90.02;5.38 116.52;27.79 131.05;37.74 129.67;40.96 103.52;41.01 94.75,1,0
LS120_s02a_sc01,LS120,AF568,plates_final,plate_018,roi,Dm,0,,0,95.92,132.79,,,0,,,polygon,1,121.19 117.84;113.09 106.34;105.98 105.26;85.35 123.42;76.86 135.62;73.44 150.40;83.52 164.35;95.35 159.72;108.52 132.19,2,0
LS120_s02a_sc01,LS120,AF568,plates_final,plate_018,roi,Dm,0,,0,135.52,145.63,,,0,,,polygon,2,149.09 120.90;130.47 127.92;122.39 144.46;122.41 149.28;111.02 167.88;115.23 175.37;136.15 169.45;152.04 152.17;161.22 133.34;155.15 115.51,3,0
LS120_s02a_sc01,LS120,AF568,plates_final,plate_018,roi,Dl,0,,0,198.80,189.73,,,0,,,polygon,2,240.61 180.61;232.84 172.58;211.88 164.04;181.94 185.72;172.24 189.70;157.03 200.34;164.72 207.50;187.86 206.63;214.21 198.00;224.62 192.20,4,0
LS69_s01a_sc02,LS69,AF568,plates_final,plate_009,background,__background__,0,,0,182.77,85.95,8.00,,0,,,disc,,,,
LS69_s01a_sc02,LS69,AF568,plates_final,plate_009,background,__background__,0,,0,195.94,106.02,8.00,,0,,,disc,,,,
LS69_s01a_sc02,LS69,AF568,plates_final,plate_009,background,__background__,0,,0,201.09,129.91,8.00,,0,,,disc,,,,
LS69_s01a_sc02,LS69,AF568,plates_final,plate_009,background,__background__,0,,0,143.27,185.94,8.00,,0,,,disc,,,,
LS69_s01a_sc02,LS69,AF568,plates_final,plate_009,background,__background__,0,,0,155.94,104.44,8.00,,0,,,disc,,,,
LS69_s01a_sc02,LS69,AF568,plates_final,plate_009,background,__background__,0,,0,100.15,166.70,8.00,,0,,,disc,,,,
LS69_s01a_sc02,LS69,AF568,plates_final,plate_009,roi,Dl,0,,0,28.88,180.24,,,0,,,polygon,1,7.17 174.48;15.06 194.99;22.28 205.76;25.14 204.59;39.74 205.39;56.59 213.28;72.74 200.64;49.63 183.99;33.94 175.36;28.92 157.28;25.07 145.65;13.63 139.55;7.54 154.59;6.83 167.82,1,0
LS69_s01a_sc02,LS69,AF568,plates_final,plate_009,roi,Dm,0,,0,88.92,142.38,,,0,,,polygon,1,61.96 129.57;64.44 148.29;66.27 157.28;95.15 155.82;113.89 160.53;126.76 147.37;116.15 137.46;103.67 137.91;88.00 136.48;73.90 125.20;67.99 130.29,2,0
LS69_s01a_sc02,LS69,AF568,plates_final,plate_009,roi,Dm,0,,0,101.98,101.15,,,0,,,polygon,2,77.21 99.16;98.41 111.80;102.00 111.79;119.18 122.74;125.01 126.22;130.39 120.80;135.56 118.14;135.13 112.85;106.70 89.45;96.43 86.20;83.59 72.80;74.27 71.55;69.96 81.19;73.91 91.45,3,0
LS69_s01a_sc02,LS69,AF568,plates_final,plate_009,roi,Dl,0,,0,139.07,56.83,,,0,,,polygon,2,113.01 37.90;105.42 47.02;108.51 53.89;129.28 68.43;138.71 71.90;158.73 78.08;169.18 71.39;172.11 58.05;165.00 53.09;146.58 47.86;123.27 37.55,4,0
LS120_s02a_sc03,LS120,AF568,plates_final,plate_020,background,__background__,0,,0,136.35,93.37,8.00,,0,,,disc,,,,
LS120_s02a_sc03,LS120,AF568,plates_final,plate_020,background,__background__,0,,0,190.29,215.78,8.00,,0,,,disc,,,,
LS120_s02a_sc03,LS120,AF568,plates_final,plate_020,background,__background__,0,,0,168.24,206.77,8.00,,0,,,disc,,,,
LS120_s02a_sc03,LS120,AF568,plates_final,plate_020,background,__background__,0,,0,203.90,182.29,8.00,,0,,,disc,,,,
LS120_s02a_sc03,LS120,AF568,plates_final,plate_020,background,__background__,0,,0,137.85,200.65,8.00,,0,,,disc,,,,
LS120_s02a_sc03,LS120,AF568,plates_final,plate_020,background,__background__,0,,0,117.22,99.91,8.00,,0,,,disc,,,,
LS120_s02a_sc03,LS120,AF568,plates_final,plate_020,background,__background__,0,,0,68.01,121.06,8.00,,0,,,disc,,,,
LS120_s02a_sc03,LS120,AF568,plates_final,plate_020,background,__background__,0,,0,48.78,129.81,8.00,,0,,,disc,,,,
LS120_s02a_sc03,LS120,AF568,plates_final,plate_020,roi,Dl,0,,0,53.01,69.88,,,0,,,polygon,1,39.20 62.77;44.85 47.09;55.50 38.47;67.34 37.79;75.22 49.61;73.20 72.47;63.11 87.96;53.94 97.84;46.44 100.94;35.19 91.88;29.12 81.86,1,0
LS120_s02a_sc03,LS120,AF568,plates_final,plate_020,roi,Dm,0,,0,101.09,141.27,,,0,,,polygon,1,129.75 134.88;135.95 126.07;131.80 119.21;100.40 124.52;74.51 132.99;64.75 152.60;60.97 160.66;79.81 160.79;101.07 160.18;131.89 140.79,2,0
LS120_s02a_sc03,LS120,AF568,plates_final,plate_020,roi,Dm,0,,0,130.14,174.18,,,0,,,polygon,2,167.24 170.59;173.03 163.48;163.05 152.94;145.99 147.40;124.05 163.57;111.92 174.52;94.81 182.00;95.91 192.15;99.53 195.73;109.98 191.56;146.02 182.00,4,0
LS45_s05a_sc01,LS45,AF568,plates_final,plate_041,background,__background__,0,,0,134.92,74.73,8.00,,0,,,disc,,,,
LS45_s05a_sc01,LS45,AF568,plates_final,plate_041,background,__background__,0,,0,124.08,98.53,11.34,,0,,,disc,,,,
LS45_s05a_sc01,LS45,AF568,plates_final,plate_041,background,__background__,0,,0,130.34,138.74,8.00,,0,,,disc,,,,
LS45_s05a_sc01,LS45,AF568,plates_final,plate_041,background,__background__,0,,0,123.68,191.42,8.00,,0,,,disc,,,,
LS45_s05a_sc01,LS45,AF568,plates_final,plate_041,roi,Migrated posterior tuberal nucleus,0,,0,155.69,127.15,,,0,,,polygon,1,160.50 134.06;160.44 141.48;153.63 148.30;146.26 134.00;146.09 129.03;148.66 114.39;157.26 108.36;164.02 108.98;164.35 125.73,1,0
LS45_s05a_sc01,LS45,AF568,plates_final,plate_041,roi,Nucleus Anterior tuberal,0,,0,175.26,152.23,,,0,,,polygon,1,179.21 153.10;178.37 162.32;167.81 162.60;167.81 148.97;178.37 141.88;179.99 144.50,2,0
LS45_s05a_sc01,LS45,AF568,plates_final,plate_041,roi,Nucleus Lateral tuberal,0,,0,188.90,128.30,,,0,,,polygon,1,193.40 140.15;194.07 146.40;187.09 148.25;180.05 143.89;177.48 131.26;179.55 122.16;182.06 114.95;188.71 109.98;196.36 107.58;200.49 116.63;198.65 130.09,3,0
LS45_s05a_sc01,LS45,AF568,plates_final,plate_041,roi,Nucleus Anterior tuberal,0,,0,179.72,101.39,,,0,,,polygon,2,185.53 104.12;185.97 99.20;185.02 89.21;175.36 86.47;172.57 89.93;169.66 101.44;174.35 111.16;182.56 116.24;186.42 114.73,4,0
LS138_s01a_sc08,LS138,AF568,plates_final,plate_017,background,__background__,0,,0,64.05,68.79,8.00,,0,,,disc,,,,
LS138_s01a_sc08,LS138,AF568,plates_final,plate_017,background,__background__,0,,0,108.73,25.24,8.00,,0,,,disc,,,,
LS138_s01a_sc08,LS138,AF568,plates_final,plate_017,background,__background__,0,,0,131.41,24.77,8.00,,0,,,disc,,,,
LS138_s01a_sc08,LS138,AF568,plates_final,plate_017,background,__background__,0,,0,161.32,36.37,8.00,,0,,,disc,,,,
LS138_s01a_sc08,LS138,AF568,plates_final,plate_017,roi,Dl,0,,0,147.80,12.00,,,0,,,polygon,1,167.12 21.42;167.61 23.59;168.58 7.42;160.08 5.45;147.02 5.02;131.52 2.31;125.68 2.03;126.32 8.90;132.33 13.88;139.46 15.98;160.07 25.96,1,0
LS138_s01a_sc08,LS138,AF568,plates_final,plate_017,roi,Dm,0,,0,125.83,47.69,,,0,,,polygon,1,123.97 57.62;139.72 63.06;150.77 56.76;153.45 49.86;142.80 39.77;125.80 35.83;111.14 36.10;101.43 38.95;101.05 46.74;108.21 52.17,3,0
LS138_s01a_sc08,LS138,AF568,plates_final,plate_017,roi,Dm,0,,0,118.47,68.94,,,0,,,polygon,2,123.89 83.39;137.22 86.58;145.06 69.77;133.08 63.13;129.63 61.80;124.39 65.06;110.49 61.65;102.79 59.33;97.17 58.47;95.86 65.24;103.50 72.84;118.59 80.01,5,0
LS138_s01a_sc08,LS138,AF568,plates_final,plate_017,roi,Dl,0,,0,94.57,114.64,,,0,,,polygon,2,73.88 99.73;77.70 113.78;84.45 123.68;102.31 133.92;112.44 138.51;119.78 128.12;114.41 118.09;102.61 107.56;85.28 94.23;72.85 88.74,8,0
LS120_s02a_sc07,LS120,AF568,plates_final,plate_022,background,__background__,0,,0,85.08,76.44,8.00,,0,,,disc,,,,
LS120_s02a_sc07,LS120,AF568,plates_final,plate_022,background,__background__,0,,0,144.79,103.89,8.00,,0,,,disc,,,,
LS120_s02a_sc07,LS120,AF568,plates_final,plate_022,background,__background__,0,,0,174.52,150.17,8.00,,0,,,disc,,,,
LS120_s02a_sc07,LS120,AF568,plates_final,plate_022,background,__background__,0,,0,81.57,174.02,8.00,,0,,,disc,,,,
LS120_s02a_sc07,LS120,AF568,plates_final,plate_022,roi,Dl,0,,0,108.01,197.58,,,0,,,polygon,1,78.27 195.23;79.10 203.85;106.90 205.40;111.06 207.83;125.57 208.50;132.65 202.30;131.11 193.17;127.24 188.82;106.45 187.96;81.79 182.74,1,0
LS120_s02a_sc07,LS120,AF568,plates_final,plate_022,roi,Dm,0,,0,119.16,142.89,,,0,,,polygon,1,88.78 139.01;84.24 145.41;95.11 154.21;125.23 154.75;135.16 150.57;151.37 142.82;151.77 137.75;131.17 134.35;123.66 134.36;105.11 135.63,2,0
LS120_s02a_sc07,LS120,AF568,plates_final,plate_022,roi,POA,1,Vd/Vv/POA,0,191.90,131.40,,,0,,,polygon,1,199.85 140.88;188.60 144.66;180.25 128.55;185.92 125.09;191.39 124.16;197.48 126.88;199.82 129.62,3,0
LS120_s02a_sc07,LS120,AF568,plates_final,plate_022,roi,Dm,0,,0,109.78,121.82,,,0,,,polygon,2,135.11 128.05;140.58 123.37;139.14 118.61;116.82 112.37;101.30 113.12;84.26 112.25;76.05 115.51;82.27 130.10;99.42 131.58;122.85 133.25,4,0
LS120_s02a_sc07,LS120,AF568,plates_final,plate_022,roi,POA,1,Vd/Vv/POA,0,185.89,113.29,,,0,,,polygon,2,180.02 119.83;176.06 118.62;174.62 110.10;184.45 105.31;194.59 106.10;199.68 114.00;191.79 119.09,5,0
LS120_s02a_sc07,LS120,AF568,plates_final,plate_022,roi,Dl,0,,0,122.56,67.06,,,0,,,polygon,2,140.16 76.51;141.49 80.67;121.82 82.74;109.51 69.18;106.84 57.12;110.28 51.53;127.83 51.69,6,0
LS120_s02a_sc08,LS120,AF568,plates_final,plate_023,background,__background__,0,,0,203.65,107.43,8.00,,0,,,disc,,,,
LS120_s02a_sc08,LS120,AF568,plates_final,plate_023,background,__background__,0,,0,197.45,137.04,2.00,,0,,,disc,,,,
LS120_s02a_sc08,LS120,AF568,plates_final,plate_023,background,__background__,0,,0,160.79,169.82,8.00,,0,,,disc,,,,
LS120_s02a_sc08,LS120,AF568,plates_final,plate_023,background,__background__,0,,0,92.91,160.47,8.00,,0,,,disc,,,,
LS120_s02a_sc08,LS120,AF568,plates_final,plate_023,background,__background__,0,,0,143.20,193.28,8.00,,0,,,disc,,,,
LS120_s02a_sc08,LS120,AF568,plates_final,plate_023,roi,Dl,0,,0,85.81,72.71,,,0,,,polygon,1,105.93 46.88;98.18 39.18;85.25 46.22;75.73 67.72;68.01 84.59;61.00 105.34;88.71 102.09;93.20 91.19;96.32 71.14,1,0
LS120_s02a_sc08,LS120,AF568,plates_final,plate_023,roi,Dm,0,,0,130.80,121.13,,,0,,,polygon,1,149.48 92.17;149.17 101.82;135.00 130.63;128.63 139.81;122.22 150.37;117.45 152.70;110.16 138.94;111.28 121.31;135.47 98.62;149.16 84.98,2,0
LS120_s02a_sc08,LS120,AF568,plates_final,plate_023,roi,POA,1,Vd/Vv/POA,0,96.16,203.04,,,0,,,polygon,1,74.89 188.60;83.64 182.81;94.78 188.14;115.38 191.56;118.63 193.32;122.40 213.59;104.80 220.20;100.91 220.91;87.43 210.81;83.93 208.22;71.00 215.25,3,0
LS120_s02a_sc08,LS120,AF568,plates_final,plate_023,roi,Dm,0,,0,162.52,124.54,,,0,,,polygon,2,134.38 149.93;141.64 155.96;155.31 151.43;173.27 133.78;187.50 120.44;192.97 96.04;174.86 84.15;158.82 102.13;143.94 127.05,4,0
LS120_s02a_sc08,LS120,AF568,plates_final,plate_023,roi,Dl,0,,0,201.72,184.83,,,0,,,polygon,2,181.50 204.16;202.16 197.10;219.79 198.21;232.10 184.53;241.35 171.30;240.24 162.98;223.53 158.86;203.17 165.38;192.55 169.46;179.74 181.47;168.18 197.66;165.50 203.93;172.55 207.74,5,0
LS87_s04a_sc08,LS87,AF568,plates_final,plate_040,background,__background__,0,,0,158.23,125.75,8.00,,0,,,disc,,,,
LS87_s04a_sc08,LS87,AF568,plates_final,plate_040,background,__background__,0,,0,145.89,144.87,8.00,,0,,,disc,,,,
LS87_s04a_sc08,LS87,AF568,plates_final,plate_040,background,__background__,0,,0,105.17,147.34,8.00,,0,,,disc,,,,
LS87_s04a_sc08,LS87,AF568,plates_final,plate_040,background,__background__,0,,0,47.18,178.19,8.00,,0,,,disc,,,,
LS87_s04a_sc08,LS87,AF568,plates_final,plate_040,roi,Nucleus Anterior tuberal,0,,0,132.78,202.04,,,0,,,polygon,1,105.17 191.14;121.21 188.68;155.15 189.91;160.08 190.53;166.87 203.48;159.46 209.04;141.57 207.80;136.02 206.57;129.23 210.27;115.04 212.74;105.79 211.50;97.77 202.87,1,4
LS87_s04a_sc08,LS87,AF568,plates_final,plate_040,roi,Nucleus Lateral tuberal,0,,0,130.41,219.97,,,0,,,polygon,1,109.49 228.78;107.02 225.08;106.41 215.82;119.98 207.80;131.08 206.57;146.51 205.95;155.15 217.67;157.61 223.23;152.68 226.31;133.55 228.16;115.04 234.33,2,4
LS69_s01a_sc04,LS69,AF568,plates_final,plate_011,background,__background__,0,,0,186.92,82.96,8.00,,0,,,disc,,,,
LS69_s01a_sc04,LS69,AF568,plates_final,plate_011,background,__background__,0,,0,65.72,179.79,8.00,,0,,,disc,,,,
LS69_s01a_sc04,LS69,AF568,plates_final,plate_011,background,__background__,0,,0,224.04,154.18,8.00,,0,,,disc,,,,
LS69_s01a_sc04,LS69,AF568,plates_final,plate_011,background,__background__,0,,0,233.84,135.13,8.00,,0,,,disc,,,,
LS69_s01a_sc04,LS69,AF568,plates_final,plate_011,roi,Dl,0,,0,61.73,215.03,,,0,,,polygon,1,20.06 196.51;8.49 203.53;27.70 240.27;39.43 232.66;55.45 232.65;69.54 237.23;79.43 231.66;90.07 225.66;96.81 219.86;105.51 213.96;99.91 199.58;86.17 198.31;80.76 199.36;54.46 208.67;45.28 204.83;28.62 195.69,1,0
LS69_s01a_sc04,LS69,AF568,plates_final,plate_011,roi,Dm,0,,0,77.95,144.81,,,0,,,polygon,1,42.80 131.12;39.08 146.73;43.44 151.79;52.61 155.63;60.93 157.96;72.39 160.51;87.84 164.83;94.54 166.06;110.34 157.66;118.20 154.73;117.41 150.67;109.47 140.12;102.90 133.80;91.25 127.35;82.60 126.21;68.80 127.48;55.49 126.97;52.95 126.90,2,0
LS69_s01a_sc04,LS69,AF568,plates_final,plate_011,roi,Vd,1,Vd/Vv/POA,0,113.41,176.26,,,0,,,polygon,1,118.85 163.88;110.86 160.37;97.61 168.84;97.30 174.52;104.22 184.13;112.90 189.76;115.44 189.83;123.54 183.76;127.48 176.54;125.84 170.95,3,0
LS69_s01a_sc04,LS69,AF568,plates_final,plate_011,roi,Vv,1,Vd/Vv/POA,0,165.35,160.95,,,0,,,polygon,1,143.42 163.05;136.65 164.36;132.24 177.86;136.52 185.47;149.19 192.85;163.95 195.05;170.76 186.70;172.52 182.71;173.82 173.46;177.79 170.73;192.88 171.74;201.19 158.04;189.57 128.54;185.41 127.37;173.19 125.24;165.56 125.04;163.60 136.66;162.27 141.41;151.06 151.73,4,0
LS69_s01a_sc04,LS69,AF568,plates_final,plate_011,roi,Vl,0,,0,153.20,211.18,,,0,,,polygon,1,145.54 205.92;138.40 215.45;142.35 224.24;153.73 229.34;166.96 216.38;167.60 209.52;156.92 195.00;154.11 193.58,5,0
LS69_s01a_sc04,LS69,AF568,plates_final,plate_011,roi,Dm,0,,0,102.10,105.00,,,0,,,polygon,2,64.27 79.46;69.87 93.83;87.80 116.78;91.99 122.43;100.33 129.24;119.21 139.64;128.62 140.34;139.17 132.40;137.56 119.78;128.53 110.85;121.96 104.54;110.36 91.05;101.06 80.76;86.01 72.72;77.52 70.99;69.33 75.11,6,0
LS69_s01a_sc04,LS69,AF568,plates_final,plate_011,roi,Vd,1,Vd/Vv/POA,0,154.69,118.87,,,0,,,polygon,2,155.80 137.04;148.41 133.70;140.70 120.02;139.22 113.84;144.59 103.81;159.82 99.73;166.12 104.69;169.39 127.39;168.13 129.60,7,0
LS69_s01a_sc04,LS69,AF568,plates_final,plate_011,roi,Vl,0,,0,212.64,123.00,,,0,,,polygon,2,214.10 134.74;206.23 137.67;199.07 131.19;196.48 122.14;201.48 108.80;215.09 103.64;223.68 107.31;225.28 119.93;224.83 130.70;220.11 133.86,8,0
LS69_s01a_sc04,LS69,AF568,plates_final,plate_011,roi,Dl,0,,0,128.76,47.50,,,0,,,polygon,2,70.29 23.49;85.09 18.66;102.66 22.28;115.04 23.82;128.18 24.92;139.76 33.92;145.56 40.67;158.16 50.59;167.27 56.98;170.70 63.06;167.41 79.43;161.16 83.45;144.76 75.67;125.29 65.11;113.11 55.95;65.74 42.08,9,0
LS45_s06a_sc04,LS45,AF568,plates_final,,background,__background__,0,,0,84.45,200.44,8.00,,0,,,disc,,,,
LS45_s06a_sc04,LS45,AF568,plates_final,,background,__background__,0,,0,103.61,191.99,8.00,,0,,,disc,,,,
LS45_s06a_sc04,LS45,AF568,plates_final,,background,__background__,0,,0,93.15,178.01,8.00,,0,,,disc,,,,
LS45_s06a_sc04,LS45,AF568,plates_final,,background,__background__,0,,0,106.66,100.53,8.00,,0,,,disc,,,,
LS45_s06a_sc04,LS45,AF568,plates_final,,background,__background__,0,,0,125.09,99.08,6.56,,0,,,disc,,,,
LS45_s06a_sc04,LS45,AF568,plates_final,,background,__background__,0,,0,136.28,73.64,8.00,,0,,,disc,,,,
LS45_s06a_sc04,LS45,AF568,plates_final,plate_044,roi,Nucleus Posterior Tuberal,0,,0,58.79,109.65,,,0,,,polygon,1,80.72 95.76;79.57 95.32;52.27 82.08;45.89 84.90;45.90 96.82;48.84 104.58;40.58 113.94;37.97 127.49;50.82 140.42;66.28 139.80;74.26 124.36;82.36 110.30,1,0
LS87_s05a_sc00,LS87,AF568,plates_final,plate_041,background,__background__,0,,0,130.43,103.67,8.00,,0,,,disc,,,,
LS87_s05a_sc00,LS87,AF568,plates_final,plate_041,background,__background__,0,,0,137.82,59.97,8.00,,0,,,disc,,,,
LS87_s05a_sc00,LS87,AF568,plates_final,plate_041,background,__background__,0,,0,162.81,76.85,8.00,,0,,,disc,,,,
LS87_s05a_sc00,LS87,AF568,plates_final,plate_041,background,__background__,0,,0,163.56,184.22,8.00,,0,,,disc,,,,
LS87_s05a_sc00,LS87,AF568,plates_final,plate_041,background,__background__,0,,0,155.84,160.58,8.00,,0,,,disc,,,,
LS87_s05a_sc00,LS87,AF568,plates_final,plate_041,roi,Migrated posterior tuberal nucleus,0,,0,187.39,106.56,,,0,,,polygon,1,192.98 130.83;183.30 131.98;177.35 115.00;168.91 98.52;166.81 82.46;174.36 78.23;190.72 86.90;197.97 95.07;204.11 103.77;203.98 120.88;200.76 128.53,1,5
LS87_s05a_sc00,LS87,AF568,plates_final,plate_041,roi,Nucleus Anterior tuberal,0,,0,227.94,134.61,,,0,,,polygon,1,237.90 133.56;238.30 140.19;227.69 145.18;217.48 133.62;219.78 129.81;226.51 125.28,2,5
LS87_s05a_sc00,LS87,AF568,plates_final,plate_041,roi,Nucleus Lateral tuberal,0,,0,232.59,94.09,,,0,,,polygon,1,241.71 101.08;242.57 111.59;235.83 116.12;232.78 116.88;220.11 92.84;217.84 83.68;221.03 65.82;237.48 70.35;243.95 88.44,3,5
LS87_s05a_sc00,LS87,AF568,plates_final,plate_041,roi,Nucleus Anterior tuberal,0,,0,198.23,80.04,,,0,,,polygon,2,203.16 74.22;210.12 83.22;207.76 89.79;201.16 88.80;191.08 83.32;188.39 80.49;186.58 75.21;197.58 65.26,4,5
LS120_s03a_sc00,LS120,AF568,plates_final,plate_025,background,__background__,0,,0,145.89,167.08,8.00,,0,,,disc,,,,
LS120_s03a_sc00,LS120,AF568,plates_final,plate_025,background,__background__,0,,0,121.83,176.95,8.00,,0,,,disc,,,,
LS120_s03a_sc00,LS120,AF568,plates_final,plate_025,background,__background__,0,,0,92.83,188.06,8.00,,0,,,disc,,,,
LS120_s03a_sc00,LS120,AF568,plates_final,plate_025,background,__background__,0,,0,68.77,117.73,8.00,,0,,,disc,,,,
LS120_s03a_sc00,LS120,AF568,plates_final,plate_025,background,__background__,0,,0,132.94,108.47,8.00,,0,,,disc,,,,
LS120_s03a_sc00,LS120,AF568,plates_final,plate_025,roi,Dl,0,,0,56.70,147.34,,,0,,,polygon,1,54.58 125.75;47.80 130.07;50.26 166.47;55.20 172.64;64.45 164.00;63.84 143.02;60.75 129.45,1,0
LS120_s03a_sc00,LS120,AF568,plates_final,plate_025,roi,Dm,0,,0,94.53,145.88,,,0,,,polygon,1,97.77 124.51;95.30 118.34;82.96 128.83;81.11 152.28;90.98 168.93;101.47 173.87;103.94 159.06;102.71 141.17,2,0
LS120_s03a_sc00,LS120,AF568,plates_final,plate_025,roi,POA,1,Vd/Vv/POA,0,113.81,214.54,,,0,,,polygon,1,116.89 197.93;108.26 197.31;93.45 205.95;91.60 215.21;92.83 234.95;100.85 238.65;108.26 233.71;117.51 217.06;116.89 215.21;132.32 226.31;142.19 219.52;137.87 196.08;120.60 191.14,3,0
LS120_s03a_sc00,LS120,AF568,plates_final,plate_025,roi,Dm,0,,0,111.42,139.48,,,0,,,polygon,2,110.11 162.77;120.60 164.00;127.38 155.98;121.83 136.85;113.81 124.51;107.02 111.56;90.98 110.94;99.62 149.19,4,0
LS120_s03a_sc00,LS120,AF568,plates_final,plate_025,roi,Dl,0,,0,155.83,123.83,,,0,,,polygon,2,148.98 97.37;140.96 97.99;141.57 110.94;150.83 133.77;152.68 136.24;160.08 149.19;171.19 150.43;173.04 126.37;163.17 112.18,5,0
LS105_s06a_sc00,LS105,AF568,plates_final,plate_041,background,__background__,0,,0,102.71,134.39,8.00,,0,,,disc,,,,
LS105_s06a_sc00,LS105,AF568,plates_final,plate_041,background,__background__,0,,0,86.66,147.96,8.00,,0,,,disc,,,,
LS105_s06a_sc00,LS105,AF568,plates_final,plate_041,background,__background__,0,,0,107.64,155.98,8.00,,0,,,disc,,,,
LS105_s06a_sc00,LS105,AF568,plates_final,plate_041,roi,Migrated posterior tuberal nucleus,0,,0,131.04,182.89,,,0,,,polygon,1,108.26 170.79;134.17 168.93;156.38 165.23;158.85 176.95;158.23 189.91;149.59 195.46;134.17 183.74;134.79 173.25;111.96 184.36;119.98 185.59;116.89 195.46;115.04 196.70;105.17 191.14,1,0
LS105_s06a_sc00,LS105,AF568,plates_final,plate_041,roi,Nucleus Anterior tuberal,0,,0,101.78,212.43,,,0,,,polygon,1,92.83 213.97;94.07 203.48;102.09 201.63;107.02 202.87;109.49 215.82;107.64 220.76;102.71 221.99;98.39 218.91,2,0
LS105_s06a_sc00,LS105,AF568,plates_final,plate_041,roi,Nucleus Lateral tuberal,0,,0,130.88,230.63,,,0,,,polygon,1,107.64 227.54;108.87 223.84;118.75 218.91;122.45 218.91;144.04 216.44;157.61 217.06;160.08 221.38;165.02 234.33;150.83 241.12;144.66 230.01;124.30 221.38;118.75 236.18;119.98 253.46;113.81 253.46;106.41 245.44,3,0
LS105_s06a_sc00,LS105,AF568,plates_final,plate_041,roi,Nucleus Anterior tuberal,0,,0,152.83,206.57,,,0,,,polygon,2,140.96 210.27;144.04 201.63;149.59 195.46;159.46 196.08;161.93 204.10;161.93 208.42;155.15 217.06;149.59 219.52,4,0
LS138_s01a_sc09,LS138,AF568,plates_final,plate_024,background,__background__,0,,0,81.64,161.83,8.00,,0,,,disc,,,,
LS138_s01a_sc09,LS138,AF568,plates_final,plate_024,background,__background__,0,,0,81.30,77.85,8.00,,0,,,disc,,,,
LS138_s01a_sc09,LS138,AF568,plates_final,plate_024,background,__background__,0,,0,99.76,144.44,8.00,,0,,,disc,,,,
LS138_s01a_sc09,LS138,AF568,plates_final,plate_024,background,__background__,0,,0,189.31,210.54,8.00,,0,,,disc,,,,
LS138_s01a_sc09,LS138,AF568,plates_final,plate_024,roi,Dl,0,,0,101.53,50.81,,,0,,,polygon,1,115.77 52.56;118.99 45.87;112.88 37.99;103.73 41.90;95.17 45.63;91.03 51.32;86.20 54.63;83.91 57.85;99.34 62.41;108.32 57.91,1,0
LS138_s01a_sc09,LS138,AF568,plates_final,plate_024,roi,Dm,0,,0,107.85,102.17,,,0,,,polygon,1,116.59 106.88;119.97 96.29;118.18 92.31;108.18 93.25;99.97 98.17;95.74 105.80;94.90 111.82;109.30 112.82,2,0
LS138_s01a_sc09,LS138,AF568,plates_final,plate_024,roi,POA,1,Vd/Vv/POA,0,75.52,126.57,,,0,,,polygon,1,88.39 127.16;81.34 113.78;77.61 109.72;67.18 111.42;57.61 116.09;62.80 131.93;73.40 139.81;83.49 145.90;87.89 143.35,3,0
LS138_s01a_sc09,LS138,AF568,plates_final,plate_024,roi,Dm,0,,0,111.00,119.25,,,0,,,polygon,2,105.25 130.03;97.88 128.94;96.94 118.94;111.50 107.06;116.25 105.70;122.35 109.08;123.38 117.13;113.98 126.89;111.52 129.52,4,0
LS138_s01a_sc09,LS138,AF568,plates_final,plate_024,roi,Dl,0,,0,117.96,166.36,,,0,,,polygon,2,121.82 176.62;137.83 172.03;139.68 156.10;126.29 154.16;104.77 159.69;97.07 166.39;98.27 179.53,5,0
LS61_s04a_sc07,LS61,AF568,plates_final,plate_038,background,__background__,0,,0,128.93,228.05,8.00,,0,,,disc,,,,
LS61_s04a_sc07,LS61,AF568,plates_final,plate_038,background,__background__,0,,0,129.47,179.66,8.00,,0,,,disc,,,,
LS61_s04a_sc07,LS61,AF568,plates_final,plate_038,background,__background__,0,,0,141.20,151.77,8.00,,0,,,disc,,,,
LS61_s04a_sc07,LS61,AF568,plates_final,plate_038,background,__background__,0,,0,143.00,101.08,8.00,,0,,,disc,,,,
LS61_s04a_sc07,LS61,AF568,plates_final,plate_038,roi,Nucleus Anterior tuberal,0,,0,77.73,122.04,,,0,,,polygon,1,68.15 108.96;68.71 115.22;64.98 126.61;67.84 134.13;76.86 138.55;86.12 141.61;87.93 134.65;86.15 124.24;86.81 111.18;82.95 104.60;78.52 102.69,1,0
LS61_s04a_sc07,LS61,AF568,plates_final,plate_038,roi,Nucleus Lateral tuberal,0,,0,53.26,122.83,,,0,,,polygon,1,61.57 112.82;62.06 110.11;57.77 104.29;48.96 104.96;42.21 108.23;41.79 119.93;43.01 124.07;42.60 135.77;45.04 144.06;65.72 144.40;65.51 139.32;62.86 125.95,2,0
LS22_s05a_sc00,LS22,AF568,plates_final,plate_041,background,__background__,0,,0,144.69,206.35,8.00,,0,,,disc,,,,
LS22_s05a_sc00,LS22,AF568,plates_final,plate_041,background,__background__,0,,0,99.08,102.98,8.00,,0,,,disc,,,,
LS22_s05a_sc00,LS22,AF568,plates_final,plate_041,background,__background__,0,,0,88.51,27.82,8.00,,0,,,disc,,,,
LS22_s05a_sc00,LS22,AF568,plates_final,plate_041,background,__background__,0,,0,182.85,58.00,8.00,,0,,,disc,,,,
LS22_s05a_sc00,LS22,AF568,plates_final,plate_041,roi,Migrated posterior tuberal nucleus,0,,0,89.58,155.27,,,0,,,polygon,1,91.30 136.29;100.20 157.35;104.80 166.77;96.17 174.41;80.24 167.08;74.10 146.05;80.24 138.94,1,0
LS22_s05a_sc00,LS22,AF568,plates_final,plate_041,roi,Nucleus Anterior tuberal,0,,0,45.01,147.45,,,0,,,polygon,1,49.62 138.08;56.44 146.43;53.35 151.37;51.39 154.38;40.61 156.21;36.23 152.85;34.95 143.18;37.49 137.14,2,0
LS22_s05a_sc00,LS22,AF568,plates_final,plate_041,roi,Nucleus Lateral tuberal,0,,0,47.38,172.50,,,0,,,polygon,1,37.12 174.38;38.73 179.09;42.52 186.85;48.28 190.22;57.67 189.76;64.09 181.82;62.83 169.39;51.66 154.94;48.94 150.77;33.43 156.96;35.85 163.33,3,0
LS22_s05a_sc00,LS22,AF568,plates_final,plate_041,roi,Nucleus Anterior tuberal,0,,0,72.83,190.74,,,0,,,polygon,2,67.78 199.24;60.44 188.41;61.87 182.90;66.59 179.92;73.50 178.60;77.91 179.20;85.81 189.76;85.48 194.73;77.10 205.68;71.82 208.94,4,0
LS69_s01a_sc05,LS69,AF568,plates_final,plate_012,background,__background__,0,,0,65.30,140.79,8.00,,0,,,disc,,,,
LS69_s01a_sc05,LS69,AF568,plates_final,plate_012,background,__background__,0,,0,49.70,146.50,8.00,,0,,,disc,,,,
LS69_s01a_sc05,LS69,AF568,plates_final,plate_012,background,__background__,0,,0,165.36,27.92,8.00,,0,,,disc,,,,
LS69_s01a_sc05,LS69,AF568,plates_final,plate_012,background,__background__,0,,0,133.10,37.84,8.00,,0,,,disc,,,,
LS69_s01a_sc05,LS69,AF568,plates_final,plate_012,background,__background__,0,,0,208.98,208.55,8.00,,0,,,disc,,,,
LS69_s01a_sc05,LS69,AF568,plates_final,plate_012,roi,Dl,0,,0,43.24,165.78,,,0,,,polygon,1,18.22 133.98;11.60 149.22;12.72 165.79;14.41 171.40;19.89 178.10;54.13 197.74;58.64 199.85;78.14 199.67;84.28 192.32;79.90 181.83;72.79 171.74;62.77 168.24;49.31 164.15;36.15 132.65;26.31 122.99;12.62 122.83,1,0
LS69_s01a_sc05,LS69,AF568,plates_final,plate_012,roi,Dm,0,,0,104.49,125.14,,,0,,,polygon,1,87.31 92.79;79.75 98.13;74.05 102.90;78.38 111.17;86.95 117.96;94.65 124.61;96.07 139.46;102.98 148.18;115.04 157.79;122.60 165.29;126.24 167.25;116.67 161.17;129.13 140.30;124.66 120.05;119.62 110.77;117.19 109.46;112.89 108.72;102.81 103.00;98.25 98.67,2,0
LS69_s01a_sc05,LS69,AF568,plates_final,plate_012,roi,Vd,1,Vd/Vv/POA,0,139.59,162.27,,,0,,,polygon,1,107.77 174.24;108.36 183.64;125.88 192.42;134.75 184.66;142.07 183.27;142.70 174.52;146.61 167.23;155.84 159.97;164.05 153.42;163.76 142.30;160.14 135.04;151.96 136.28;141.61 139.80;130.37 148.49;117.98 158.74,3,0
LS69_s01a_sc05,LS69,AF568,plates_final,plate_012,roi,Vv,1,Vd/Vv/POA,0,158.43,193.01,,,0,,,polygon,1,125.91 199.96;125.67 203.90;132.58 212.62;136.07 215.43;150.10 221.40;159.88 216.01;170.26 207.17;185.41 204.04;194.28 196.27;194.76 175.55;186.55 169.26;176.86 158.73;163.84 164.89;156.99 171.24;142.22 182.41;133.50 189.31,4,0
LS69_s01a_sc05,LS69,AF568,plates_final,plate_012,roi,Vl,0,,0,112.21,219.43,,,0,,,polygon,1,114.99 227.29;108.14 233.63;98.51 225.33;98.83 218.30;109.51 207.75;112.18 205.11;119.68 210.39;125.43 220.68;122.67 226.40,5,0
LS69_s01a_sc05,LS69,AF568,plates_final,plate_012,roi,Dm,0,,0,138.71,101.57,,,0,,,polygon,2,123.58 59.66;123.43 73.35;126.27 90.23;123.77 99.53;125.70 114.03;132.42 128.92;136.04 136.18;138.17 139.21;143.48 139.24;154.42 132.28;158.60 128.57;161.04 117.04;156.83 100.37;147.97 82.46;139.68 66.42;135.56 59.51;131.11 59.63,6,0
LS69_s01a_sc05,LS69,AF568,plates_final,plate_012,roi,Vl,0,,0,215.33,174.62,,,0,,,polygon,2,219.42 189.10;211.39 189.49;205.61 184.50;201.13 177.09;208.11 162.36;211.78 159.01;225.09 163.96;228.09 167.14;227.37 178.97,7,0
LS69_s01a_sc05,LS69,AF568,plates_final,plate_012,roi,Dl,0,,0,200.05,88.86,,,0,,,polygon,2,220.08 77.65;218.33 82.66;207.53 101.61;206.49 107.62;202.90 120.73;187.27 131.75;183.86 125.85;179.81 108.33;185.50 103.56;186.66 89.15;187.82 74.74;190.97 64.21;200.99 54.88;208.11 52.12;214.39 56.75;220.05 70.12,8,0
LS37_s05a_sc05,LS37,AF568,plates_final,plate_039,background,__background__,0,,0,193.40,166.47,8.00,,0,,,disc,,,,
LS37_s05a_sc05,LS37,AF568,plates_final,plate_039,background,__background__,0,,0,236.58,152.28,8.00,,0,,,disc,,,,
LS37_s05a_sc05,LS37,AF568,plates_final,plate_039,background,__background__,0,,0,105.17,70.84,8.00,,0,,,disc,,,,
LS37_s05a_sc05,LS37,AF568,plates_final,plate_039,background,__background__,0,,0,107.02,151.66,8.00,,0,,,disc,,,,
LS37_s05a_sc05,LS37,AF568,plates_final,plate_039,background,__background__,0,,0,46.56,167.08,8.00,,0,,,disc,,,,
LS37_s05a_sc05,LS37,AF568,plates_final,plate_039,roi,Nucleus Anterior tuberal,0,,0,134.94,175.31,,,0,,,polygon,1,118.75 184.98;127.38 185.59;132.94 183.12;142.19 186.21;152.06 184.98;159.46 173.87;156.38 168.32;144.66 165.85;140.96 164.00;118.13 165.85;113.81 168.32;112.58 172.64,1,0
LS37_s05a_sc05,LS37,AF568,plates_final,plate_039,roi,Nucleus Lateral tuberal,0,,0,127.92,196.04,,,0,,,polygon,1,115.66 199.78;116.89 203.48;127.38 210.89;140.96 209.65;147.13 207.80;155.15 200.40;155.15 193.61;148.98 188.68;142.19 188.06;131.70 185.59;123.06 185.59;116.89 186.21;111.34 188.06;103.32 193.61;102.71 196.70;108.26 198.55,2,0
LS61_s04a_sc08,LS61,AF568,plates_final,plate_039,background,__background__,0,,0,163.68,152.33,8.00,,0,,,disc,,,,
LS61_s04a_sc08,LS61,AF568,plates_final,plate_039,background,__background__,0,,0,162.16,170.87,8.00,,0,,,disc,,,,
LS61_s04a_sc08,LS61,AF568,plates_final,plate_039,background,__background__,0,,0,131.20,172.09,8.00,,0,,,disc,,,,
LS61_s04a_sc08,LS61,AF568,plates_final,plate_039,background,__background__,0,,0,123.91,140.01,8.00,,0,,,disc,,,,
LS61_s04a_sc08,LS61,AF568,plates_final,plate_039,roi,Nucleus Anterior tuberal,0,,0,135.92,188.38,,,0,,,polygon,1,136.79 196.32;119.62 197.56;120.13 191.38;119.04 183.66;127.21 180.14;135.21 180.98;142.49 182.31;148.61 186.57;154.84 190.23;155.28 194.70,1,0
LS61_s04a_sc08,LS61,AF568,plates_final,plate_039,roi,Nucleus Lateral tuberal,0,,0,133.24,205.65,,,0,,,polygon,1,138.97 211.78;133.12 209.45;126.60 217.66;115.68 215.65;113.48 207.10;119.07 200.60;124.21 196.52;133.86 195.16;140.76 195.17;147.60 198.93;152.17 204.79;153.42 215.06,2,0
LS136_s04a_sc02,LS136,AF568,plates_final,plate_038,background,__background__,0,,0,180.98,165.25,8.00,,0,,,disc,,,,
LS136_s04a_sc02,LS136,AF568,plates_final,plate_038,background,__background__,0,,0,118.93,145.98,8.00,,0,,,disc,,,,
LS136_s04a_sc02,LS136,AF568,plates_final,plate_038,background,__background__,0,,0,61.79,147.59,8.00,,0,,,disc,,,,
LS136_s04a_sc02,LS136,AF568,plates_final,plate_038,background,__background__,0,,0,38.44,152.28,8.00,,0,,,disc,,,,
LS136_s04a_sc02,LS136,AF568,plates_final,plate_038,roi,Nucleus Anterior tuberal,0,,0,90.00,169.08,,,0,,,polygon,1,64.52 165.19;75.98 161.89;91.73 158.99;108.37 159.88;113.90 160.39;115.97 164.91;103.46 173.06;101.89 176.64;94.69 167.31;73.13 165.97;85.80 176.41;74.97 186.58;65.58 180.77,1,0
LS136_s04a_sc02,LS136,AF568,plates_final,plate_038,roi,Nucleus Lateral tuberal,0,,0,93.24,188.29,,,0,,,polygon,1,110.05 182.34;111.55 179.38;105.02 176.30;97.59 176.25;86.42 176.47;78.99 176.41;63.68 188.03;61.67 196.52;85.19 210.43;99.93 204.96;109.09 199.60;109.71 192.84,2,0
LS37_s05a_sc06,LS37,AF568,plates_final,plate_040,background,__background__,0,,0,99.62,140.55,8.00,,0,,,disc,,,,
LS37_s05a_sc06,LS37,AF568,plates_final,plate_040,background,__background__,0,,0,174.27,136.85,8.00,,0,,,disc,,,,
LS37_s05a_sc06,LS37,AF568,plates_final,plate_040,background,__background__,0,,0,156.38,118.34,8.00,,0,,,disc,,,,
LS37_s05a_sc06,LS37,AF568,plates_final,plate_040,background,__background__,0,,0,238.43,102.92,8.00,,0,,,disc,,,,
LS37_s05a_sc06,LS37,AF568,plates_final,plate_040,background,__background__,0,,0,49.65,173.25,8.00,,0,,,disc,,,,
LS37_s05a_sc06,LS37,AF568,plates_final,plate_040,roi,Nucleus Anterior tuberal,0,,0,133.55,166.80,,,0,,,polygon,1,127.38 173.25;137.87 173.87;144.66 174.49;154.53 171.40;157.61 164.62;141.57 156.60;135.40 157.21;123.68 157.83;111.96 162.77;113.19 168.32;121.21 174.49,1,0
LS37_s05a_sc06,LS37,AF568,plates_final,plate_040,roi,Nucleus Lateral tuberal,0,,0,139.93,182.51,,,0,,,polygon,1,121.21 184.98;118.13 189.91;126.77 193.61;136.02 195.46;148.98 195.46;158.85 194.23;165.63 185.59;162.55 174.49;159.46 174.49;154.53 174.49;143.42 173.87;133.55 174.49;126.77 174.49;124.30 175.10;118.75 176.95,2,0
LS105_s06a_sc02,LS105,AF568,plates_final,plate_042,background,__background__,0,,0,108.16,111.42,8.00,,0,,,disc,,,,
LS105_s06a_sc02,LS105,AF568,plates_final,plate_042,background,__background__,0,,0,123.95,97.17,8.00,,0,,,disc,,,,
LS105_s06a_sc02,LS105,AF568,plates_final,plate_042,background,__background__,0,,0,114.00,86.05,8.00,,0,,,disc,,,,
LS105_s06a_sc02,LS105,AF568,plates_final,plate_042,background,__background__,0,,0,60.53,74.77,8.00,,0,,,disc,,,,
LS105_s06a_sc02,LS105,AF568,plates_final,plate_042,roi,Migrated posterior tuberal nucleus,0,,0,134.35,68.41,,,0,,,polygon,1,147.34 62.04;154.17 61.06;164.52 72.95;154.57 79.40;138.57 80.58;126.09 77.07;115.16 72.79;111.45 68.30;116.71 58.35;120.42 56.98;128.81 63.02,1,0
LS105_s06a_sc02,LS105,AF568,plates_final,plate_042,roi,Nucleus Anterior tuberal,0,,0,164.51,53.16,,,0,,,polygon,1,172.50 48.95;172.70 58.12;170.75 60.07;161.39 60.86;155.92 57.74;157.09 46.42;161.18 39.98,2,0
LS105_s06a_sc02,LS105,AF568,plates_final,plate_042,roi,Nucleus Lateral tuberal,0,,0,142.75,29.55,,,0,,,polygon,1,167.23 37.44;157.86 38.23;137.77 36.09;128.60 36.29;115.92 35.33;113.57 32.60;113.76 24.21;126.25 21.86;137.96 29.66;151.03 27.50;164.87 17.15;166.82 17.15;174.05 30.61,3,0
LS105_s06a_sc02,LS105,AF568,plates_final,plate_042,roi,Nucleus Anterior tuberal,0,,0,117.04,46.11,,,0,,,polygon,2,114.16 42.55;117.28 40.98;118.84 36.30;121.96 36.69;125.87 50.34;121.39 54.05;111.06 63.62;105.78 44.31,4,0
LS37_s05a_sc08,LS37,AF568,plates_final,plate_042,background,__background__,0,,0,111.34,118.34,9.42,,0,,,disc,,,,
LS37_s05a_sc08,LS37,AF568,plates_final,plate_042,background,__background__,0,,0,143.42,100.45,8.00,,0,,,disc,,,,
LS37_s05a_sc08,LS37,AF568,plates_final,plate_042,background,__background__,0,,0,207.59,75.16,8.00,,0,,,disc,,,,
LS37_s05a_sc08,LS37,AF568,plates_final,plate_042,background,__background__,0,,0,143.42,51.71,8.00,,0,,,disc,,,,
LS37_s05a_sc08,LS37,AF568,plates_final,plate_042,background,__background__,0,,0,78.03,159.68,8.00,,0,,,disc,,,,
LS37_s05a_sc08,LS37,AF568,plates_final,plate_042,roi,Migrated posterior tuberal nucleus,0,,0,114.09,166.28,,,0,,,polygon,1,103.32 157.83;109.49 159.06;122.45 159.68;132.32 160.30;136.02 164.00;137.25 169.55;128.62 174.49;118.75 178.19;103.32 173.87;100.24 172.64;97.77 170.79;96.54 164.00;97.15 157.21,1,0
LS37_s05a_sc08,LS37,AF568,plates_final,plate_042,roi,Nucleus Anterior tuberal,0,,0,84.02,184.71,,,0,,,polygon,1,85.43 191.14;73.09 191.14;71.86 183.12;82.96 175.72;87.90 175.72;94.68 187.44;92.22 188.68,2,0
LS37_s05a_sc08,LS37,AF568,plates_final,plate_042,roi,Nucleus Lateral tuberal,0,,0,107.97,193.24,,,0,,,polygon,1,92.83 196.70;87.28 197.31;83.58 188.06;95.30 184.36;105.17 183.12;110.11 186.83;121.21 187.44;129.85 187.44;136.02 201.02;123.68 202.25;113.81 203.48;109.49 199.16;106.41 193.61;104.56 191.76;100.24 196.08,3,0
LS37_s05a_sc08,LS37,AF568,plates_final,plate_042,roi,Nucleus Anterior tuberal,0,,0,136.64,180.92,,,0,,,polygon,2,140.96 189.29;129.85 190.53;125.53 180.66;126.77 173.87;137.87 170.79;149.59 178.19;145.89 183.12,4,0
LS87_s05a_sc05,LS87,AF568,plates_final,plate_044,background,__background__,0,,0,197.72,117.11,8.00,,0,,,disc,,,,
LS87_s05a_sc05,LS87,AF568,plates_final,plate_044,background,__background__,0,,0,177.36,130.68,8.00,,0,,,disc,,,,
LS87_s05a_sc05,LS87,AF568,plates_final,plate_044,background,__background__,0,,0,157.00,114.64,8.00,,0,,,disc,,,,
LS87_s05a_sc05,LS87,AF568,plates_final,plate_044,background,__background__,0,,0,107.02,113.41,8.00,,0,,,disc,,,,
LS87_s05a_sc05,LS87,AF568,plates_final,plate_044,background,__background__,0,,0,78.03,117.73,8.00,,0,,,disc,,,,
LS87_s05a_sc05,LS87,AF568,plates_final,plate_044,background,__background__,0,,0,150.21,152.89,8.00,,0,,,disc,,,,
LS87_s05a_sc05,LS87,AF568,plates_final,plate_044,roi,Nucleus Posterior Tuberal,0,,0,142.09,198.86,,,0,,,polygon,1,116.89 180.04;116.89 195.46;126.15 215.21;137.25 217.67;149.59 213.35;157.00 224.46;165.02 218.29;168.10 206.57;164.40 190.53;151.44 178.81;138.49 172.02;113.81 173.87,1,6
LS69_s01a_sc11,LS69,AF568,plates_final,plate_016,background,__background__,0,,0,97.45,184.13,8.00,,0,,,disc,,,,
LS69_s01a_sc11,LS69,AF568,plates_final,plate_016,background,__background__,0,,0,74.05,175.43,8.00,,0,,,disc,,,,
LS69_s01a_sc11,LS69,AF568,plates_final,plate_016,background,__background__,0,,0,62.27,203.40,8.00,,0,,,disc,,,,
LS69_s01a_sc11,LS69,AF568,plates_final,plate_016,background,__background__,0,,0,212.18,143.79,8.00,,0,,,disc,,,,
LS69_s01a_sc11,LS69,AF568,plates_final,plate_016,background,__background__,0,,0,172.40,138.71,8.00,,0,,,disc,,,,
LS69_s01a_sc11,LS69,AF568,plates_final,plate_016,roi,Dl,0,,0,215.86,107.14,,,0,,,polygon,1,241.50 139.20;246.11 132.32;248.07 112.05;248.17 103.48;241.08 94.73;228.91 94.55;215.61 88.62;204.38 80.10;185.57 74.47;177.50 88.99;180.54 99.33;183.97 101.63;194.67 110.46;206.67 112.86;214.93 117.40;223.46 132.42;228.49 138.78,1,0
LS69_s01a_sc11,LS69,AF568,plates_final,plate_016,roi,Dm,0,,0,149.17,139.27,,,0,,,polygon,1,168.73 168.47;158.62 170.67;140.45 156.16;130.39 138.46;127.54 115.95;121.23 101.09;141.65 105.81;150.79 121.90;158.25 137.53;167.33 147.27;175.92 168.64,2,0
LS69_s01a_sc11,LS69,AF568,plates_final,plate_016,roi,Vs,0,,0,124.34,85.76,,,0,,,polygon,1,124.23 95.13;127.59 96.05;135.10 91.79;142.09 82.85;128.87 73.33;124.90 71.33;111.95 77.27;109.78 88.43;114.58 95.64,3,0
LS69_s01a_sc11,LS69,AF568,plates_final,plate_016,roi,Vc,0,,0,138.34,63.07,,,0,,,polygon,1,156.91 60.24;154.22 66.74;140.89 70.76;135.22 73.27;128.96 69.73;124.46 63.06;127.23 57.94;131.21 54.97;145.92 50.88,4,0
LS69_s01a_sc11,LS69,AF568,plates_final,plate_016,roi,Dm,0,,0,121.22,146.55,,,0,,,polygon,2,133.94 189.66;139.93 177.74;140.74 161.67;140.22 157.00;128.56 135.24;124.83 127.42;123.87 114.49;117.14 112.63;107.95 116.44;107.10 121.18;107.00 129.75;111.09 144.45;105.02 155.00;109.96 169.93;121.01 185.65,5,0
LS69_s01a_sc11,LS69,AF568,plates_final,plate_016,roi,Vs,0,,0,96.36,100.47,,,0,,,polygon,2,98.69 87.64;106.94 92.18;111.21 99.69;106.13 108.24;100.31 112.97;90.97 114.02;82.64 108.11;81.91 94.33;88.43 87.08,6,0
LS69_s01a_sc11,LS69,AF568,plates_final,plate_016,roi,Vc,0,,0,61.87,95.43,,,0,,,polygon,2,72.99 82.37;75.66 85.82;79.16 94.48;69.33 107.16;58.99 110.19;47.76 101.67;45.09 98.22;45.97 83.53,7,0
LS69_s01a_sc11,LS69,AF568,plates_final,plate_016,roi,Dl,0,,0,45.74,158.64,,,0,,,polygon,2,35.54 152.60;30.09 159.25;21.33 176.29;22.00 183.71;30.69 196.51;40.10 196.84;51.38 185.47;61.06 170.04;66.83 158.96;68.39 146.72;70.95 132.49;62.17 123.28;51.69 123.56;39.80 133.86;34.05 139.97,8,0
LS61_s05a_sc01,LS61,AF568,plates_final,plate_041,background,__background__,0,,0,112.19,101.03,8.00,,0,,,disc,,,,
LS61_s05a_sc01,LS61,AF568,plates_final,plate_041,background,__background__,0,,0,120.50,86.54,8.00,,0,,,disc,,,,
LS61_s05a_sc01,LS61,AF568,plates_final,plate_041,background,__background__,0,,0,141.99,117.36,8.00,,0,,,disc,,,,
LS61_s05a_sc01,LS61,AF568,plates_final,plate_041,background,__background__,0,,0,149.99,100.67,8.00,,0,,,disc,,,,
LS61_s05a_sc01,LS61,AF568,plates_final,plate_041,roi,Migrated posterior tuberal nucleus,0,,0,147.76,68.06,,,0,,,polygon,1,153.89 53.97;162.89 63.75;165.52 72.54;161.45 76.75;147.99 80.56;138.56 77.41;134.06 72.52;130.87 63.46;136.05 59.79;146.27 59.89,1,0
LS61_s05a_sc01,LS61,AF568,plates_final,plate_041,roi,Nucleus Anterior tuberal,0,,0,172.14,57.62,,,0,,,polygon,1,177.85 51.08;182.30 53.21;182.44 61.49;177.04 68.48;161.80 64.60;162.04 62.66;165.24 55.99;169.29 50.40;171.22 50.64,2,0
LS61_s05a_sc01,LS61,AF568,plates_final,plate_041,roi,Nucleus Lateral tuberal,0,,0,161.98,36.94,,,0,,,polygon,1,173.70 34.04;179.55 37.53;173.64 47.01;167.30 47.40;156.20 43.44;147.01 38.36;147.49 34.48;151.74 24.20;161.15 25.98,3,0
LS61_s05a_sc01,LS61,AF568,plates_final,plate_041,roi,Nucleus Anterior tuberal,0,,0,139.38,46.42,,,0,,,polygon,2,136.75 35.49;140.91 36.80;148.17 41.65;151.64 51.52;142.39 59.41;134.92 57.88;130.08 49.40;130.19 39.19,4,0
LS37_s06a_sc01,LS37,AF568,plates_final,plate_044,background,__background__,0,,0,89.70,145.20,8.00,,0,,,disc,,,,
LS37_s06a_sc01,LS37,AF568,plates_final,plate_044,background,__background__,0,,0,64.47,126.98,7.90,,0,,,disc,,,,
LS37_s06a_sc01,LS37,AF568,plates_final,plate_044,background,__background__,0,,0,213.93,96.99,8.00,,0,,,disc,,,,
LS37_s06a_sc01,LS37,AF568,plates_final,plate_044,background,__background__,0,,0,157.98,41.72,8.00,,0,,,disc,,,,
LS37_s06a_sc01,LS37,AF568,plates_final,plate_044,background,__background__,0,,0,234.12,161.64,8.00,,0,,,disc,,,,
LS37_s06a_sc01,LS37,AF568,plates_final,plate_044,roi,Nucleus Posterior Tuberal,0,,0,66.00,183.46,,,0,,,polygon,1,55.43 184.90;43.51 169.93;50.22 162.60;70.82 167.76;82.76 177.03;84.49 199.05;79.65 204.79;60.47 198.43;66.67 186.68,1,0
LS120_s04a_sc06,LS120,AF568,plates_final,plate_038,background,__background__,0,,0,209.05,72.27,8.00,,0,,,disc,,,,
LS120_s04a_sc06,LS120,AF568,plates_final,plate_038,background,__background__,0,,0,214.92,98.15,8.00,,0,,,disc,,,,
LS120_s04a_sc06,LS120,AF568,plates_final,plate_038,background,__background__,0,,0,175.98,104.79,2.00,,0,,,disc,,,,
LS120_s04a_sc06,LS120,AF568,plates_final,plate_038,background,__background__,0,,0,142.69,162.05,8.00,,0,,,disc,,,,
LS120_s04a_sc06,LS120,AF568,plates_final,plate_038,background,__background__,0,,0,183.30,120.88,8.00,,0,,,disc,,,,
LS120_s04a_sc06,LS120,AF568,plates_final,plate_038,background,__background__,0,,0,177.26,185.38,8.00,,0,,,disc,,,,
LS120_s04a_sc06,LS120,AF568,plates_final,plate_038,background,__background__,0,,0,151.79,201.20,8.00,,0,,,disc,,,,
LS120_s04a_sc06,LS120,AF568,plates_final,plate_038,roi,Nucleus Anterior tuberal,0,,0,201.49,157.34,,,0,,,polygon,1,208.38 153.94;207.25 167.47;204.06 175.87;197.66 178.43;192.74 178.01;189.06 170.27;188.50 154.75;193.63 145.27;199.07 139.54;204.60 140.00;215.66 140.93;217.30 143.55,1,0
LS120_s04a_sc06,LS120,AF568,plates_final,plate_038,roi,Nucleus Lateral tuberal,0,,0,222.50,168.63,,,0,,,polygon,1,214.83 158.20;214.63 153.23;227.34 149.34;237.48 153.91;234.61 166.05;231.63 171.99;226.85 192.02;217.12 189.97;209.70 182.53;210.83 169.01,2,0
LS136_s04a_sc07,LS136,AF568,plates_final,plate_040,background,__background__,0,,0,138.68,140.42,8.00,,0,,,disc,,,,
LS136_s04a_sc07,LS136,AF568,plates_final,plate_040,background,__background__,0,,0,87.95,123.91,8.00,,0,,,disc,,,,
LS136_s04a_sc07,LS136,AF568,plates_final,plate_040,background,__background__,0,,0,61.26,132.29,8.00,,0,,,disc,,,,
LS136_s04a_sc07,LS136,AF568,plates_final,plate_040,background,__background__,0,,0,194.16,176.60,8.00,,0,,,disc,,,,
LS136_s04a_sc07,LS136,AF568,plates_final,plate_040,roi,Nucleus Anterior tuberal,0,,0,94.81,152.48,,,0,,,polygon,1,86.12 138.63;87.81 139.38;122.32 151.37;128.65 156.89;99.51 172.28;96.19 166.07;86.30 154.92;72.21 154.72;74.22 138.06,1,0
LS136_s04a_sc07,LS136,AF568,plates_final,plate_040,roi,Nucleus Lateral tuberal,0,,0,94.97,177.08,,,0,,,polygon,1,71.19 175.20;77.34 158.36;91.37 163.25;100.70 168.08;113.98 174.67;118.48 182.75;107.01 191.83;94.73 195.14;79.89 184.48,2,0
LS105_s06a_sc05,LS105,AF568,plates_final,plate_043,background,__background__,0,,0,126.44,105.63,8.00,,0,,,disc,,,,
LS105_s06a_sc05,LS105,AF568,plates_final,plate_043,background,__background__,0,,0,150.45,95.29,8.00,,0,,,disc,,,,
LS105_s06a_sc05,LS105,AF568,plates_final,plate_043,background,__background__,0,,0,122.51,84.88,8.00,,0,,,disc,,,,
LS105_s06a_sc05,LS105,AF568,plates_final,plate_043,roi,Nucleus Posterior Tuberal,0,,0,107.06,36.93,,,0,,,polygon,1,119.33 65.93;83.25 62.88;73.71 59.22;81.02 22.22;80.73 9.25;93.30 12.09;94.73 23.74;91.63 41.27;98.34 48.84;103.01 44.80;108.81 48.11;110.83 50.44;125.51 48.18;122.47 22.41;126.71 12.22;140.42 13.74;141.81 24.77;131.52 54.56,1,0
LS61_s05a_sc02,LS61,AF568,plates_final,plate_043,background,__background__,0,,0,119.07,135.80,8.00,,0,,,disc,,,,
LS61_s05a_sc02,LS61,AF568,plates_final,plate_043,background,__background__,0,,0,117.22,175.58,8.00,,0,,,disc,,,,
LS61_s05a_sc02,LS61,AF568,plates_final,plate_043,background,__background__,0,,0,145.58,127.66,2.00,,0,,,disc,,,,
LS61_s05a_sc02,LS61,AF568,plates_final,plate_043,background,__background__,0,,0,137.39,169.55,8.00,,0,,,disc,,,,
LS61_s05a_sc02,LS61,AF568,plates_final,plate_043,roi,Nucleus Posterior Tuberal,0,,0,176.78,160.43,,,0,,,polygon,1,161.09 167.04;161.52 167.80;178.31 181.31;181.83 177.79;187.50 171.02;191.76 160.03;193.71 152.88;184.06 141.31;177.51 139.53;167.73 149.66;159.51 156.38,1,0
LS69_s01a_sc13,LS69,AF568,plates_final,plate_018,background,__background__,0,,0,201.10,131.55,8.30,,0,,,disc,,,,
LS69_s01a_sc13,LS69,AF568,plates_final,plate_018,background,__background__,0,,0,150.04,68.70,8.00,,0,,,disc,,,,
LS69_s01a_sc13,LS69,AF568,plates_final,plate_018,background,__background__,0,,0,132.17,56.46,8.00,,0,,,disc,,,,
LS69_s01a_sc13,LS69,AF568,plates_final,plate_018,background,__background__,0,,0,88.61,100.54,8.00,,0,,,disc,,,,
LS69_s01a_sc13,LS69,AF568,plates_final,plate_018,background,__background__,0,,0,122.91,179.18,8.00,,0,,,disc,,,,
LS69_s01a_sc13,LS69,AF568,plates_final,plate_018,background,__background__,0,,0,135.99,201.69,2.00,,0,,,disc,,,,
LS69_s01a_sc13,LS69,AF568,plates_final,plate_018,background,__background__,0,,0,95.55,210.91,8.00,,0,,,disc,,,,
LS69_s01a_sc13,LS69,AF568,plates_final,plate_018,roi,Dl,0,,0,192.21,72.66,,,0,,,polygon,1,205.98 67.35;215.95 68.56;224.35 79.24;219.34 88.14;206.51 88.22;191.09 87.88;181.83 87.67;169.41 74.56;161.37 64.39;160.78 51.91;178.14 53.90;191.70 60.12,1,0
LS69_s01a_sc13,LS69,AF568,plates_final,plate_018,roi,Dm,0,,0,151.80,121.25,,,0,,,polygon,1,154.73 96.45;147.06 92.09;134.29 94.40;127.85 101.29;135.11 118.85;145.68 143.15;159.19 168.38;170.51 164.07;173.80 149.58;167.38 116.23;154.15 89.28,2,0
LS69_s01a_sc13,LS69,AF568,plates_final,plate_018,roi,Dm,0,,0,129.34,137.05,,,0,,,polygon,2,145.43 176.72;151.52 174.63;152.30 161.94;149.85 155.34;139.50 132.40;125.98 101.86;119.67 97.28;114.00 102.09;110.79 113.50;111.15 119.31;113.03 129.35;119.22 150.71;128.99 166.48,3,0
LS69_s01a_sc13,LS69,AF568,plates_final,plate_018,roi,Dl,0,,0,78.68,156.97,,,0,,,polygon,2,74.29 184.40;78.38 189.05;90.65 192.41;97.88 178.13;94.27 157.19;92.74 137.04;88.43 125.72;66.60 107.95;65.97 114.48;62.98 137.86;66.10 169.78;65.90 189.64,4,0
LS120_s05a_sc01,LS120,AF568,plates_final,plate_041,background,__background__,0,,0,117.41,65.15,8.00,,0,,,disc,,,,
LS120_s05a_sc01,LS120,AF568,plates_final,plate_041,background,__background__,0,,0,120.60,83.76,8.00,,0,,,disc,,,,
LS120_s05a_sc01,LS120,AF568,plates_final,plate_041,background,__background__,0,,0,169.76,91.30,8.00,,0,,,disc,,,,
LS120_s05a_sc01,LS120,AF568,plates_final,plate_041,background,__background__,0,,0,185.38,84.33,8.00,,0,,,disc,,,,
LS120_s05a_sc01,LS120,AF568,plates_final,plate_041,roi,Migrated posterior tuberal nucleus,0,,0,156.10,51.93,,,0,,,polygon,1,165.67 60.95;147.82 59.21;138.66 55.87;132.57 52.61;135.35 41.58;142.84 38.71;156.25 44.64;167.95 45.58;175.90 48.27;179.32 58.24;174.80 65.52,1,0
LS120_s05a_sc01,LS120,AF568,plates_final,plate_041,roi,Nucleus Anterior tuberal,0,,0,186.01,27.22,,,0,,,polygon,1,187.12 22.04;192.07 21.57;195.45 33.39;189.83 35.70;178.85 31.07;178.37 26.12;180.37 20.62,2,0
LS120_s05a_sc01,LS120,AF568,plates_final,plate_041,roi,Nucleus Lateral tuberal,0,,0,160.95,11.59,,,0,,,polygon,1,182.43 13.27;173.56 21.67;156.29 21.18;147.11 18.46;133.18 8.81;146.94 2.41;172.84 3.13;175.29 3.82,3,0
LS120_s05a_sc01,LS120,AF568,plates_final,plate_041,roi,Nucleus Anterior tuberal,0,,0,138.17,26.06,,,0,,,polygon,2,129.27 16.11;142.36 11.54;151.76 28.46;149.19 32.09;138.66 33.65;129.41 33.39;126.50 27.14,4,0
LS61_s06a_sc00,LS61,AF568,plates_final,plate_045,background,__background__,0,,0,184.14,126.37,8.00,,0,,,disc,,,,
LS61_s06a_sc00,LS61,AF568,plates_final,plate_045,background,__background__,0,,0,161.93,125.13,8.00,,0,,,disc,,,,
LS61_s06a_sc00,LS61,AF568,plates_final,plate_045,background,__background__,0,,0,140.96,128.83,8.00,,0,,,disc,,,,
LS61_s06a_sc00,LS61,AF568,plates_final,plate_045,background,__background__,0,,0,103.94,135.62,8.00,,0,,,disc,,,,
LS61_s06a_sc00,LS61,AF568,plates_final,plate_045,background,__background__,0,,0,81.11,141.79,8.00,,0,,,disc,,,,
LS120_s05a_sc02,LS120,AF568,plates_final,plate_041,background,__background__,0,,0,65.16,139.42,8.00,,0,,,disc,,,,
LS120_s05a_sc02,LS120,AF568,plates_final,plate_041,background,__background__,0,,0,121.97,191.28,8.00,,0,,,disc,,,,
LS120_s05a_sc02,LS120,AF568,plates_final,plate_041,background,__background__,0,,0,168.34,217.80,8.00,,0,,,disc,,,,
LS120_s05a_sc02,LS120,AF568,plates_final,plate_041,background,__background__,0,,0,182.70,193.12,8.00,,0,,,disc,,,,
LS120_s05a_sc02,LS120,AF568,plates_final,plate_041,background,__background__,0,,0,88.41,191.06,8.00,,0,,,disc,,,,
LS120_s05a_sc02,LS120,AF568,plates_final,plate_041,roi,Migrated posterior tuberal nucleus,0,,0,124.48,213.96,,,0,,,polygon,1,119.93 198.20;133.60 209.81;144.53 217.87;143.71 224.17;140.81 231.22;128.55 226.02;119.22 216.84;111.04 212.34;109.05 210.88;107.54 206.70;111.31 199.51,1,0
LS120_s05a_sc02,LS120,AF568,plates_final,plate_041,roi,Nucleus Anterior tuberal,0,,0,87.97,212.74,,,0,,,polygon,1,82.84 203.81;93.79 200.39;98.21 212.08;93.58 219.40;87.67 221.17;82.96 219.24;76.74 213.12,2,0
LS120_s05a_sc02,LS120,AF568,plates_final,plate_041,roi,Nucleus Lateral tuberal,0,,0,104.79,240.31,,,0,,,polygon,1,88.37 231.65;90.67 226.45;107.51 232.73;117.57 240.92;120.18 243.61;113.57 249.46;106.06 252.36;94.41 245.30,3,0
LS120_s05a_sc02,LS120,AF568,plates_final,plate_041,roi,Nucleus Anterior tuberal,0,,0,127.54,234.37,,,0,,,polygon,2,131.79 244.50;115.95 238.96;114.64 230.33;122.02 226.57;129.18 227.25;140.08 232.22;139.16 240.74,4,0
LS69_s02a_sc01,LS69,AF568,plates_final,plate_020,background,__background__,0,,0,65.69,125.13,8.00,,0,,,disc,,,,
LS69_s02a_sc01,LS69,AF568,plates_final,plate_020,background,__background__,0,,0,56.43,142.41,8.00,,0,,,disc,,,,
LS69_s02a_sc01,LS69,AF568,plates_final,plate_020,background,__background__,0,,0,155.76,111.56,8.00,,0,,,disc,,,,
LS69_s02a_sc01,LS69,AF568,plates_final,plate_020,background,__background__,0,,0,144.04,133.77,8.00,,0,,,disc,,,,
LS69_s02a_sc01,LS69,AF568,plates_final,plate_020,background,__background__,0,,0,113.19,194.23,8.00,,0,,,disc,,,,
LS69_s02a_sc01,LS69,AF568,plates_final,plate_020,background,__background__,0,,0,73.09,186.83,8.00,,0,,,disc,,,,
LS69_s02a_sc01,LS69,AF568,plates_final,plate_020,roi,Dl,0,,0,47.66,169.73,,,0,,,polygon,1,31.14 161.53;29.91 157.83;36.07 154.74;41.63 154.74;44.10 154.13;47.18 157.21;59.52 166.47;62.60 169.55;63.22 182.51;62.60 186.83;58.90 191.76;46.56 189.29;42.86 177.57;41.01 172.02,1,0
LS69_s02a_sc01,LS69,AF568,plates_final,plate_020,roi,Dm,0,,0,91.54,149.32,,,0,,,polygon,1,102.09 138.09;103.94 120.81;96.54 118.96;87.28 127.60;79.26 139.32;78.64 154.74;83.58 170.79;86.05 176.34;98.39 177.57;99.62 168.93,2,0
LS69_s02a_sc01,LS69,AF568,plates_final,plate_020,roi,POA,1,Vd/Vv/POA,0,85.02,218.14,,,0,,,polygon,1,90.98 230.01;79.88 230.63;68.16 225.08;66.31 223.23;66.92 215.21;71.24 209.65;79.88 203.48;87.90 206.57;99.62 214.59;103.94 215.82;103.94 219.52;101.47 223.84,3,0
LS69_s02a_sc01,LS69,AF568,plates_final,plate_020,roi,Dm,0,,0,114.90,146.06,,,0,,,polygon,2,106.41 176.95;105.17 176.95;103.94 162.77;103.94 154.74;105.79 133.15;108.26 123.90;111.34 117.11;123.68 114.03;131.08 115.88;133.55 130.07;123.68 159.06;121.83 162.77;115.04 171.40,4,0
LS69_s02a_sc01,LS69,AF568,plates_final,plate_020,roi,Dl,0,,0,148.51,163.43,,,0,,,polygon,2,137.25 183.74;128.62 183.74;124.92 181.89;127.38 172.02;131.70 167.70;145.89 162.15;151.44 155.98;157.61 147.34;166.25 141.17;172.42 138.70;180.44 155.36;158.23 171.40,5,0
LS136_s02a_sc02,LS136,AF568,plates_final,plate_022,background,__background__,0,,0,157.86,74.90,8.00,,0,,,disc,,,,
LS136_s02a_sc02,LS136,AF568,plates_final,plate_022,background,__background__,0,,0,169.74,91.17,8.00,,0,,,disc,,,,
LS136_s02a_sc02,LS136,AF568,plates_final,plate_022,background,__background__,0,,0,175.65,141.44,8.00,,0,,,disc,,,,
LS136_s02a_sc02,LS136,AF568,plates_final,plate_022,background,__background__,0,,0,113.10,164.86,8.00,,0,,,disc,,,,
LS136_s02a_sc02,LS136,AF568,plates_final,plate_022,background,__background__,0,,0,55.71,84.47,8.00,,0,,,disc,,,,
LS136_s02a_sc02,LS136,AF568,plates_final,plate_022,roi,Dl,0,,0,27.69,111.74,,,0,,,polygon,1,39.26 95.13;33.75 79.75;17.43 79.16;5.72 92.21;1.27 107.88;5.46 114.73;27.01 136.99;35.17 141.34;49.20 147.28;52.94 131.10;37.43 103.53,1,0
LS136_s02a_sc02,LS136,AF568,plates_final,plate_022,roi,Dm,0,,0,101.72,112.38,,,0,,,polygon,1,97.27 86.78;95.77 85.14;83.76 88.24;79.00 105.84;95.07 137.06;106.43 145.92;121.52 138.59;124.37 120.67;112.30 103.18,2,0
LS136_s02a_sc02,LS136,AF568,plates_final,plate_022,roi,POA,1,Vd/Vv/POA,0,143.51,188.43,,,0,,,polygon,1,131.19 197.02;130.05 181.59;140.69 173.70;151.86 181.34;156.37 186.26;152.07 198.78;142.31 200.29,3,0
LS136_s02a_sc02,LS136,AF568,plates_final,plate_022,roi,Dm,0,,0,142.09,97.32,,,0,,,polygon,2,139.53 81.48;135.06 64.70;127.46 64.00;125.92 74.23;132.23 98.85;141.91 121.07;149.05 134.95;154.63 134.71;158.09 116.69;152.91 99.39;146.23 80.45,4,0
LS136_s02a_sc02,LS136,AF568,plates_final,plate_022,roi,POA,1,Vd/Vv/POA,0,177.41,181.04,,,0,,,polygon,2,170.11 182.26;166.91 169.64;169.58 166.73;191.54 171.45;186.77 189.04;184.76 196.22;172.23 191.92,5,0
LS136_s02a_sc02,LS136,AF568,plates_final,plate_022,roi,Dl,0,,0,211.12,104.81,,,0,,,polygon,2,214.88 108.53;234.86 100.44;237.15 95.09;231.18 84.78;209.33 88.78;196.20 92.69;184.40 113.24;188.88 138.15;203.17 121.58,6,0
LS69_s02a_sc09,LS69,AF568,plates_final,plate_024,background,__background__,0,,0,79.88,135.77,8.00,,0,,,disc,,,,
LS69_s02a_sc09,LS69,AF568,plates_final,plate_024,background,__background__,0,,0,94.44,143.96,8.00,,0,,,disc,,,,
LS69_s02a_sc09,LS69,AF568,plates_final,plate_024,background,__background__,0,,0,144.42,157.91,8.00,,0,,,disc,,,,
LS69_s02a_sc09,LS69,AF568,plates_final,plate_024,background,__background__,0,,0,175.21,149.48,8.00,,0,,,disc,,,,
LS69_s02a_sc09,LS69,AF568,plates_final,plate_024,background,__background__,0,,0,170.11,170.53,8.00,,0,,,disc,,,,
LS69_s02a_sc09,LS69,AF568,plates_final,plate_024,background,__background__,0,,0,120.24,119.62,8.00,,0,,,disc,,,,
LS69_s02a_sc09,LS69,AF568,plates_final,plate_024,background,__background__,0,,0,26.57,182.56,8.00,,0,,,disc,,,,
LS69_s02a_sc09,LS69,AF568,plates_final,plate_024,roi,Dl,0,,0,189.45,203.06,,,0,,,polygon,1,196.37 223.53;198.76 219.94;206.09 198.88;201.46 193.58;199.22 182.46;200.92 175.45;194.07 176.83;188.95 184.53;185.88 189.16;176.14 198.24;173.94 211.59;171.57 226.31;175.17 230.93;183.72 231.43,1,0
LS69_s02a_sc09,LS69,AF568,plates_final,plate_024,roi,Dm,0,,0,120.58,188.39,,,0,,,polygon,1,99.16 209.31;116.11 218.36;121.07 214.24;123.28 205.34;123.28 203.12;133.86 184.96;134.69 173.67;134.52 170.59;126.98 164.10;119.62 165.14;114.50 170.62;113.14 177.12;107.35 192.53,2,0
LS69_s02a_sc09,LS69,AF568,plates_final,plate_024,roi,POA,1,Vd/Vv/POA,0,160.75,119.87,,,0,,,polygon,1,140.44 127.12;151.24 138.73;156.03 140.44;169.87 129.64;183.40 132.70;190.91 123.61;188.32 108.56;171.89 106.53;156.83 104.68;147.92 98.02;134.59 109.16;137.52 119.25,3,0
LS69_s02a_sc09,LS69,AF568,plates_final,plate_024,roi,Dm,0,,0,91.05,184.73,,,0,,,polygon,2,68.00 196.02;76.23 208.15;82.56 206.43;91.28 203.34;100.85 197.85;103.41 190.66;111.41 168.57;113.46 165.49;100.95 154.21;91.04 160.22;79.60 178.55;73.80 187.28,4,0
LS69_s02a_sc09,LS69,AF568,plates_final,plate_024,roi,Dl,0,,0,35.71,140.63,,,0,,,polygon,2,27.22 161.52;16.95 163.59;6.33 157.27;4.42 138.97;12.61 122.18;47.85 113.74;53.15 113.56;66.87 133.05;66.02 137.67;51.67 152.58;39.69 152.77,5,0
LS85_s02a_sc05,LS85,AF568,plates_final,plate_012,background,__background__,0,,0,226.38,106.16,8.00,,0,,,disc,,,,
LS85_s02a_sc05,LS85,AF568,plates_final,plate_012,background,__background__,0,,0,207.36,103.79,8.00,,0,,,disc,,,,
LS85_s02a_sc05,LS85,AF568,plates_final,plate_012,background,__background__,0,,0,212.18,114.76,8.00,,0,,,disc,,,,
LS85_s02a_sc05,LS85,AF568,plates_final,plate_012,background,__background__,0,,0,92.85,71.90,8.00,,0,,,disc,,,,
LS85_s02a_sc05,LS85,AF568,plates_final,plate_012,background,__background__,0,,0,104.71,85.46,8.00,,0,,,disc,,,,
LS85_s02a_sc05,LS85,AF568,plates_final,plate_012,roi,Dl,0,,0,80.36,102.80,,,0,,,polygon,1,64.37 79.65;60.96 90.94;65.00 96.10;71.00 104.16;74.08 111.03;76.16 113.31;84.82 120.61;91.37 122.49;96.22 123.41;105.25 118.86;100.06 106.56;88.69 93.71;76.98 82.69;70.14 75.73,1,0
LS85_s02a_sc05,LS85,AF568,plates_final,plate_012,roi,Dm,0,,0,133.97,110.24,,,0,,,polygon,1,138.16 78.03;134.78 79.27;123.32 96.55;123.38 102.84;125.83 119.64;126.14 141.05;142.36 141.64;144.06 129.40;147.71 103.72,2,0
LS85_s02a_sc05,LS85,AF568,plates_final,plate_012,roi,Vd,1,Vd/Vv/POA,0,141.25,148.54,,,0,,,polygon,1,152.69 146.75;159.07 142.94;169.74 146.23;167.52 154.60;153.92 163.31;138.89 159.82;115.89 158.57;114.39 153.26;115.89 145.38;123.08 137.33;138.32 136.47;145.59 137.86,3,0
LS85_s02a_sc05,LS85,AF568,plates_final,plate_012,roi,Vv,1,Vd/Vv/POA,0,132.54,173.58,,,0,,,polygon,1,144.34 187.23;124.86 187.29;115.91 188.09;106.16 179.95;105.15 175.36;109.82 170.60;120.65 163.25;127.63 159.55;141.31 160.28;150.89 162.73;159.64 166.29;162.95 171.94;153.74 184.00,4,0
LS85_s02a_sc05,LS85,AF568,plates_final,plate_012,roi,Vl,0,,0,101.60,167.60,,,0,,,polygon,1,96.40 171.81;90.43 166.90;91.24 162.66;100.39 157.50;111.93 162.84;112.16 174.82;108.67 176.66,5,0
LS85_s02a_sc05,LS85,AF568,plates_final,plate_012,roi,Dm,0,,0,172.08,117.26,,,0,,,polygon,2,190.08 92.33;185.63 95.88;163.58 106.12;151.02 122.56;144.09 132.55;148.01 138.32;155.66 141.03;162.91 139.27;177.45 128.86;183.46 123.73;200.87 95.01;202.17 91.49,6,0
LS85_s02a_sc05,LS85,AF568,plates_final,plate_012,roi,Vl,0,,0,176.68,174.98,,,0,,,polygon,2,174.67 182.97;167.28 182.19;164.19 175.32;166.10 171.92;173.92 167.13;180.56 165.25;186.16 168.83;190.83 177.26;186.41 183.96,7,0
LS85_s02a_sc05,LS85,AF568,plates_final,plate_012,roi,Dl,0,,0,232.81,152.30,,,0,,,polygon,2,229.39 172.68;210.17 174.67;206.27 172.04;207.34 156.55;222.06 151.82;231.82 146.77;246.03 124.98;247.70 122.79;250.59 120.83;257.22 145.33;249.88 164.03;235.22 175.05,8,0
LS85_s02a_sc09,LS85,AF568,plates_final,plate_013,background,__background__,0,,0,30.86,97.23,8.00,,0,,,disc,,,,
LS85_s02a_sc09,LS85,AF568,plates_final,plate_013,background,__background__,0,,0,46.82,91.85,8.00,,0,,,disc,,,,
LS85_s02a_sc09,LS85,AF568,plates_final,plate_013,background,__background__,0,,0,64.19,84.34,8.00,,0,,,disc,,,,
LS85_s02a_sc09,LS85,AF568,plates_final,plate_013,background,__background__,0,,0,82.32,79.48,8.00,,0,,,disc,,,,
LS85_s02a_sc09,LS85,AF568,plates_final,plate_013,background,__background__,0,,0,155.93,150.95,8.00,,0,,,disc,,,,
LS85_s02a_sc09,LS85,AF568,plates_final,plate_013,background,__background__,0,,0,106.29,70.96,8.00,,0,,,disc,,,,
LS85_s02a_sc09,LS85,AF568,plates_final,plate_013,roi,Dl,0,,0,172.90,183.85,,,0,,,polygon,1,152.57 205.82;165.50 219.07;174.79 216.44;181.75 207.58;180.66 202.73;192.42 174.44;190.56 157.76;188.93 155.07;181.96 154.75;176.32 154.06;171.64 160.83;165.32 174.96;148.80 192.55;149.44 197.82,1,0
LS85_s02a_sc09,LS85,AF568,plates_final,plate_013,roi,Dm,0,,0,133.31,134.67,,,0,,,polygon,1,98.37 149.21;100.21 156.72;107.58 167.53;110.19 167.65;123.84 165.21;134.36 154.77;148.98 140.59;149.83 131.46;158.76 117.45;154.23 111.57;155.20 99.82;151.30 99.21;141.27 108.36;132.20 115.81,2,0
LS85_s02a_sc09,LS85,AF568,plates_final,plate_013,roi,Vd,1,Vd/Vv/POA,0,165.88,104.94,,,0,,,polygon,1,167.36 120.46;159.30 115.29;154.39 108.08;156.45 101.19;162.03 93.58;163.44 91.46;171.00 97.92;172.67 99.74;176.63 108.66;175.56 112.98,3,0
LS85_s02a_sc09,LS85,AF568,plates_final,plate_013,roi,Vv,1,Vd/Vv/POA,0,187.88,83.16,,,0,,,polygon,1,169.24 88.67;174.19 95.01;178.43 97.82;198.14 96.53;199.91 86.57;207.10 72.48;200.74 68.27;190.40 65.18;172.79 77.91,4,0
LS85_s02a_sc09,LS85,AF568,plates_final,plate_013,roi,Vl,0,,0,195.78,116.02,,,0,,,polygon,1,200.66 108.44;211.59 117.67;208.96 127.59;199.71 129.36;187.74 123.57;181.58 115.00;185.17 103.37;190.85 103.19,5,0
LS85_s02a_sc09,LS85,AF568,plates_final,plate_013,roi,Dm,0,,0,104.93,114.17,,,0,,,polygon,2,72.42 124.45;76.50 130.75;85.43 135.96;98.21 133.48;102.65 131.94;116.99 123.85;122.00 119.28;141.67 99.65;150.64 84.77;134.04 84.89;109.20 93.37;78.77 109.45;75.59 112.37,6,0
LS85_s02a_sc09,LS85,AF568,plates_final,plate_013,roi,Vd,1,Vd/Vv/POA,0,143.50,73.28,,,0,,,polygon,2,130.69 72.07;131.03 74.27;138.85 84.67;149.35 84.27;157.32 82.02;156.64 77.62;148.86 66.35;143.07 59.10;135.64 59.20,7,0
LS85_s02a_sc09,LS85,AF568,plates_final,plate_013,roi,Vv,1,Vd/Vv/POA,0,167.06,57.71,,,0,,,polygon,2,154.26 53.05;150.12 57.67;150.30 63.36;162.68 69.59;166.01 73.24;176.45 64.54;186.59 52.78;184.99 40.04;172.09 45.13,8,0
LS85_s02a_sc09,LS85,AF568,plates_final,plate_013,roi,Vl,0,,0,150.38,49.92,,,0,,,polygon,2,152.74 38.57;159.33 37.56;162.43 46.44;158.62 53.25;151.67 62.11;146.90 61.45;140.99 56.82;136.04 50.48;144.70 42.58,9,0
LS85_s02a_sc09,LS85,AF568,plates_final,plate_013,roi,Dl,0,,0,72.08,34.14,,,0,,,polygon,2,98.14 29.11;109.73 33.56;112.53 39.37;107.61 51.37;89.27 51.41;79.19 52.27;58.80 49.16;39.99 40.44;30.71 33.03;35.67 20.16;39.81 15.54;59.18 12.05;76.45 16.33,10,0
LS85_s02a_sc06,LS85,AF568,plates_final,plate_012,background,__background__,0,,0,51.59,139.40,8.00,,0,,,disc,,,,
LS85_s02a_sc06,LS85,AF568,plates_final,plate_012,background,__background__,0,,0,75.18,126.90,8.00,,0,,,disc,,,,
LS85_s02a_sc06,LS85,AF568,plates_final,plate_012,background,__background__,0,,0,85.81,121.66,8.00,,0,,,disc,,,,
LS85_s02a_sc06,LS85,AF568,plates_final,plate_012,background,__background__,0,,0,167.89,139.08,8.00,,0,,,disc,,,,
LS85_s02a_sc06,LS85,AF568,plates_final,plate_012,background,__background__,0,,0,171.17,170.12,8.00,,0,,,disc,,,,
LS85_s02a_sc06,LS85,AF568,plates_final,plate_012,roi,Dl,0,,0,198.49,156.86,,,0,,,polygon,1,198.85 190.73;209.57 193.72;221.57 173.62;220.29 170.81;214.71 158.84;208.67 151.83;203.22 139.26;198.45 129.37;187.87 125.78;180.05 129.75;179.81 142.33;183.11 153.16;184.74 162.99;188.04 173.83,1,0
LS85_s02a_sc06,LS85,AF568,plates_final,plate_012,roi,Dm,0,,0,137.39,155.28,,,0,,,polygon,1,128.49 174.63;132.13 186.80;138.89 187.66;145.90 181.62;147.64 179.47;146.31 153.91;151.71 117.83;142.13 112.57;132.11 117.94;124.78 134.02;121.23 161.66,2,0
LS85_s02a_sc06,LS85,AF568,plates_final,plate_012,roi,Vd,1,Vd/Vv/POA,0,129.42,110.86,,,0,,,polygon,1,124.95 118.90;130.97 120.22;140.41 120.40;149.85 120.58;156.53 118.89;150.82 107.53;147.60 104.93;133.88 101.28;126.04 99.55;115.67 97.90;107.30 98.59;101.51 110.58;108.08 115.19;118.32 117.44,3,0
LS85_s02a_sc06,LS85,AF568,plates_final,plate_012,roi,Vv,1,Vd/Vv/POA,0,147.61,84.25,,,0,,,polygon,1,120.27 91.34;134.54 98.26;147.19 101.05;157.91 104.03;162.11 99.27;167.70 85.34;168.48 76.04;160.70 65.48;147.84 60.76;139.14 60.11;117.85 85.12,4,0
LS85_s02a_sc06,LS85,AF568,plates_final,plate_012,roi,Vl,0,,0,174.40,106.95,,,0,,,polygon,1,168.20 97.45;179.03 94.15;188.95 100.75;188.65 116.48;181.09 119.24;165.63 117.73;161.67 109.91;161.98 99.88,5,0
LS85_s02a_sc06,LS85,AF568,plates_final,plate_012,roi,Dm,0,,0,99.29,146.52,,,0,,,polygon,2,62.22 165.75;67.98 168.28;93.32 159.32;103.74 152.13;112.43 147.10;119.58 140.46;125.31 131.61;113.64 121.46;95.40 132.61,6,0
LS85_s02a_sc06,LS85,AF568,plates_final,plate_012,roi,Vl,0,,0,99.71,86.53,,,0,,,polygon,2,103.50 75.65;109.40 77.58;113.10 86.60;106.63 95.92;96.87 100.09;90.09 93.55;90.61 85.45;92.35 83.30;94.82 80.69,7,0
LS85_s02a_sc06,LS85,AF568,plates_final,plate_012,roi,Dl,0,,0,43.02,98.60,,,0,,,polygon,2,64.77 82.29;67.05 83.43;69.02 94.60;65.61 95.74;51.91 103.47;37.54 114.21;28.45 115.37;14.67 120.55;2.74 111.61;12.93 91.11;29.66 89.73;52.54 89.08;62.32 90.60,8,0
