scene_uid,file,animal,slide,variant,marker_channel,scene_index,scene_name,center_x_um,center_y_um,width_um,height_um,slide_row,slide_col,serial_S_scan_order,serial_A_rows_LR,serial_B_cols_TB,serial_C_rows_serpentine,serial_D_cols_serpentine,slide_serial,section_order
LS105_s10a_sc00,LS105_10a.czi,LS105,10,a,AF568,0,ScanRegion0,-51594.06,7208.0,7132.45,8283.33,0,0,1,1,1,1,1,1,99
LS105_s10a_sc01,LS105_10a.czi,LS105,10,a,AF568,1,ScanRegion1,-50615.95,16408.05,7696.53,7650.78,1,0,2,6,2,10,2,2,100
LS105_s10a_sc02,LS105_10a.czi,LS105,10,a,AF568,2,ScanRegion2,-43387.31,7928.49,7873.52,7578.76,0,1,3,2,3,2,4,3,101
LS105_s10a_sc03,LS105_10a.czi,LS105,10,a,AF568,3,ScanRegion3,-40889.08,16656.8,8365.88,7263.55,1,1,4,7,4,9,3,4,102
LS105_s10a_sc04,LS105_10a.czi,LS105,10,a,AF568,4,ScanRegion4,-34073.01,6672.31,7990.79,8018.49,0,2,5,3,5,3,5,5,103
LS105_s10a_sc05,LS105_10a.czi,LS105,10,a,AF568,5,ScanRegion5,-32307.52,15301.03,8013.03,6278.21,1,2,6,8,6,8,6,6,104
LS105_s10a_sc06,LS105_10a.czi,LS105,10,a,AF568,6,ScanRegion6,-24886.49,6716.0,7730.34,8391.33,0,3,7,4,7,4,8,7,105
LS105_s10a_sc07,LS105_10a.czi,LS105,10,a,AF568,7,ScanRegion7,-23043.12,16077.95,7837.61,8418.72,1,3,8,9,8,7,7,8,106
LS105_s10a_sc08,LS105_10a.czi,LS105,10,a,AF568,8,ScanRegion8,-16286.37,6541.29,8400.54,8562.33,0,4,9,5,9,5,9,9,107
LS105_s10a_sc09,LS105_10a.czi,LS105,10,a,AF568,9,ScanRegion9,-14479.04,16130.15,8011.79,7507.39,1,4,10,10,10,6,10,10,108
LS105_s10b_sc00,LS105_10b.czi,LS105,10,b,AF488,0,ScanRegion0,-52081.2,5527.14,6607.5,7021.37,0,0,1,1,1,1,1,1,112
LS105_s10b_sc01,LS105_10b.czi,LS105,10,b,AF488,1,ScanRegion1,-51444.01,15349.83,6530.55,7436.02,1,0,2,6,2,10,2,2,113
LS105_s10b_sc02,LS105_10b.czi,LS105,10,b,AF488,2,ScanRegion2,-44446.53,7026.56,7096.83,6556.41,0,1,3,2,3,2,4,3,114
LS105_s10b_sc03,LS105_10b.czi,LS105,10,b,AF488,3,ScanRegion3,-44225.98,16013.91,7062.16,7260.47,1,1,4,7,4,9,3,4,115
LS105_s10b_sc04,LS105_10b.czi,LS105,10,b,AF488,4,ScanRegion4,-36871.33,6410.39,7270.37,7118.98,0,2,5,3,5,3,5,5,116
LS105_s10b_sc05,LS105_10b.czi,LS105,10,b,AF488,5,ScanRegion5,-36244.8,14923.49,7342.55,6806.41,1,2,6,8,6,8,6,6,117
LS105_s10b_sc06,LS105_10b.czi,LS105,10,b,AF488,6,ScanRegion6,-28503.15,6689.57,7412.3,7512.45,0,3,7,4,7,4,8,7,118
LS105_s10b_sc07,LS105_10b.czi,LS105,10,b,AF488,7,ScanRegion7,-26677.23,16282.73,7694.57,6802.96,1,3,8,9,8,7,7,8,119
LS105_s10b_sc08,LS105_10b.czi,LS105,10,b,AF488,8,ScanRegion8,-19042.37,7572.23,7203.6,6346.56,0,4,9,5,9,5,9,9,120
LS105_s10b_sc09,LS105_10b.czi,LS105,10,b,AF488,9,ScanRegion9,-17797.7,15668.91,8721.53,6799.44,1,4,10,10,10,6,10,10,121
LS105_s01a_sc00,LS105_1a.czi,LS105,1,a,AF568,0,ScanRegion0,-51063.91,6309.55,4731.81,5778.78,0,0,1,1,1,1,1,1,1
LS105_s01a_sc01,LS105_1a.czi,LS105,1,a,AF568,1,ScanRegion1,-51636.23,14326.31,4096.02,5178.84,1,0,2,8,2,14,2,2,2
LS105_s01a_sc02,LS105_1a.czi,LS105,1,a,AF568,2,ScanRegion2,-44481.38,7117.13,4978.49,5882.9,0,1,3,2,3,2,4,3,3
LS105_s01a_sc03,LS105_1a.czi,LS105,1,a,AF568,3,ScanRegion3,-44541.72,15080.92,5084.37,6094.94,1,1,4,9,4,13,3,4,4
LS105_s01a_sc04,LS105_1a.czi,LS105,1,a,AF568,4,ScanRegion4,-37278.33,7642.1,5402.41,7117.14,0,2,5,3,5,3,5,5,5
LS105_s01a_sc05,LS105_1a.czi,LS105,1,a,AF568,5,ScanRegion5,-37499.89,16328.78,5259.65,6308.39,1,2,6,10,6,12,6,6,6
LS105_s01a_sc06,LS105_1a.czi,LS105,1,a,AF568,6,ScanRegion6,-29811.13,7779.88,6074.67,7928.54,0,3,7,4,7,4,8,7,7
LS105_s01a_sc07,LS105_1a.czi,LS105,1,a,AF568,7,ScanRegion7,-30437.85,16026.05,6814.49,7013.1,1,3,8,11,8,11,7,8,8
LS105_s01a_sc08,LS105_1a.czi,LS105,1,a,AF568,8,ScanRegion8,-22468.79,7849.0,6566.68,8316.29,0,4,9,5,9,5,9,9,9
LS105_s01a_sc09,LS105_1a.czi,LS105,1,a,AF568,9,ScanRegion9,-23466.03,16726.65,5861.98,7684.04,1,4,10,12,10,10,10,10,10
LS105_s01a_sc10,LS105_1a.czi,LS105,1,a,AF568,10,ScanRegion10,-13145.15,7216.49,5647.09,8422.68,0,5,11,6,11,6,12,11,11
LS105_s01a_sc11,LS105_1a.czi,LS105,1,a,AF568,11,ScanRegion11,-15009.81,16444.4,5827.57,8776.14,1,5,12,13,12,9,11,12,12
LS105_s01a_sc12,LS105_1a.czi,LS105,1,a,AF568,12,ScanRegion12,-8372.85,17233.15,5758.02,8353.3,1,6,13,14,14,8,14,13,13
LS105_s01a_sc13,LS105_1a.czi,LS105,1,a,AF568,13,ScanRegion13,-4710.26,7954.64,6145.43,8248.3,0,6,14,7,13,7,13,14,14
LS105_s01b_sc00,LS105_1b.czi,LS105,1,b,AF488,0,ScanRegion0,-51645.63,4879.6,2860.54,3911.99,0,0,1,1,1,1,1,1,1
LS105_s01b_sc01,LS105_1b.czi,LS105,1,b,AF488,1,ScanRegion1,-51569.45,12969.99,3613.84,3978.63,1,0,2,8,2,8,2,2,2
LS105_s01b_sc02,LS105_1b.czi,LS105,1,b,AF488,2,ScanRegion2,-51359.62,19367.74,4024.13,4545.71,2,0,3,9,3,9,3,3,3
LS105_s01b_sc03,LS105_1b.czi,LS105,1,b,AF488,3,ScanRegion3,-44976.08,7219.85,4484.56,6024.16,0,1,4,2,4,2,5,4,4
LS105_s01b_sc04,LS105_1b.czi,LS105,1,b,AF488,4,ScanRegion4,-44824.86,15573.26,4662.44,6309.7,2,1,5,10,5,10,4,5,5
LS105_s01b_sc05,LS105_1b.czi,LS105,1,b,AF488,5,ScanRegion5,-39256.41,7600.91,4979.59,6338.42,0,2,6,3,6,3,6,6,6
LS105_s01b_sc06,LS105_1b.czi,LS105,1,b,AF488,6,ScanRegion6,-39211.1,16166.66,4236.9,7332.35,2,2,7,11,7,11,7,7,7
LS105_s01b_sc07,LS105_1b.czi,LS105,1,b,AF488,7,ScanRegion7,-32477.13,7669.81,6107.77,7012.96,0,3,8,4,8,4,9,8,8
LS105_s01b_sc08,LS105_1b.czi,LS105,1,b,AF488,8,ScanRegion8,-33686.69,16387.29,4908.98,6979.62,2,3,9,12,9,12,8,9,9
LS105_s01b_sc09,LS105_1b.czi,LS105,1,b,AF488,9,ScanRegion9,-24833.15,7508.9,5507.61,7505.99,0,4,10,5,10,5,10,10,10
LS105_s01b_sc10,LS105_1b.czi,LS105,1,b,AF488,10,ScanRegion10,-25672.78,16457.41,5756.07,7365.83,2,4,11,13,11,13,11,11,11
LS105_s01b_sc11,LS105_1b.czi,LS105,1,b,AF488,11,ScanRegion11,-17312.62,7753.29,5577.65,7821.2,0,5,12,6,12,6,13,12,12
LS105_s01b_sc12,LS105_1b.czi,LS105,1,b,AF488,12,ScanRegion12,-17059.73,16916.67,5332.54,7823.55,2,5,13,14,13,14,12,13,13
LS105_s01b_sc13,LS105_1b.czi,LS105,1,b,AF488,13,ScanRegion13,-8965.0,8139.12,5544.84,7155.98,0,6,14,7,14,7,14,14,14
LS105_s01b_sc14,LS105_1b.czi,LS105,1,b,AF488,14,ScanRegion14,-7913.68,16898.93,6390.36,7399.38,2,6,15,15,15,15,15,15,15
LS105_s02a_sc00,LS105_2a.czi,LS105,2,a,AF568,0,ScanRegion0,-50571.41,6590.36,6002.6,7682.58,0,0,1,1,1,1,1,1,15
LS105_s02a_sc01,LS105_2a.czi,LS105,2,a,AF568,1,ScanRegion1,-49822.67,16815.11,6248.35,7682.21,1,0,2,7,2,12,2,2,16
LS105_s02a_sc02,LS105_2a.czi,LS105,2,a,AF568,2,ScanRegion2,-43192.03,6216.34,6498.8,8248.23,0,1,3,2,3,2,4,3,17
LS105_s02a_sc03,LS105_2a.czi,LS105,2,a,AF568,3,ScanRegion3,-42599.94,15736.62,5297.13,7823.11,1,1,4,8,4,11,3,4,18
LS105_s02a_sc04,LS105_2a.czi,LS105,2,a,AF568,4,ScanRegion4,-35474.84,6394.64,6883.0,8632.6,0,2,5,3,5,3,5,5,19
LS105_s02a_sc05,LS105_2a.czi,LS105,2,a,AF568,5,ScanRegion5,-35151.82,17407.22,6565.11,8179.36,1,2,6,9,6,10,6,6,20
LS105_s02a_sc06,LS105_2a.czi,LS105,2,a,AF568,6,ScanRegion6,-26262.64,7329.02,6391.75,8283.25,0,3,7,4,7,4,8,7,21
LS105_s02a_sc07,LS105_2a.czi,LS105,2,a,AF568,7,ScanRegion7,-25337.47,15773.98,5154.7,7471.85,1,3,8,10,8,9,7,8,22
LS105_s02a_sc08,LS105_2a.czi,LS105,2,a,AF568,8,ScanRegion8,-18052.3,6128.83,6212.37,8742.0,0,4,9,5,9,5,9,9,23
LS105_s02a_sc09,LS105_2a.czi,LS105,2,a,AF568,9,ScanRegion9,-19227.06,15166.4,5577.51,7015.3,1,4,10,11,10,8,10,10,24
LS105_s02a_sc10,LS105_2a.czi,LS105,2,a,AF568,10,ScanRegion10,-10621.4,7170.12,4835.06,8316.0,0,5,11,6,11,6,12,11,25
LS105_s02a_sc11,LS105_2a.czi,LS105,2,a,AF568,11,ScanRegion11,-9113.16,16334.56,5262.11,7611.65,1,5,12,12,12,7,11,12,26
LS105_s02b_sc00,LS105_2b.czi,LS105,2,b,AF488,0,ScanRegion0,-50694.46,6981.01,5969.47,7964.89,0,0,1,1,1,1,1,1,16
LS105_s02b_sc01,LS105_2b.czi,LS105,2,b,AF488,1,ScanRegion1,-50599.47,17674.23,6672.38,7364.43,1,0,2,7,2,12,2,2,17
LS105_s02b_sc02,LS105_2b.czi,LS105,2,b,AF488,2,ScanRegion2,-44552.7,7237.4,4838.48,8389.42,0,1,3,2,3,2,4,3,18
LS105_s02b_sc03,LS105_2b.czi,LS105,2,b,AF488,3,ScanRegion3,-43783.87,16984.82,5893.73,7788.01,1,1,4,8,4,11,3,4,19
LS105_s02b_sc04,LS105_2b.czi,LS105,2,b,AF488,4,ScanRegion4,-37508.4,7234.6,5083.77,8355.21,0,2,5,3,5,3,5,5,20
LS105_s02b_sc05,LS105_2b.czi,LS105,2,b,AF488,5,ScanRegion5,-35770.48,16806.18,5897.65,8180.24,1,2,6,9,6,10,6,6,21
LS105_s02b_sc06,LS105_2b.czi,LS105,2,b,AF488,6,ScanRegion6,-29809.88,6263.98,5435.4,7580.22,0,3,7,4,7,4,8,7,22
LS105_s02b_sc07,LS105_2b.czi,LS105,2,b,AF488,7,ScanRegion7,-28142.9,15925.27,5117.29,8423.05,1,3,8,10,8,9,7,8,23
LS105_s02b_sc08,LS105_2b.czi,LS105,2,b,AF488,8,ScanRegion8,-20772.29,6177.33,5155.12,8353.81,0,4,9,5,9,5,9,9,24
LS105_s02b_sc09,LS105_2b.czi,LS105,2,b,AF488,9,ScanRegion9,-18999.1,16048.62,5049.49,8072.82,1,4,10,11,10,8,10,10,25
LS105_s02b_sc10,LS105_2b.czi,LS105,2,b,AF488,10,ScanRegion10,-10974.65,5669.31,5473.16,7860.7,0,5,11,6,11,6,12,11,26
LS105_s02b_sc11,LS105_2b.czi,LS105,2,b,AF488,11,ScanRegion11,-9414.44,16140.61,5367.6,6801.72,1,5,12,12,12,7,11,12,27
LS105_s03a_sc00,LS105_3a.czi,LS105,3,a,AF568,0,ScanRegion0,-50976.3,7895.82,5543.09,8599.78,0,0,1,1,1,1,1,1,27
LS105_s03a_sc01,LS105_3a.czi,LS105,3,a,AF568,1,ScanRegion1,-50493.12,18064.18,5823.4,8001.75,1,0,2,7,2,12,2,2,28
LS105_s03a_sc02,LS105_3a.czi,LS105,3,a,AF568,2,ScanRegion2,-44323.11,7572.98,5155.66,8003.29,0,1,3,2,3,2,4,3,29
LS105_s03a_sc03,LS105_3a.czi,LS105,3,a,AF568,3,ScanRegion3,-42071.96,16283.3,5366.75,8212.18,1,1,4,8,4,11,3,4,30
LS105_s03a_sc04,LS105_3a.czi,LS105,3,a,AF568,4,ScanRegion4,-36536.93,7360.56,5189.9,8105.35,0,2,5,3,5,3,5,5,31
LS105_s03a_sc05,LS105_3a.czi,LS105,3,a,AF568,5,ScanRegion5,-34728.56,17321.75,4730.53,7437.34,1,2,6,9,6,10,6,6,32
LS105_s03a_sc06,LS105_3a.czi,LS105,3,a,AF568,6,ScanRegion6,-29208.56,5931.92,5508.61,8036.99,0,3,7,4,7,4,8,7,33
LS105_s03a_sc07,LS105_3a.czi,LS105,3,a,AF568,7,ScanRegion7,-25724.8,15560.98,5577.87,7894.03,1,3,8,10,8,9,7,8,34
LS105_s03a_sc08,LS105_3a.czi,LS105,3,a,AF568,8,ScanRegion8,-19782.86,5528.67,5297.31,8528.34,0,4,9,5,9,5,9,9,35
LS105_s03a_sc09,LS105_3a.czi,LS105,3,a,AF568,9,ScanRegion9,-17604.98,16335.92,5296.52,8563.29,1,4,10,11,10,8,10,10,36
LS105_s03a_sc10,LS105_3a.czi,LS105,3,a,AF568,10,ScanRegion10,-10620.83,5247.56,6108.77,8213.87,0,5,11,6,11,6,12,11,37
LS105_s03a_sc11,LS105_3a.czi,LS105,3,a,AF568,11,ScanRegion11,-9307.42,16316.42,5931.49,9409.2,1,5,12,12,12,7,11,12,38
LS105_s03b_sc00,LS105_3b.czi,LS105,3,b,AF488,0,ScanRegion0,-50728.68,6803.18,4908.06,8462.26,0,0,1,1,1,1,1,1,28
LS105_s03b_sc01,LS105_3b.czi,LS105,3,b,AF488,1,ScanRegion1,-50386.23,17217.47,6037.27,8566.81,1,0,2,7,2,12,2,2,29
LS105_s03b_sc02,LS105_3b.czi,LS105,3,b,AF488,2,ScanRegion2,-44073.47,5724.11,5294.75,8809.77,0,1,3,2,3,2,4,3,30
LS105_s03b_sc03,LS105_3b.czi,LS105,3,b,AF488,3,ScanRegion3,-42546.88,14926.25,5258.9,8456.17,1,1,4,8,4,11,3,4,31
LS105_s03b_sc04,LS105_3b.czi,LS105,3,b,AF488,4,ScanRegion4,-35071.01,6552.68,6003.17,8318.42,0,2,5,3,5,3,5,5,32
LS105_s03b_sc05,LS105_3b.czi,LS105,3,b,AF488,5,ScanRegion5,-33633.94,16054.69,6004.88,8562.19,1,2,6,9,6,10,6,6,33
LS105_s03b_sc06,LS105_3b.czi,LS105,3,b,AF488,6,ScanRegion6,-27074.35,5988.97,4624.97,8000.87,0,3,7,4,7,4,8,7,34
LS105_s03b_sc07,LS105_3b.czi,LS105,3,b,AF488,7,ScanRegion7,-24595.59,16249.25,4662.41,7649.83,1,3,8,10,8,9,7,8,35
LS105_s03b_sc08,LS105_3b.czi,LS105,3,b,AF488,8,ScanRegion8,-21158.68,6139.7,4799.68,8002.48,0,4,9,5,9,5,9,9,36
LS105_s03b_sc09,LS105_3b.czi,LS105,3,b,AF488,9,ScanRegion9,-18327.83,15697.66,5048.57,7718.19,1,4,10,11,10,8,10,10,37
LS105_s03b_sc10,LS105_3b.czi,LS105,3,b,AF488,10,ScanRegion10,-12581.13,6370.58,4871.97,7858.06,0,5,11,6,11,6,12,11,38
LS105_s03b_sc11,LS105_3b.czi,LS105,3,b,AF488,11,ScanRegion11,-10032.52,16087.27,4838.12,7683.45,1,5,12,12,12,7,11,12,39
LS105_s04a_sc00,LS105_4a.czi,LS105,4,a,AF568,0,ScanRegion0,-51595.79,7435.31,5297.95,8175.54,0,0,1,1,1,1,1,1,39
LS105_s04a_sc01,LS105_4a.czi,LS105,4,a,AF568,1,ScanRegion1,-51110.01,16406.47,6073.82,8138.98,1,0,2,7,2,13,2,2,40
LS105_s04a_sc02,LS105_4a.czi,LS105,4,a,AF568,2,ScanRegion2,-43793.36,8227.88,6213.73,8245.22,0,1,3,2,3,2,4,3,41
LS105_s04a_sc03,LS105_4a.czi,LS105,4,a,AF568,3,ScanRegion3,-42901.39,16635.36,5753.47,7505.26,1,1,4,8,4,12,3,4,42
LS105_s04a_sc04,LS105_4a.czi,LS105,4,a,AF568,4,ScanRegion4,-36449.16,7764.79,6352.99,8919.54,0,2,5,3,5,3,5,5,43
LS105_s04a_sc05,LS105_4a.czi,LS105,4,a,AF568,5,ScanRegion5,-34729.68,16934.78,6141.16,8566.08,1,2,6,9,6,11,6,6,44
LS105_s04a_sc06,LS105_4a.czi,LS105,4,a,AF568,6,ScanRegion6,-28468.48,6900.23,6355.48,9836.3,0,3,7,4,7,4,8,7,45
LS105_s04a_sc07,LS105_4a.czi,LS105,4,a,AF568,7,ScanRegion7,-26255.57,16898.46,7344.4,9160.59,1,3,8,10,8,10,7,8,46
LS105_s04a_sc08,LS105_4a.czi,LS105,4,a,AF568,8,ScanRegion8,-20101.31,6181.22,6355.66,10181.91,0,4,9,5,9,5,9,9,47
LS105_s04a_sc09,LS105_4a.czi,LS105,4,a,AF568,9,ScanRegion9,-18363.83,17162.38,5546.72,10856.74,1,4,10,11,10,9,10,10,48
LS105_s04a_sc10,LS105_4a.czi,LS105,4,a,AF568,10,ScanRegion10,-13448.22,7074.12,5615.02,9411.55,0,5,11,6,11,6,12,11,49
LS105_s04a_sc11,LS105_4a.czi,LS105,4,a,AF568,11,ScanRegion11,-12046.59,17192.95,5755.68,10325.38,1,5,12,12,12,8,11,12,50
LS105_s04a_sc12,LS105_4a.czi,LS105,4,a,AF568,12,ScanRegion12,-5951.4,13574.61,5789.31,10823.11,1,6,13,13,13,7,13,13,51
LS105_s04b_sc00,LS105_4b.czi,LS105,4,b,AF488,0,ScanRegion0,-50731.83,7561.78,5967.12,8847.44,0,0,1,1,1,1,1,1,40
LS105_s04b_sc01,LS105_4b.czi,LS105,4,b,AF488,1,ScanRegion1,-51182.06,17021.1,5719.59,7893.45,2,0,2,8,3,8,3,2,41
LS105_s04b_sc02,LS105_4b.czi,LS105,4,b,AF488,2,ScanRegion2,-44323.6,7871.99,5297.1,9023.8,0,1,3,2,4,2,5,3,42
LS105_s04b_sc03,LS105_4b.czi,LS105,4,b,AF488,3,ScanRegion3,-43695.27,16880.78,6071.22,7152.9,2,1,4,9,5,9,4,4,43
LS105_s04b_sc04,LS105_4b.czi,LS105,4,b,AF488,4,ScanRegion4,-37226.1,7818.5,7204.17,9867.8,0,2,5,3,6,3,6,5,44
LS105_s04b_sc05,LS105_4b.czi,LS105,4,b,AF488,5,ScanRegion5,-35294.07,17162.1,6565.25,8669.9,2,2,6,10,7,10,7,6,45
LS105_s04b_sc06,LS105_4b.czi,LS105,4,b,AF488,6,ScanRegion6,-29053.03,6757.68,7309.34,10188.22,0,3,7,4,8,4,9,7,46
LS105_s04b_sc07,LS105_4b.czi,LS105,4,b,AF488,7,ScanRegion7,-27014.91,17125.34,7168.76,9131.95,2,3,8,11,9,11,8,8,47
LS105_s04b_sc08,LS105_4b.czi,LS105,4,b,AF488,8,ScanRegion8,-21001.87,7288.63,7024.37,9585.19,0,4,9,5,10,5,10,9,48
LS105_s04b_sc09,LS105_4b.czi,LS105,4,b,AF488,9,ScanRegion9,-17695.38,17144.5,5543.02,9832.26,2,4,10,12,11,12,11,10,49
LS105_s04b_sc10,LS105_4b.czi,LS105,4,b,AF488,10,ScanRegion10,-12844.64,6654.32,7238.8,10604.9,0,5,11,6,12,6,13,11,50
LS105_s04b_sc11,LS105_4b.czi,LS105,4,b,AF488,11,ScanRegion11,-11337.55,16523.85,6105.99,9548.56,2,5,12,13,13,13,12,12,51
LS105_s04b_sc12,LS105_4b.czi,LS105,4,b,AF488,12,ScanRegion12,-5366.94,12483.02,5542.95,10255.25,1,0,13,7,2,7,2,13,52
LS105_s05a_sc00,LS105_5a.czi,LS105,5,a,AF568,0,ScanRegion0,-51878.73,8175.68,6281.95,9166.09,0,0,1,1,1,1,1,1,52
LS105_s05a_sc01,LS105_5a.czi,LS105,5,a,AF568,1,ScanRegion1,-51957.15,17495.45,6420.37,8360.05,1,0,2,7,2,12,2,2,53
LS105_s05a_sc02,LS105_5a.czi,LS105,5,a,AF568,2,ScanRegion2,-44003.74,5776.82,6429.4,11809.55,0,1,3,2,3,2,4,3,54
LS105_s05a_sc03,LS105_5a.czi,LS105,5,a,AF568,3,ScanRegion3,-43978.86,17476.24,7976.09,10187.19,1,1,4,8,4,11,3,4,55
LS105_s05a_sc04,LS105_5a.czi,LS105,5,a,AF568,4,ScanRegion4,-35830.74,6622.29,6532.44,11772.99,0,2,5,3,5,3,5,5,56
LS105_s05a_sc05,LS105_5a.czi,LS105,5,a,AF568,5,ScanRegion5,-35962.27,18095.85,6637.18,8992.01,1,2,6,9,6,10,6,6,57
LS105_s05a_sc06,LS105_5a.czi,LS105,5,a,AF568,6,ScanRegion6,-28275.38,6620.81,6957.56,9972.8,0,3,7,4,7,4,8,7,58
LS105_s05a_sc07,LS105_5a.czi,LS105,5,a,AF568,7,ScanRegion7,-26767.74,17517.24,7661.33,11030.61,1,3,8,10,8,9,7,8,59
LS105_s05a_sc08,LS105_5a.czi,LS105,5,a,AF568,8,ScanRegion8,-20101.27,5915.76,6845.1,10083.0,0,4,9,5,9,5,9,9,60
LS105_s05a_sc09,LS105_5a.czi,LS105,5,a,AF568,9,ScanRegion9,-18648.7,17054.96,6529.59,10082.86,1,4,10,11,10,8,10,10,61
LS105_s05a_sc10,LS105_5a.czi,LS105,5,a,AF568,10,ScanRegion10,-11999.21,6303.03,6531.8,10047.25,0,5,11,6,11,6,12,11,62
LS105_s05a_sc11,LS105_5a.czi,LS105,5,a,AF568,11,ScanRegion11,-11320.25,17705.08,6633.94,10222.43,1,5,12,12,12,7,11,12,63
LS105_s05b_sc00,LS105_5b.czi,LS105,5,b,AF488,0,ScanRegion0,-52055.22,7259.28,6633.44,11839.29,0,0,1,1,1,1,1,1,53
LS105_s05b_sc01,LS105_5b.czi,LS105,5,b,AF488,1,ScanRegion1,-50757.08,17872.07,6709.35,9511.99,1,0,2,7,2,12,2,2,54
LS105_s05b_sc02,LS105_5b.czi,LS105,5,b,AF488,2,ScanRegion2,-44340.65,6410.1,6671.95,10538.01,0,1,3,2,3,2,4,3,55
LS105_s05b_sc03,LS105_5b.czi,LS105,5,b,AF488,3,ScanRegion3,-43608.57,17286.52,6323.06,9794.82,1,1,4,8,4,11,3,4,56
LS105_s05b_sc04,LS105_5b.czi,LS105,5,b,AF488,4,ScanRegion4,-37224.96,6637.45,6141.51,10890.37,0,2,5,3,5,3,5,5,57
LS105_s05b_sc05,LS105_5b.czi,LS105,5,b,AF488,5,ScanRegion5,-35592.53,16793.54,7449.46,9760.75,1,2,6,9,6,10,6,6,58
LS105_s05b_sc06,LS105_5b.czi,LS105,5,b,AF488,6,ScanRegion6,-29544.77,6142.46,6815.1,10853.88,0,3,7,4,7,4,8,7,59
LS105_s05b_sc07,LS105_5b.czi,LS105,5,b,AF488,7,ScanRegion7,-27385.59,16387.51,7058.93,10187.34,1,3,8,10,8,9,7,8,60
LS105_s05b_sc08,LS105_5b.czi,LS105,5,b,AF488,8,ScanRegion8,-21107.32,5983.31,7099.53,10575.38,0,4,9,5,9,5,9,9,61
LS105_s05b_sc09,LS105_5b.czi,LS105,5,b,AF488,9,ScanRegion9,-19722.32,16156.92,7130.93,10888.31,1,4,10,11,10,8,10,10,62
LS105_s05b_sc10,LS105_5b.czi,LS105,5,b,AF488,10,ScanRegion10,-12299.29,5736.49,7059.42,10254.15,0,5,11,6,11,6,12,11,63
LS105_s05b_sc11,LS105_5b.czi,LS105,5,b,AF488,11,ScanRegion11,-11602.23,16631.3,7558.29,10182.86,1,5,12,12,12,7,11,12,64
LS105_s06a_sc00,LS105_6a.czi,LS105,6,a,AF568,0,ScanRegion0,-52126.3,7859.41,7067.29,11065.92,0,0,1,1,1,1,1,1,64
LS105_s06a_sc01,LS105_6a.czi,LS105,6,a,AF568,1,ScanRegion1,-51165.18,18382.47,8014.85,7649.76,1,0,2,7,2,12,2,2,65
LS105_s06a_sc02,LS105_6a.czi,LS105,6,a,AF568,2,ScanRegion2,-43581.65,6852.99,6991.84,11774.16,0,1,3,2,3,2,4,3,66
LS105_s06a_sc03,LS105_6a.czi,LS105,6,a,AF568,3,ScanRegion3,-42302.66,18307.61,7802.69,7895.06,1,1,4,8,4,11,3,4,67
LS105_s06a_sc04,LS105_6a.czi,LS105,6,a,AF568,4,ScanRegion4,-35704.81,6059.68,7129.75,10436.76,0,2,5,3,5,3,5,5,68
LS105_s06a_sc05,LS105_6a.czi,LS105,6,a,AF568,5,ScanRegion5,-34302.92,16705.36,5931.53,8813.0,1,2,6,9,6,10,6,6,69
LS105_s06a_sc06,LS105_6a.czi,LS105,6,a,AF568,6,ScanRegion6,-28418.03,6022.89,5751.55,11667.92,0,3,7,4,7,4,8,7,70
LS105_s06a_sc07,LS105_6a.czi,LS105,6,a,AF568,7,ScanRegion7,-26908.91,17140.94,7098.89,9024.09,1,3,8,10,8,9,7,8,71
LS105_s06a_sc08,LS105_6a.czi,LS105,6,a,AF568,8,ScanRegion8,-19449.54,5547.73,6955.36,10679.42,0,4,9,5,9,5,9,9,72
LS105_s06a_sc09,LS105_6a.czi,LS105,6,a,AF568,9,ScanRegion9,-17834.92,17216.78,7171.0,8707.78,1,4,10,11,10,8,10,10,73
LS105_s06a_sc10,LS105_6a.czi,LS105,6,a,AF568,10,ScanRegion10,-10092.49,6165.06,7310.73,10679.28,0,5,11,6,11,6,12,11,74
LS105_s06a_sc11,LS105_6a.czi,LS105,6,a,AF568,11,ScanRegion11,-8479.41,17270.6,8085.42,9484.9,1,5,12,12,12,7,11,12,75
LS105_s06b_sc00,LS105_6b.czi,LS105,6,b,AF488,0,ScanRegion0,-51085.15,7772.14,8226.0,10119.86,0,0,1,1,1,1,1,1,65
LS105_s06b_sc01,LS105_6b.czi,LS105,6,b,AF488,1,ScanRegion1,-50757.52,18306.78,8757.69,9627.19,1,0,2,7,2,12,2,2,66
LS105_s06b_sc02,LS105_6b.czi,LS105,6,b,AF488,2,ScanRegion2,-43031.59,6095.52,6812.14,10817.09,0,1,3,2,3,2,4,3,67
LS105_s06b_sc03,LS105_6b.czi,LS105,6,b,AF488,3,ScanRegion3,-41665.32,16548.39,6813.03,10923.04,1,1,4,8,4,11,3,4,68
LS105_s06b_sc04,LS105_6b.czi,LS105,6,b,AF488,4,ScanRegion4,-35529.13,6199.04,6641.16,10571.71,0,2,5,3,5,3,5,5,69
LS105_s06b_sc05,LS105_6b.czi,LS105,6,b,AF488,5,ScanRegion5,-33477.77,16761.38,6954.43,12159.78,1,2,6,9,6,10,6,6,70
LS105_s06b_sc06,LS105_6b.czi,LS105,6,b,AF488,6,ScanRegion6,-27197.55,5633.64,7981.68,10893.08,0,3,7,4,7,4,8,7,71
LS105_s06b_sc07,LS105_6b.czi,LS105,6,b,AF488,7,ScanRegion7,-25372.83,16354.43,8117.06,12298.77,1,3,8,10,8,9,7,8,72
LS105_s06b_sc08,LS105_6b.czi,LS105,6,b,AF488,8,ScanRegion8,-18318.42,5848.87,7026.15,10433.09,0,4,9,5,9,5,9,9,73
LS105_s06b_sc09,LS105_6b.czi,LS105,6,b,AF488,9,ScanRegion9,-15911.37,16848.93,6994.75,10359.81,1,4,10,11,10,8,10,10,74
LS105_s06b_sc10,LS105_6b.czi,LS105,6,b,AF488,10,ScanRegion10,-9810.99,6411.14,7874.44,11099.77,0,5,11,6,11,6,12,11,75
LS105_s06b_sc11,LS105_6b.czi,LS105,6,b,AF488,11,ScanRegion11,-7718.79,16110.14,7981.68,11450.73,1,5,12,12,12,7,11,12,76
LS105_s07b_sc00,LS105_7b.czi,LS105,7,b,AF488,0,ScanRegion0,-52401.97,7130.89,8038.81,11078.46,0,0,1,1,1,1,1,1,77
LS105_s07b_sc01,LS105_7b.czi,LS105,7,b,AF488,1,ScanRegion1,-50916.93,17147.6,8649.99,10818.05,2,0,2,7,3,7,3,2,78
LS105_s07b_sc02,LS105_7b.czi,LS105,7,b,AF488,2,ScanRegion2,-43683.51,5797.68,7485.12,10357.53,0,1,3,2,4,2,5,3,79
LS105_s07b_sc03,LS105_7b.czi,LS105,7,b,AF488,3,ScanRegion3,-42563.76,16162.22,6566.68,11275.55,2,1,4,8,5,8,4,4,80
LS105_s07b_sc04,LS105_7b.czi,LS105,7,b,AF488,4,ScanRegion4,-35547.58,5706.18,7169.5,10783.39,0,2,5,3,6,3,6,5,81
LS105_s07b_sc05,LS105_7b.czi,LS105,7,b,AF488,5,ScanRegion5,-34056.19,15404.49,8050.47,10854.24,2,2,6,9,7,9,7,6,82
LS105_s07b_sc06,LS105_7b.czi,LS105,7,b,AF488,6,ScanRegion6,-28098.0,7132.35,7098.65,11065.33,0,3,7,4,8,4,9,7,83
LS105_s07b_sc07,LS105_7b.czi,LS105,7,b,AF488,7,ScanRegion7,-24736.56,16708.7,7696.77,11103.3,2,3,8,10,9,10,8,8,84
LS105_s07b_sc08,LS105_7b.czi,LS105,7,b,AF488,8,ScanRegion8,-18230.28,5389.94,7413.48,9799.08,0,4,9,5,10,5,10,9,85
LS105_s07b_sc09,LS105_7b.czi,LS105,7,b,AF488,9,ScanRegion9,-15434.28,15019.88,6812.04,11279.07,2,4,10,11,11,11,11,10,86
LS105_s07b_sc10,LS105_7b.czi,LS105,7,b,AF488,10,ScanRegion10,-7252.11,10381.58,9170.5,19035.66,1,0,11,6,2,6,2,11,87
LS105_s08a_sc00,LS105_8a.czi,LS105,8,a,AF568,0,ScanRegion0,-51261.56,7156.12,6106.71,10430.44,0,0,1,1,1,1,1,1,76
LS105_s08a_sc01,LS105_8a.czi,LS105,8,a,AF568,1,ScanRegion1,-50987.05,18430.6,7664.92,7900.64,1,0,2,7,2,12,2,2,77
LS105_s08a_sc02,LS105_8a.czi,LS105,8,a,AF568,2,ScanRegion2,-44288.39,7891.86,6424.92,9694.08,0,1,3,2,3,2,4,3,78
LS105_s08a_sc03,LS105_8a.czi,LS105,8,a,AF568,3,ScanRegion3,-41420.12,18278.87,7171.25,7750.93,1,1,4,8,4,11,3,4,79
LS105_s08a_sc04,LS105_8a.czi,LS105,8,a,AF568,4,ScanRegion4,-35971.24,6412.96,6251.95,10293.66,0,2,5,3,5,3,5,5,80
LS105_s08a_sc05,LS105_8a.czi,LS105,8,a,AF568,5,ScanRegion5,-32892.22,16934.11,7697.31,7930.97,1,2,6,9,6,10,6,6,81
LS105_s08a_sc06,LS105_8a.czi,LS105,8,a,AF568,6,ScanRegion6,-28432.21,5211.34,6711.88,9407.95,0,3,7,4,7,4,8,7,82
LS105_s08a_sc07,LS105_8a.czi,LS105,8,a,AF568,7,ScanRegion7,-24577.52,16285.12,6530.02,9129.09,1,3,8,10,8,9,7,8,83
LS105_s08a_sc08,LS105_8a.czi,LS105,8,a,AF568,8,ScanRegion8,-19923.92,5176.9,5859.17,9371.53,0,4,9,5,9,5,9,9,84
LS105_s08a_sc09,LS105_8a.czi,LS105,8,a,AF568,9,ScanRegion9,-18150.84,15083.54,6529.41,9868.46,1,4,10,11,10,8,10,10,85
LS105_s08a_sc10,LS105_8a.czi,LS105,8,a,AF568,10,ScanRegion10,-12264.43,7325.04,7414.94,9621.02,0,5,11,6,11,6,12,11,86
LS105_s08a_sc11,LS105_8a.czi,LS105,8,a,AF568,11,ScanRegion11,-9571.57,15595.99,7236.88,8316.07,1,5,12,12,12,7,11,12,87
LS105_s08b_sc00,LS105_8b.czi,LS105,8,b,AF488,0,ScanRegion0,-51550.92,11031.74,8717.15,20230.33,1,0,1,5,2,6,2,1,88
LS105_s08b_sc01,LS105_8b.czi,LS105,8,b,AF488,1,ScanRegion1,-44707.11,6868.59,6563.01,10814.6,0,0,2,1,1,1,1,2,89
LS105_s08b_sc02,LS105_8b.czi,LS105,8,b,AF488,2,ScanRegion2,-42354.86,16355.47,7622.53,9907.82,2,0,3,7,3,7,3,3,90
LS105_s08b_sc03,LS105_8b.czi,LS105,8,b,AF488,3,ScanRegion3,-36765.36,5509.48,7200.51,10467.23,0,1,4,2,4,2,6,4,91
LS105_s08b_sc04,LS105_8b.czi,LS105,8,b,AF488,4,ScanRegion4,-35028.12,15612.64,6247.53,10501.81,2,1,5,8,6,8,4,5,92
LS105_s08b_sc05,LS105_8b.czi,LS105,8,b,AF488,5,ScanRegion5,-27855.67,10534.17,7298.45,20056.97,1,1,6,6,5,5,5,6,93
LS105_s08b_sc06,LS105_8b.czi,LS105,8,b,AF488,6,ScanRegion6,-20312.85,5912.9,6989.38,10080.51,0,2,7,3,7,3,7,7,94
LS105_s08b_sc07,LS105_8b.czi,LS105,8,b,AF488,7,ScanRegion7,-19616.14,15591.67,7132.45,10253.57,2,2,8,9,8,9,8,8,95
LS105_s08b_sc08,LS105_8b.czi,LS105,8,b,AF488,8,ScanRegion8,-12422.49,6301.45,6814.03,10537.06,0,3,9,4,9,4,10,9,96
LS105_s08b_sc09,LS105_8b.czi,LS105,8,b,AF488,9,ScanRegion9,-10154.98,15293.56,7273.57,9830.94,2,3,10,10,10,10,9,10,97
LS105_s09a_sc00,LS105_9a.czi,LS105,9,a,AF568,0,ScanRegion0,-52512.6,6517.3,6921.65,8596.26,0,0,1,1,1,1,1,1,88
LS105_s09a_sc01,LS105_9a.czi,LS105,9,a,AF568,1,ScanRegion1,-52645.54,16494.14,6745.37,7754.97,1,0,2,7,2,11,2,2,89
LS105_s09a_sc02,LS105_9a.czi,LS105,9,a,AF568,2,ScanRegion2,-44852.32,7504.73,7273.82,7789.26,0,1,3,2,3,2,4,3,90
LS105_s09a_sc03,LS105_9a.czi,LS105,9,a,AF568,3,ScanRegion3,-43977.96,15593.67,6780.11,6486.66,1,1,4,8,4,10,3,4,91
LS105_s09a_sc04,LS105_9a.czi,LS105,9,a,AF568,4,ScanRegion4,-37050.02,7201.12,6497.09,8423.34,0,2,5,3,5,3,5,5,92
LS105_s09a_sc05,LS105_9a.czi,LS105,9,a,AF568,5,ScanRegion5,-35257.95,16512.85,7696.81,7368.32,1,2,6,9,6,9,6,6,93
LS105_s09a_sc06,LS105_9a.czi,LS105,9,a,AF568,6,ScanRegion6,-28396.52,4859.64,7058.6,7437.56,0,3,7,4,7,4,8,7,94
LS105_s09a_sc07,LS105_9a.czi,LS105,9,a,AF568,7,ScanRegion7,-19323.73,6091.98,7765.54,7124.34,0,4,8,5,9,5,9,8,95
LS105_s09a_sc08,LS105_9a.czi,LS105,9,a,AF568,8,ScanRegion8,-20056.28,14692.82,6463.35,7752.03,1,3,9,10,8,8,7,9,96
LS105_s09a_sc09,LS105_9a.czi,LS105,9,a,AF568,9,ScanRegion9,-12455.62,5864.25,5753.65,6340.99,0,5,10,6,11,6,11,10,97
LS105_s09a_sc10,LS105_9a.czi,LS105,9,a,AF568,10,ScanRegion10,-12644.51,15093.74,6534.04,7400.7,1,4,11,11,10,7,10,11,98
LS105_s09b_sc00,LS105_9b.czi,LS105,9,b,AF488,0,ScanRegion0,-52319.2,6834.38,6528.45,8458.0,0,0,1,1,1,1,1,1,98
LS105_s09b_sc01,LS105_9b.czi,LS105,9,b,AF488,1,ScanRegion1,-51955.12,16035.87,6922.4,8320.7,2,0,2,10,3,10,3,2,99
LS105_s09b_sc02,LS105_9b.czi,LS105,9,b,AF488,2,ScanRegion2,-45329.21,7274.18,6387.16,7545.49,0,1,3,2,4,2,6,3,100
LS105_s09b_sc03,LS105_9b.czi,LS105,9,b,AF488,3,ScanRegion3,-44685.31,16843.22,6215.11,8070.77,2,1,4,11,6,11,4,4,101
LS105_s09b_sc04,LS105_9b.czi,LS105,9,b,AF488,4,ScanRegion4,-37014.03,7080.23,6919.48,6700.9,0,2,5,3,7,3,7,5,102
LS105_s09b_sc05,LS105_9b.czi,LS105,9,b,AF488,5,ScanRegion5,-36369.53,16772.73,6247.9,6416.68,2,2,6,12,9,12,9,6,103
LS105_s09b_sc06,LS105_9b.czi,LS105,9,b,AF488,6,ScanRegion6,-30233.44,5877.29,7696.24,5676.58,0,3,7,4,10,4,11,7,104
LS105_s09b_sc07,LS105_9b.czi,LS105,9,b,AF488,7,ScanRegion7,-29163.81,13120.98,7095.19,5005.85,1,0,8,7,2,9,2,8,105
LS105_s09b_sc08,LS105_9b.czi,LS105,9,b,AF488,8,ScanRegion8,-27421.25,18907.58,6989.67,5709.77,2,3,9,13,11,13,10,9,106
LS105_s09b_sc09,LS105_9b.czi,LS105,9,b,AF488,9,ScanRegion9,-21388.97,5297.21,6813.64,6594.59,0,4,10,5,12,5,12,10,107
LS105_s09b_sc10,LS105_9b.czi,LS105,9,b,AF488,10,ScanRegion10,-21078.99,13490.81,6886.56,7052.45,1,1,11,8,5,8,5,11,108
LS105_s09b_sc11,LS105_9b.czi,LS105,9,b,AF488,11,ScanRegion11,-12900.0,8292.43,6990.06,7190.79,0,5,12,6,14,6,14,12,109
LS105_s09b_sc12,LS105_9b.czi,LS105,9,b,AF488,12,ScanRegion12,-13208.78,15991.53,6391.0,6801.64,2,4,13,14,13,14,13,13,110
LS105_s09b_sc13,LS105_9b.czi,LS105,9,b,AF488,13,ScanRegion13,-6372.74,11160.56,6567.28,7681.99,1,2,14,9,8,7,8,14,111
LS120_s01a_sc00,LS120_1a.czi,LS120,1,a,AF568,0,ScanRegion0,-51315.76,10326.25,3675.88,6833.44,1,0,1,8,2,12,2,1,1
LS120_s01a_sc01,LS120_1a.czi,LS120,1,a,AF568,1,ScanRegion1,-52081.18,18412.51,4059.8,5601.25,2,0,2,13,3,13,3,2,2
LS120_s01a_sc02,LS120_1a.czi,LS120,1,a,AF568,2,ScanRegion2,-47804.02,11866.74,4555.1,5746.62,1,1,3,9,5,11,5,3,3
LS120_s01a_sc03,LS120_1a.czi,LS120,1,a,AF568,3,ScanRegion3,-47355.41,4608.37,3954.13,5042.12,0,0,4,1,1,1,1,4,4
LS120_s01a_sc04,LS120_1a.czi,LS120,1,a,AF568,4,ScanRegion4,-46217.52,18815.56,3920.83,5330.28,2,1,5,14,6,14,4,5,5
LS120_s01a_sc05,LS120_1a.czi,LS120,1,a,AF568,5,ScanRegion5,-41626.85,12779.39,4342.91,5989.65,1,2,6,10,8,10,8,6,6
LS120_s01a_sc06,LS120_1a.czi,LS120,1,a,AF568,6,ScanRegion6,-41407.24,5185.03,4765.62,6307.21,0,1,7,2,4,2,6,7,7
LS120_s01a_sc07,LS120_1a.czi,LS120,1,a,AF568,7,ScanRegion7,-40572.34,19387.19,5330.27,5257.18,2,2,8,15,9,15,9,8,8
LS120_s01a_sc08,LS120_1a.czi,LS120,1,a,AF568,8,ScanRegion8,-34017.55,12443.43,5578.97,4724.35,1,3,9,11,11,9,11,9,9
LS120_s01a_sc09,LS120_1a.czi,LS120,1,a,AF568,9,ScanRegion9,-33781.61,5147.47,5189.93,4937.06,0,2,10,3,7,3,7,10,10
LS120_s01a_sc10,LS120_1a.czi,LS120,1,a,AF568,10,ScanRegion10,-34130.83,19510.61,5721.19,6027.54,2,3,11,16,12,16,10,11,11
LS120_s01a_sc11,LS120_1a.czi,LS120,1,a,AF568,11,ScanRegion11,-27681.02,12808.86,5120.1,6558.32,1,4,12,12,14,8,14,12,12
LS120_s01a_sc12,LS120_1a.czi,LS120,1,a,AF568,12,ScanRegion12,-26772.92,5230.91,6356.26,6062.42,0,3,13,4,10,4,12,13,13
LS120_s01a_sc13,LS120_1a.czi,LS120,1,a,AF568,13,ScanRegion13,-27334.53,19451.06,5685.46,5537.36,2,4,14,17,15,17,15,14,14
LS120_s01a_sc14,LS120_1a.czi,LS120,1,a,AF568,14,ScanRegion14,-19501.32,6673.64,4845.41,7304.72,0,4,15,5,13,5,13,15,15
LS120_s01a_sc15,LS120_1a.czi,LS120,1,a,AF568,15,ScanRegion15,-20481.21,15661.75,4555.03,5815.49,2,5,16,18,17,18,16,16,16
LS120_s01a_sc16,LS120_1a.czi,LS120,1,a,AF568,16,ScanRegion16,-14627.19,17149.32,5130.93,6691.47,2,6,17,19,19,19,19,17,17
LS120_s01a_sc17,LS120_1a.czi,LS120,1,a,AF568,17,ScanRegion17,-12493.93,7393.11,4837.52,7860.04,0,5,18,6,16,6,17,18,18
LS120_s01a_sc18,LS120_1a.czi,LS120,1,a,AF568,18,ScanRegion18,-5856.81,8305.42,4977.99,5357.7,0,6,19,7,18,7,18,19,19
LS120_s01a_sc19,LS120_1a.czi,LS120,1,a,AF568,19,ScanRegion19,-6624.63,16992.5,5084.76,5959.62,2,7,20,20,20,20,20,20,20
LS120_s01b_sc00,LS120_1b.czi,LS120,1,b,AF488,0,ScanRegion0,-53241.61,11996.0,2789.57,4828.9,1,0,1,8,2,12,2,1,1
LS120_s01b_sc01,LS120_1b.czi,LS120,1,b,AF488,1,ScanRegion1,-52894.62,18622.35,3212.28,4970.24,2,0,2,13,3,13,3,2,2
LS120_s01b_sc02,LS120_1b.czi,LS120,1,b,AF488,2,ScanRegion2,-47269.37,5594.33,3565.88,5816.52,0,0,3,1,1,1,1,3,3
LS120_s01b_sc03,LS120_1b.czi,LS120,1,b,AF488,3,ScanRegion3,-48334.71,12498.95,3990.78,5745.23,1,1,4,9,5,11,5,4,4
LS120_s01b_sc04,LS120_1b.czi,LS120,1,b,AF488,4,ScanRegion4,-41724.35,4547.75,4556.42,6803.48,0,1,5,2,4,2,6,5,5
LS120_s01b_sc05,LS120_1b.czi,LS120,1,b,AF488,5,ScanRegion5,-41361.61,12197.07,4802.0,5885.1,1,2,6,10,8,10,8,6,6
LS120_s01b_sc06,LS120_1b.czi,LS120,1,b,AF488,6,ScanRegion6,-41155.65,18647.31,4942.93,6095.39,2,1,7,14,6,14,4,7,7
LS120_s01b_sc07,LS120_1b.czi,LS120,1,b,AF488,7,ScanRegion7,-34698.81,4933.7,4133.04,6344.51,0,2,8,3,7,3,7,8,8
LS120_s01b_sc08,LS120_1b.czi,LS120,1,b,AF488,8,ScanRegion8,-34830.78,12774.28,4661.06,6027.76,1,3,9,11,11,9,11,9,9
LS120_s01b_sc09,LS120_1b.czi,LS120,1,b,AF488,9,ScanRegion9,-34749.47,19576.88,5190.97,6234.96,2,2,10,15,9,15,9,10,10
LS120_s01b_sc10,LS120_1b.czi,LS120,1,b,AF488,10,ScanRegion10,-27709.09,5018.35,5262.85,5919.68,0,3,11,4,10,4,12,11,11
LS120_s01b_sc11,LS120_1b.czi,LS120,1,b,AF488,11,ScanRegion11,-27609.56,11963.72,5756.67,5144.85,1,4,12,12,14,8,14,12,12
LS120_s01b_sc12,LS120_1b.czi,LS120,1,b,AF488,12,ScanRegion12,-26309.9,18433.45,5262.04,5740.68,2,3,13,16,12,16,10,13,13
LS120_s01b_sc13,LS120_1b.czi,LS120,1,b,AF488,13,ScanRegion13,-20578.61,7024.64,4696.72,6166.24,0,4,14,5,13,5,13,14,14
LS120_s01b_sc14,LS120_1b.czi,LS120,1,b,AF488,14,ScanRegion14,-20041.71,17176.4,4167.95,6730.94,2,4,15,17,15,17,15,15,15
LS120_s01b_sc15,LS120_1b.czi,LS120,1,b,AF488,15,ScanRegion15,-14506.28,7089.69,5189.86,6415.58,0,5,16,6,16,6,17,16,16
LS120_s01b_sc16,LS120_1b.czi,LS120,1,b,AF488,16,ScanRegion16,-13916.51,16271.16,5191.85,6728.15,2,5,17,18,17,18,16,17,17
LS120_s01b_sc17,LS120_1b.czi,LS120,1,b,AF488,17,ScanRegion17,-7570.86,8461.12,5650.33,7009.21,0,6,18,7,18,7,18,18,18
LS120_s01b_sc18,LS120_1b.czi,LS120,1,b,AF488,18,ScanRegion18,-7997.75,16952.56,4884.73,6235.84,2,6,19,19,19,19,19,19,19
LS120_s02a_sc00,LS120_2a.czi,LS120,2,a,AF568,0,ScanRegion0,-50899.75,7221.6,5930.86,6583.04,0,0,1,1,1,1,1,1,21
LS120_s02a_sc01,LS120_2a.czi,LS120,2,a,AF568,1,ScanRegion1,-51074.3,17305.39,7412.84,6060.36,1,0,2,8,2,14,2,2,22
LS120_s02a_sc02,LS120_2a.czi,LS120,2,a,AF568,2,ScanRegion2,-44074.06,6886.84,6139.62,6558.61,0,1,3,2,3,2,4,3,23
LS120_s02a_sc03,LS120_2a.czi,LS120,2,a,AF568,3,ScanRegion3,-42548.69,17851.58,5048.64,6769.92,1,1,4,9,4,13,3,4,24
LS120_s02a_sc04,LS120_2a.czi,LS120,2,a,AF568,4,ScanRegion4,-35494.31,7857.08,5930.03,7192.62,0,2,5,3,5,3,5,5,25
LS120_s02a_sc05,LS120_2a.czi,LS120,2,a,AF568,5,ScanRegion5,-35434.89,17620.15,6495.39,7051.28,1,2,6,10,6,12,6,6,26
LS120_s02a_sc06,LS120_2a.czi,LS120,2,a,AF568,6,ScanRegion6,-28273.62,5228.82,4624.01,6768.97,0,3,7,4,7,4,8,7,27
LS120_s02a_sc07,LS120_2a.czi,LS120,2,a,AF568,7,ScanRegion7,-27417.85,15168.76,4375.09,6770.81,1,3,8,11,8,11,7,8,28
LS120_s02a_sc08,LS120_2a.czi,LS120,2,a,AF568,8,ScanRegion8,-22170.45,6645.49,5455.24,6339.79,0,4,9,5,9,5,9,9,29
LS120_s02a_sc09,LS120_2a.czi,LS120,2,a,AF568,9,ScanRegion9,-19670.62,15486.27,5681.94,6527.11,1,4,10,12,10,10,10,10,30
LS120_s02a_sc10,LS120_2a.czi,LS120,2,a,AF568,10,ScanRegion10,-15263.83,6033.12,5577.44,7260.24,0,5,11,6,11,6,12,11,31
LS120_s02a_sc11,LS120_2a.czi,LS120,2,a,AF568,11,ScanRegion11,-13543.54,15761.6,5507.43,8181.19,1,5,12,13,12,9,11,12,32
LS120_s02a_sc12,LS120_2a.czi,LS120,2,a,AF568,12,ScanRegion12,-8008.73,6822.27,4766.19,6770.8,0,6,13,7,13,7,13,13,33
LS120_s02a_sc13,LS120_2a.czi,LS120,2,a,AF568,13,ScanRegion13,-7166.1,14699.5,5838.77,6906.94,1,6,14,14,14,8,14,14,34
LS120_s02b_sc00,LS120_2b.czi,LS120,2,b,AF488,0,ScanRegion0,-51170.54,7101.86,5225.73,7085.57,0,0,1,1,1,1,1,1,20
LS120_s02b_sc01,LS120_2b.czi,LS120,2,b,AF488,1,ScanRegion1,-50298.28,16583.82,5507.68,5956.61,1,0,2,8,2,14,2,2,21
LS120_s02b_sc02,LS120_2b.czi,LS120,2,b,AF488,2,ScanRegion2,-44145.19,6569.69,6284.58,7117.73,0,1,3,2,3,2,4,3,22
LS120_s02b_sc03,LS120_2b.czi,LS120,2,b,AF488,3,ScanRegion3,-43591.79,16985.52,5718.2,6805.09,1,1,4,9,4,13,3,4,23
LS120_s02b_sc04,LS120_2b.czi,LS120,2,b,AF488,4,ScanRegion4,-37028.66,5017.22,4838.58,7155.47,0,2,5,3,5,3,5,5,24
LS120_s02b_sc05,LS120_2b.czi,LS120,2,b,AF488,5,ScanRegion5,-36193.3,16455.47,5331.26,7191.3,1,2,6,10,6,12,6,6,25
LS120_s02b_sc06,LS120_2b.czi,LS120,2,b,AF488,6,ScanRegion6,-29581.43,6495.96,5685.31,7120.23,0,3,7,4,7,4,8,7,26
LS120_s02b_sc07,LS120_2b.czi,LS120,2,b,AF488,7,ScanRegion7,-28813.46,15641.57,6178.03,7015.08,1,3,8,11,8,11,7,8,27
LS120_s02b_sc08,LS120_2b.czi,LS120,2,b,AF488,8,ScanRegion8,-22539.23,7670.76,5439.88,7755.41,0,4,9,5,9,5,9,9,28
LS120_s02b_sc09,LS120_2b.czi,LS120,2,b,AF488,9,ScanRegion9,-21929.54,15761.68,4203.79,6378.21,1,4,10,12,10,10,10,10,29
LS120_s02b_sc10,LS120_2b.czi,LS120,2,b,AF488,10,ScanRegion10,-15651.65,5751.88,4172.6,6373.9,0,5,11,6,11,6,12,11,30
LS120_s02b_sc11,LS120_2b.czi,LS120,2,b,AF488,11,ScanRegion11,-15521.3,15845.86,4590.34,6660.38,1,5,12,13,12,9,11,12,31
LS120_s02b_sc12,LS120_2b.czi,LS120,2,b,AF488,12,ScanRegion12,-9298.15,7345.82,4732.99,6626.09,0,6,13,7,13,7,13,13,32
LS120_s02b_sc13,LS120_2b.czi,LS120,2,b,AF488,13,ScanRegion13,-8548.18,15736.23,5684.46,6129.67,1,6,14,14,14,8,14,14,33
LS120_s03a_sc00,LS120_3a.czi,LS120,3,a,AF568,0,ScanRegion0,-52495.51,7099.77,4766.87,7295.64,0,0,1,1,1,1,1,1,35
LS120_s03a_sc01,LS120_3a.czi,LS120,3,a,AF568,1,ScanRegion1,-51835.56,17515.46,5260.51,7398.57,1,0,2,8,2,14,2,2,36
LS120_s03a_sc02,LS120_3a.czi,LS120,3,a,AF568,2,ScanRegion2,-46527.65,6987.39,5190.4,7612.02,0,1,3,2,3,2,4,3,37
LS120_s03a_sc03,LS120_3a.czi,LS120,3,a,AF568,3,ScanRegion3,-44647.86,16137.99,4309.1,7645.79,1,1,4,9,4,13,3,4,38
LS120_s03a_sc04,LS120_3a.czi,LS120,3,a,AF568,4,ScanRegion4,-40154.6,7195.21,5367.17,8350.0,0,2,5,3,5,3,5,5,39
LS120_s03a_sc05,LS120_3a.czi,LS120,3,a,AF568,5,ScanRegion5,-38770.93,16200.91,6110.34,7540.35,1,2,6,10,6,12,6,6,40
LS120_s03a_sc06,LS120_3a.czi,LS120,3,a,AF568,6,ScanRegion6,-33237.57,7736.89,5438.78,8143.31,0,3,7,4,7,4,8,7,41
LS120_s03a_sc07,LS120_3a.czi,LS120,3,a,AF568,7,ScanRegion7,-32082.22,17291.57,6002.21,7928.98,1,3,8,11,8,11,7,8,42
LS120_s03a_sc08,LS120_3a.czi,LS120,3,a,AF568,8,ScanRegion8,-26067.23,7381.99,5578.47,8530.76,0,4,9,5,9,5,9,9,43
LS120_s03a_sc09,LS120_3a.czi,LS120,3,a,AF568,9,ScanRegion9,-25123.62,16443.27,5506.01,8175.47,1,4,10,12,10,10,10,10,44
LS120_s03a_sc10,LS120_3a.czi,LS120,3,a,AF568,10,ScanRegion10,-18971.13,7009.4,6917.35,9169.03,0,5,11,6,11,6,12,11,45
LS120_s03a_sc11,LS120_3a.czi,LS120,3,a,AF568,11,ScanRegion11,-17533.23,15825.59,6567.74,7541.6,1,5,12,13,12,9,11,12,46
LS120_s03a_sc12,LS120_3a.czi,LS120,3,a,AF568,12,ScanRegion12,-10763.08,7556.58,6601.27,9443.12,0,6,13,7,13,7,13,13,47
LS120_s03a_sc13,LS120_3a.czi,LS120,3,a,AF568,13,ScanRegion13,-9061.04,16758.06,6921.72,8244.41,1,6,14,14,14,8,14,14,48
LS120_s03b_sc00,LS120_3b.czi,LS120,3,b,AF488,0,ScanRegion0,-52848.11,7150.84,5615.56,8318.35,0,0,1,1,1,1,1,1,34
LS120_s03b_sc01,LS120_3b.czi,LS120,3,b,AF488,1,ScanRegion1,-53087.16,17989.22,5365.43,7645.94,1,0,2,7,2,13,2,2,35
LS120_s03b_sc02,LS120_3b.czi,LS120,3,b,AF488,2,ScanRegion2,-46246.68,6494.8,6249.46,7681.77,0,1,3,2,3,2,4,3,36
LS120_s03b_sc03,LS120_3b.czi,LS120,3,b,AF488,3,ScanRegion3,-45920.79,16240.6,5369.06,7507.98,1,1,4,8,4,12,3,4,37
LS120_s03b_sc04,LS120_3b.czi,LS120,3,b,AF488,4,ScanRegion4,-39326.38,6544.06,5825.57,7896.75,0,2,5,3,5,3,5,5,38
LS120_s03b_sc05,LS120_3b.czi,LS120,3,b,AF488,5,ScanRegion5,-38647.4,16043.97,5368.77,7013.25,1,2,6,9,6,11,6,6,39
LS120_s03b_sc06,LS120_3b.czi,LS120,3,b,AF488,6,ScanRegion6,-29741.58,7145.83,12006.73,9774.48,0,3,7,4,7,4,8,7,40
LS120_s03b_sc07,LS120_3b.czi,LS120,3,b,AF488,7,ScanRegion7,-31286.24,17169.54,6181.02,8389.35,1,3,8,10,8,10,7,8,41
LS120_s03b_sc08,LS120_3b.czi,LS120,3,b,AF488,8,ScanRegion8,-24508.65,17976.94,6531.58,8423.2,1,4,9,11,10,9,10,9,42
LS120_s03b_sc09,LS120_3b.czi,LS120,3,b,AF488,9,ScanRegion9,-18884.38,7556.73,7029.7,9125.34,0,4,10,5,9,5,9,10,43
LS120_s03b_sc10,LS120_3b.czi,LS120,3,b,AF488,10,ScanRegion10,-17111.75,16881.72,6357.37,8949.72,1,5,11,12,12,8,11,11,44
LS120_s03b_sc11,LS120_3b.czi,LS120,3,b,AF488,11,ScanRegion11,-9246.17,8191.95,5828.21,8245.22,0,5,12,6,11,6,12,12,45
LS120_s03b_sc12,LS120_3b.czi,LS120,3,b,AF488,12,ScanRegion12,-8479.37,17622.18,6391.53,7932.21,1,6,13,13,13,7,13,13,46
LS120_s04a_sc00,LS120_4a.czi,LS120,4,a,AF568,0,ScanRegion0,-50765.57,7788.3,6815.81,9163.3,0,0,1,1,1,1,1,1,49
LS120_s04a_sc01,LS120_4a.czi,LS120,4,a,AF568,1,ScanRegion1,-42662.85,7825.19,7136.54,9199.35,0,1,2,2,3,2,4,2,50
LS120_s04a_sc02,LS120_4a.czi,LS120,4,a,AF568,2,ScanRegion2,-34790.01,7540.81,6781.28,9870.0,0,2,3,3,5,3,5,3,51
LS120_s04a_sc03,LS120_4a.czi,LS120,4,a,AF568,3,ScanRegion3,-34463.48,17269.22,7522.03,7261.49,1,0,4,7,2,10,2,4,52
LS120_s04a_sc04,LS120_4a.czi,LS120,4,a,AF568,4,ScanRegion4,-26758.75,6923.5,7662.36,10074.93,0,3,5,4,7,4,8,5,53
LS120_s04a_sc05,LS120_4a.czi,LS120,4,a,AF568,5,ScanRegion5,-25744.07,16723.35,6462.04,8880.55,1,1,6,8,4,9,3,6,54
LS120_s04a_sc06,LS120_4a.czi,LS120,4,a,AF568,6,ScanRegion6,-18442.28,6693.86,6992.83,10573.4,0,4,7,5,9,5,9,7,55
LS120_s04a_sc07,LS120_4a.czi,LS120,4,a,AF568,7,ScanRegion7,-17958.48,17497.96,7275.53,8419.31,1,2,8,9,6,8,6,8,56
LS120_s04a_sc08,LS120_4a.czi,LS120,4,a,AF568,8,ScanRegion8,-10198.0,6851.31,7591.15,9583.73,0,5,9,6,10,6,10,9,57
LS120_s04a_sc09,LS120_4a.czi,LS120,4,a,AF568,9,ScanRegion9,-9714.3,16775.43,6251.13,7292.48,1,3,10,10,8,7,7,10,58
LS120_s04b_sc00,LS120_4b.czi,LS120,4,b,AF488,0,ScanRegion0,-51946.97,6676.41,7909.47,8987.16,0,0,1,1,1,1,1,1,47
LS120_s04b_sc01,LS120_4b.czi,LS120,4,b,AF488,1,ScanRegion1,-52292.02,16280.81,7665.24,8666.23,1,0,2,7,2,12,2,2,48
LS120_s04b_sc02,LS120_4b.czi,LS120,4,b,AF488,2,ScanRegion2,-43474.04,6659.85,7629.15,9408.83,0,1,3,2,3,2,4,3,49
LS120_s04b_sc03,LS120_4b.czi,LS120,4,b,AF488,3,ScanRegion3,-44526.89,16736.5,7450.95,9409.64,1,1,4,8,4,11,3,4,50
LS120_s04b_sc04,LS120_4b.czi,LS120,4,b,AF488,4,ScanRegion4,-34790.2,7136.73,7698.48,9755.83,0,2,5,3,5,3,5,5,51
LS120_s04b_sc05,LS120_4b.czi,LS120,4,b,AF488,5,ScanRegion5,-35399.47,17005.88,7484.66,9057.21,1,2,6,9,6,10,6,6,52
LS120_s04b_sc06,LS120_4b.czi,LS120,4,b,AF488,6,ScanRegion6,-26687.16,7576.23,7521.81,9904.88,0,3,7,4,7,4,8,7,53
LS120_s04b_sc07,LS120_4b.czi,LS120,4,b,AF488,7,ScanRegion7,-26697.64,17621.75,8227.32,9406.56,1,3,8,10,8,9,7,8,54
LS120_s04b_sc08,LS120_4b.czi,LS120,4,b,AF488,8,ScanRegion8,-18850.36,7170.31,7027.21,10533.02,0,4,9,5,9,5,9,9,55
LS120_s04b_sc09,LS120_4b.czi,LS120,4,b,AF488,9,ScanRegion9,-17958.62,16381.78,6498.94,9804.2,1,4,10,11,10,8,10,10,56
LS120_s04b_sc10,LS120_4b.czi,LS120,4,b,AF488,10,ScanRegion10,-10940.73,6058.16,6957.42,10816.87,0,5,11,6,11,6,12,11,57
LS120_s04b_sc11,LS120_4b.czi,LS120,4,b,AF488,11,ScanRegion11,-10792.76,16878.77,6781.28,9831.53,1,5,12,12,12,7,11,12,58
LS120_s05a_sc00,LS120_5a.czi,LS120,5,a,AF568,0,ScanRegion0,-52176.29,6307.06,7877.86,10010.61,0,0,1,1,1,1,1,1,59
LS120_s05a_sc01,LS120_5a.czi,LS120,5,a,AF568,1,ScanRegion1,-44090.49,6059.32,6817.16,10049.96,0,1,2,2,3,2,4,2,60
LS120_s05a_sc02,LS120_5a.czi,LS120,5,a,AF568,2,ScanRegion2,-42621.08,16901.45,7024.4,8248.6,1,0,3,7,2,11,2,3,61
LS120_s05a_sc03,LS120_5a.czi,LS120,5,a,AF568,3,ScanRegion3,-37084.25,6039.86,6853.21,10112.37,0,2,4,3,5,3,5,4,62
LS120_s05a_sc04,LS120_5a.czi,LS120,5,a,AF568,4,ScanRegion4,-34816.63,16492.03,8156.21,8314.68,1,1,5,8,4,10,3,5,63
LS120_s05a_sc05,LS120_5a.czi,LS120,5,a,AF568,5,ScanRegion5,-27500.17,6357.08,7590.47,9100.08,0,3,6,4,7,4,8,6,64
LS120_s05a_sc06,LS120_5a.czi,LS120,5,a,AF568,6,ScanRegion6,-26149.34,16600.69,7200.33,8494.86,1,2,7,9,6,9,6,7,65
LS120_s05a_sc07,LS120_5a.czi,LS120,5,a,AF568,7,ScanRegion7,-19659.61,6214.85,6814.1,10259.29,0,4,8,5,9,5,9,8,66
LS120_s05a_sc08,LS120_5a.czi,LS120,5,a,AF568,8,ScanRegion8,-17775.21,16383.48,7625.49,7861.94,1,3,9,10,8,8,7,9,67
LS120_s05a_sc09,LS120_5a.czi,LS120,5,a,AF568,9,ScanRegion9,-10993.37,6781.74,7697.27,10224.93,0,5,10,6,11,6,11,10,68
LS120_s05a_sc10,LS120_5a.czi,LS120,5,a,AF568,10,ScanRegion10,-9624.99,16543.45,7342.65,7405.18,1,4,11,11,10,7,10,11,69
LS120_s05b_sc00,LS120_5b.czi,LS120,5,b,AF488,0,ScanRegion0,-52124.23,6941.58,7344.61,10147.18,0,0,1,1,1,1,1,1,59
LS120_s05b_sc01,LS120_5b.czi,LS120,5,b,AF488,1,ScanRegion1,-51517.82,17377.35,8297.04,10148.13,1,0,2,7,2,12,2,2,60
LS120_s05b_sc02,LS120_5b.czi,LS120,5,b,AF488,2,ScanRegion2,-44180.8,5988.32,7134.02,10673.48,0,1,3,2,3,2,4,3,61
LS120_s05b_sc03,LS120_5b.czi,LS120,5,b,AF488,3,ScanRegion3,-42779.58,16707.06,7201.25,9903.04,1,1,4,8,4,11,3,4,62
LS120_s05b_sc04,LS120_5b.czi,LS120,5,b,AF488,4,ScanRegion4,-37015.15,6866.09,6639.07,10577.0,0,2,5,3,5,3,5,5,63
LS120_s05b_sc05,LS120_5b.czi,LS120,5,b,AF488,5,ScanRegion5,-35116.16,16986.5,6570.16,7541.31,1,2,6,9,6,10,6,6,64
LS120_s05b_sc06,LS120_5b.czi,LS120,5,b,AF488,6,ScanRegion6,-28099.94,7094.94,7804.08,9869.64,0,3,7,4,7,4,8,7,65
LS120_s05b_sc07,LS120_5b.czi,LS120,5,b,AF488,7,ScanRegion7,-27455.59,17882.92,7273.75,8315.34,1,3,8,10,8,9,7,8,66
LS120_s05b_sc08,LS120_5b.czi,LS120,5,b,AF488,8,ScanRegion8,-18337.73,7418.48,8118.52,10402.47,0,4,9,5,9,5,9,9,67
LS120_s05b_sc09,LS120_5b.czi,LS120,5,b,AF488,9,ScanRegion9,-17587.86,17692.6,7661.22,7968.63,1,4,10,11,10,8,10,10,68
LS120_s05b_sc10,LS120_5b.czi,LS120,5,b,AF488,10,ScanRegion10,-9810.13,6607.99,8647.04,10715.62,0,5,11,6,11,6,12,11,69
LS120_s05b_sc11,LS120_5b.czi,LS120,5,b,AF488,11,ScanRegion11,-9308.84,17164.31,6992.23,8703.45,1,5,12,12,12,7,11,12,70
LS120_s06a_sc00,LS120_6a.czi,LS120,6,a,AF568,0,ScanRegion0,-50801.78,7633.26,8506.39,10539.62,0,0,1,1,1,1,1,1,70
LS120_s06a_sc01,LS120_6a.czi,LS120,6,a,AF568,1,ScanRegion1,-50740.74,18347.05,8298.68,7999.62,1,0,2,6,2,10,2,2,71
LS120_s06a_sc02,LS120_6a.czi,LS120,6,a,AF568,2,ScanRegion2,-42024.98,6698.8,7204.63,10048.57,0,1,3,2,3,2,4,3,72
LS120_s06a_sc03,LS120_6a.czi,LS120,6,a,AF568,3,ScanRegion3,-41714.71,17394.71,8051.7,8886.74,1,1,4,7,4,9,3,4,73
LS120_s06a_sc04,LS120_6a.czi,LS120,6,a,AF568,4,ScanRegion4,-33749.24,7194.91,8082.83,9444.0,0,2,5,3,5,3,5,5,74
LS120_s06a_sc05,LS120_6a.czi,LS120,6,a,AF568,5,ScanRegion5,-31444.44,17082.65,8968.46,9618.97,1,2,6,8,6,8,6,6,75
LS120_s06a_sc06,LS120_6a.czi,LS120,6,a,AF568,6,ScanRegion6,-24054.44,6118.7,7982.57,10574.65,0,3,7,4,7,4,8,7,76
LS120_s06a_sc07,LS120_6a.czi,LS120,6,a,AF568,7,ScanRegion7,-19987.72,15925.38,8509.27,10504.38,1,3,8,9,8,7,7,8,77
LS120_s06a_sc08,LS120_6a.czi,LS120,6,a,AF568,8,ScanRegion8,-15247.29,5821.02,7939.12,10141.7,0,4,9,5,9,5,9,9,78
LS120_s06a_sc09,LS120_6a.czi,LS120,6,a,AF568,9,ScanRegion9,-11141.83,16278.21,7978.62,10749.98,1,4,10,10,10,6,10,10,79
LS120_s06b_sc00,LS120_6b.czi,LS120,6,b,AF488,0,ScanRegion0,-50236.5,6943.64,8579.06,10709.45,0,0,1,1,1,1,1,1,71
LS120_s06b_sc01,LS120_6b.czi,LS120,6,b,AF488,1,ScanRegion1,-49945.49,17678.38,8827.09,7784.34,1,0,2,6,2,10,2,2,72
LS120_s06b_sc02,LS120_6b.czi,LS120,6,b,AF488,2,ScanRegion2,-41302.34,6398.31,7940.11,10709.6,0,1,3,2,3,2,4,3,73
LS120_s06b_sc03,LS120_6b.czi,LS120,6,b,AF488,3,ScanRegion3,-40253.34,16658.89,8226.25,9583.51,1,1,4,7,4,9,3,4,74
LS120_s06b_sc04,LS120_6b.czi,LS120,6,b,AF488,4,ScanRegion4,-31859.16,6615.42,8046.99,9690.48,0,2,5,3,5,3,5,5,75
LS120_s06b_sc05,LS120_6b.czi,LS120,6,b,AF488,5,ScanRegion5,-29625.95,16365.63,9285.71,10502.18,1,2,6,8,6,8,6,6,76
LS120_s06b_sc06,LS120_6b.czi,LS120,6,b,AF488,6,ScanRegion6,-21777.01,5595.75,8580.84,9795.99,0,3,7,4,7,4,8,7,77
LS120_s06b_sc07,LS120_6b.czi,LS120,6,b,AF488,7,ScanRegion7,-20358.85,17034.0,7696.31,10183.08,1,3,8,9,8,7,7,8,78
LS120_s06b_sc08,LS120_6b.czi,LS120,6,b,AF488,8,ScanRegion8,-12319.86,8962.01,8442.32,9650.98,0,4,9,5,9,5,9,9,79
LS120_s06b_sc09,LS120_6b.czi,LS120,6,b,AF488,9,ScanRegion9,-11411.45,18710.28,8649.89,9056.55,1,4,10,10,10,6,10,10,80
LS120_s07a_sc00,LS120_7a.czi,LS120,7,a,AF568,0,ScanRegion0,-50694.53,6926.01,9216.02,9125.12,0,0,1,1,1,1,1,1,80
LS120_s07a_sc01,LS120_7a.czi,LS120,7,a,AF568,1,ScanRegion1,-50579.64,16745.5,7908.93,9794.45,1,0,2,7,2,12,2,2,81
LS120_s07a_sc02,LS120_7a.czi,LS120,7,a,AF568,2,ScanRegion2,-41676.12,8251.59,7340.16,9766.25,0,1,3,2,3,2,4,3,82
LS120_s07a_sc03,LS120_7a.czi,LS120,7,a,AF568,3,ScanRegion3,-41614.99,18222.7,8473.53,8427.16,1,1,4,8,4,11,3,4,83
LS120_s07a_sc04,LS120_7a.czi,LS120,7,a,AF568,4,ScanRegion4,-33553.69,7406.23,7904.06,8321.5,0,2,5,3,5,3,5,5,84
LS120_s07a_sc05,LS120_7a.czi,LS120,7,a,AF568,5,ScanRegion5,-32751.25,17006.77,7905.16,8357.63,1,2,6,9,6,10,6,6,85
LS120_s07a_sc06,LS120_7a.czi,LS120,7,a,AF568,6,ScanRegion6,-24885.88,6174.1,9493.34,8919.46,0,3,7,4,7,4,8,7,86
LS120_s07a_sc07,LS120_7a.czi,LS120,7,a,AF568,7,ScanRegion7,-24200.6,17403.66,7678.08,7563.96,1,3,8,10,8,9,7,8,87
LS120_s07a_sc08,LS120_7a.czi,LS120,7,a,AF568,8,ScanRegion8,-16023.06,6206.33,7659.16,8391.7,0,4,9,5,9,5,9,9,88
LS120_s07a_sc09,LS120_7a.czi,LS120,7,a,AF568,9,ScanRegion9,-16351.06,16815.45,7025.29,7404.23,1,4,10,11,10,8,10,10,89
LS120_s07a_sc10,LS120_7a.czi,LS120,7,a,AF568,10,ScanRegion10,-7888.38,7898.14,7201.32,8562.33,0,5,11,6,11,6,12,11,90
LS120_s07a_sc11,LS120_7a.czi,LS120,7,a,AF568,11,ScanRegion11,-7383.52,16974.77,7168.79,7186.45,1,5,12,12,12,7,11,12,91
LS120_s07b_sc00,LS120_7b.czi,LS120,7,b,AF488,0,ScanRegion0,-51400.13,6609.96,9358.7,9200.09,0,0,1,1,1,1,1,1,81
LS120_s07b_sc01,LS120_7b.czi,LS120,7,b,AF488,1,ScanRegion1,-51534.32,16669.8,8686.23,8453.89,1,0,2,7,2,11,2,2,82
LS120_s07b_sc02,LS120_7b.czi,LS120,7,b,AF488,2,ScanRegion2,-42646.62,7118.52,8792.0,9340.99,0,1,3,2,3,2,4,3,83
LS120_s07b_sc03,LS120_7b.czi,LS120,7,b,AF488,3,ScanRegion3,-42409.23,17062.21,8156.0,8632.67,1,1,4,8,4,10,3,4,84
LS120_s07b_sc04,LS120_7b.czi,LS120,7,b,AF488,4,ScanRegion4,-33782.76,7493.12,7872.77,8845.82,0,2,5,3,5,3,5,5,85
LS120_s07b_sc05,LS120_7b.czi,LS120,7,b,AF488,5,ScanRegion5,-33615.61,17146.16,7874.73,6806.56,1,2,6,9,6,9,6,6,86
LS120_s07b_sc06,LS120_7b.czi,LS120,7,b,AF488,6,ScanRegion6,-24321.47,6789.17,8578.99,8459.83,0,3,7,4,7,4,8,7,87
LS120_s07b_sc07,LS120_7b.czi,LS120,7,b,AF488,7,ScanRegion7,-24506.02,16145.69,8649.35,7854.31,1,3,8,10,8,8,7,8,88
LS120_s07b_sc08,LS120_7b.czi,LS120,7,b,AF488,8,ScanRegion8,-15105.88,7334.63,7943.91,8390.96,0,4,9,5,9,5,9,9,89
LS120_s07b_sc09,LS120_7b.czi,LS120,7,b,AF488,9,ScanRegion9,-14075.05,17382.31,7555.3,8175.69,1,4,10,11,10,7,10,10,90
LS120_s07b_sc10,LS120_7b.czi,LS120,7,b,AF488,10,ScanRegion10,-6632.94,7354.11,7236.59,8250.65,0,5,11,6,11,6,11,11,91
LS120_s08a_sc00,LS120_8a.czi,LS120,8,a,AF568,0,ScanRegion0,-48973.33,15706.63,6602.94,7365.46,1,0,1,6,2,11,2,1,92
LS120_s08a_sc01,LS120_8a.czi,LS120,8,a,AF568,1,ScanRegion1,-42044.82,6751.44,7307.74,6699.29,0,0,2,1,1,1,1,2,93
LS120_s08a_sc02,LS120_8a.czi,LS120,8,a,AF568,2,ScanRegion2,-41134.26,15809.57,7306.35,7475.59,1,1,3,7,4,10,3,3,94
LS120_s08a_sc03,LS120_8a.czi,LS120,8,a,AF568,3,ScanRegion3,-33700.77,8044.15,5744.84,6505.93,0,1,4,2,3,2,4,4,95
LS120_s08a_sc04,LS120_8a.czi,LS120,8,a,AF568,4,ScanRegion4,-33546.78,17730.94,6812.78,7122.21,1,2,5,8,6,9,6,5,96
LS120_s08a_sc05,LS120_8a.czi,LS120,8,a,AF568,5,ScanRegion5,-26068.6,7188.01,7976.23,7584.04,0,2,6,3,5,3,5,6,97
LS120_s08a_sc06,LS120_8a.czi,LS120,8,a,AF568,6,ScanRegion6,-26166.19,16142.53,6319.28,6306.4,1,3,7,9,8,8,7,7,98
LS120_s08a_sc07,LS120_8a.czi,LS120,8,a,AF568,7,ScanRegion7,-18706.52,7099.53,6107.6,7155.54,0,3,8,4,7,4,8,8,99
LS120_s08a_sc08,LS120_8a.czi,LS120,8,a,AF568,8,ScanRegion8,-18768.96,15875.93,6708.11,7433.6,1,4,9,10,10,7,10,9,100
LS120_s08a_sc09,LS120_8a.czi,LS120,8,a,AF568,9,ScanRegion9,-12035.74,8028.62,6744.31,8144.26,0,4,10,5,9,5,9,10,101
LS120_s08a_sc10,LS120_8a.czi,LS120,8,a,AF568,10,ScanRegion10,-11462.7,17633.53,5932.13,7404.23,1,5,11,11,11,6,11,11,102
LS120_s08b_sc00,LS120_8b.czi,LS120,8,b,AF488,0,ScanRegion0,-51560.29,7384.43,7625.66,7507.98,0,0,1,1,1,1,1,1,92
LS120_s08b_sc01,LS120_8b.czi,LS120,8,b,AF488,1,ScanRegion1,-50051.59,16042.43,7906.44,7894.03,1,0,2,7,2,11,2,2,93
LS120_s08b_sc02,LS120_8b.czi,LS120,8,b,AF488,2,ScanRegion2,-43332.07,6857.76,7060.85,7330.15,0,1,3,2,3,2,4,3,94
LS120_s08b_sc03,LS120_8b.czi,LS120,8,b,AF488,3,ScanRegion3,-42617.7,15386.58,7022.34,8174.44,1,1,4,8,4,10,3,4,95
LS120_s08b_sc04,LS120_8b.czi,LS120,8,b,AF488,4,ScanRegion4,-35105.84,6627.98,7628.33,7754.02,0,2,5,3,5,3,5,5,96
LS120_s08b_sc05,LS120_8b.czi,LS120,8,b,AF488,5,ScanRegion5,-34304.48,16141.95,7485.4,7472.51,1,2,6,9,6,9,6,6,97
LS120_s08b_sc06,LS120_8b.czi,LS120,8,b,AF488,6,ScanRegion6,-27216.14,6836.53,6883.96,7299.01,0,3,7,4,7,4,8,7,98
LS120_s08b_sc07,LS120_8b.czi,LS120,8,b,AF488,7,ScanRegion7,-26447.14,16053.47,7588.23,7330.22,1,3,8,10,8,8,7,8,99
LS120_s08b_sc08,LS120_8b.czi,LS120,8,b,AF488,8,ScanRegion8,-18867.78,8296.0,8473.36,7373.98,0,4,9,5,9,5,9,9,100
LS120_s08b_sc09,LS120_8b.czi,LS120,8,b,AF488,9,ScanRegion9,-18239.91,16670.55,7694.18,7403.86,1,4,10,11,10,7,10,10,101
LS120_s08b_sc10,LS120_8b.czi,LS120,8,b,AF488,10,ScanRegion10,-10218.39,10094.6,7693.93,7548.65,0,5,11,6,11,6,11,11,102
LS120_s09a_sc00,LS120_9a.czi,LS120,9,a,AF568,0,ScanRegion0,-41870.06,8778.29,8155.47,7437.49,0,0,1,1,1,1,1,1,103
LS120_s09a_sc01,LS120_9a.czi,LS120,9,a,AF568,1,ScanRegion1,-40925.29,17326.57,4907.02,5217.83,1,0,2,4,2,5,2,2,104
LS120_s09a_sc02,LS120_9a.czi,LS120,9,a,AF568,2,ScanRegion2,-32000.88,7935.06,7695.99,7267.22,0,1,3,2,3,2,4,3,105
LS120_s09a_sc03,LS120_9a.czi,LS120,9,a,AF568,3,ScanRegion3,-31075.1,17289.98,5120.25,5398.62,1,1,4,5,4,4,3,4,106
LS120_s09a_sc04,LS120_9a.czi,LS120,9,a,AF568,4,ScanRegion4,-22998.79,9397.09,7556.34,7967.75,0,2,5,3,5,3,5,5,107
LS120_s09b_sc00,LS120_9b.czi,LS120,9,b,AF488,0,ScanRegion0,-51030.74,7774.2,7981.07,7996.02,0,0,1,1,1,1,1,1,103
LS120_s09b_sc01,LS120_9b.czi,LS120,9,b,AF488,1,ScanRegion1,-51922.61,16881.44,7413.94,7895.06,1,0,2,5,2,8,2,2,104
LS120_s09b_sc02,LS120_9b.czi,LS120,9,b,AF488,2,ScanRegion2,-42170.24,8337.39,8261.13,7684.19,0,1,3,2,3,2,4,3,105
LS120_s09b_sc03,LS120_9b.czi,LS120,9,b,AF488,3,ScanRegion3,-43555.74,16828.54,7556.59,8251.09,1,1,4,6,4,7,3,4,106
LS120_s09b_sc04,LS120_9b.czi,LS120,9,b,AF488,4,ScanRegion4,-31189.67,8150.0,7129.32,7547.92,0,2,5,3,5,3,5,5,107
LS120_s09b_sc05,LS120_9b.czi,LS120,9,b,AF488,5,ScanRegion5,-32858.55,16921.63,7767.07,8039.34,1,2,6,7,6,6,6,6,108
LS120_s09b_sc06,LS120_9b.czi,LS120,9,b,AF488,6,ScanRegion6,-20581.04,8187.66,7164.95,7373.9,0,3,7,4,7,4,8,7,109
LS120_s09b_sc07,LS120_9b.czi,LS120,9,b,AF488,7,ScanRegion7,-21859.4,16731.02,8578.28,7194.82,1,3,8,8,8,5,7,8,110
LS136_s01a_sc00,LS136_1a.czi,LS136,1,a,AF568,0,ScanRegion0,-52896.04,20404.37,4202.48,4649.46,2,0,1,15,3,15,3,1,1
LS136_s01a_sc01,LS136_1a.czi,LS136,1,a,AF568,1,ScanRegion1,-47762.61,6138.77,4908.62,6414.04,0,0,2,1,1,1,1,2,2
LS136_s01a_sc02,LS136_1a.czi,LS136,1,a,AF568,2,ScanRegion2,-46888.16,12978.77,4129.62,5567.1,1,0,3,9,2,14,2,3,3
LS136_s01a_sc03,LS136_1a.czi,LS136,1,a,AF568,3,ScanRegion3,-46045.79,18885.09,4130.23,5390.74,2,1,4,16,6,16,4,4,4
LS136_s01a_sc04,LS136_1a.czi,LS136,1,a,AF568,4,ScanRegion4,-40770.56,4374.44,4905.35,7015.74,0,1,5,2,4,2,6,5,5
LS136_s01a_sc05,LS136_1a.czi,LS136,1,a,AF568,5,ScanRegion5,-41027.11,12831.22,3991.14,6240.61,1,1,6,10,5,13,5,6,6
LS136_s01a_sc06,LS136_1a.czi,LS136,1,a,AF568,6,ScanRegion6,-34417.68,6377.68,5331.01,12196.13,0,2,7,3,7,3,7,7,7
LS136_s01a_sc07,LS136_1a.czi,LS136,1,a,AF568,7,ScanRegion7,-28628.53,5793.19,3637.44,6975.51,0,3,8,4,9,4,10,8,8
LS136_s01a_sc08,LS136_1a.czi,LS136,1,a,AF568,8,ScanRegion8,-26783.77,15311.86,4590.41,6836.45,1,2,9,11,8,12,8,9,9
LS136_s01a_sc09,LS136_1a.czi,LS136,1,a,AF568,9,ScanRegion9,-23808.36,5785.29,4309.07,6868.39,0,4,10,5,11,5,11,10,10
LS136_s01a_sc10,LS136_1a.czi,LS136,1,a,AF568,10,ScanRegion10,-17575.51,5499.41,4911.65,7750.42,0,5,11,6,13,6,14,11,11
LS136_s01a_sc11,LS136_1a.czi,LS136,1,a,AF568,11,ScanRegion11,-18114.65,14940.77,5050.06,7116.34,1,3,12,12,10,11,9,12,12
LS136_s01a_sc12,LS136_1a.czi,LS136,1,a,AF568,12,ScanRegion12,-11486.0,4699.13,4450.04,7683.38,0,6,13,7,15,7,15,13,13
LS136_s01a_sc13,LS136_1a.czi,LS136,1,a,AF568,13,ScanRegion13,-10612.02,13812.1,5155.12,8422.24,1,4,14,13,12,10,12,14,14
LS136_s01a_sc14,LS136_1a.czi,LS136,1,a,AF568,14,ScanRegion14,-6154.7,6509.41,2755.51,6342.45,0,7,15,8,16,8,16,15,15
LS136_s01a_sc15,LS136_1a.czi,LS136,1,a,AF568,15,ScanRegion15,-5654.45,16942.35,4485.53,6974.19,1,5,16,14,14,9,13,16,16
LS136_s01b_sc00,LS136_1b.czi,LS136,1,b,AF488,0,ScanRegion0,-48590.79,4869.24,3104.09,5711.89,0,0,1,1,1,1,1,1,1
LS136_s01b_sc01,LS136_1b.czi,LS136,1,b,AF488,1,ScanRegion1,-48174.71,11761.78,2962.9,5109.97,2,0,2,9,3,9,3,2,2
LS136_s01b_sc02,LS136_1b.czi,LS136,1,b,AF488,2,ScanRegion2,-47510.4,17842.33,2966.64,5077.07,3,0,3,12,4,19,4,3,3
LS136_s01b_sc03,LS136_1b.czi,LS136,1,b,AF488,3,ScanRegion3,-42648.92,11295.58,3139.93,5426.35,2,1,4,10,7,10,6,4,4
LS136_s01b_sc04,LS136_1b.czi,LS136,1,b,AF488,4,ScanRegion4,-42590.23,4934.4,3318.09,5605.94,0,1,5,2,5,2,8,5,5
LS136_s01b_sc05,LS136_1b.czi,LS136,1,b,AF488,5,ScanRegion5,-42654.7,17782.2,4411.97,5779.44,3,1,6,13,8,18,5,6,6
LS136_s01b_sc06,LS136_1b.czi,LS136,1,b,AF488,6,ScanRegion6,-37758.92,11342.12,3178.12,5850.89,2,2,7,11,11,11,11,7,7
LS136_s01b_sc07,LS136_1b.czi,LS136,1,b,AF488,7,ScanRegion7,-37028.91,4241.39,3848.25,5816.3,0,2,8,3,9,3,9,8,8
LS136_s01b_sc08,LS136_1b.czi,LS136,1,b,AF488,8,ScanRegion8,-37146.98,17616.99,3847.93,5850.08,3,2,9,14,12,17,12,9,9
LS136_s01b_sc09,LS136_1b.czi,LS136,1,b,AF488,9,ScanRegion9,-30462.88,6775.63,3000.91,6624.62,1,0,10,4,2,8,2,10,10
LS136_s01b_sc10,LS136_1b.czi,LS136,1,b,AF488,10,ScanRegion10,-31943.27,15616.51,3518.33,6268.86,3,3,11,15,14,16,13,11,11
LS136_s01b_sc11,LS136_1b.czi,LS136,1,b,AF488,11,ScanRegion11,-26193.28,7824.07,3287.05,6024.09,1,1,12,5,6,7,7,12,12
LS136_s01b_sc12,LS136_1b.czi,LS136,1,b,AF488,12,ScanRegion12,-27048.6,15522.1,3569.47,6059.41,3,4,13,16,16,15,16,13,13
LS136_s01b_sc13,LS136_1b.czi,LS136,1,b,AF488,13,ScanRegion13,-19643.56,7731.96,3535.51,7010.83,1,2,14,6,10,6,10,14,14
LS136_s01b_sc14,LS136_1b.czi,LS136,1,b,AF488,14,ScanRegion14,-20569.64,17262.97,4732.6,7049.01,3,5,15,17,17,14,17,15,15
LS136_s01b_sc15,LS136_1b.czi,LS136,1,b,AF488,15,ScanRegion15,-13571.09,8361.01,4023.96,7046.88,1,3,16,7,13,5,14,16,16
LS136_s01b_sc16,LS136_1b.czi,LS136,1,b,AF488,16,ScanRegion16,-14463.75,16782.56,4732.52,7540.35,3,6,17,18,18,13,18,17,17
LS136_s01b_sc17,LS136_1b.czi,LS136,1,b,AF488,17,ScanRegion17,-6599.29,9539.04,4199.49,7047.1,1,4,18,8,15,4,15,18,18
LS136_s01b_sc18,LS136_1b.czi,LS136,1,b,AF488,18,ScanRegion18,-7578.49,17536.9,3816.32,7115.68,3,7,19,19,19,12,19,19,19
LS136_s02a_sc00,LS136_2a.czi,LS136,2,a,AF568,0,ScanRegion0,-51647.55,6484.81,4768.75,7396.59,0,0,1,1,1,1,1,1,17
LS136_s02a_sc01,LS136_2a.czi,LS136,2,a,AF568,1,ScanRegion1,-51849.71,14941.34,4943.72,6834.17,1,0,2,8,2,15,2,2,18
LS136_s02a_sc02,LS136_2a.czi,LS136,2,a,AF568,2,ScanRegion2,-45877.12,7694.31,3673.32,7188.07,0,1,3,2,3,2,4,3,19
LS136_s02a_sc03,LS136_2a.czi,LS136,2,a,AF568,3,ScanRegion3,-44525.31,16243.32,3921.78,6449.21,1,1,4,9,4,14,3,4,20
LS136_s02a_sc04,LS136_2a.czi,LS136,2,a,AF568,4,ScanRegion4,-41268.04,7210.63,2787.94,5707.49,0,2,5,3,5,3,5,5,21
LS136_s02a_sc05,LS136_2a.czi,LS136,2,a,AF568,5,ScanRegion5,-39351.63,15232.5,4024.74,5954.63,1,2,6,10,6,13,6,6,22
LS136_s02a_sc06,LS136_2a.czi,LS136,2,a,AF568,6,ScanRegion6,-35071.74,6836.79,4095.78,7116.56,0,3,7,4,7,4,8,7,23
LS136_s02a_sc07,LS136_2a.czi,LS136,2,a,AF568,7,ScanRegion7,-34233.27,15454.49,4662.16,5953.53,1,3,8,11,8,12,7,8,24
LS136_s02a_sc08,LS136_2a.czi,LS136,2,a,AF568,8,ScanRegion8,-28408.06,14920.48,4944.15,6907.3,1,4,9,12,10,11,10,9,25
LS136_s02a_sc09,LS136_2a.czi,LS136,2,a,AF568,9,ScanRegion9,-24743.63,5482.79,4979.35,6484.67,0,4,10,5,9,5,9,10,26
LS136_s02a_sc10,LS136_2a.czi,LS136,2,a,AF568,10,ScanRegion10,-21097.71,14142.88,5015.79,6800.61,1,5,11,13,12,10,11,11,27
LS136_s02a_sc11,LS136_2a.czi,LS136,2,a,AF568,11,ScanRegion11,-17893.78,5232.85,4769.54,6303.03,0,5,12,6,11,6,12,12,28
LS136_s02a_sc12,LS136_2a.czi,LS136,2,a,AF568,12,ScanRegion12,-14373.8,14738.93,4628.42,8383.92,1,6,13,14,14,9,14,13,29
LS136_s02a_sc13,LS136_2a.czi,LS136,2,a,AF568,13,ScanRegion13,-9809.08,5442.17,5123.27,7609.81,0,6,14,7,13,7,13,14,30
LS136_s02a_sc14,LS136_2a.czi,LS136,2,a,AF568,14,ScanRegion14,-7277.18,15546.47,4557.17,7434.48,1,7,15,15,15,8,15,15,31
LS136_s02b_sc00,LS136_2b.czi,LS136,2,b,AF488,0,ScanRegion0,-52972.64,7785.14,4239.77,5918.44,0,0,1,1,1,1,1,1,20
LS136_s02b_sc01,LS136_2b.czi,LS136,2,b,AF488,1,ScanRegion1,-51516.13,16616.83,3918.11,6166.97,2,0,2,10,3,10,3,2,21
LS136_s02b_sc02,LS136_2b.czi,LS136,2,b,AF488,2,ScanRegion2,-47815.5,5364.63,3815.36,5918.51,0,1,3,2,4,2,5,3,22
LS136_s02b_sc03,LS136_2b.czi,LS136,2,b,AF488,3,ScanRegion3,-47521.88,11709.43,4062.22,6199.57,1,0,4,9,2,9,2,4,23
LS136_s02b_sc04,LS136_2b.czi,LS136,2,b,AF488,4,ScanRegion4,-44651.69,18606.71,4236.82,6942.1,2,1,5,11,5,11,4,5,24
LS136_s02b_sc05,LS136_2b.czi,LS136,2,b,AF488,5,ScanRegion5,-42256.64,8090.32,3779.06,6833.95,0,2,6,3,6,3,6,6,25
LS136_s02b_sc06,LS136_2b.czi,LS136,2,b,AF488,6,ScanRegion6,-40006.76,16780.99,3991.82,5250.8,2,2,7,12,7,12,7,7,26
LS136_s02b_sc07,LS136_2b.czi,LS136,2,b,AF488,7,ScanRegion7,-37737.35,7307.07,4063.11,6516.4,0,3,8,4,8,4,9,8,27
LS136_s02b_sc08,LS136_2b.czi,LS136,2,b,AF488,8,ScanRegion8,-36212.98,16419.01,4166.39,7328.97,2,3,9,13,9,13,8,9,28
LS136_s02b_sc09,LS136_2b.czi,LS136,2,b,AF488,9,ScanRegion9,-32653.68,7069.54,4063.0,6163.23,0,4,10,5,10,5,10,10,29
LS136_s02b_sc10,LS136_2b.czi,LS136,2,b,AF488,10,ScanRegion10,-31531.85,14843.16,4343.91,6058.09,2,4,11,14,11,14,11,11,30
LS136_s02b_sc11,LS136_2b.czi,LS136,2,b,AF488,11,ScanRegion11,-25679.46,6220.88,4450.58,5069.59,0,5,12,6,12,6,13,12,31
LS136_s02b_sc12,LS136_2b.czi,LS136,2,b,AF488,12,ScanRegion12,-24451.75,14734.64,5017.99,7713.05,2,5,13,15,13,15,12,13,32
LS136_s02b_sc13,LS136_2b.czi,LS136,2,b,AF488,13,ScanRegion13,-17206.92,6115.54,4805.98,7643.59,0,6,14,7,14,7,14,14,33
LS136_s02b_sc14,LS136_2b.czi,LS136,2,b,AF488,14,ScanRegion14,-14708.9,14895.1,5652.89,7502.54,2,6,15,16,15,16,15,15,34
LS136_s02b_sc15,LS136_2b.czi,LS136,2,b,AF488,15,ScanRegion15,-9049.92,6308.68,5651.04,8981.44,0,7,16,8,16,8,17,16,35
LS136_s02b_sc16,LS136_2b.czi,LS136,2,b,AF488,16,ScanRegion16,-7354.45,15381.58,6407.52,8757.22,2,7,17,17,17,17,16,17,36
LS136_s03a_sc00,LS136_3a.czi,LS136,3,a,AF568,0,ScanRegion0,-50888.32,6344.54,5583.88,9509.2,0,0,1,1,1,1,1,1,32
LS136_s03a_sc01,LS136_3a.czi,LS136,3,a,AF568,1,ScanRegion1,-50456.41,16654.31,6113.22,9547.02,1,0,2,7,2,12,2,2,33
LS136_s03a_sc02,LS136_3a.czi,LS136,3,a,AF568,2,ScanRegion2,-44551.93,5777.23,5758.45,10108.12,0,1,3,2,3,2,4,3,34
LS136_s03a_sc03,LS136_3a.czi,LS136,3,a,AF568,3,ScanRegion3,-42584.34,15807.59,5403.94,9652.01,1,1,4,8,4,11,3,4,35
LS136_s03a_sc04,LS136_3a.czi,LS136,3,a,AF568,4,ScanRegion4,-37419.76,6672.0,5476.79,10393.37,0,2,5,3,5,3,5,5,36
LS136_s03a_sc05,LS136_3a.czi,LS136,3,a,AF568,5,ScanRegion5,-35858.93,16384.98,7064.01,9722.94,1,2,6,9,6,10,6,6,37
LS136_s03a_sc06,LS136_3a.czi,LS136,3,a,AF568,6,ScanRegion6,-29529.23,6619.23,5931.21,10462.46,0,3,7,4,7,4,8,7,38
LS136_s03a_sc07,LS136_3a.czi,LS136,3,a,AF568,7,ScanRegion7,-27103.23,16985.54,6288.57,9547.68,1,3,8,10,8,9,7,8,39
LS136_s03a_sc08,LS136_3a.czi,LS136,3,a,AF568,8,ScanRegion8,-22641.32,6157.18,6355.52,9723.82,0,4,9,5,9,5,9,9,40
LS136_s03a_sc09,LS136_3a.czi,LS136,3,a,AF568,9,ScanRegion9,-19405.49,16137.17,6285.87,9161.4,1,4,10,11,10,8,10,10,41
LS136_s03a_sc10,LS136_3a.czi,LS136,3,a,AF568,10,ScanRegion10,-13658.47,5665.38,6673.66,9974.63,0,5,11,6,11,6,12,11,42
LS136_s03a_sc11,LS136_3a.czi,LS136,3,a,AF568,11,ScanRegion11,-10931.16,15504.44,6711.78,10182.64,1,5,12,12,12,7,11,12,43
LS136_s03b_sc00,LS136_3b.czi,LS136,3,b,AF488,0,ScanRegion0,-52775.7,6006.83,5338.13,10111.49,0,0,1,1,1,1,1,1,37
LS136_s03b_sc01,LS136_3b.czi,LS136,3,b,AF488,1,ScanRegion1,-51603.14,16300.0,5933.34,10110.83,1,0,2,7,2,12,2,2,38
LS136_s03b_sc02,LS136_3b.czi,LS136,3,b,AF488,2,ScanRegion2,-46139.32,7359.72,5900.57,9264.04,0,1,3,2,3,2,4,3,39
LS136_s03b_sc03,LS136_3b.czi,LS136,3,b,AF488,3,ScanRegion3,-44968.55,16614.55,5155.76,9370.14,1,1,4,8,4,11,3,4,40
LS136_s03b_sc04,LS136_3b.czi,LS136,3,b,AF488,4,ScanRegion4,-38461.62,6987.17,6144.07,11028.99,0,2,5,3,5,3,5,5,41
LS136_s03b_sc05,LS136_3b.czi,LS136,3,b,AF488,5,ScanRegion5,-37659.75,16823.87,6213.37,9266.17,1,2,6,9,6,10,6,6,42
LS136_s03b_sc06,LS136_3b.czi,LS136,3,b,AF488,6,ScanRegion6,-29653.89,7447.52,7097.54,9442.46,0,3,7,4,7,4,8,7,43
LS136_s03b_sc07,LS136_3b.czi,LS136,3,b,AF488,7,ScanRegion7,-29345.74,17335.22,6530.8,9757.59,1,3,8,10,8,9,7,8,44
LS136_s03b_sc08,LS136_3b.czi,LS136,3,b,AF488,8,ScanRegion8,-21410.41,7197.92,7413.37,9266.17,0,4,9,5,9,5,9,9,45
LS136_s03b_sc09,LS136_3b.czi,LS136,3,b,AF488,9,ScanRegion9,-21081.53,17193.95,6465.14,9792.98,1,4,10,11,10,8,10,10,46
LS136_s03b_sc10,LS136_3b.czi,LS136,3,b,AF488,10,ScanRegion10,-13693.54,6405.19,6881.55,10959.53,0,5,11,6,11,6,12,11,47
LS136_s03b_sc11,LS136_3b.czi,LS136,3,b,AF488,11,ScanRegion11,-10208.56,15506.34,6744.73,11029.07,1,5,12,12,12,7,11,12,48
LS136_s04a_sc00,LS136_4a.czi,LS136,4,a,AF568,0,ScanRegion0,-51452.87,7085.89,6005.95,9793.35,0,0,1,1,1,1,1,1,44
LS136_s04a_sc01,LS136_4a.czi,LS136,4,a,AF568,1,ScanRegion1,-50686.63,17308.73,6358.33,8877.83,1,0,2,8,2,13,2,2,45
LS136_s04a_sc02,LS136_4a.czi,LS136,4,a,AF568,2,ScanRegion2,-43827.1,6800.93,6780.97,10604.09,0,1,3,2,3,2,4,3,46
LS136_s04a_sc03,LS136_4a.czi,LS136,4,a,AF568,3,ScanRegion3,-43024.93,16178.45,6708.65,8140.08,1,1,4,9,4,12,3,4,47
LS136_s04a_sc04,LS136_4a.czi,LS136,4,a,AF568,4,ScanRegion4,-36694.13,6250.18,5439.6,10466.06,0,2,5,3,5,3,5,5,48
LS136_s04a_sc05,LS136_4a.czi,LS136,4,a,AF568,5,ScanRegion5,-29439.08,6970.97,6106.53,11593.25,0,3,6,4,7,4,8,6,49
LS136_s04a_sc06,LS136_4a.czi,LS136,4,a,AF568,6,ScanRegion6,-28410.52,18023.2,6568.56,8243.6,1,2,7,10,6,11,6,7,50
LS136_s04a_sc07,LS136_4a.czi,LS136,4,a,AF568,7,ScanRegion7,-22043.24,5857.24,6143.43,9269.33,0,4,8,5,9,5,9,8,51
LS136_s04a_sc08,LS136_4a.czi,LS136,4,a,AF568,8,ScanRegion8,-20817.2,15836.54,5438.0,7013.69,1,3,9,11,8,10,7,9,52
LS136_s04a_sc09,LS136_4a.czi,LS136,4,a,AF568,9,ScanRegion9,-14364.19,6296.64,5683.89,10115.24,0,5,10,6,11,6,12,10,53
LS136_s04a_sc10,LS136_4a.czi,LS136,4,a,AF568,10,ScanRegion10,-13404.51,16924.74,4874.1,7260.83,1,4,11,12,10,9,10,11,54
LS136_s04a_sc11,LS136_4a.czi,LS136,4,a,AF568,11,ScanRegion11,-7445.2,5993.47,5969.61,10328.31,0,6,12,7,13,7,13,12,55
LS136_s04a_sc12,LS136_4a.czi,LS136,4,a,AF568,12,ScanRegion12,-6500.21,16181.54,5332.54,8701.99,1,5,13,13,12,8,11,13,56
LS136_s04b_sc00,LS136_4b.czi,LS136,4,b,AF488,0,ScanRegion0,-51806.07,7065.66,7206.06,9826.91,0,0,1,1,1,1,1,1,49
LS136_s04b_sc01,LS136_4b.czi,LS136,4,b,AF488,1,ScanRegion1,-51447.12,16618.88,6389.43,9478.36,1,0,2,8,2,14,2,2,50
LS136_s04b_sc02,LS136_4b.czi,LS136,4,b,AF488,2,ScanRegion2,-42540.9,6434.73,7166.27,9659.94,0,1,3,2,3,2,4,3,51
LS136_s04b_sc03,LS136_4b.czi,LS136,4,b,AF488,3,ScanRegion3,-43853.72,16473.43,7097.65,10008.77,1,1,4,9,4,13,3,4,52
LS136_s04b_sc04,LS136_4b.czi,LS136,4,b,AF488,4,ScanRegion4,-35108.79,6395.3,5861.06,10113.99,0,2,5,3,5,3,5,5,53
LS136_s04b_sc05,LS136_4b.czi,LS136,4,b,AF488,5,ScanRegion5,-36246.58,16951.04,6289.5,9933.0,1,2,6,10,6,12,6,6,54
LS136_s04b_sc06,LS136_4b.czi,LS136,4,b,AF488,6,ScanRegion6,-28205.02,6780.18,5750.41,11274.52,0,3,7,4,7,4,8,7,55
LS136_s04b_sc07,LS136_4b.czi,LS136,4,b,AF488,7,ScanRegion7,-29132.75,17495.43,6466.48,9583.14,1,3,8,11,8,11,7,8,56
LS136_s04b_sc08,LS136_4b.czi,LS136,4,b,AF488,8,ScanRegion8,-20915.86,6707.01,6283.84,10540.5,0,4,9,5,9,5,9,9,57
LS136_s04b_sc09,LS136_4b.czi,LS136,4,b,AF488,9,ScanRegion9,-21082.53,17278.94,6817.12,9695.25,1,4,10,12,10,10,10,10,58
LS136_s04b_sc10,LS136_4b.czi,LS136,4,b,AF488,10,ScanRegion10,-14014.8,6898.53,5683.75,9902.82,0,5,11,6,11,6,12,11,59
LS136_s04b_sc11,LS136_4b.czi,LS136,4,b,AF488,11,ScanRegion11,-14251.36,17467.85,6784.34,9692.17,1,5,12,13,12,9,11,12,60
LS136_s04b_sc12,LS136_4b.czi,LS136,4,b,AF488,12,ScanRegion12,-7550.25,6292.74,5966.3,10220.23,0,6,13,7,13,7,13,13,61
LS136_s04b_sc13,LS136_4b.czi,LS136,4,b,AF488,13,ScanRegion13,-7190.09,16955.76,7062.45,9896.51,1,6,14,14,14,8,14,14,62
LS136_s05a_sc00,LS136_5a.czi,LS136,5,a,AF568,0,ScanRegion0,-51701.51,7944.54,7272.75,9617.94,0,0,1,1,1,1,1,1,57
LS136_s05a_sc01,LS136_5a.czi,LS136,5,a,AF568,1,ScanRegion1,-52222.67,17550.88,5756.85,7328.31,1,0,2,7,2,12,2,2,58
LS136_s05a_sc02,LS136_5a.czi,LS136,5,a,AF568,2,ScanRegion2,-43741.99,9601.59,5612.43,8245.15,0,1,3,2,3,2,4,3,59
LS136_s05a_sc03,LS136_5a.czi,LS136,5,a,AF568,3,ScanRegion3,-44316.11,18641.47,6815.13,7087.26,1,1,4,8,4,11,3,4,60
LS136_s05a_sc04,LS136_5a.czi,LS136,5,a,AF568,4,ScanRegion4,-37242.15,6374.23,6247.0,10221.33,0,2,5,3,5,3,5,5,61
LS136_s05a_sc05,LS136_5a.czi,LS136,5,a,AF568,5,ScanRegion5,-35487.06,16633.56,7025.26,7541.31,1,2,6,9,6,10,6,6,62
LS136_s05a_sc06,LS136_5a.czi,LS136,5,a,AF568,6,ScanRegion6,-28945.87,6600.88,6389.54,10151.29,0,3,7,4,7,4,8,7,63
LS136_s05a_sc07,LS136_5a.czi,LS136,5,a,AF568,7,ScanRegion7,-27049.7,17233.09,6389.15,8072.38,1,3,8,10,8,9,7,8,64
LS136_s05a_sc08,LS136_5a.czi,LS136,5,a,AF568,8,ScanRegion8,-21494.58,6495.59,6814.03,9553.33,0,4,9,5,9,5,9,9,65
LS136_s05a_sc09,LS136_5a.czi,LS136,5,a,AF568,9,ScanRegion9,-19564.47,16876.91,6104.93,7118.02,1,4,10,11,10,8,10,10,66
LS136_s05a_sc10,LS136_5a.czi,LS136,5,a,AF568,10,ScanRegion10,-11505.57,6390.99,7660.72,10011.56,0,5,11,6,11,6,12,11,67
LS136_s05a_sc11,LS136_5a.czi,LS136,5,a,AF568,11,ScanRegion11,-10986.93,17706.4,6461.79,8247.35,1,5,12,12,12,7,11,12,68
LS136_s05b_sc00,LS136_5b.czi,LS136,5,b,AF488,0,ScanRegion0,-52779.26,7149.33,6112.43,10075.89,0,0,1,1,1,1,1,1,63
LS136_s05b_sc01,LS136_5b.czi,LS136,5,b,AF488,1,ScanRegion1,-51957.44,17038.94,6071.43,9972.35,2,0,2,7,3,7,3,2,64
LS136_s05b_sc02,LS136_5b.czi,LS136,5,b,AF488,2,ScanRegion2,-44711.66,6160.02,7415.75,10678.98,0,1,3,2,4,2,5,3,65
LS136_s05b_sc03,LS136_5b.czi,LS136,5,b,AF488,3,ScanRegion3,-43941.77,16335.35,6852.78,10993.01,2,1,4,8,5,8,4,4,66
LS136_s05b_sc04,LS136_5b.czi,LS136,5,b,AF488,4,ScanRegion4,-36605.83,6056.19,7170.78,10571.34,0,2,5,3,6,3,6,5,67
LS136_s05b_sc05,LS136_5b.czi,LS136,5,b,AF488,5,ScanRegion5,-36635.35,16797.88,6726.46,10328.71,2,2,6,9,7,9,7,6,68
LS136_s05b_sc06,LS136_5b.czi,LS136,5,b,AF488,6,ScanRegion6,-28844.13,6291.41,6361.42,9914.93,0,3,7,4,8,4,9,7,69
LS136_s05b_sc07,LS136_5b.czi,LS136,5,b,AF488,7,ScanRegion7,-29593.76,17594.11,7027.68,9515.15,2,3,8,10,9,10,8,8,70
LS136_s05b_sc08,LS136_5b.czi,LS136,5,b,AF488,8,ScanRegion8,-20350.49,5966.2,7555.94,10748.22,0,4,9,5,10,5,10,9,71
LS136_s05b_sc09,LS136_5b.czi,LS136,5,b,AF488,9,ScanRegion9,-20991.23,17385.75,8498.59,10515.76,2,4,10,11,11,11,11,10,72
LS136_s05b_sc10,LS136_5b.czi,LS136,5,b,AF488,10,ScanRegion10,-10734.4,12120.02,9787.96,19701.02,1,0,11,6,2,6,2,11,73
LS136_s06a_sc00,LS136_6a.czi,LS136,6,a,AF568,0,ScanRegion0,-50977.21,7365.23,8090.62,11205.79,0,0,1,1,1,1,1,1,69
LS136_s06a_sc01,LS136_6a.czi,LS136,6,a,AF568,1,ScanRegion1,-39890.57,6509.29,8795.63,11907.65,0,1,2,2,3,2,4,2,70
LS136_s06a_sc02,LS136_6a.czi,LS136,6,a,AF568,2,ScanRegion2,-31153.19,5964.45,7982.28,11414.46,0,2,3,3,5,3,5,3,71
LS136_s06a_sc03,LS136_6a.czi,LS136,6,a,AF568,3,ScanRegion3,-29025.56,16524.52,7731.51,8210.78,1,0,4,7,2,9,2,4,72
LS136_s06a_sc04,LS136_6a.czi,LS136,6,a,AF568,4,ScanRegion4,-22763.32,5592.22,7520.46,9729.03,0,3,5,4,7,4,7,5,73
LS136_s06a_sc05,LS136_6a.czi,LS136,6,a,AF568,5,ScanRegion5,-20975.78,15658.38,6249.92,8566.37,1,1,6,8,4,8,3,6,74
LS136_s06a_sc06,LS136_6a.czi,LS136,6,a,AF568,6,ScanRegion6,-15104.93,6770.81,6886.7,9795.41,0,4,7,5,8,5,8,7,75
LS136_s06a_sc07,LS136_6a.czi,LS136,6,a,AF568,7,ScanRegion7,-12397.09,16152.07,6745.16,8318.79,1,2,8,9,6,7,6,8,76
LS136_s06a_sc08,LS136_6a.czi,LS136,6,a,AF568,8,ScanRegion8,-6966.2,6287.82,7645.42,7897.57,0,5,9,6,9,6,9,9,77
LS136_s06b_sc00,LS136_6b.czi,LS136,6,b,AF488,0,ScanRegion0,-52268.25,7294.05,7555.84,10284.99,0,0,1,1,1,1,1,1,74
LS136_s06b_sc01,LS136_6b.czi,LS136,6,b,AF488,1,ScanRegion1,-42960.51,6360.13,7587.44,10787.43,0,1,2,2,3,2,4,2,75
LS136_s06b_sc02,LS136_6b.czi,LS136,6,b,AF488,2,ScanRegion2,-42267.86,17976.66,6177.82,7363.55,1,0,3,7,2,10,2,3,76
LS136_s06b_sc03,LS136_6b.czi,LS136,6,b,AF488,3,ScanRegion3,-35282.14,5654.05,5932.85,10610.84,0,2,4,3,5,3,5,4,77
LS136_s06b_sc04,LS136_6b.czi,LS136,6,b,AF488,4,ScanRegion4,-27567.05,6288.94,7168.08,10923.78,0,3,5,4,7,4,8,5,78
LS136_s06b_sc05,LS136_6b.czi,LS136,6,b,AF488,5,ScanRegion5,-26328.39,17196.85,6496.92,9267.93,1,1,6,8,4,9,3,6,79
LS136_s06b_sc06,LS136_6b.czi,LS136,6,b,AF488,6,ScanRegion6,-19201.56,7959.61,6109.84,10431.55,0,4,7,5,9,5,9,7,80
LS136_s06b_sc07,LS136_6b.czi,LS136,6,b,AF488,7,ScanRegion7,-18170.19,18150.03,6854.53,8949.72,1,2,8,9,6,8,6,8,81
LS136_s06b_sc08,LS136_6b.czi,LS136,6,b,AF488,8,ScanRegion8,-9104.87,7805.45,8793.6,9869.19,0,5,9,6,10,6,10,9,82
LS136_s06b_sc09,LS136_6b.czi,LS136,6,b,AF488,9,ScanRegion9,-9379.02,17729.97,8262.31,8137.8,1,3,10,10,8,7,7,10,83
LS136_s07a_sc00,LS136_7a.czi,LS136,7,a,AF568,0,ScanRegion0,-52160.91,7749.9,6924.4,10008.55,0,0,1,1,1,1,1,1,78
LS136_s07a_sc01,LS136_7a.czi,LS136,7,a,AF568,1,ScanRegion1,-42642.42,5675.24,7377.71,9902.68,0,1,2,2,3,2,4,2,79
LS136_s07a_sc02,LS136_7a.czi,LS136,7,a,AF568,2,ScanRegion2,-42972.0,16634.52,6742.31,8638.55,1,0,3,5,2,8,2,3,80
LS136_s07a_sc03,LS136_7a.czi,LS136,7,a,AF568,3,ScanRegion3,-34346.43,6552.98,6459.8,9801.28,0,2,4,3,5,3,5,4,81
LS136_s07a_sc04,LS136_7a.czi,LS136,7,a,AF568,4,ScanRegion4,-34286.77,17040.83,5754.61,7860.55,1,1,5,6,4,7,3,5,82
LS136_s07a_sc05,LS136_7a.czi,LS136,7,a,AF568,5,ScanRegion5,-26060.54,17163.08,5966.55,7085.94,1,2,6,7,6,6,6,6,83
LS136_s07a_sc06,LS136_7a.czi,LS136,7,a,AF568,6,ScanRegion6,-18893.13,17176.81,6174.69,7865.69,1,3,7,8,8,5,7,7,84
LS136_s07a_sc07,LS136_7a.czi,LS136,7,a,AF568,7,ScanRegion7,-14733.94,5767.81,4873.78,5958.67,0,3,8,4,7,4,8,8,85
LS136_s07b_sc00,LS136_7b.czi,LS136,7,b,AF488,0,ScanRegion0,-51137.49,7294.97,7482.84,9863.91,0,0,1,1,1,1,1,1,84
LS136_s07b_sc01,LS136_7b.czi,LS136,7,b,AF488,1,ScanRegion1,-51798.78,17624.49,8297.61,9090.54,1,0,2,7,2,12,2,2,85
LS136_s07b_sc02,LS136_7b.czi,LS136,7,b,AF488,2,ScanRegion2,-43280.64,7168.42,6529.69,8107.26,0,1,3,2,3,2,4,3,86
LS136_s07b_sc03,LS136_7b.czi,LS136,7,b,AF488,3,ScanRegion3,-42636.16,16124.0,6991.77,7754.97,1,1,4,8,4,11,3,4,87
LS136_s07b_sc04,LS136_7b.czi,LS136,7,b,AF488,4,ScanRegion4,-35374.03,8367.3,6247.82,7719.65,0,2,5,3,5,3,5,5,88
LS136_s07b_sc05,LS136_7b.czi,LS136,7,b,AF488,5,ScanRegion5,-34833.37,16230.2,4945.78,7505.26,1,2,6,9,6,10,6,6,89
LS136_s07b_sc06,LS136_7b.czi,LS136,7,b,AF488,6,ScanRegion6,-27912.0,7002.89,5570.89,7845.38,0,3,7,4,7,4,8,7,90
LS136_s07b_sc07,LS136_7b.czi,LS136,7,b,AF488,7,ScanRegion7,-27951.14,17986.23,7060.03,7333.81,1,3,8,10,8,9,7,8,91
LS136_s07b_sc08,LS136_7b.czi,LS136,7,b,AF488,8,ScanRegion8,-20984.09,7180.59,5510.81,7192.99,0,4,9,5,9,5,9,9,92
LS136_s07b_sc09,LS136_7b.czi,LS136,7,b,AF488,9,ScanRegion9,-20252.81,16239.26,6283.98,7472.44,1,4,10,11,10,8,10,10,93
LS136_s07b_sc10,LS136_7b.czi,LS136,7,b,AF488,10,ScanRegion10,-13058.41,6861.93,5966.12,8003.29,0,5,11,6,11,6,12,11,94
LS136_s07b_sc11,LS136_7b.czi,LS136,7,b,AF488,11,ScanRegion11,-12239.28,17473.94,6497.52,7998.15,1,5,12,12,12,7,11,12,95
LS136_s08a_sc00,LS136_8a.czi,LS136,8,a,AF568,0,ScanRegion0,-51752.51,5830.69,6390.32,6662.21,0,0,1,1,1,1,1,1,86
LS136_s08a_sc01,LS136_8a.czi,LS136,8,a,AF568,1,ScanRegion1,-51320.26,15752.75,8965.08,8880.77,1,0,2,6,2,10,2,2,87
LS136_s08a_sc02,LS136_8a.czi,LS136,8,a,AF568,2,ScanRegion2,-37488.06,6056.49,7519.47,7757.91,0,1,3,2,3,2,4,3,88
LS136_s08a_sc03,LS136_8a.czi,LS136,8,a,AF568,3,ScanRegion3,-38539.99,16310.68,8049.3,8178.7,1,1,4,7,4,9,3,4,89
LS136_s08a_sc04,LS136_8a.czi,LS136,8,a,AF568,4,ScanRegion4,-29388.71,8223.57,6847.7,7893.3,0,2,5,3,5,3,5,5,90
LS136_s08a_sc05,LS136_8a.czi,LS136,8,a,AF568,5,ScanRegion5,-29449.88,16678.56,6810.68,7689.18,1,2,6,8,6,8,6,6,91
LS136_s08a_sc06,LS136_8a.czi,LS136,8,a,AF568,6,ScanRegion6,-21459.36,5350.73,7376.39,7471.12,0,3,7,4,7,4,8,7,92
LS136_s08a_sc07,LS136_8a.czi,LS136,8,a,AF568,7,ScanRegion7,-19650.8,14832.99,7692.65,8326.49,1,3,8,9,8,7,7,8,93
LS136_s08a_sc08,LS136_8a.czi,LS136,8,a,AF568,8,ScanRegion8,-13250.07,5172.6,6918.73,7300.48,0,4,9,5,9,5,9,9,94
LS136_s08a_sc09,LS136_8a.czi,LS136,8,a,AF568,9,ScanRegion9,-11141.58,14464.03,6846.91,6837.62,1,4,10,10,10,6,10,10,95
LS136_s08b_sc00,LS136_8b.czi,LS136,8,b,AF488,0,ScanRegion0,-52246.52,6728.95,5968.33,7753.28,0,0,1,1,1,1,1,1,96
LS136_s08b_sc01,LS136_8b.czi,LS136,8,b,AF488,1,ScanRegion1,-52503.54,15769.74,6248.03,8637.23,1,0,2,7,2,12,2,2,97
LS136_s08b_sc02,LS136_8b.czi,LS136,8,b,AF488,2,ScanRegion2,-45578.59,8502.81,7379.99,9729.62,0,1,3,2,3,2,4,3,98
LS136_s08b_sc03,LS136_8b.czi,LS136,8,b,AF488,3,ScanRegion3,-45339.97,18267.31,6743.31,8175.69,1,1,4,8,4,11,3,4,99
LS136_s08b_sc04,LS136_8b.czi,LS136,8,b,AF488,4,ScanRegion4,-38125.41,5824.76,5965.88,9267.49,0,2,5,3,5,3,5,5,100
LS136_s08b_sc05,LS136_8b.czi,LS136,8,b,AF488,5,ScanRegion5,-37991.66,15605.19,6533.4,8319.45,1,2,6,9,6,10,6,6,101
LS136_s08b_sc06,LS136_8b.czi,LS136,8,b,AF488,6,ScanRegion6,-30500.83,7796.69,7023.73,7828.54,0,3,7,4,7,4,8,7,102
LS136_s08b_sc07,LS136_8b.czi,LS136,8,b,AF488,7,ScanRegion7,-31056.73,16887.42,6776.12,8597.21,1,3,8,10,8,9,7,8,103
LS136_s08b_sc08,LS136_8b.czi,LS136,8,b,AF488,8,ScanRegion8,-23366.9,5960.33,7235.74,7372.21,0,4,9,5,9,5,9,9,104
LS136_s08b_sc09,LS136_8b.czi,LS136,8,b,AF488,9,ScanRegion9,-22864.2,15480.69,6918.88,7722.44,1,4,10,11,10,8,10,10,105
LS136_s08b_sc10,LS136_8b.czi,LS136,8,b,AF488,10,ScanRegion10,-15157.53,5555.84,6918.88,7300.85,0,5,11,6,11,6,12,11,106
LS136_s08b_sc11,LS136_8b.czi,LS136,8,b,AF488,11,ScanRegion11,-13949.43,15038.24,7449.56,7161.19,1,5,12,12,12,7,11,12,107
LS136_s09a_sc00,LS136_9a.czi,LS136,9,a,AF568,0,ScanRegion0,-52388.03,6854.46,7164.03,7365.24,0,0,1,1,1,1,1,1,96
LS136_s09a_sc01,LS136_9a.czi,LS136,9,a,AF568,1,ScanRegion1,-43969.91,8015.9,7057.9,8041.39,0,1,2,2,3,2,4,2,97
LS136_s09a_sc02,LS136_9a.czi,LS136,9,a,AF568,2,ScanRegion2,-35317.14,6395.74,7624.42,8144.63,0,2,3,3,5,3,5,3,98
LS136_s09a_sc03,LS136_9a.czi,LS136,9,a,AF568,3,ScanRegion3,-19987.97,16929.15,6106.06,7159.21,1,0,4,5,2,6,2,4,99
LS136_s09a_sc04,LS136_9a.czi,LS136,9,a,AF568,4,ScanRegion4,-12899.93,7270.16,7905.52,7897.7,0,3,5,4,6,4,6,5,100
LS136_s09a_sc05,LS136_9a.czi,LS136,9,a,AF568,5,ScanRegion5,-12466.67,15659.95,6318.72,5429.95,1,1,6,6,4,5,3,6,101
LS136_s09b_sc00,LS136_9b.czi,LS136,9,b,AF488,0,ScanRegion0,-52371.91,7049.11,6920.09,8529.44,0,0,1,1,1,1,1,1,108
LS136_s09b_sc01,LS136_9b.czi,LS136,9,b,AF488,1,ScanRegion1,-44603.81,7011.77,7128.65,7155.91,0,1,2,2,3,2,4,2,109
LS136_s09b_sc02,LS136_9b.czi,LS136,9,b,AF488,2,ScanRegion2,-36925.47,7096.86,6954.97,6803.62,0,2,3,3,5,3,5,3,110
LS136_s09b_sc03,LS136_9b.czi,LS136,9,b,AF488,3,ScanRegion3,-38170.22,16504.99,7589.86,7789.92,1,0,4,7,2,9,2,4,111
LS136_s09b_sc04,LS136_9b.czi,LS136,9,b,AF488,4,ScanRegion4,-29017.73,7308.09,7096.58,6698.04,0,3,5,4,7,4,7,5,112
LS136_s09b_sc05,LS136_9b.czi,LS136,9,b,AF488,5,ScanRegion5,-20295.9,6760.64,6318.68,7125.81,0,4,6,5,8,5,8,6,113
LS136_s09b_sc06,LS136_9b.czi,LS136,9,b,AF488,6,ScanRegion6,-20905.02,16046.75,6882.43,7719.73,1,1,7,8,4,8,3,7,114
LS136_s09b_sc07,LS136_9b.czi,LS136,9,b,AF488,7,ScanRegion7,-11310.09,7025.66,7554.2,7970.98,0,5,8,6,9,6,9,8,115
LS136_s09b_sc08,LS136_9b.czi,LS136,9,b,AF488,8,ScanRegion8,-12184.31,15587.92,6600.98,7335.58,1,2,9,9,6,7,6,9,116
LS138_s01a_sc00,LS138_1a.czi,LS138,1,a,AF568,0,ScanRegion0,-51497.89,15595.29,4732.45,7578.9,1,0,1,6,2,11,2,1,1
LS138_s01a_sc01,LS138_1a.czi,LS138,1,a,AF568,1,ScanRegion1,-44920.29,4525.43,5225.95,7472.81,0,0,2,1,1,1,1,2,2
LS138_s01a_sc02,LS138_1a.czi,LS138,1,a,AF568,2,ScanRegion2,-42987.54,13640.09,4591.19,7296.66,1,1,3,7,4,10,3,3,3
LS138_s01a_sc03,LS138_1a.czi,LS138,1,a,AF568,3,ScanRegion3,-37507.72,6708.3,5719.27,8214.97,0,1,4,2,3,2,4,4,4
LS138_s01a_sc04,LS138_1a.czi,LS138,1,a,AF568,4,ScanRegion4,-35911.44,16579.59,4343.59,7367.74,1,2,5,8,6,9,6,5,5
LS138_s01a_sc05,LS138_1a.czi,LS138,1,a,AF568,5,ScanRegion5,-30271.45,7673.67,4729.36,8425.4,0,2,6,3,5,3,5,6,6
LS138_s01a_sc06,LS138_1a.czi,LS138,1,a,AF568,6,ScanRegion6,-28392.78,17952.9,4766.44,7685.81,1,3,7,9,8,8,7,7,7
LS138_s01a_sc07,LS138_1a.czi,LS138,1,a,AF568,7,ScanRegion7,-23879.31,6805.32,5930.67,8708.15,0,3,8,4,7,4,8,8,8
LS138_s01a_sc08,LS138_1a.czi,LS138,1,a,AF568,8,ScanRegion8,-20977.91,16856.79,5895.65,8144.77,1,4,9,10,10,7,10,9,9
LS138_s01a_sc09,LS138_1a.czi,LS138,1,a,AF568,9,ScanRegion9,-15441.33,6294.4,5365.85,7717.6,0,4,10,5,9,5,9,10,10
LS138_s01a_sc10,LS138_1a.czi,LS138,1,a,AF568,10,ScanRegion10,-13368.08,15640.01,5931.89,7647.11,1,5,11,11,11,6,11,11,11
LS138_s01b_sc00,LS138_1b.czi,LS138,1,b,AF488,0,ScanRegion0,-52158.74,6024.52,5009.77,6983.22,0,0,1,1,1,1,1,1,1
LS138_s01b_sc01,LS138_1b.czi,LS138,1,b,AF488,1,ScanRegion1,-51569.31,15489.93,3882.31,6451.71,1,0,2,7,2,12,2,2,2
LS138_s01b_sc02,LS138_1b.czi,LS138,1,b,AF488,2,ScanRegion2,-46016.8,5861.33,4022.5,7404.45,0,1,3,2,3,2,4,3,3
LS138_s01b_sc03,LS138_1b.czi,LS138,1,b,AF488,3,ScanRegion3,-44699.65,15168.95,4270.88,7684.56,1,1,4,8,4,11,3,4,4
LS138_s01b_sc04,LS138_1b.czi,LS138,1,b,AF488,4,ScanRegion4,-39678.46,6631.84,5680.4,8215.63,0,2,5,3,5,3,5,5,5
LS138_s01b_sc05,LS138_1b.czi,LS138,1,b,AF488,5,ScanRegion5,-38064.59,17296.24,5118.32,8178.11,1,2,6,9,6,10,6,6,6
LS138_s01b_sc06,LS138_1b.czi,LS138,1,b,AF488,6,ScanRegion6,-32370.36,6207.59,5471.98,8461.16,0,3,7,4,7,4,8,7,7
LS138_s01b_sc07,LS138_1b.czi,LS138,1,b,AF488,7,ScanRegion7,-29926.88,15623.25,4728.54,8037.94,1,3,8,10,8,9,7,8,8
LS138_s01b_sc08,LS138_1b.czi,LS138,1,b,AF488,8,ScanRegion8,-23895.62,4286.13,5472.2,8530.54,0,4,9,5,9,5,9,9,9
LS138_s01b_sc09,LS138_1b.czi,LS138,1,b,AF488,9,ScanRegion9,-21876.28,14721.71,4941.76,7752.99,1,4,10,11,10,8,10,10,10
LS138_s01b_sc10,LS138_1b.czi,LS138,1,b,AF488,10,ScanRegion10,-15405.35,5307.63,5578.26,7929.57,0,5,11,6,11,6,12,11,11
LS138_s01b_sc11,LS138_1b.czi,LS138,1,b,AF488,11,ScanRegion11,-14231.9,14914.74,5401.8,8389.42,1,5,12,12,12,7,11,12,12
LS138_s02a_sc00,LS138_2a.czi,LS138,2,a,AF568,0,ScanRegion0,-52001.29,6729.68,6320.5,7187.92,0,0,1,1,1,1,1,1,12
LS138_s02a_sc01,LS138_2a.czi,LS138,2,a,AF568,1,ScanRegion1,-52732.79,15838.36,5933.66,7859.89,1,0,2,7,2,12,2,2,13
LS138_s02a_sc02,LS138_2a.czi,LS138,2,a,AF568,2,ScanRegion2,-44181.53,7662.37,6214.83,6978.96,0,1,3,2,3,2,4,3,14
LS138_s02a_sc03,LS138_2a.czi,LS138,2,a,AF568,3,ScanRegion3,-44508.24,16700.64,6143.36,7509.37,1,1,4,8,4,11,3,4,15
LS138_s02a_sc04,LS138_2a.czi,LS138,2,a,AF568,4,ScanRegion4,-35337.37,7540.63,6955.85,7401.44,0,2,5,3,5,3,5,5,16
LS138_s02a_sc05,LS138_2a.czi,LS138,2,a,AF568,5,ScanRegion5,-34128.49,16829.63,6990.34,7580.88,1,2,6,9,6,10,6,6,17
LS138_s02a_sc06,LS138_2a.czi,LS138,2,a,AF568,6,ScanRegion6,-26563.81,7365.47,7133.52,8071.57,0,3,7,4,7,4,8,7,18
LS138_s02a_sc07,LS138_2a.czi,LS138,2,a,AF568,7,ScanRegion7,-24755.23,16549.33,6744.7,7962.32,1,3,8,10,8,9,7,8,19
LS138_s02a_sc08,LS138_2a.czi,LS138,2,a,AF568,8,ScanRegion8,-16517.67,4937.24,6813.42,7257.38,0,4,9,5,9,5,9,9,20
LS138_s02a_sc09,LS138_2a.czi,LS138,2,a,AF568,9,ScanRegion9,-16052.4,15282.48,7202.99,8420.77,1,4,10,11,10,8,10,10,21
LS138_s02a_sc10,LS138_2a.czi,LS138,2,a,AF568,10,ScanRegion10,-9246.67,6731.7,6250.1,8491.04,0,5,11,6,11,6,12,11,22
LS138_s02a_sc11,LS138_2a.czi,LS138,2,a,AF568,11,ScanRegion11,-8249.72,15529.43,6284.23,8103.07,1,5,12,12,12,7,11,12,23
LS138_s02b_sc00,LS138_2b.czi,LS138,2,b,AF488,0,ScanRegion0,-52123.86,6465.83,5933.06,7998.74,0,0,1,1,1,1,1,1,13
LS138_s02b_sc01,LS138_2b.czi,LS138,2,b,AF488,1,ScanRegion1,-51922.84,17022.05,6284.55,7044.09,1,0,2,6,2,11,2,2,14
LS138_s02b_sc02,LS138_2b.czi,LS138,2,b,AF488,2,ScanRegion2,-45208.19,7494.44,7456.2,7437.29,0,1,3,2,3,2,4,3,15
LS138_s02b_sc03,LS138_2b.czi,LS138,2,b,AF488,3,ScanRegion3,-43502.82,16529.52,6814.81,7720.46,1,1,4,7,4,10,3,4,16
LS138_s02b_sc04,LS138_2b.czi,LS138,2,b,AF488,4,ScanRegion4,-35108.1,7595.73,6495.17,7084.91,0,2,5,3,5,3,5,5,17
LS138_s02b_sc05,LS138_2b.czi,LS138,2,b,AF488,5,ScanRegion5,-34692.58,16457.49,7345.57,8245.0,1,2,6,8,6,9,6,6,18
LS138_s02b_sc06,LS138_2b.czi,LS138,2,b,AF488,6,ScanRegion6,-27233.99,5796.67,7202.18,8810.73,0,3,7,4,7,4,8,7,19
LS138_s02b_sc07,LS138_2b.czi,LS138,2,b,AF488,7,ScanRegion7,-24790.09,16285.45,6955.71,8211.08,1,3,8,9,8,8,7,8,20
LS138_s02b_sc08,LS138_2b.czi,LS138,2,b,AF488,8,ScanRegion8,-18319.1,5320.15,6461.19,8600.59,0,4,9,5,9,5,9,9,21
LS138_s02b_sc09,LS138_2b.czi,LS138,2,b,AF488,9,ScanRegion9,-15715.22,14701.22,7450.35,9092.08,1,4,10,10,10,7,10,10,22
LS138_s02b_sc10,LS138_2b.czi,LS138,2,b,AF488,10,ScanRegion10,-7771.98,16179.89,6532.26,8279.44,1,5,11,11,11,6,11,11,23
LS138_s03a_sc00,LS138_3a.czi,LS138,3,a,AF568,0,ScanRegion0,-52001.75,6976.86,7311.9,8875.41,0,0,1,1,1,1,1,1,24
LS138_s03a_sc01,LS138_3a.czi,LS138,3,a,AF568,1,ScanRegion1,-50810.46,16530.96,7804.33,7326.99,1,0,2,7,2,12,2,2,25
LS138_s03a_sc02,LS138_3a.czi,LS138,3,a,AF568,2,ScanRegion2,-42609.11,6891.86,7168.86,7819.51,0,1,3,2,3,2,4,3,26
LS138_s03a_sc03,LS138_3a.czi,LS138,3,a,AF568,3,ScanRegion3,-40995.21,16428.2,6464.78,7781.55,1,1,4,8,4,11,3,4,27
LS138_s03a_sc04,LS138_3a.czi,LS138,3,a,AF568,4,ScanRegion4,-34596.2,7030.15,6674.05,7571.71,0,2,5,3,5,3,5,5,28
LS138_s03a_sc05,LS138_3a.czi,LS138,3,a,AF568,5,ScanRegion5,-33229.08,17220.17,7239.62,7572.52,1,2,6,9,6,10,6,6,29
LS138_s03a_sc06,LS138_3a.czi,LS138,3,a,AF568,6,ScanRegion6,-25520.55,6768.35,6956.64,6514.93,0,3,7,4,7,4,8,7,30
LS138_s03a_sc07,LS138_3a.czi,LS138,3,a,AF568,7,ScanRegion7,-23942.15,15880.11,5684.21,7121.55,1,3,8,10,8,9,7,8,31
LS138_s03a_sc08,LS138_3a.czi,LS138,3,a,AF568,8,ScanRegion8,-17366.49,6062.39,6108.98,7186.31,0,4,9,5,9,5,9,9,32
LS138_s03a_sc09,LS138_3a.czi,LS138,3,a,AF568,9,ScanRegion9,-16774.19,15613.73,5756.99,7610.26,1,4,10,11,10,8,10,10,33
LS138_s03a_sc10,LS138_3a.czi,LS138,3,a,AF568,10,ScanRegion10,-8982.37,7947.78,5721.01,6766.4,0,5,11,6,11,6,12,11,34
LS138_s03a_sc11,LS138_3a.czi,LS138,3,a,AF568,11,ScanRegion11,-8531.6,16441.54,6002.85,7756.29,1,5,12,12,12,7,11,12,35
LS138_s03b_sc00,LS138_3b.czi,LS138,3,b,AF488,0,ScanRegion0,-52211.87,6395.27,7456.18,8628.27,0,0,1,1,1,1,1,1,24
LS138_s03b_sc01,LS138_3b.czi,LS138,3,b,AF488,1,ScanRegion1,-51868.18,16265.5,6746.73,7365.98,1,0,2,7,2,12,2,2,25
LS138_s03b_sc02,LS138_3b.czi,LS138,3,b,AF488,2,ScanRegion2,-44745.79,7735.9,7066.4,7821.2,0,1,3,2,3,2,4,3,26
LS138_s03b_sc03,LS138_3b.czi,LS138,3,b,AF488,3,ScanRegion3,-44242.49,16422.58,7026.5,7362.52,1,1,4,8,4,11,3,4,27
LS138_s03b_sc04,LS138_3b.czi,LS138,3,b,AF488,4,ScanRegion4,-36007.57,6922.07,6815.7,7503.72,0,2,5,3,5,3,5,5,28
LS138_s03b_sc05,LS138_3b.czi,LS138,3,b,AF488,5,ScanRegion5,-35134.34,17233.61,7026.57,6834.61,1,2,6,9,6,10,6,6,29
LS138_s03b_sc06,LS138_3b.czi,LS138,3,b,AF488,6,ScanRegion6,-27746.69,7522.08,7239.01,7252.47,0,3,7,4,7,4,8,7,30
LS138_s03b_sc07,LS138_3b.czi,LS138,3,b,AF488,7,ScanRegion7,-26695.92,16211.59,7098.65,6938.21,1,3,8,10,8,9,7,8,31
LS138_s03b_sc08,LS138_3b.czi,LS138,3,b,AF488,8,ScanRegion8,-18972.02,6534.9,7131.74,7646.01,0,4,9,5,9,5,9,9,32
LS138_s03b_sc09,LS138_3b.czi,LS138,3,b,AF488,9,ScanRegion9,-17624.43,16723.56,6603.3,7861.29,1,4,10,11,10,8,10,10,33
LS138_s03b_sc10,LS138_3b.czi,LS138,3,b,AF488,10,ScanRegion10,-9616.0,7029.14,6637.78,7117.73,0,5,11,6,11,6,12,11,34
LS138_s03b_sc11,LS138_3b.czi,LS138,3,b,AF488,11,ScanRegion11,-8529.98,16637.39,6355.59,7012.29,1,5,12,12,12,7,11,12,35
LS138_s04a_sc00,LS138_4a.czi,LS138,4,a,AF568,0,ScanRegion0,-49741.89,6331.58,6038.94,7644.47,0,0,1,1,1,1,1,1,36
LS138_s04a_sc01,LS138_4a.czi,LS138,4,a,AF568,1,ScanRegion1,-49786.14,16004.25,6674.48,8525.48,1,0,2,5,2,8,2,2,37
LS138_s04a_sc02,LS138_4a.czi,LS138,4,a,AF568,2,ScanRegion2,-42166.65,6382.27,6572.44,7999.91,0,1,3,2,3,2,4,3,38
LS138_s04a_sc03,LS138_4a.czi,LS138,4,a,AF568,3,ScanRegion3,-41259.91,15847.82,7132.06,8738.04,1,1,4,6,4,7,3,4,39
LS138_s04a_sc04,LS138_4a.czi,LS138,4,a,AF568,4,ScanRegion4,-31963.49,5503.97,7136.83,8737.82,0,2,5,3,5,3,5,5,40
LS138_s04a_sc05,LS138_4a.czi,LS138,4,a,AF568,5,ScanRegion5,-31374.75,15957.62,8190.67,8703.6,1,2,6,7,6,6,6,6,41
LS138_s04a_sc06,LS138_4a.czi,LS138,4,a,AF568,6,ScanRegion6,-23208.92,6033.68,7909.46,8064.75,0,3,7,4,7,4,8,7,42
LS138_s04a_sc07,LS138_4a.czi,LS138,4,a,AF568,7,ScanRegion7,-22194.68,16219.84,7344.9,8136.41,1,3,8,8,8,5,7,8,43
LS138_s04b_sc00,LS138_4b.czi,LS138,4,b,AF488,0,ScanRegion0,-51118.66,7278.59,7238.34,7361.06,0,0,1,1,1,1,1,1,36
LS138_s04b_sc01,LS138_4b.czi,LS138,4,b,AF488,1,ScanRegion1,-51516.1,16935.74,6464.46,7854.9,1,0,2,5,2,8,2,2,37
LS138_s04b_sc02,LS138_4b.czi,LS138,4,b,AF488,2,ScanRegion2,-43581.4,6748.18,6780.36,9440.11,0,1,3,2,3,2,4,3,38
LS138_s04b_sc03,LS138_4b.czi,LS138,4,b,AF488,3,ScanRegion3,-42847.58,15598.18,7346.64,8169.6,1,1,4,6,4,7,3,4,39
LS138_s04b_sc04,LS138_4b.czi,LS138,4,b,AF488,4,ScanRegion4,-35689.25,5987.43,7311.26,9305.16,0,2,5,3,5,3,5,5,40
LS138_s04b_sc05,LS138_4b.czi,LS138,4,b,AF488,5,ScanRegion5,-34991.88,15102.79,7452.16,8769.61,1,2,6,7,6,6,6,6,41
LS138_s04b_sc06,LS138_4b.czi,LS138,4,b,AF488,6,ScanRegion6,-24514.0,5464.36,8263.55,9620.58,0,3,7,4,7,4,8,7,42
LS138_s04b_sc07,LS138_4b.czi,LS138,4,b,AF488,7,ScanRegion7,-23571.28,15389.79,8969.88,9160.66,1,3,8,8,8,5,7,8,43
LS138_s05a_sc00,LS138_5a.czi,LS138,5,a,AF568,0,ScanRegion0,-51841.56,6222.36,8190.99,8560.87,0,0,1,1,1,1,1,1,44
LS138_s05a_sc01,LS138_5a.czi,LS138,5,a,AF568,1,ScanRegion1,-51443.92,16424.49,6602.91,7750.79,1,0,2,6,2,10,2,2,45
LS138_s05a_sc02,LS138_5a.czi,LS138,5,a,AF568,2,ScanRegion2,-41443.17,6189.09,8938.56,9437.4,0,1,3,2,3,2,4,3,46
LS138_s05a_sc03,LS138_5a.czi,LS138,5,a,AF568,3,ScanRegion3,-40943.44,16660.06,7623.71,10216.85,1,1,4,7,4,9,3,4,47
LS138_s05a_sc04,LS138_5a.czi,LS138,5,a,AF568,4,ScanRegion4,-30204.87,5922.37,9282.4,8973.58,0,2,5,3,5,3,5,5,48
LS138_s05a_sc05,LS138_5a.czi,LS138,5,a,AF568,5,ScanRegion5,-30438.26,16292.02,8791.65,9578.44,1,2,6,8,6,8,6,6,49
LS138_s05a_sc06,LS138_5a.czi,LS138,5,a,AF568,6,ScanRegion6,-20261.39,6496.17,8157.6,9472.12,0,3,7,4,7,4,8,7,50
LS138_s05a_sc07,LS138_5a.czi,LS138,5,a,AF568,7,ScanRegion7,-19478.13,16756.68,7767.78,8629.15,1,3,8,9,8,7,7,8,51
LS138_s05a_sc08,LS138_5a.czi,LS138,5,a,AF568,8,ScanRegion8,-9511.03,6113.37,9674.68,10359.59,0,4,9,5,9,5,9,9,52
LS138_s05a_sc09,LS138_5a.czi,LS138,5,a,AF568,9,ScanRegion9,-8214.19,17112.51,9040.81,8454.77,1,4,10,10,10,6,10,10,53
LS138_s05b_sc00,LS138_5b.czi,LS138,5,b,AF488,0,ScanRegion0,-51696.61,7277.05,8499.34,10444.51,0,0,1,1,1,1,1,1,44
LS138_s05b_sc01,LS138_5b.czi,LS138,5,b,AF488,1,ScanRegion1,-51674.49,17025.65,8832.47,9860.61,1,0,2,6,2,10,2,2,45
LS138_s05b_sc02,LS138_5b.czi,LS138,5,b,AF488,2,ScanRegion2,-42857.6,6782.21,10133.68,9088.19,0,1,3,2,3,2,4,3,46
LS138_s05b_sc03,LS138_5b.czi,LS138,5,b,AF488,3,ScanRegion3,-41877.86,15912.43,9356.18,9366.69,1,1,4,7,4,9,3,4,47
LS138_s05b_sc04,LS138_5b.czi,LS138,5,b,AF488,4,ScanRegion4,-32654.49,6559.62,9005.5,10209.15,0,2,5,3,5,3,5,5,48
LS138_s05b_sc05,LS138_5b.czi,LS138,5,b,AF488,5,ScanRegion5,-31161.83,16290.59,8689.46,9369.55,1,2,6,8,6,8,6,6,49
LS138_s05b_sc06,LS138_5b.czi,LS138,5,b,AF488,6,ScanRegion6,-22909.71,6631.09,8583.47,9260.74,0,3,7,4,7,4,8,7,50
LS138_s05b_sc07,LS138_5b.czi,LS138,5,b,AF488,7,ScanRegion7,-21435.85,15693.95,8442.85,10037.12,1,3,8,9,8,7,7,8,51
LS138_s05b_sc08,LS138_5b.czi,LS138,5,b,AF488,8,ScanRegion8,-11523.31,7449.27,9112.85,10497.7,0,4,9,5,9,5,9,9,52
LS138_s05b_sc09,LS138_5b.czi,LS138,5,b,AF488,9,ScanRegion9,-9733.01,16795.1,8688.89,10005.91,1,4,10,10,10,6,10,10,53
LS138_s06a_sc00,LS138_6a.czi,LS138,6,a,AF568,0,ScanRegion0,-50515.89,5728.92,9218.12,10536.17,0,0,1,1,1,1,1,1,54
LS138_s06a_sc01,LS138_6a.czi,LS138,6,a,AF568,1,ScanRegion1,-50103.09,16462.67,9146.76,9156.7,1,0,2,6,2,10,2,2,55
LS138_s06a_sc02,LS138_6a.czi,LS138,6,a,AF568,2,ScanRegion2,-41496.75,6433.7,7699.34,10012.22,0,1,3,2,3,2,4,3,56
LS138_s06a_sc03,LS138_6a.czi,LS138,6,a,AF568,3,ScanRegion3,-40537.41,16252.6,9075.05,9686.23,1,1,4,7,4,9,3,4,57
LS138_s06a_sc04,LS138_6a.czi,LS138,6,a,AF568,4,ScanRegion4,-32335.43,6260.75,9359.42,11172.83,0,2,5,3,5,3,5,5,58
LS138_s06a_sc05,LS138_6a.czi,LS138,6,a,AF568,5,ScanRegion5,-30509.89,16996.37,9427.9,8813.51,1,2,6,8,6,8,6,6,59
LS138_s06a_sc06,LS138_6a.czi,LS138,6,a,AF568,6,ScanRegion6,-21655.34,6846.73,8899.62,11238.32,0,3,7,4,7,4,8,7,60
LS138_s06a_sc07,LS138_6a.czi,LS138,6,a,AF568,7,ScanRegion7,-20428.65,16895.56,9255.45,9263.75,1,3,8,9,8,7,7,8,61
LS138_s06a_sc08,LS138_6a.czi,LS138,6,a,AF568,8,ScanRegion8,-10444.57,5335.23,9073.84,10147.25,0,4,9,5,9,5,9,9,62
LS138_s06a_sc09,LS138_6a.czi,LS138,6,a,AF568,9,ScanRegion9,-9007.39,16038.4,10417.94,9128.35,1,4,10,10,10,6,10,10,63
LS138_s06b_sc00,LS138_6b.czi,LS138,6,b,AF488,0,ScanRegion0,-50445.4,6521.6,9430.35,10149.09,0,0,1,1,1,1,1,1,54
LS138_s06b_sc01,LS138_6b.czi,LS138,6,b,AF488,1,ScanRegion1,-50667.61,17043.53,9782.31,10604.46,1,0,2,6,2,10,2,2,55
LS138_s06b_sc02,LS138_6b.czi,LS138,6,b,AF488,2,ScanRegion2,-41620.89,6432.02,9363.04,10635.44,0,1,3,2,3,2,4,3,56
LS138_s06b_sc03,LS138_6b.czi,LS138,6,b,AF488,3,ScanRegion3,-40536.54,15850.39,9783.4,10568.77,1,1,4,7,4,9,3,4,57
LS138_s06b_sc04,LS138_6b.czi,LS138,6,b,AF488,4,ScanRegion4,-30782.21,6101.46,10421.54,10849.69,0,2,5,3,5,3,5,5,58
LS138_s06b_sc05,LS138_6b.czi,LS138,6,b,AF488,5,ScanRegion5,-30457.68,16945.09,10170.02,11094.12,1,2,6,8,6,8,6,6,59
LS138_s06b_sc06,LS138_6b.czi,LS138,6,b,AF488,6,ScanRegion6,-19536.65,6142.93,10735.02,11452.06,0,3,7,4,7,4,8,7,60
LS138_s06b_sc07,LS138_6b.czi,LS138,6,b,AF488,7,ScanRegion7,-18205.01,16564.93,9676.45,11344.12,1,3,8,9,8,7,7,8,61
LS138_s06b_sc08,LS138_6b.czi,LS138,6,b,AF488,8,ScanRegion8,-9440.67,5564.53,9535.23,10606.59,0,4,9,5,9,5,9,9,62
LS138_s06b_sc09,LS138_6b.czi,LS138,6,b,AF488,9,ScanRegion9,-7684.19,15581.6,9253.82,11308.51,1,4,10,10,10,6,10,10,63
LS138_s07a_sc00,LS138_7a.czi,LS138,7,a,AF568,0,ScanRegion0,-50500.16,6962.58,9464.19,10610.18,0,0,1,1,1,1,1,1,64
LS138_s07a_sc01,LS138_7a.czi,LS138,7,a,AF568,1,ScanRegion1,-50845.68,17589.54,9642.18,7468.77,1,0,2,6,2,10,2,2,65
LS138_s07a_sc02,LS138_7a.czi,LS138,7,a,AF568,2,ScanRegion2,-40474.93,7441.55,8827.44,11453.16,0,1,3,2,3,2,4,3,66
LS138_s07a_sc03,LS138_7a.czi,LS138,7,a,AF568,3,ScanRegion3,-39725.25,17753.04,8863.03,8036.18,1,1,4,7,4,9,3,4,67
LS138_s07a_sc04,LS138_7a.czi,LS138,7,a,AF568,4,ScanRegion4,-30516.87,5822.08,7908.89,10647.77,0,2,5,3,5,3,5,5,68
LS138_s07a_sc05,LS138_7a.czi,LS138,7,a,AF568,5,ScanRegion5,-28673.64,16770.82,7519.61,8002.92,1,2,6,8,6,8,6,6,69
LS138_s07a_sc06,LS138_7a.czi,LS138,7,a,AF568,6,ScanRegion6,-20646.73,5173.3,7307.49,9168.59,0,3,7,4,7,4,8,7,70
LS138_s07a_sc07,LS138_7a.czi,LS138,7,a,AF568,7,ScanRegion7,-20287.67,15940.54,8049.09,8844.35,1,3,8,9,8,7,7,8,71
LS138_s07a_sc08,LS138_7a.czi,LS138,7,a,AF568,8,ScanRegion8,-11575.52,6391.9,8935.25,10288.15,0,4,9,5,9,5,9,9,72
LS138_s07a_sc09,LS138_7a.czi,LS138,7,a,AF568,9,ScanRegion9,-11214.35,16964.9,8262.59,8746.18,1,4,10,10,10,6,10,10,73
LS138_s07b_sc00,LS138_7b.czi,LS138,7,b,AF488,0,ScanRegion0,-50782.46,7120.07,9041.66,10497.26,0,0,1,1,1,1,1,1,64
LS138_s07b_sc01,LS138_7b.czi,LS138,7,b,AF488,1,ScanRegion1,-50669.21,17890.61,9285.96,9616.92,1,0,2,6,2,10,2,2,65
LS138_s07b_sc02,LS138_7b.czi,LS138,7,b,AF488,2,ScanRegion2,-41355.01,6381.72,8972.8,10250.26,0,1,3,2,3,2,4,3,66
LS138_s07b_sc03,LS138_7b.czi,LS138,7,b,AF488,3,ScanRegion3,-40005.3,16697.36,8793.74,10851.38,1,1,4,7,4,9,3,4,67
LS138_s07b_sc04,LS138_7b.czi,LS138,7,b,AF488,4,ScanRegion4,-32158.35,5856.66,8720.25,10146.88,0,2,5,3,5,3,5,5,68
LS138_s07b_sc05,LS138_7b.czi,LS138,7,b,AF488,5,ScanRegion5,-30597.05,16503.04,8898.38,10780.23,1,2,6,8,6,8,6,6,69
LS138_s07b_sc06,LS138_7b.czi,LS138,7,b,AF488,6,ScanRegion6,-20278.65,6409.68,9605.42,9722.5,0,3,7,4,7,4,8,7,70
LS138_s07b_sc07,LS138_7b.czi,LS138,7,b,AF488,7,ScanRegion7,-20182.98,16669.23,8617.21,9302.15,1,3,8,9,8,7,7,8,71
LS138_s07b_sc08,LS138_7b.czi,LS138,7,b,AF488,8,ScanRegion8,-10429.37,6710.49,9465.62,9861.42,0,4,9,5,9,5,9,9,72
LS138_s07b_sc09,LS138_7b.czi,LS138,7,b,AF488,9,ScanRegion9,-9784.9,16688.57,9711.69,10355.55,1,4,10,10,10,6,10,10,73
LS138_s08a_sc00,LS138_8a.czi,LS138,8,a,AF568,0,ScanRegion0,-51364.36,5724.33,8301.74,8985.84,0,0,1,1,1,1,1,1,74
LS138_s08a_sc01,LS138_8a.czi,LS138,8,a,AF568,1,ScanRegion1,-51410.32,16156.83,7661.86,7863.34,1,0,2,7,2,11,2,2,75
LS138_s08a_sc02,LS138_8a.czi,LS138,8,a,AF568,2,ScanRegion2,-41973.55,6327.28,7876.43,8455.43,0,1,3,2,3,2,4,3,76
LS138_s08a_sc03,LS138_8a.czi,LS138,8,a,AF568,3,ScanRegion3,-41613.91,17061.51,8335.12,9192.24,1,1,4,8,4,10,3,4,77
LS138_s08a_sc04,LS138_8a.czi,LS138,8,a,AF568,4,ScanRegion4,-32969.38,6171.5,8439.44,9089.74,0,2,5,3,5,3,5,5,78
LS138_s08a_sc05,LS138_8a.czi,LS138,8,a,AF568,5,ScanRegion5,-31850.04,16695.85,7241.5,9615.74,1,2,6,9,6,9,6,6,79
LS138_s08a_sc06,LS138_8a.czi,LS138,8,a,AF568,6,ScanRegion6,-24143.52,6188.75,8369.22,9869.2,0,3,7,4,7,4,8,7,80
LS138_s08a_sc07,LS138_8a.czi,LS138,8,a,AF568,7,ScanRegion7,-23201.44,16200.9,8582.69,9087.09,1,3,8,10,8,8,7,8,81
LS138_s08a_sc08,LS138_8a.czi,LS138,8,a,AF568,8,ScanRegion8,-15316.82,4902.7,7663.68,9232.1,0,4,9,5,9,5,9,9,82
LS138_s08a_sc09,LS138_8a.czi,LS138,8,a,AF568,9,ScanRegion9,-12713.79,15324.25,7449.39,9408.9,1,4,10,11,10,7,10,10,83
LS138_s08a_sc10,LS138_8a.czi,LS138,8,a,AF568,10,ScanRegion10,-7231.43,5957.68,6388.05,8428.48,0,5,11,6,11,6,11,11,84
LS138_s08b_sc00,LS138_8b.czi,LS138,8,b,AF488,0,ScanRegion0,-51648.34,6326.44,8439.83,10252.47,0,0,1,1,1,1,1,1,74
LS138_s08b_sc01,LS138_8b.czi,LS138,8,b,AF488,1,ScanRegion1,-51621.5,16302.06,8226.79,8142.21,1,0,2,7,2,12,2,2,75
LS138_s08b_sc02,LS138_8b.czi,LS138,8,b,AF488,2,ScanRegion2,-42361.74,6609.22,8513.36,9371.17,0,1,3,2,3,2,4,3,76
LS138_s08b_sc03,LS138_8b.czi,LS138,8,b,AF488,3,ScanRegion3,-42159.23,16691.34,7097.65,8595.52,1,1,4,8,4,11,3,4,77
LS138_s08b_sc04,LS138_8b.czi,LS138,8,b,AF488,4,ScanRegion4,-31751.19,6316.14,8618.67,9651.57,0,2,5,3,5,3,5,5,78
LS138_s08b_sc05,LS138_8b.czi,LS138,8,b,AF488,5,ScanRegion5,-32876.5,16812.41,7167.48,8529.29,1,2,6,9,6,10,6,6,79
LS138_s08b_sc06,LS138_8b.czi,LS138,8,b,AF488,6,ScanRegion6,-22236.5,5169.63,7593.03,9231.15,0,3,7,4,7,4,8,7,80
LS138_s08b_sc07,LS138_8b.czi,LS138,8,b,AF488,7,ScanRegion7,-24048.53,16621.07,7735.0,8741.93,1,3,8,10,8,9,7,8,81
LS138_s08b_sc08,LS138_8b.czi,LS138,8,b,AF488,8,ScanRegion8,-13781.15,4694.36,7839.53,7186.02,0,4,9,5,9,5,9,9,82
LS138_s08b_sc09,LS138_8b.czi,LS138,8,b,AF488,9,ScanRegion9,-13173.81,16027.73,7026.82,7995.36,1,4,10,11,10,8,10,10,83
LS138_s08b_sc10,LS138_8b.czi,LS138,8,b,AF488,10,ScanRegion10,-5378.49,5433.43,6004.6,7369.28,0,5,11,6,11,6,12,11,84
LS138_s08b_sc11,LS138_8b.czi,LS138,8,b,AF488,11,ScanRegion11,-4699.01,15198.44,4911.22,7713.64,1,5,12,12,12,7,11,12,85
LS138_s09a_sc00,LS138_9a.czi,LS138,9,a,AF568,0,ScanRegion0,-51029.17,6713.12,7200.79,8003.88,0,0,1,1,1,1,1,1,85
LS138_s09a_sc01,LS138_9a.czi,LS138,9,a,AF568,1,ScanRegion1,-50296.01,16141.78,7059.71,7333.52,1,0,2,6,2,10,2,2,86
LS138_s09a_sc02,LS138_9a.czi,LS138,9,a,AF568,2,ScanRegion2,-42257.26,8106.03,5471.34,6944.52,0,1,3,2,3,2,4,3,87
LS138_s09a_sc03,LS138_9a.czi,LS138,9,a,AF568,3,ScanRegion3,-41541.13,16374.12,4870.97,5847.8,1,1,4,7,4,9,3,4,88
LS138_s09a_sc04,LS138_9a.czi,LS138,9,a,AF568,4,ScanRegion4,-33869.82,6680.11,6988.64,8144.92,0,2,5,3,5,3,5,5,89
LS138_s09a_sc05,LS138_9a.czi,LS138,9,a,AF568,5,ScanRegion5,-32856.49,16301.57,5791.02,7014.94,1,2,6,8,6,8,6,6,90
LS138_s09a_sc06,LS138_9a.czi,LS138,9,a,AF568,6,ScanRegion6,-25271.77,5975.02,5964.45,8669.9,0,3,7,4,7,4,8,7,91
LS138_s09a_sc07,LS138_9a.czi,LS138,9,a,AF568,7,ScanRegion7,-24048.03,16409.53,6036.41,7470.53,1,3,8,9,8,7,7,8,92
LS138_s09a_sc08,LS138_9a.czi,LS138,9,a,AF568,8,ScanRegion8,-17135.42,6396.83,6422.85,8219.08,0,4,9,5,9,5,9,9,93
LS138_s09a_sc09,LS138_9a.czi,LS138,9,a,AF568,9,ScanRegion9,-15663.17,17257.02,5648.44,6659.72,1,4,10,10,10,6,10,10,94
LS138_s09b_sc00,LS138_9b.czi,LS138,9,b,AF488,0,ScanRegion0,-49442.32,7333.99,7979.97,6835.86,0,0,1,1,1,1,1,1,86
LS138_s09b_sc01,LS138_9b.czi,LS138,9,b,AF488,1,ScanRegion1,-49981.14,16833.35,7204.42,7363.63,1,0,2,6,2,9,2,2,87
LS138_s09b_sc02,LS138_9b.czi,LS138,9,b,AF488,2,ScanRegion2,-39573.19,6174.52,7167.41,7297.76,0,1,3,2,3,2,4,3,88
LS138_s09b_sc03,LS138_9b.czi,LS138,9,b,AF488,3,ScanRegion3,-41030.07,15882.22,8650.92,8671.44,1,1,4,7,4,8,3,4,89
LS138_s09b_sc04,LS138_9b.czi,LS138,9,b,AF488,4,ScanRegion4,-30236.24,7286.25,7203.35,7505.92,0,2,5,3,5,3,5,5,90
LS138_s09b_sc05,LS138_9b.czi,LS138,9,b,AF488,5,ScanRegion5,-30792.14,16835.98,6956.68,8422.54,1,2,6,8,6,7,6,6,91
LS138_s09b_sc06,LS138_9b.czi,LS138,9,b,AF488,6,ScanRegion6,-21620.5,7233.09,7767.85,8636.78,0,3,7,4,7,4,8,7,92
LS138_s09b_sc07,LS138_9b.czi,LS138,9,b,AF488,7,ScanRegion7,-9809.42,6497.6,11335.11,8173.49,0,4,8,5,9,5,9,8,93
LS138_s09b_sc08,LS138_9b.czi,LS138,9,b,AF488,8,ScanRegion8,-11410.42,17444.65,13731.98,8289.49,1,3,9,9,8,6,7,9,94
LS22_s01a_sc00,LS22_1a.czi,LS22,1,a,AF568,0,ScanRegion0,-49806.5,19457.58,3389.77,6132.46,1,0,1,7,2,14,2,1,1
LS22_s01a_sc01,LS22_1a.czi,LS22,1,a,AF568,1,ScanRegion1,-45680.79,6884.41,3566.37,6274.61,0,0,2,1,1,1,1,2,2
LS22_s01a_sc02,LS22_1a.czi,LS22,1,a,AF568,2,ScanRegion2,-43429.84,16016.33,4129.12,7122.43,1,1,3,8,4,13,3,3,3
LS22_s01a_sc03,LS22_1a.czi,LS22,1,a,AF568,3,ScanRegion3,-39766.81,6420.23,3815.29,6098.83,0,1,4,2,3,2,4,4,4
LS22_s01a_sc04,LS22_1a.czi,LS22,1,a,AF568,4,ScanRegion4,-37816.33,15340.54,3920.6,7507.61,1,2,5,9,6,12,6,5,5
LS22_s01a_sc05,LS22_1a.czi,LS22,1,a,AF568,5,ScanRegion5,-32741.23,5871.94,4165.92,6942.54,0,2,6,3,5,3,5,6,6
LS22_s01a_sc06,LS22_1a.czi,LS22,1,a,AF568,6,ScanRegion6,-33033.39,16390.12,4166.42,6838.14,1,3,7,10,8,11,7,7,7
LS22_s01a_sc07,LS22_1a.czi,LS22,1,a,AF568,7,ScanRegion7,-25396.73,5394.09,4943.79,7082.49,0,3,8,4,7,4,8,8,8
LS22_s01a_sc08,LS22_1a.czi,LS22,1,a,AF568,8,ScanRegion8,-26148.7,16368.79,4661.24,6134.08,1,4,9,11,10,10,10,9,9
LS22_s01a_sc09,LS22_1a.czi,LS22,1,a,AF568,9,ScanRegion9,-19042.01,6165.32,5226.48,6907.15,0,4,10,5,9,5,9,10,10
LS22_s01a_sc10,LS22_1a.czi,LS22,1,a,AF568,10,ScanRegion10,-19229.41,16525.91,5296.49,7470.82,1,5,11,12,12,9,11,11,11
LS22_s01a_sc11,LS22_1a.czi,LS22,1,a,AF568,11,ScanRegion11,-12009.17,16366.17,4695.69,6201.85,1,6,12,13,13,8,13,12,12
LS22_s01a_sc12,LS22_1a.czi,LS22,1,a,AF568,12,ScanRegion12,-6846.06,7846.23,5686.06,7753.8,0,5,13,6,11,6,12,13,13
LS22_s01a_sc13,LS22_1a.czi,LS22,1,a,AF568,13,ScanRegion13,-5106.79,16343.81,3955.02,6483.28,1,7,14,14,14,7,14,14,14
LS22_s01b_sc00,LS22_1b.czi,LS22,1,b,AF488,0,ScanRegion0,-45327.56,6567.96,3848.18,5851.69,0,0,1,1,1,1,1,1,1
LS22_s01b_sc01,LS22_1b.czi,LS22,1,b,AF488,1,ScanRegion1,-42582.98,15472.19,3710.62,6590.85,1,0,2,7,2,13,2,2,2
LS22_s01b_sc02,LS22_1b.czi,LS22,1,b,AF488,2,ScanRegion2,-37737.21,5367.45,3989.57,6099.94,0,1,3,2,3,2,4,3,3
LS22_s01b_sc03,LS22_1b.czi,LS22,1,b,AF488,3,ScanRegion3,-36634.98,16207.33,4164.18,6768.9,1,1,4,8,4,12,3,4,4
LS22_s01b_sc04,LS22_1b.czi,LS22,1,b,AF488,4,ScanRegion4,-30941.67,7108.64,4308.86,6874.62,0,2,5,3,5,3,5,5,5
LS22_s01b_sc05,LS22_1b.czi,LS22,1,b,AF488,5,ScanRegion5,-31055.65,16906.62,3884.23,7225.73,1,2,6,9,6,11,6,6,6
LS22_s01b_sc06,LS22_1b.czi,LS22,1,b,AF488,6,ScanRegion6,-24973.68,7771.57,4449.62,6907.23,0,3,7,4,7,4,8,7,7
LS22_s01b_sc07,LS22_1b.czi,LS22,1,b,AF488,7,ScanRegion7,-24154.8,16655.25,4556.99,6483.21,1,3,8,10,8,10,7,8,8
LS22_s01b_sc08,LS22_1b.czi,LS22,1,b,AF488,8,ScanRegion8,-18347.11,17356.4,4029.22,7151.28,1,4,9,11,10,9,10,9,9
LS22_s01b_sc09,LS22_1b.czi,LS22,1,b,AF488,9,ScanRegion9,-16288.67,6081.51,3815.32,6729.98,0,4,10,5,9,5,9,10,10
LS22_s01b_sc10,LS22_1b.czi,LS22,1,b,AF488,10,ScanRegion10,-11850.86,16980.03,5084.19,6308.82,1,5,11,12,12,8,11,11,11
LS22_s01b_sc11,LS22_1b.czi,LS22,1,b,AF488,11,ScanRegion11,-7446.59,7986.8,7308.59,7966.36,0,5,12,6,11,6,12,12,12
LS22_s01b_sc12,LS22_1b.czi,LS22,1,b,AF488,12,ScanRegion12,-5282.34,16028.01,4873.28,5567.25,1,6,13,13,13,7,13,13,13
LS22_s02a_sc00,LS22_2a.czi,LS22,2,a,AF568,0,ScanRegion0,-50623.85,6663.52,6107.63,7328.75,0,0,1,1,1,1,1,1,15
LS22_s02a_sc01,LS22_2a.czi,LS22,2,a,AF568,1,ScanRegion1,-50915.03,16090.86,5687.34,6588.35,1,0,2,7,2,12,2,2,16
LS22_s02a_sc02,LS22_2a.czi,LS22,2,a,AF568,2,ScanRegion2,-43582.06,8880.13,5580.35,6587.25,0,1,3,2,3,2,4,3,17
LS22_s02a_sc03,LS22_2a.czi,LS22,2,a,AF568,3,ScanRegion3,-43767.22,17584.43,5366.92,5811.68,1,1,4,8,4,11,3,4,18
LS22_s02a_sc04,LS22_2a.czi,LS22,2,a,AF568,4,ScanRegion4,-35210.95,5691.35,6143.76,6727.49,0,2,5,3,5,3,5,5,19
LS22_s02a_sc05,LS22_2a.czi,LS22,2,a,AF568,5,ScanRegion5,-36581.68,15996.17,5543.98,6551.86,1,2,6,9,6,10,6,6,20
LS22_s02a_sc06,LS22_2a.czi,LS22,2,a,AF568,6,ScanRegion6,-28346.99,7324.76,5756.67,7011.27,0,3,7,4,7,4,8,7,21
LS22_s02a_sc07,LS22_2a.czi,LS22,2,a,AF568,7,ScanRegion7,-27614.65,17724.44,5401.98,6237.97,1,3,8,10,8,9,7,8,22
LS22_s02a_sc08,LS22_2a.czi,LS22,2,a,AF568,8,ScanRegion8,-20313.49,6848.42,5437.71,6586.51,0,4,9,5,9,5,9,9,23
LS22_s02a_sc09,LS22_2a.czi,LS22,2,a,AF568,9,ScanRegion9,-18258.01,16739.2,5403.19,6340.84,1,4,10,11,10,8,10,10,24
LS22_s02a_sc10,LS22_2a.czi,LS22,2,a,AF568,10,ScanRegion10,-11840.35,6619.22,5156.83,6873.96,0,5,11,6,11,6,12,11,25
LS22_s02a_sc11,LS22_2a.czi,LS22,2,a,AF568,11,ScanRegion11,-12078.64,15608.18,5119.21,6307.21,1,5,12,12,12,7,11,12,26
LS22_s02b_sc00,LS22_2b.czi,LS22,2,b,AF488,0,ScanRegion0,-50129.18,5870.88,4906.74,6942.76,0,0,1,1,1,1,1,1,14
LS22_s02b_sc01,LS22_2b.czi,LS22,2,b,AF488,1,ScanRegion1,-50190.2,15211.65,5508.25,6306.48,1,0,2,7,2,12,2,2,15
LS22_s02b_sc02,LS22_2b.czi,LS22,2,b,AF488,2,ScanRegion2,-43243.53,5390.29,5616.45,6305.08,0,1,3,2,3,2,4,3,16
LS22_s02b_sc03,LS22_2b.czi,LS22,2,b,AF488,3,ScanRegion3,-42936.54,16547.18,4837.69,6202.58,1,1,4,8,4,11,3,4,17
LS22_s02b_sc04,LS22_2b.czi,LS22,2,b,AF488,4,ScanRegion4,-35619.73,6905.33,5119.43,5851.1,0,2,5,3,5,3,5,5,18
LS22_s02b_sc05,LS22_2b.czi,LS22,2,b,AF488,5,ScanRegion5,-36351.59,15626.04,5013.33,6096.78,1,2,6,9,6,10,6,6,19
LS22_s02b_sc06,LS22_2b.czi,LS22,2,b,AF488,6,ScanRegion6,-26423.72,8297.88,5086.01,6484.31,0,3,7,4,7,4,8,7,20
LS22_s02b_sc07,LS22_2b.czi,LS22,2,b,AF488,7,ScanRegion7,-27261.84,17177.69,5403.61,5921.15,1,3,8,10,8,9,7,8,21
LS22_s02b_sc08,LS22_2b.czi,LS22,2,b,AF488,8,ScanRegion8,-18477.1,5919.47,5086.44,5217.31,0,4,9,5,9,5,9,9,22
LS22_s02b_sc09,LS22_2b.czi,LS22,2,b,AF488,9,ScanRegion9,-18521.07,15240.3,5861.84,5183.17,1,4,10,11,10,8,10,10,23
LS22_s02b_sc10,LS22_2b.czi,LS22,2,b,AF488,10,ScanRegion10,-11768.87,5950.96,5508.93,5182.51,0,5,11,6,11,6,12,11,24
LS22_s02b_sc11,LS22_2b.czi,LS22,2,b,AF488,11,ScanRegion11,-10790.66,15749.12,6285.44,5038.09,1,5,12,12,12,7,11,12,25
LS22_s03a_sc00,LS22_3a.czi,LS22,3,a,AF568,0,ScanRegion0,-49687.13,6136.78,6001.61,5499.63,0,0,1,1,1,1,1,1,27
LS22_s03a_sc01,LS22_3a.czi,LS22,3,a,AF568,1,ScanRegion1,-50175.0,17007.07,6885.39,5748.31,1,0,2,6,2,10,2,2,28
LS22_s03a_sc02,LS22_3a.czi,LS22,3,a,AF568,2,ScanRegion2,-40703.58,7228.99,6604.37,6655.53,0,1,3,2,3,2,4,3,29
LS22_s03a_sc03,LS22_3a.czi,LS22,3,a,AF568,3,ScanRegion3,-39777.2,17223.92,6779.04,6978.96,1,1,4,7,4,9,3,4,30
LS22_s03a_sc04,LS22_3a.czi,LS22,3,a,AF568,4,ScanRegion4,-30993.94,7004.41,7732.12,7790.14,0,2,5,3,5,3,5,5,31
LS22_s03a_sc05,LS22_3a.czi,LS22,3,a,AF568,5,ScanRegion5,-29732.82,16397.02,6533.93,8741.71,1,2,6,8,6,8,6,6,32
LS22_s03a_sc06,LS22_3a.czi,LS22,3,a,AF568,6,ScanRegion6,-20773.4,6848.6,6355.73,8985.62,0,3,7,4,7,4,8,7,33
LS22_s03a_sc07,LS22_3a.czi,LS22,3,a,AF568,7,ScanRegion7,-18647.61,16527.34,7664.03,9512.95,1,3,8,9,8,7,7,8,34
LS22_s03a_sc08,LS22_3a.czi,LS22,3,a,AF568,8,ScanRegion8,-10815.72,6428.4,6427.37,9020.13,0,4,9,5,9,5,9,9,35
LS22_s03a_sc09,LS22_3a.czi,LS22,3,a,AF568,9,ScanRegion9,-10403.05,16789.78,6284.73,10077.5,1,4,10,10,10,6,10,10,36
LS22_s03b_sc00,LS22_3b.czi,LS22,3,b,AF488,0,ScanRegion0,-51011.46,6012.85,7167.23,5318.42,0,0,1,1,1,1,1,1,26
LS22_s03b_sc01,LS22_3b.czi,LS22,3,b,AF488,1,ScanRegion1,-48585.94,15920.0,8012.85,7934.78,1,0,2,6,2,10,2,2,27
LS22_s03b_sc02,LS22_3b.czi,LS22,3,b,AF488,2,ScanRegion2,-41497.37,6471.74,7132.28,6764.12,0,1,3,2,3,2,4,3,28
LS22_s03b_sc03,LS22_3b.czi,LS22,3,b,AF488,3,ScanRegion3,-39725.11,16254.84,6673.3,7437.49,1,1,4,7,4,9,3,4,29
LS22_s03b_sc04,LS22_3b.czi,LS22,3,b,AF488,4,ScanRegion4,-31664.55,7021.85,8508.38,6835.71,0,2,5,3,5,3,5,5,30
LS22_s03b_sc05,LS22_3b.czi,LS22,3,b,AF488,5,ScanRegion5,-30844.37,15727.25,7202.14,7963.13,1,2,6,8,6,8,6,6,31
LS22_s03b_sc06,LS22_3b.czi,LS22,3,b,AF488,6,ScanRegion6,-20825.09,5878.83,6392.21,7822.45,0,3,7,4,7,4,8,7,32
LS22_s03b_sc07,LS22_3b.czi,LS22,3,b,AF488,7,ScanRegion7,-20625.0,16752.97,6673.02,7929.35,1,3,8,9,8,7,7,8,33
LS22_s03b_sc08,LS22_3b.czi,LS22,3,b,AF488,8,ScanRegion8,-13923.54,7355.73,6288.71,8842.89,0,4,9,5,9,5,9,9,34
LS22_s03b_sc09,LS22_3b.czi,LS22,3,b,AF488,9,ScanRegion9,-12204.79,17334.15,7204.49,8561.45,1,4,10,10,10,6,10,10,35
LS22_s04a_sc00,LS22_4a.czi,LS22,4,a,AF568,0,ScanRegion0,-50711.38,7086.92,7909.82,10638.16,0,0,1,1,1,1,1,1,37
LS22_s04a_sc01,LS22_4a.czi,LS22,4,a,AF568,1,ScanRegion1,-50319.1,17573.28,7450.0,10112.67,1,0,2,7,2,11,2,2,38
LS22_s04a_sc02,LS22_4a.czi,LS22,4,a,AF568,2,ScanRegion2,-42803.68,7171.39,7490.46,10570.09,0,1,3,2,3,2,4,3,39
LS22_s04a_sc03,LS22_4a.czi,LS22,4,a,AF568,3,ScanRegion3,-41561.25,16974.94,8157.35,9798.71,1,1,4,8,4,10,3,4,40
LS22_s04a_sc04,LS22_4a.czi,LS22,4,a,AF568,4,ScanRegion4,-33519.52,5746.53,8120.8,10778.91,0,2,5,3,5,3,5,5,41
LS22_s04a_sc05,LS22_4a.czi,LS22,4,a,AF568,5,ScanRegion5,-32470.28,16041.87,8613.16,10288.59,1,2,6,9,6,9,6,6,42
LS22_s04a_sc06,LS22_4a.czi,LS22,4,a,AF568,6,ScanRegion6,-23280.47,5697.07,8472.4,10153.71,0,3,7,4,7,4,8,7,43
LS22_s04a_sc07,LS22_4a.czi,LS22,4,a,AF568,7,ScanRegion7,-22056.23,16431.27,8476.03,10599.69,1,3,8,10,8,8,7,8,44
LS22_s04a_sc08,LS22_4a.czi,LS22,4,a,AF568,8,ScanRegion8,-13977.41,6299.54,8652.02,10323.54,0,4,9,5,9,5,9,9,45
LS22_s04a_sc09,LS22_4a.czi,LS22,4,a,AF568,9,ScanRegion9,-12716.78,16539.67,8791.43,10284.92,1,4,10,11,10,7,10,10,46
LS22_s04a_sc10,LS22_4a.czi,LS22,4,a,AF568,10,ScanRegion10,-5223.24,7868.92,8439.76,10327.72,0,5,11,6,11,6,11,11,47
LS22_s04b_sc00,LS22_4b.czi,LS22,4,b,AF488,0,ScanRegion0,-49882.96,6945.8,7664.85,8522.25,0,0,1,1,1,1,1,1,36
LS22_s04b_sc01,LS22_4b.czi,LS22,4,b,AF488,1,ScanRegion1,-49980.39,16691.39,7771.3,8633.04,1,0,2,7,2,11,2,2,37
LS22_s04b_sc02,LS22_4b.czi,LS22,4,b,AF488,2,ScanRegion2,-41020.76,5924.11,8157.46,8634.88,0,1,3,2,3,2,4,3,38
LS22_s04b_sc03,LS22_4b.czi,LS22,4,b,AF488,3,ScanRegion3,-40235.96,15497.59,8262.88,9232.76,1,1,4,8,4,10,3,4,39
LS22_s04b_sc04,LS22_4b.czi,LS22,4,b,AF488,4,ScanRegion4,-31894.69,5924.21,8332.67,9023.36,0,2,5,3,5,3,5,5,40
LS22_s04b_sc05,LS22_4b.czi,LS22,4,b,AF488,5,ScanRegion5,-31127.27,15812.28,8615.51,9052.44,1,2,6,9,6,9,6,6,41
LS22_s04b_sc06,LS22_4b.czi,LS22,4,b,AF488,6,ScanRegion6,-22432.48,6068.59,7624.24,9906.57,0,3,7,4,7,4,8,7,42
LS22_s04b_sc07,LS22_4b.czi,LS22,4,b,AF488,7,ScanRegion7,-19404.6,15802.58,6220.81,9407.95,1,3,8,10,8,8,7,8,43
LS22_s04b_sc08,LS22_4b.czi,LS22,4,b,AF488,8,ScanRegion8,-14593.44,4921.2,6426.2,8495.52,0,4,9,5,9,5,9,9,44
LS22_s04b_sc09,LS22_4b.czi,LS22,4,b,AF488,9,ScanRegion9,-11144.18,15502.53,8616.68,9197.0,1,4,10,11,10,7,10,10,45
LS22_s04b_sc10,LS22_4b.czi,LS22,4,b,AF488,10,ScanRegion10,-6439.21,5680.65,7625.63,10042.77,0,5,11,6,11,6,11,11,46
LS22_s05a_sc00,LS22_5a.czi,LS22,5,a,AF568,0,ScanRegion0,-51015.27,6539.18,8297.22,9190.84,0,0,1,1,1,1,1,1,48
LS22_s05a_sc01,LS22_5a.czi,LS22,5,a,AF568,1,ScanRegion1,-50528.89,16356.72,8862.32,10433.67,1,0,2,6,2,10,2,2,49
LS22_s05a_sc02,LS22_5a.czi,LS22,5,a,AF568,2,ScanRegion2,-42096.86,6502.94,8402.43,10291.38,0,1,3,2,3,2,4,3,50
LS22_s05a_sc03,LS22_5a.czi,LS22,5,a,AF568,3,ScanRegion3,-40413.18,16519.72,9464.02,9654.36,1,1,4,7,4,9,3,4,51
LS22_s05a_sc04,LS22_5a.czi,LS22,5,a,AF568,4,ScanRegion4,-32247.13,6435.5,9605.56,9900.4,0,2,5,3,5,3,5,5,52
LS22_s05a_sc05,LS22_5a.czi,LS22,5,a,AF568,5,ScanRegion5,-31109.1,16907.13,8654.41,10113.18,1,2,6,8,6,8,6,6,53
LS22_s05a_sc06,LS22_5a.czi,LS22,5,a,AF568,6,ScanRegion6,-22786.05,5682.24,8332.95,10330.07,0,3,7,4,7,4,8,7,54
LS22_s05a_sc07,LS22_5a.czi,LS22,5,a,AF568,7,ScanRegion7,-21295.08,17086.27,8300.1,10428.61,1,3,8,9,8,7,7,8,55
LS22_s05a_sc08,LS22_5a.czi,LS22,5,a,AF568,8,ScanRegion8,-13694.91,7109.14,9077.15,11594.57,0,4,9,5,9,5,9,9,56
LS22_s05a_sc09,LS22_5a.czi,LS22,5,a,AF568,9,ScanRegion9,-11074.34,17215.6,10026.74,10499.76,1,4,10,10,10,6,10,10,57
LS22_s05b_sc00,LS22_5b.czi,LS22,5,b,AF488,0,ScanRegion0,-50272.02,6912.94,8088.34,8666.67,0,0,1,1,1,1,1,1,47
LS22_s05b_sc01,LS22_5b.czi,LS22,5,b,AF488,1,ScanRegion1,-48975.89,17309.65,8580.84,9869.12,1,0,2,6,2,10,2,2,48
LS22_s05b_sc02,LS22_5b.czi,LS22,5,b,AF488,2,ScanRegion2,-41620.71,6538.0,8081.08,10145.2,0,1,3,2,3,2,4,3,49
LS22_s05b_sc03,LS22_5b.czi,LS22,5,b,AF488,3,ScanRegion3,-38752.04,16081.85,9394.05,10040.2,1,1,4,7,4,9,3,4,50
LS22_s05b_sc04,LS22_5b.czi,LS22,5,b,AF488,4,ScanRegion4,-32248.12,5767.42,8969.06,10395.42,0,2,5,3,5,3,5,5,51
LS22_s05b_sc05,LS22_5b.czi,LS22,5,b,AF488,5,ScanRegion5,-30139.11,16503.3,8406.45,10356.66,1,2,6,8,6,8,6,6,52
LS22_s05b_sc06,LS22_5b.czi,LS22,5,b,AF488,6,ScanRegion6,-22801.17,5167.21,8366.69,8810.28,0,3,7,4,7,4,8,7,53
LS22_s05b_sc07,LS22_5b.czi,LS22,5,b,AF488,7,ScanRegion7,-21576.88,15480.21,7665.31,10468.4,1,3,8,9,8,7,7,8,54
LS22_s05b_sc08,LS22_5b.czi,LS22,5,b,AF488,8,ScanRegion8,-13906.34,6244.44,8510.16,10084.1,0,4,9,5,9,5,9,9,55
LS22_s05b_sc09,LS22_5b.czi,LS22,5,b,AF488,9,ScanRegion9,-11373.77,15855.03,9639.48,10464.15,1,4,10,10,10,6,10,10,56
LS22_s06a_sc00,LS22_6a.czi,LS22,6,a,AF568,0,ScanRegion0,-50023.28,6769.0,8440.04,9583.36,0,0,1,1,1,1,1,1,58
LS22_s06a_sc01,LS22_6a.czi,LS22,6,a,AF568,1,ScanRegion1,-49415.64,17010.15,8118.74,9690.41,1,0,2,6,2,10,2,2,59
LS22_s06a_sc02,LS22_6a.czi,LS22,6,a,AF568,2,ScanRegion2,-40895.82,5801.05,8476.6,10151.36,0,1,3,2,3,2,4,3,60
LS22_s06a_sc03,LS22_6a.czi,LS22,6,a,AF568,3,ScanRegion3,-40148.03,16185.38,8722.74,10115.38,1,1,4,7,4,9,3,4,61
LS22_s06a_sc04,LS22_6a.czi,LS22,6,a,AF568,4,ScanRegion4,-30570.79,6615.2,9779.74,10392.26,0,2,5,3,5,3,5,5,62
LS22_s06a_sc05,LS22_6a.czi,LS22,6,a,AF568,5,ScanRegion5,-30298.43,16451.06,8651.7,8068.71,1,2,6,8,6,8,6,6,63
LS22_s06a_sc06,LS22_6a.czi,LS22,6,a,AF568,6,ScanRegion6,-19924.6,6446.46,8335.41,9726.46,0,3,7,4,7,4,8,7,64
LS22_s06a_sc07,LS22_6a.czi,LS22,6,a,AF568,7,ScanRegion7,-20922.78,16877.38,8403.56,8243.38,1,3,8,9,8,7,7,8,65
LS22_s06a_sc08,LS22_6a.czi,LS22,6,a,AF568,8,ScanRegion8,-9776.09,6447.56,8722.67,10395.2,0,4,9,5,9,5,9,9,66
LS22_s06a_sc09,LS22_6a.czi,LS22,6,a,AF568,9,ScanRegion9,-10349.63,16405.45,9145.7,8173.85,1,4,10,10,10,6,10,10,67
LS22_s06b_sc00,LS22_6b.czi,LS22,6,b,AF488,0,ScanRegion0,-50322.7,6381.25,10028.16,9937.85,0,0,1,1,1,1,1,1,57
LS22_s06b_sc01,LS22_6b.czi,LS22,6,b,AF488,1,ScanRegion1,-49363.56,17183.36,9639.55,10115.09,1,0,2,6,2,10,2,2,58
LS22_s06b_sc02,LS22_6b.czi,LS22,6,b,AF488,2,ScanRegion2,-40579.5,6521.63,8617.18,9409.05,0,1,3,2,3,2,4,3,59
LS22_s06b_sc03,LS22_6b.czi,LS22,6,b,AF488,3,ScanRegion3,-38629.18,15551.3,8086.67,10389.84,1,1,4,7,4,9,3,4,60
LS22_s06b_sc04,LS22_6b.czi,LS22,6,b,AF488,4,ScanRegion4,-30833.39,6525.29,9109.82,9729.91,0,2,5,3,5,3,5,5,61
LS22_s06b_sc05,LS22_6b.czi,LS22,6,b,AF488,5,ScanRegion5,-29717.13,16785.83,8403.14,10007.01,1,2,6,8,6,8,6,6,62
LS22_s06b_sc06,LS22_6b.czi,LS22,6,b,AF488,6,ScanRegion6,-21231.57,6616.66,8544.93,9802.97,0,3,7,4,7,4,8,7,63
LS22_s06b_sc07,LS22_6b.czi,LS22,6,b,AF488,7,ScanRegion7,-19775.51,16720.99,8934.04,9549.44,1,3,8,9,8,7,7,8,64
LS22_s06b_sc08,LS22_6b.czi,LS22,6,b,AF488,8,ScanRegion8,-12105.14,6688.06,7807.25,10609.38,0,4,9,5,9,5,9,9,65
LS22_s06b_sc09,LS22_6b.czi,LS22,6,b,AF488,9,ScanRegion9,-9907.83,16016.45,7626.52,9795.77,1,4,10,10,10,6,10,10,66
LS22_s07a_sc00,LS22_7a.czi,LS22,7,a,AF568,0,ScanRegion0,-50288.75,6666.02,8685.97,9159.19,0,0,1,1,1,1,1,1,68
LS22_s07a_sc01,LS22_7a.czi,LS22,7,a,AF568,1,ScanRegion1,-50086.97,16693.63,8332.67,9899.37,1,0,2,7,2,11,2,2,69
LS22_s07a_sc02,LS22_7a.czi,LS22,7,a,AF568,2,ScanRegion2,-40384.37,5769.22,9213.07,10288.0,0,1,3,2,3,2,4,3,70
LS22_s07a_sc03,LS22_7a.czi,LS22,7,a,AF568,3,ScanRegion3,-40158.51,16003.02,9282.93,9335.35,1,1,4,8,4,10,3,4,71
LS22_s07a_sc04,LS22_7a.czi,LS22,7,a,AF568,4,ScanRegion4,-30536.0,6196.17,7306.95,9549.51,0,2,5,3,5,3,5,5,72
LS22_s07a_sc05,LS22_7a.czi,LS22,7,a,AF568,5,ScanRegion5,-30704.0,16205.6,7767.67,9688.87,1,2,6,9,6,9,6,6,73
LS22_s07a_sc06,LS22_7a.czi,LS22,7,a,AF568,6,ScanRegion6,-22061.02,5804.67,7872.74,9300.75,0,3,7,4,7,4,8,7,74
LS22_s07a_sc07,LS22_7a.czi,LS22,7,a,AF568,7,ScanRegion7,-22370.55,15640.35,7413.33,9161.47,1,3,8,10,8,8,7,8,75
LS22_s07a_sc08,LS22_7a.czi,LS22,7,a,AF568,8,ScanRegion8,-14154.49,7601.81,6388.65,8496.4,0,4,9,5,9,5,9,9,76
LS22_s07a_sc09,LS22_7a.czi,LS22,7,a,AF568,9,ScanRegion9,-13545.07,16942.51,6708.54,6870.95,1,4,10,11,10,7,10,10,77
LS22_s07a_sc10,LS22_7a.czi,LS22,7,a,AF568,10,ScanRegion10,-6720.34,6859.35,7551.96,8463.65,0,5,11,6,11,6,11,11,78
LS22_s07b_sc00,LS22_7b.czi,LS22,7,b,AF488,0,ScanRegion0,-50342.6,6608.75,9428.18,9191.35,0,0,1,1,1,1,1,1,67
LS22_s07b_sc01,LS22_7b.czi,LS22,7,b,AF488,1,ScanRegion1,-50491.77,16533.89,8863.18,9158.75,1,0,2,7,2,12,2,2,68
LS22_s07b_sc02,LS22_7b.czi,LS22,7,b,AF488,2,ScanRegion2,-39996.28,5560.55,8863.47,8741.12,0,1,3,2,3,2,4,3,69
LS22_s07b_sc03,LS22_7b.czi,LS22,7,b,AF488,3,ScanRegion3,-40358.99,15705.71,7873.31,8032.51,1,1,4,8,4,11,3,4,70
LS22_s07b_sc04,LS22_7b.czi,LS22,7,b,AF488,4,ScanRegion4,-31469.85,5786.54,6355.41,8807.64,0,2,5,3,5,3,5,5,71
LS22_s07b_sc05,LS22_7b.czi,LS22,7,b,AF488,5,ScanRegion5,-31549.82,15496.15,7770.06,9266.17,1,2,6,9,6,10,6,6,72
LS22_s07b_sc06,LS22_7b.czi,LS22,7,b,AF488,6,ScanRegion6,-23826.75,5819.58,7381.84,9126.45,0,3,7,4,7,4,8,7,73
LS22_s07b_sc07,LS22_7b.czi,LS22,7,b,AF488,7,ScanRegion7,-22687.87,15850.56,6495.1,6904.58,1,3,8,10,8,9,7,8,74
LS22_s07b_sc08,LS22_7b.czi,LS22,7,b,AF488,8,ScanRegion8,-15865.12,5854.34,6567.78,8530.61,0,4,9,5,9,5,9,9,75
LS22_s07b_sc09,LS22_7b.czi,LS22,7,b,AF488,9,ScanRegion9,-14834.3,16148.1,7379.13,9020.86,1,4,10,11,10,8,10,10,76
LS22_s07b_sc10,LS22_7b.czi,LS22,7,b,AF488,10,ScanRegion10,-7620.97,6380.48,7306.42,8774.38,0,5,11,6,11,6,12,11,77
LS22_s07b_sc11,LS22_7b.czi,LS22,7,b,AF488,11,ScanRegion11,-6728.56,15743.35,6707.47,8882.02,1,5,12,12,12,7,11,12,78
LS22_s08a_sc00,LS22_8a.czi,LS22,8,a,AF568,0,ScanRegion0,-51613.55,7082.19,8226.4,8596.62,0,0,1,1,1,1,1,1,79
LS22_s08a_sc01,LS22_8a.czi,LS22,8,a,AF568,1,ScanRegion1,-50423.14,16885.41,8227.15,8454.99,1,0,2,7,2,11,2,2,80
LS22_s08a_sc02,LS22_8a.czi,LS22,8,a,AF568,2,ScanRegion2,-41480.06,6574.97,8298.25,9089.0,0,1,3,2,3,2,4,3,81
LS22_s08a_sc03,LS22_8a.czi,LS22,8,a,AF568,3,ScanRegion3,-40854.89,16552.76,7590.54,8532.01,1,1,4,8,4,10,3,4,82
LS22_s08a_sc04,LS22_8a.czi,LS22,8,a,AF568,4,ScanRegion4,-31560.87,8306.69,7802.55,8984.08,0,2,5,3,5,3,5,5,83
LS22_s08a_sc05,LS22_8a.czi,LS22,8,a,AF568,5,ScanRegion5,-31127.92,17681.97,7273.11,7936.03,1,2,6,9,6,9,6,6,84
LS22_s08a_sc06,LS22_8a.czi,LS22,8,a,AF568,6,ScanRegion6,-22820.89,6298.0,8260.63,8249.33,0,3,7,4,7,4,8,7,85
LS22_s08a_sc07,LS22_8a.czi,LS22,8,a,AF568,7,ScanRegion7,-21876.57,16310.19,7128.36,7970.1,1,3,8,10,8,8,7,8,86
LS22_s08a_sc08,LS22_8a.czi,LS22,8,a,AF568,8,ScanRegion8,-13977.41,7954.06,6951.87,7585.29,0,4,9,5,9,5,9,9,87
LS22_s08a_sc09,LS22_8a.czi,LS22,8,a,AF568,9,ScanRegion9,-14092.86,17451.55,7022.41,8252.78,1,4,10,11,10,7,10,10,88
LS22_s08a_sc10,LS22_8a.czi,LS22,8,a,AF568,10,ScanRegion10,-6512.33,10560.14,6494.46,7900.27,0,5,11,6,11,6,11,11,89
LS22_s08b_sc00,LS22_8b.czi,LS22,8,b,AF488,0,ScanRegion0,-51949.89,6991.25,7770.09,8842.67,0,0,1,1,1,1,1,1,79
LS22_s08b_sc01,LS22_8b.czi,LS22,8,b,AF488,1,ScanRegion1,-50633.46,15244.73,7096.9,9127.03,1,0,2,7,2,12,2,2,80
LS22_s08b_sc02,LS22_8b.czi,LS22,8,b,AF488,2,ScanRegion2,-42839.43,6503.75,7839.21,8037.28,0,1,3,2,3,2,4,3,81
LS22_s08b_sc03,LS22_8b.czi,LS22,8,b,AF488,3,ScanRegion3,-42160.08,16266.77,7517.9,7476.33,1,1,4,8,4,11,3,4,82
LS22_s08b_sc04,LS22_8b.czi,LS22,8,b,AF488,4,ScanRegion4,-34260.85,7101.52,7978.61,8073.33,0,2,5,3,5,3,5,5,83
LS22_s08b_sc05,LS22_8b.czi,LS22,8,b,AF488,5,ScanRegion5,-33510.42,16145.55,7799.81,7265.31,1,2,6,9,6,10,6,6,84
LS22_s08b_sc06,LS22_8b.czi,LS22,8,b,AF488,6,ScanRegion6,-26297.75,6943.07,7305.32,6737.47,0,3,7,4,7,4,8,7,85
LS22_s08b_sc07,LS22_8b.czi,LS22,8,b,AF488,7,ScanRegion7,-24825.45,16604.4,7023.87,6591.21,1,3,8,10,8,9,7,8,86
LS22_s08b_sc08,LS22_8b.czi,LS22,8,b,AF488,8,ScanRegion8,-18106.94,6466.14,7589.97,7303.05,0,4,9,5,9,5,9,9,87
LS22_s08b_sc09,LS22_8b.czi,LS22,8,b,AF488,9,ScanRegion9,-16775.58,16038.38,7447.89,7197.1,1,4,10,11,10,8,10,10,88
LS22_s08b_sc10,LS22_8b.czi,LS22,8,b,AF488,10,ScanRegion10,-9088.0,8210.85,6989.74,7299.74,0,5,11,6,11,6,12,11,89
LS22_s08b_sc11,LS22_8b.czi,LS22,8,b,AF488,11,ScanRegion11,-9113.29,16071.59,7095.69,7510.99,1,5,12,12,12,7,11,12,90
LS22_s09a_sc00,LS22_9a.czi,LS22,9,a,AF568,0,ScanRegion0,-51277.48,6750.42,7623.67,7653.65,0,0,1,1,1,1,1,1,90
LS22_s09a_sc01,LS22_9a.czi,LS22,9,a,AF568,1,ScanRegion1,-51922.65,15860.64,7483.56,7266.7,1,0,2,7,2,12,2,2,91
LS22_s09a_sc02,LS22_9a.czi,LS22,9,a,AF568,2,ScanRegion2,-43281.8,7931.21,7446.18,7866.43,0,1,3,2,4,2,5,3,92
LS22_s09a_sc03,LS22_9a.czi,LS22,9,a,AF568,3,ScanRegion3,-43837.46,16616.53,7906.05,7756.73,1,1,4,8,5,11,4,4,93
LS22_s09a_sc04,LS22_9a.czi,LS22,9,a,AF568,4,ScanRegion4,-33482.49,6293.49,7765.43,7796.09,0,2,5,3,6,3,6,5,94
LS22_s09a_sc05,LS22_9a.czi,LS22,9,a,AF568,5,ScanRegion5,-33984.83,14645.14,7202.0,7231.24,1,2,6,9,7,10,7,6,95
LS22_s09a_sc06,LS22_9a.czi,LS22,9,a,AF568,6,ScanRegion6,-24936.74,4761.84,7836.11,7653.28,0,3,7,4,8,4,9,7,96
LS22_s09a_sc07,LS22_9a.czi,LS22,9,a,AF568,7,ScanRegion7,-24433.72,13432.73,7235.95,7018.83,1,3,8,10,9,9,8,8,97
LS22_s09a_sc08,LS22_9a.czi,LS22,9,a,AF568,8,ScanRegion8,-24758.6,20602.48,4412.82,4089.31,2,0,9,13,3,13,3,9,98
LS22_s09a_sc09,LS22_9a.czi,LS22,9,a,AF568,9,ScanRegion9,-16006.9,7210.84,7622.85,7725.89,0,4,10,5,10,5,10,10,99
LS22_s09a_sc10,LS22_9a.czi,LS22,9,a,AF568,10,ScanRegion10,-16525.82,14733.6,4695.37,4869.36,1,4,11,11,11,8,11,11,100
LS22_s09a_sc11,LS22_9a.czi,LS22,9,a,AF568,11,ScanRegion11,-7255.19,9978.7,7061.02,7015.82,0,5,12,6,12,6,13,12,101
LS22_s09a_sc12,LS22_9a.czi,LS22,9,a,AF568,12,ScanRegion12,-7949.48,17869.77,4694.84,5461.81,1,5,13,12,13,7,12,13,102
LS22_s09b_sc00,LS22_9b.czi,LS22,9,b,AF488,0,ScanRegion0,-51400.79,6484.37,7800.31,7263.55,0,0,1,1,1,1,1,1,91
LS22_s09b_sc01,LS22_9b.czi,LS22,9,b,AF488,1,ScanRegion1,-50968.02,15720.36,8399.48,7691.31,1,0,2,7,2,12,2,2,92
LS22_s09b_sc02,LS22_9b.czi,LS22,9,b,AF488,2,ScanRegion2,-42061.59,6470.49,8119.12,8392.36,0,1,3,2,3,2,4,3,93
LS22_s09b_sc03,LS22_9b.czi,LS22,9,b,AF488,3,ScanRegion3,-42371.45,15490.32,7234.81,7405.99,1,1,4,8,4,11,3,4,94
LS22_s09b_sc04,LS22_9b.czi,LS22,9,b,AF488,4,ScanRegion4,-31857.48,5556.58,7905.91,7445.93,0,2,5,3,5,3,5,5,95
LS22_s09b_sc05,LS22_9b.czi,LS22,9,b,AF488,5,ScanRegion5,-31601.07,14474.65,7517.15,7087.48,1,2,6,9,6,10,6,6,96
LS22_s09b_sc06,LS22_9b.czi,LS22,9,b,AF488,6,ScanRegion6,-23155.17,5890.65,8012.6,7372.8,0,3,7,4,7,4,8,7,97
LS22_s09b_sc07,LS22_9b.czi,LS22,9,b,AF488,7,ScanRegion7,-22492.05,14509.78,7587.87,6564.04,1,4,8,11,10,8,10,8,98
LS22_s09b_sc08,LS22_9b.czi,LS22,9,b,AF488,8,ScanRegion8,-22903.33,19653.96,7270.48,5925.26,1,3,9,10,8,9,7,9,99
LS22_s09b_sc09,LS22_9b.czi,LS22,9,b,AF488,9,ScanRegion9,-15669.31,5731.68,7024.12,7369.72,0,4,10,5,9,5,9,10,100
LS22_s09b_sc10,LS22_9b.czi,LS22,9,b,AF488,10,ScanRegion10,-13419.39,14351.8,12032.54,11016.06,1,5,11,12,12,7,11,11,101
LS22_s09b_sc11,LS22_9b.czi,LS22,9,b,AF488,11,ScanRegion11,-6793.21,8727.75,7694.93,6703.55,0,5,12,6,11,6,12,12,102
LS37_s10a_sc00,LS37_10a.czi,LS37,10,a,AF568,0,ScanRegion0,-50075.92,5624.77,8406.23,7641.02,0,0,1,1,1,1,1,1,106
LS37_s10a_sc01,LS37_10a.czi,LS37,10,a,AF568,1,ScanRegion1,-49397.79,15902.49,8156.85,7892.42,1,0,2,7,2,12,2,2,107
LS37_s10a_sc02,LS37_10a.czi,LS37,10,a,AF568,2,ScanRegion2,-40754.89,5944.48,7698.88,8380.47,0,1,3,2,3,2,4,3,108
LS37_s10a_sc03,LS37_10a.czi,LS37,10,a,AF568,3,ScanRegion3,-40783.73,16463.62,7453.48,8630.25,1,1,4,8,4,11,3,4,109
LS37_s10a_sc04,LS37_10a.czi,LS37,10,a,AF568,4,ScanRegion4,-32387.71,6417.29,7416.54,8102.71,0,2,5,3,5,3,5,5,110
LS37_s10a_sc05,LS37_10a.czi,LS37,10,a,AF568,5,ScanRegion5,-31497.29,15936.99,8228.39,8104.17,1,2,6,9,6,10,6,6,111
LS37_s10a_sc06,LS37_10a.czi,LS37,10,a,AF568,6,ScanRegion6,-24056.52,6893.69,6781.14,8879.74,0,3,7,4,7,4,8,7,112
LS37_s10a_sc07,LS37_10a.czi,LS37,10,a,AF568,7,ScanRegion7,-22918.9,16871.33,7734.32,8033.02,1,3,8,10,8,9,7,8,113
LS37_s10a_sc08,LS37_10a.czi,LS37,10,a,AF568,8,ScanRegion8,-15000.15,6507.73,6887.84,8416.37,0,4,9,5,9,5,9,9,114
LS37_s10a_sc09,LS37_10a.czi,LS37,10,a,AF568,9,ScanRegion9,-13014.44,16009.81,7061.98,7257.31,1,4,10,11,10,8,10,10,115
LS37_s10a_sc10,LS37_10a.czi,LS37,10,a,AF568,10,ScanRegion10,-6914.75,6560.74,6247.54,8069.08,0,5,11,6,11,6,12,11,116
LS37_s10a_sc11,LS37_10a.czi,LS37,10,a,AF568,11,ScanRegion11,-4840.75,15129.9,6320.07,7859.23,1,5,12,12,12,7,11,12,117
LS37_s10b_sc00,LS37_10b.czi,LS37,10,b,AF488,0,ScanRegion0,-50782.37,6293.65,7697.53,8139.56,0,0,1,1,1,1,1,1,104
LS37_s10b_sc01,LS37_10b.czi,LS37,10,b,AF488,1,ScanRegion1,-51657.28,16581.92,7873.27,8984.01,1,0,2,7,2,12,2,2,105
LS37_s10b_sc02,LS37_10b.czi,LS37,10,b,AF488,2,ScanRegion2,-42044.29,6680.04,7452.16,7611.72,0,1,3,2,3,2,4,3,106
LS37_s10b_sc03,LS37_10b.czi,LS37,10,b,AF488,3,ScanRegion3,-42037.22,16743.11,7346.5,7999.62,1,1,4,8,4,11,3,4,107
LS37_s10b_sc04,LS37_10b.czi,LS37,10,b,AF488,4,ScanRegion4,-33252.61,6309.69,8159.27,8243.9,0,2,5,3,5,3,5,5,108
LS37_s10b_sc05,LS37_10b.czi,LS37,10,b,AF488,5,ScanRegion5,-33016.09,16497.32,8298.4,8527.75,1,2,6,9,6,10,6,6,109
LS37_s10b_sc06,LS37_10b.czi,LS37,10,b,AF488,6,ScanRegion6,-22679.56,6880.51,7698.88,8069.81,0,3,7,4,7,4,8,7,110
LS37_s10b_sc07,LS37_10b.czi,LS37,10,b,AF488,7,ScanRegion7,-22918.87,16993.84,8368.12,8001.38,1,3,8,10,8,9,7,8,111
LS37_s10b_sc08,LS37_10b.czi,LS37,10,b,AF488,8,ScanRegion8,-14453.45,6559.64,6783.35,8105.05,0,4,9,5,9,5,9,9,112
LS37_s10b_sc09,LS37_10b.czi,LS37,10,b,AF488,9,ScanRegion9,-13949.42,15337.0,7308.95,8103.81,1,4,10,11,10,8,10,10,113
LS37_s10b_sc10,LS37_10b.czi,LS37,10,b,AF488,10,ScanRegion10,-6528.72,8215.88,8157.78,7993.38,0,5,11,6,11,6,12,11,114
LS37_s10b_sc11,LS37_10b.czi,LS37,10,b,AF488,11,ScanRegion11,-6041.57,16306.07,8016.52,8311.52,1,5,12,12,12,7,11,12,115
LS37_s01a_sc00,LS37_1a.czi,LS37,1,a,AF568,0,ScanRegion0,-51705.07,5908.72,5320.71,6025.6,0,0,1,1,1,1,1,1,1
LS37_s01a_sc01,LS37_1a.czi,LS37,1,a,AF568,1,ScanRegion1,-52854.19,12767.69,5993.62,4986.9,1,0,2,7,2,7,2,2,2
LS37_s01a_sc02,LS37_1a.czi,LS37,1,a,AF568,2,ScanRegion2,-52171.35,19365.65,6353.84,5888.55,2,0,3,8,3,8,3,3,3
LS37_s01a_sc03,LS37_1a.czi,LS37,1,a,AF568,3,ScanRegion3,-44641.25,6472.72,5972.18,6896.07,0,1,4,2,4,2,5,4,4
LS37_s01a_sc04,LS37_1a.czi,LS37,1,a,AF568,4,ScanRegion4,-43413.48,16740.94,6000.5,6028.86,2,1,5,9,5,9,4,5,5
LS37_s01a_sc05,LS37_1a.czi,LS37,1,a,AF568,5,ScanRegion5,-36942.51,7981.17,6425.17,7296.15,0,2,6,3,6,3,6,6,6
LS37_s01a_sc06,LS37_1a.czi,LS37,1,a,AF568,6,ScanRegion6,-36211.22,17212.94,7059.42,6879.03,2,2,7,10,7,10,7,7,7
LS37_s01a_sc07,LS37_1a.czi,LS37,1,a,AF568,7,ScanRegion7,-28450.12,6233.84,6458.62,7089.83,0,3,8,4,8,4,9,8,8
LS37_s01a_sc08,LS37_1a.czi,LS37,1,a,AF568,8,ScanRegion8,-28848.21,15816.98,7165.27,7088.94,2,3,9,11,9,11,8,9,9
LS37_s01a_sc09,LS37_1a.czi,LS37,1,a,AF568,9,ScanRegion9,-20984.25,6936.75,5575.7,5784.58,0,4,10,5,10,5,10,10,10
LS37_s01a_sc10,LS37_1a.czi,LS37,1,a,AF568,10,ScanRegion10,-20164.33,17156.76,6743.95,7830.15,2,4,11,12,11,12,11,11,11
LS37_s01a_sc11,LS37_1a.czi,LS37,1,a,AF568,11,ScanRegion11,-12492.56,7235.32,7379.42,6909.94,0,5,12,6,12,6,13,12,12
LS37_s01a_sc12,LS37_1a.czi,LS37,1,a,AF568,12,ScanRegion12,-11144.27,16718.27,7129.32,6906.49,2,5,13,13,13,13,12,13,13
LS37_s01b_sc00,LS37_1b.czi,LS37,1,b,AF488,0,ScanRegion0,-51785.89,4547.46,7023.55,8034.35,0,0,1,1,1,1,1,1,1
LS37_s01b_sc01,LS37_1b.czi,LS37,1,b,AF488,1,ScanRegion1,-52381.44,17900.34,6281.95,6630.71,1,0,2,7,2,12,2,2,2
LS37_s01b_sc02,LS37_1b.czi,LS37,1,b,AF488,2,ScanRegion2,-44780.66,7504.29,6496.56,7014.64,0,1,3,2,3,2,4,3,3
LS37_s01b_sc03,LS37_1b.czi,LS37,1,b,AF488,3,ScanRegion3,-44331.5,16526.92,6777.09,6524.91,1,1,4,8,4,11,3,4,4
LS37_s01b_sc04,LS37_1b.czi,LS37,1,b,AF488,4,ScanRegion4,-37278.24,6918.62,6814.95,7228.67,0,2,5,3,5,3,5,5,5
LS37_s01b_sc05,LS37_1b.czi,LS37,1,b,AF488,5,ScanRegion5,-35469.18,17109.49,7059.03,7229.99,1,2,6,9,6,10,6,6,6
LS37_s01b_sc06,LS37_1b.czi,LS37,1,b,AF488,6,ScanRegion6,-28804.83,7097.62,6953.86,7263.47,0,3,7,4,7,4,8,7,7
LS37_s01b_sc07,LS37_1b.czi,LS37,1,b,AF488,7,ScanRegion7,-27543.13,16296.43,7519.93,6983.66,1,3,8,10,8,9,7,8,8
LS37_s01b_sc08,LS37_1b.czi,LS37,1,b,AF488,8,ScanRegion8,-20648.26,6954.59,6531.9,7370.08,0,4,9,5,9,5,9,9,9
LS37_s01b_sc09,LS37_1b.czi,LS37,1,b,AF488,9,ScanRegion9,-19334.6,16209.64,6987.85,7334.92,1,4,10,11,10,8,10,10,10
LS37_s01b_sc10,LS37_1b.czi,LS37,1,b,AF488,10,ScanRegion10,-10832.95,7115.12,7591.18,7513.77,0,5,11,6,11,6,12,11,11
LS37_s01b_sc11,LS37_1b.czi,LS37,1,b,AF488,11,ScanRegion11,-10684.78,16913.61,7129.29,7859.89,1,5,12,12,12,7,11,12,12
LS37_s02a_sc00,LS37_2a.czi,LS37,2,a,AF568,0,ScanRegion0,-51701.03,7331.68,7623.07,8179.43,0,0,1,1,1,1,1,1,14
LS37_s02a_sc01,LS37_2a.czi,LS37,2,a,AF568,1,ScanRegion1,-51727.17,16300.04,7801.41,7579.41,1,0,2,7,2,12,2,2,15
LS37_s02a_sc02,LS37_2a.czi,LS37,2,a,AF568,2,ScanRegion2,-43862.62,6625.01,6988.39,7368.32,0,1,3,2,3,2,4,3,16
LS37_s02a_sc03,LS37_2a.czi,LS37,2,a,AF568,3,ScanRegion3,-41454.02,16215.85,7237.84,7861.29,1,1,4,8,4,11,3,4,17
LS37_s02a_sc04,LS37_2a.czi,LS37,2,a,AF568,4,ScanRegion4,-35052.38,5971.39,6882.72,7158.63,0,2,5,3,5,3,5,5,18
LS37_s02a_sc05,LS37_2a.czi,LS37,2,a,AF568,5,ScanRegion5,-33896.86,15472.88,6390.72,7472.29,1,2,6,9,6,10,6,6,19
LS37_s02a_sc06,LS37_2a.czi,LS37,2,a,AF568,6,ScanRegion6,-26597.53,6133.98,6352.07,7291.45,0,3,7,4,7,4,8,7,20
LS37_s02a_sc07,LS37_2a.czi,LS37,2,a,AF568,7,ScanRegion7,-25935.99,15333.37,6497.17,7084.32,1,3,8,10,8,9,7,8,21
LS37_s02a_sc08,LS37_2a.czi,LS37,2,a,AF568,8,ScanRegion8,-19341.93,5897.15,6252.91,8002.99,0,4,9,5,9,5,9,9,22
LS37_s02a_sc09,LS37_2a.czi,LS37,2,a,AF568,9,ScanRegion9,-18434.89,16738.5,6745.87,7474.27,1,4,10,11,10,8,10,10,23
LS37_s02a_sc10,LS37_2a.czi,LS37,2,a,AF568,10,ScanRegion10,-9845.24,6746.94,8506.85,7757.61,0,5,11,6,11,6,12,11,24
LS37_s02a_sc11,LS37_2a.czi,LS37,2,a,AF568,11,ScanRegion11,-9608.07,16669.44,6529.09,7438.37,1,5,12,12,12,7,11,12,25
LS37_s02b_sc00,LS37_2b.czi,LS37,2,b,AF488,0,ScanRegion0,-52211.91,7205.21,7445.94,8216.22,0,0,1,1,1,1,1,1,13
LS37_s02b_sc01,LS37_2b.czi,LS37,2,b,AF488,1,ScanRegion1,-51479.85,16121.66,7447.65,7653.94,1,0,2,7,2,12,2,2,14
LS37_s02b_sc02,LS37_2b.czi,LS37,2,b,AF488,2,ScanRegion2,-43898.35,6626.33,7555.41,7999.47,0,1,3,2,3,2,4,3,15
LS37_s02b_sc03,LS37_2b.czi,LS37,2,b,AF488,3,ScanRegion3,-42653.24,15703.95,6809.9,6978.59,1,1,4,8,4,11,3,4,16
LS37_s02b_sc04,LS37_2b.czi,LS37,2,b,AF488,4,ScanRegion4,-35971.88,6975.23,6530.27,7476.4,0,2,5,3,5,3,5,5,17
LS37_s02b_sc05,LS37_2b.czi,LS37,2,b,AF488,5,ScanRegion5,-34797.41,14958.55,6918.38,7228.97,1,2,6,9,6,10,6,6,18
LS37_s02b_sc06,LS37_2b.czi,LS37,2,b,AF488,6,ScanRegion6,-28802.73,5579.67,6390.25,7970.39,0,3,7,4,7,4,8,7,19
LS37_s02b_sc07,LS37_2b.czi,LS37,2,b,AF488,7,ScanRegion7,-26324.99,16228.11,6778.26,7125.88,1,3,8,10,8,9,7,8,20
LS37_s02b_sc08,LS37_2b.czi,LS37,2,b,AF488,8,ScanRegion8,-21372.72,7111.02,6213.19,7687.64,0,4,9,5,9,5,9,9,21
LS37_s02b_sc09,LS37_2b.czi,LS37,2,b,AF488,9,ScanRegion9,-18841.4,17477.58,6142.19,7193.94,1,4,10,11,10,8,10,10,22
LS37_s02b_sc10,LS37_2b.czi,LS37,2,b,AF488,10,ScanRegion10,-11434.82,6920.44,6245.86,7900.79,0,5,11,6,11,6,12,11,23
LS37_s02b_sc11,LS37_2b.czi,LS37,2,b,AF488,11,ScanRegion11,-11019.7,16084.0,6883.25,6984.1,1,5,12,12,12,7,11,12,24
LS37_s03a_sc00,LS37_3a.czi,LS37,3,a,AF568,0,ScanRegion0,-52671.83,8014.81,5541.67,6804.36,0,0,1,1,1,1,1,1,26
LS37_s03a_sc01,LS37_3a.czi,LS37,3,a,AF568,1,ScanRegion1,-50685.9,16954.21,5648.12,7401.95,1,0,2,7,2,11,2,2,27
LS37_s03a_sc02,LS37_3a.czi,LS37,3,a,AF568,2,ScanRegion2,-44992.81,7642.47,5365.65,6735.78,0,1,3,2,3,2,4,3,28
LS37_s03a_sc03,LS37_3a.czi,LS37,3,a,AF568,3,ScanRegion3,-41913.31,17341.1,6881.15,7297.91,1,1,4,8,4,10,3,4,29
LS37_s03a_sc04,LS37_3a.czi,LS37,3,a,AF568,4,ScanRegion4,-37930.22,6583.15,5999.44,6700.61,0,2,5,3,5,3,5,5,30
LS37_s03a_sc05,LS37_3a.czi,LS37,3,a,AF568,5,ScanRegion5,-29280.62,6567.36,4729.78,6769.04,0,3,6,4,7,4,8,6,31
LS37_s03a_sc06,LS37_3a.czi,LS37,3,a,AF568,6,ScanRegion6,-25864.49,15454.08,6001.04,7616.35,1,2,7,9,6,9,6,7,32
LS37_s03a_sc07,LS37_3a.czi,LS37,3,a,AF568,7,ScanRegion7,-21089.1,5155.87,4658.89,6381.66,0,4,8,5,9,5,9,8,33
LS37_s03a_sc08,LS37_3a.czi,LS37,3,a,AF568,8,ScanRegion8,-18503.22,14870.54,5680.3,7685.0,1,3,9,10,8,8,7,9,34
LS37_s03a_sc09,LS37_3a.czi,LS37,3,a,AF568,9,ScanRegion9,-11786.16,5476.31,6388.3,5923.72,0,5,10,6,11,6,11,10,35
LS37_s03a_sc10,LS37_3a.czi,LS37,3,a,AF568,10,ScanRegion10,-10208.72,16313.71,6035.67,7296.52,1,4,11,11,10,7,10,11,36
LS37_s03b_sc00,LS37_3b.czi,LS37,3,b,AF488,0,ScanRegion0,-51259.74,6959.13,5544.38,6663.39,0,0,1,1,1,1,1,1,25
LS37_s03b_sc01,LS37_3b.czi,LS37,3,b,AF488,1,ScanRegion1,-50545.92,16776.52,6142.26,7474.49,1,0,2,7,2,12,2,2,26
LS37_s03b_sc02,LS37_3b.czi,LS37,3,b,AF488,2,ScanRegion2,-43951.65,6394.39,5612.99,6275.49,0,1,3,2,3,2,4,3,27
LS37_s03b_sc03,LS37_3b.czi,LS37,3,b,AF488,3,ScanRegion3,-42265.34,16691.09,6531.72,6839.31,1,1,4,8,4,11,3,4,28
LS37_s03b_sc04,LS37_3b.czi,LS37,3,b,AF488,4,ScanRegion4,-36133.01,9088.69,5224.28,6984.24,0,2,5,3,5,3,5,5,29
LS37_s03b_sc05,LS37_3b.czi,LS37,3,b,AF488,5,ScanRegion5,-33157.64,17008.93,5469.82,6240.17,1,2,6,9,6,10,6,6,30
LS37_s03b_sc06,LS37_3b.czi,LS37,3,b,AF488,6,ScanRegion6,-28310.74,7114.11,5121.99,7226.4,0,3,7,4,7,4,8,7,31
LS37_s03b_sc07,LS37_3b.czi,LS37,3,b,AF488,7,ScanRegion7,-21991.78,7973.78,5330.48,6170.2,0,4,8,5,9,5,9,8,32
LS37_s03b_sc08,LS37_3b.czi,LS37,3,b,AF488,8,ScanRegion8,-24489.17,16339.85,5790.7,6272.56,1,3,9,10,8,9,7,9,33
LS37_s03b_sc09,LS37_3b.czi,LS37,3,b,AF488,9,ScanRegion9,-17656.9,16141.28,5258.52,6346.05,1,4,10,11,10,8,10,10,34
LS37_s03b_sc10,LS37_3b.czi,LS37,3,b,AF488,10,ScanRegion10,-14416.77,6476.34,6213.02,5813.44,0,5,11,6,11,6,12,11,35
LS37_s03b_sc11,LS37_3b.czi,LS37,3,b,AF488,11,ScanRegion11,-9501.51,16388.53,5049.03,6871.4,1,5,12,12,12,7,11,12,36
LS37_s04a_sc00,LS37_4a.czi,LS37,4,a,AF568,0,ScanRegion0,-51275.94,6219.57,5506.79,7296.66,0,0,1,1,1,1,1,1,37
LS37_s04a_sc01,LS37_4a.czi,LS37,4,a,AF568,1,ScanRegion1,-50880.79,16759.34,6461.86,7227.35,1,0,2,7,2,12,2,2,38
LS37_s04a_sc02,LS37_4a.czi,LS37,4,a,AF568,2,ScanRegion2,-42979.68,6060.64,7414.23,8072.09,0,1,3,2,3,2,4,3,39
LS37_s04a_sc03,LS37_4a.czi,LS37,4,a,AF568,3,ScanRegion3,-41258.43,15723.26,5930.28,7929.13,1,1,4,8,4,11,3,4,40
LS37_s04a_sc04,LS37_4a.czi,LS37,4,a,AF568,4,ScanRegion4,-34647.57,6765.53,6002.21,8741.19,0,2,5,3,5,3,5,5,41
LS37_s04a_sc05,LS37_4a.czi,LS37,4,a,AF568,5,ScanRegion5,-32575.5,17447.89,6425.17,7970.25,1,2,6,9,6,10,6,6,42
LS37_s04a_sc06,LS37_4a.czi,LS37,4,a,AF568,6,ScanRegion6,-26791.14,6606.68,6035.6,7827.0,0,3,7,4,7,4,8,7,43
LS37_s04a_sc07,LS37_4a.czi,LS37,4,a,AF568,7,ScanRegion7,-24489.4,16745.63,5647.23,7647.85,1,3,8,10,8,9,7,8,44
LS37_s04a_sc08,LS37_4a.czi,LS37,4,a,AF568,8,ScanRegion8,-18176.92,6625.5,6670.95,8672.61,0,4,9,5,9,5,9,9,45
LS37_s04a_sc09,LS37_4a.czi,LS37,4,a,AF568,9,ScanRegion9,-16969.1,16428.07,6424.56,8528.93,1,4,10,11,10,8,10,10,46
LS37_s04a_sc10,LS37_4a.czi,LS37,4,a,AF568,10,ScanRegion10,-9632.18,6272.04,7800.2,8711.24,0,5,11,6,11,6,12,11,47
LS37_s04a_sc11,LS37_4a.czi,LS37,4,a,AF568,11,ScanRegion11,-7823.83,15878.82,7340.3,8392.43,1,5,12,12,12,7,11,12,48
LS37_s04b_sc00,LS37_4b.czi,LS37,4,b,AF488,0,ScanRegion0,-50905.99,6151.73,6249.17,7720.46,0,0,1,1,1,1,1,1,37
LS37_s04b_sc01,LS37_4b.czi,LS37,4,b,AF488,1,ScanRegion1,-50916.04,15613.39,5895.72,7822.6,1,0,2,7,2,12,2,2,38
LS37_s04b_sc02,LS37_4b.czi,LS37,4,b,AF488,2,ScanRegion2,-42926.47,5780.09,6673.59,7790.73,0,1,3,2,3,2,4,3,39
LS37_s04b_sc03,LS37_4b.czi,LS37,4,b,AF488,3,ScanRegion3,-41700.36,15793.41,6177.71,6802.89,1,1,4,8,4,11,3,4,40
LS37_s04b_sc04,LS37_4b.czi,LS37,4,b,AF488,4,ScanRegion4,-32828.68,6012.1,5964.81,8568.43,0,2,5,3,5,3,5,5,41
LS37_s04b_sc05,LS37_4b.czi,LS37,4,b,AF488,5,ScanRegion5,-32592.65,17096.31,5754.43,7825.97,1,2,6,9,6,10,6,6,42
LS37_s04b_sc06,LS37_4b.czi,LS37,4,b,AF488,6,ScanRegion6,-25856.25,5708.82,6352.49,8710.79,0,3,7,4,7,4,8,7,43
LS37_s04b_sc07,LS37_4b.czi,LS37,4,b,AF488,7,ScanRegion7,-22759.16,15408.37,7131.17,8989.44,1,3,8,10,8,9,7,8,44
LS37_s04b_sc08,LS37_4b.czi,LS37,4,b,AF488,8,ScanRegion8,-17347.3,5886.87,6849.05,7827.07,0,4,9,5,9,5,9,9,45
LS37_s04b_sc09,LS37_4b.czi,LS37,4,b,AF488,9,ScanRegion9,-14075.39,16449.1,6281.85,8707.27,1,4,10,11,10,8,10,10,46
LS37_s04b_sc10,LS37_4b.czi,LS37,4,b,AF488,10,ScanRegion10,-9051.47,6468.08,7555.3,9027.1,0,5,11,6,11,6,12,11,47
LS37_s04b_sc11,LS37_4b.czi,LS37,4,b,AF488,11,ScanRegion11,-7718.39,16304.34,6423.25,8671.37,1,5,12,12,12,7,11,12,48
LS37_s05a_sc00,LS37_5a.czi,LS37,5,a,AF568,0,ScanRegion0,-49876.22,17045.44,7271.26,8920.56,1,0,1,6,2,11,2,1,49
LS37_s05a_sc01,LS37_5a.czi,LS37,5,a,AF568,1,ScanRegion1,-42890.38,5409.63,7166.23,7688.15,0,0,2,1,1,1,1,2,50
LS37_s05a_sc02,LS37_5a.czi,LS37,5,a,AF568,2,ScanRegion2,-40712.33,16729.27,7870.25,9661.11,1,1,3,7,4,10,3,3,51
LS37_s05a_sc03,LS37_5a.czi,LS37,5,a,AF568,3,ScanRegion3,-34630.26,6326.65,7588.3,9978.59,0,1,4,2,3,2,4,4,52
LS37_s05a_sc04,LS37_5a.czi,LS37,5,a,AF568,4,ScanRegion4,-31904.91,16869.57,8049.23,9133.2,1,2,5,8,6,9,6,5,53
LS37_s05a_sc05,LS37_5a.czi,LS37,5,a,AF568,5,ScanRegion5,-25397.4,6522.2,7975.02,10049.3,0,2,6,3,5,3,5,6,54
LS37_s05a_sc06,LS37_5a.czi,LS37,5,a,AF568,6,ScanRegion6,-23854.7,17168.51,7410.56,9201.26,1,3,7,9,8,8,7,7,55
LS37_s05a_sc07,LS37_5a.czi,LS37,5,a,AF568,7,ScanRegion7,-16551.59,5394.27,6600.66,9308.17,0,3,8,4,7,4,8,8,56
LS37_s05a_sc08,LS37_5a.czi,LS37,5,a,AF568,8,ScanRegion8,-14286.37,15973.72,7060.14,9726.32,1,4,9,10,10,7,10,9,57
LS37_s05a_sc09,LS37_5a.czi,LS37,5,a,AF568,9,ScanRegion9,-8519.95,5374.95,7270.26,10437.42,0,4,10,5,9,5,9,10,58
LS37_s05a_sc10,LS37_5a.czi,LS37,5,a,AF568,10,ScanRegion10,-6660.04,16235.47,6216.75,9518.67,1,5,11,11,11,6,11,11,59
LS37_s05b_sc00,LS37_5b.czi,LS37,5,b,AF488,0,ScanRegion0,-51682.59,6307.02,7305.25,9802.31,0,0,1,1,1,1,1,1,49
LS37_s05b_sc01,LS37_5b.czi,LS37,5,b,AF488,1,ScanRegion1,-51692.98,16934.05,6881.79,10542.63,1,0,2,7,2,12,2,2,50
LS37_s05b_sc02,LS37_5b.czi,LS37,5,b,AF488,2,ScanRegion2,-43809.39,6517.44,7094.62,9909.36,0,1,3,2,3,2,4,3,51
LS37_s05b_sc03,LS37_5b.czi,LS37,5,b,AF488,3,ScanRegion3,-43202.56,16739.92,7058.78,9205.01,1,1,4,8,4,11,3,4,52
LS37_s05b_sc04,LS37_5b.czi,LS37,5,b,AF488,4,ScanRegion4,-36041.86,6675.08,7659.23,9343.56,0,2,5,3,5,3,5,5,53
LS37_s05b_sc05,LS37_5b.czi,LS37,5,b,AF488,5,ScanRegion5,-35452.13,17054.31,6881.51,10012.37,1,2,6,9,6,10,6,6,54
LS37_s05b_sc06,LS37_5b.czi,LS37,5,b,AF488,6,ScanRegion6,-27110.08,6763.07,7305.0,10051.72,0,3,7,4,7,4,8,7,55
LS37_s05b_sc07,LS37_5b.czi,LS37,5,b,AF488,7,ScanRegion7,-26451.25,17797.86,7377.35,9553.92,1,3,8,10,8,9,7,8,56
LS37_s05b_sc08,LS37_5b.czi,LS37,5,b,AF488,8,ScanRegion8,-19253.04,5898.51,7199.29,9838.8,0,4,9,5,9,5,9,9,57
LS37_s05b_sc09,LS37_5b.czi,LS37,5,b,AF488,9,ScanRegion9,-16422.98,17376.18,7022.94,10296.52,1,4,10,11,10,8,10,10,58
LS37_s05b_sc10,LS37_5b.czi,LS37,5,b,AF488,10,ScanRegion10,-9898.34,6378.5,7271.58,10259.29,0,5,11,6,11,6,12,11,59
LS37_s05b_sc11,LS37_5b.czi,LS37,5,b,AF488,11,ScanRegion11,-8159.72,17058.44,6671.24,9978.08,1,5,12,12,12,7,11,12,60
LS37_s06a_sc00,LS37_6a.czi,LS37,6,a,AF568,0,ScanRegion0,-50852.16,5378.43,8046.88,10117.0,0,0,1,1,1,1,1,1,60
LS37_s06a_sc01,LS37_6a.czi,LS37,6,a,AF568,1,ScanRegion1,-50634.27,17059.13,7450.95,9233.42,1,0,2,7,2,12,2,2,61
LS37_s06a_sc02,LS37_6a.czi,LS37,6,a,AF568,2,ScanRegion2,-42362.45,6874.02,7515.06,10118.54,0,1,3,2,3,2,4,3,62
LS37_s06a_sc03,LS37_6a.czi,LS37,6,a,AF568,3,ScanRegion3,-41772.62,17767.69,7871.06,9338.49,1,1,4,8,4,11,3,4,63
LS37_s06a_sc04,LS37_6a.czi,LS37,6,a,AF568,4,ScanRegion4,-34593.71,5463.15,7801.06,10079.85,0,2,5,3,5,3,5,5,64
LS37_s06a_sc05,LS37_6a.czi,LS37,6,a,AF568,5,ScanRegion5,-33104.37,16956.76,7762.94,10289.25,1,2,6,9,6,10,6,6,65
LS37_s06a_sc06,LS37_6a.czi,LS37,6,a,AF568,6,ScanRegion6,-25503.68,7366.1,8399.9,9629.25,0,3,7,4,7,4,8,7,66
LS37_s06a_sc07,LS37_6a.czi,LS37,6,a,AF568,7,ScanRegion7,-24613.43,16918.58,7871.7,9416.98,1,3,8,10,8,9,7,8,67
LS37_s06a_sc08,LS37_6a.czi,LS37,6,a,AF568,8,ScanRegion8,-16164.0,5766.05,8081.26,10613.85,0,4,9,5,9,5,9,9,68
LS37_s06a_sc09,LS37_6a.czi,LS37,6,a,AF568,9,ScanRegion9,-14762.89,16551.38,8787.27,10688.52,1,4,10,11,10,8,10,10,69
LS37_s06a_sc10,LS37_6a.czi,LS37,6,a,AF568,10,ScanRegion10,-6948.4,5380.24,7308.17,10648.0,0,5,11,6,11,6,12,11,70
LS37_s06a_sc11,LS37_6a.czi,LS37,6,a,AF568,11,ScanRegion11,-6235.66,16217.96,6637.57,6805.61,1,5,12,12,12,7,11,12,71
LS37_s06b_sc00,LS37_6b.czi,LS37,6,b,AF488,0,ScanRegion0,-51630.06,6239.8,7905.3,10224.56,0,0,1,1,1,1,1,1,61
LS37_s06b_sc01,LS37_6b.czi,LS37,6,b,AF488,1,ScanRegion1,-51305.54,16916.8,7164.24,10439.4,1,0,2,7,2,12,2,2,62
LS37_s06b_sc02,LS37_6b.czi,LS37,6,b,AF488,2,ScanRegion2,-42963.48,6571.67,7447.04,10434.55,0,1,3,2,3,2,4,3,63
LS37_s06b_sc03,LS37_6b.czi,LS37,6,b,AF488,3,ScanRegion3,-42232.99,17269.81,7659.44,10262.89,1,1,4,8,4,11,3,4,64
LS37_s06b_sc04,LS37_6b.czi,LS37,6,b,AF488,4,ScanRegion4,-34471.96,6150.17,8047.2,10898.07,0,2,5,3,5,3,5,5,65
LS37_s06b_sc05,LS37_6b.czi,LS37,6,b,AF488,5,ScanRegion5,-33900.05,16636.2,8223.3,10299.97,1,2,6,9,6,10,6,6,66
LS37_s06b_sc06,LS37_6b.czi,LS37,6,b,AF488,6,ScanRegion6,-25574.98,6292.83,8964.19,10439.33,0,3,7,4,7,4,8,7,67
LS37_s06b_sc07,LS37_6b.czi,LS37,6,b,AF488,7,ScanRegion7,-24366.58,16937.23,7660.51,9943.57,1,3,8,10,8,9,7,8,68
LS37_s06b_sc08,LS37_6b.czi,LS37,6,b,AF488,8,ScanRegion8,-17347.55,5904.78,8471.05,10052.68,0,4,9,5,9,5,9,9,69
LS37_s06b_sc09,LS37_6b.czi,LS37,6,b,AF488,9,ScanRegion9,-14904.2,16308.02,7516.3,10255.4,1,4,10,11,10,8,10,10,70
LS37_s06b_sc10,LS37_6b.czi,LS37,6,b,AF488,10,ScanRegion10,-7442.39,5272.67,8010.08,9943.87,0,5,11,6,11,6,12,11,71
LS37_s06b_sc11,LS37_6b.czi,LS37,6,b,AF488,11,ScanRegion11,-7488.62,15420.95,7236.77,10014.21,1,5,12,12,12,7,11,12,72
LS37_s07a_sc00,LS37_7a.czi,LS37,7,a,AF568,0,ScanRegion0,-51206.09,6433.86,7622.18,10402.69,0,0,1,1,1,1,1,1,72
LS37_s07a_sc01,LS37_7a.czi,LS37,7,a,AF568,1,ScanRegion1,-50102.02,15893.86,8505.57,9309.56,1,0,2,6,2,10,2,2,73
LS37_s07a_sc02,LS37_7a.czi,LS37,7,a,AF568,2,ScanRegion2,-41284.1,5536.87,8753.46,9981.9,0,1,3,2,3,2,4,3,74
LS37_s07a_sc03,LS37_7a.czi,LS37,7,a,AF568,3,ScanRegion3,-40024.24,16223.23,7927.88,9245.98,1,1,4,7,4,9,3,4,75
LS37_s07a_sc04,LS37_7a.czi,LS37,7,a,AF568,4,ScanRegion4,-32175.01,5149.38,9035.36,10085.5,0,2,5,3,5,3,5,5,76
LS37_s07a_sc05,LS37_7a.czi,LS37,7,a,AF568,5,ScanRegion5,-30050.75,17118.44,8929.31,9133.71,1,2,6,8,6,8,6,6,77
LS37_s07a_sc06,LS37_7a.czi,LS37,7,a,AF568,6,ScanRegion6,-21794.73,6104.57,8471.86,10895.73,0,3,7,4,7,4,8,7,78
LS37_s07a_sc07,LS37_7a.czi,LS37,7,a,AF568,7,ScanRegion7,-20358.92,16627.75,8330.96,7827.95,1,3,8,9,8,7,7,8,79
LS37_s07a_sc08,LS37_7a.czi,LS37,7,a,AF568,8,ScanRegion8,-11149.56,4914.04,7092.77,9661.7,0,4,9,5,9,5,9,9,80
LS37_s07a_sc09,LS37_7a.czi,LS37,7,a,AF568,9,ScanRegion9,-9305.37,15135.52,8189.17,9239.81,1,4,10,10,10,6,10,10,81
LS37_s07b_sc00,LS37_7b.czi,LS37,7,b,AF488,0,ScanRegion0,-50999.19,11228.44,8883.82,20407.42,1,0,1,5,2,5,2,1,73
LS37_s07b_sc01,LS37_7b.czi,LS37,7,b,AF488,1,ScanRegion1,-42344.99,6136.38,7763.72,9553.11,0,0,2,1,1,1,1,2,74
LS37_s07b_sc02,LS37_7b.czi,LS37,7,b,AF488,2,ScanRegion2,-41667.04,16637.56,7870.96,10755.27,2,0,3,6,3,6,3,3,75
LS37_s07b_sc03,LS37_7b.czi,LS37,7,b,AF488,3,ScanRegion3,-33199.62,5516.27,8895.64,9764.64,0,1,4,2,4,2,5,4,76
LS37_s07b_sc04,LS37_7b.czi,LS37,7,b,AF488,4,ScanRegion4,-32680.67,16107.59,7835.26,10578.9,2,1,5,7,5,7,4,5,77
LS37_s07b_sc05,LS37_7b.czi,LS37,7,b,AF488,5,ScanRegion5,-23384.84,5574.23,8684.48,9833.44,0,2,6,3,6,3,6,6,78
LS37_s07b_sc06,LS37_7b.czi,LS37,7,b,AF488,6,ScanRegion6,-22160.26,16099.8,9319.95,10290.2,2,2,7,8,7,8,7,7,79
LS37_s07b_sc07,LS37_7b.czi,LS37,7,b,AF488,7,ScanRegion7,-11522.3,6233.79,9106.97,10964.6,0,3,8,4,8,4,9,8,80
LS37_s07b_sc08,LS37_7b.czi,LS37,7,b,AF488,8,ScanRegion8,-10880.87,17422.84,8930.48,9662.21,2,3,9,9,9,9,8,9,81
LS37_s08a_sc00,LS37_8a.czi,LS37,8,a,AF568,0,ScanRegion0,-50340.28,6132.45,8366.3,9511.63,0,0,1,1,1,1,1,1,82
LS37_s08a_sc01,LS37_8a.czi,LS37,8,a,AF568,1,ScanRegion1,-49855.11,16163.84,8294.69,9550.54,1,0,2,7,2,12,2,2,83
LS37_s08a_sc02,LS37_8a.czi,LS37,8,a,AF568,2,ScanRegion2,-41106.55,5518.89,8193.58,9517.42,0,1,3,2,3,2,4,3,84
LS37_s08a_sc03,LS37_8a.czi,LS37,8,a,AF568,3,ScanRegion3,-39901.09,16043.82,7941.0,10115.82,1,1,4,8,4,11,3,4,85
LS37_s08a_sc04,LS37_8a.czi,LS37,8,a,AF568,4,ScanRegion4,-31875.53,6049.88,8435.64,10683.39,0,2,5,3,5,3,5,5,86
LS37_s08a_sc05,LS37_8a.czi,LS37,8,a,AF568,5,ScanRegion5,-31005.25,16345.11,7800.38,9125.12,1,2,6,9,6,10,6,6,87
LS37_s08a_sc06,LS37_8a.czi,LS37,8,a,AF568,6,ScanRegion6,-23913.41,5204.73,7268.88,9870.52,0,3,7,4,7,4,8,7,88
LS37_s08a_sc07,LS37_8a.czi,LS37,8,a,AF568,7,ScanRegion7,-23448.06,15986.03,6743.42,8885.84,1,3,8,10,8,9,7,8,89
LS37_s08a_sc08,LS37_8a.czi,LS37,8,a,AF568,8,ScanRegion8,-16128.33,5555.18,7025.01,9625.87,0,4,9,5,9,5,9,9,90
LS37_s08a_sc09,LS37_8a.czi,LS37,8,a,AF568,9,ScanRegion9,-15028.53,16040.94,6492.97,8815.79,1,4,10,11,10,8,10,10,91
LS37_s08a_sc10,LS37_8a.czi,LS37,8,a,AF568,10,ScanRegion10,-6785.64,6710.01,6744.43,9095.71,0,5,11,6,11,6,12,11,92
LS37_s08a_sc11,LS37_8a.czi,LS37,8,a,AF568,11,ScanRegion11,-8001.69,16476.38,5507.08,7123.75,1,5,12,12,12,7,11,12,93
LS37_s08b_sc00,LS37_8b.czi,LS37,8,b,AF488,0,ScanRegion0,-51416.82,6117.07,7906.41,9835.2,0,0,1,1,1,1,1,1,82
LS37_s08b_sc01,LS37_8b.czi,LS37,8,b,AF488,1,ScanRegion1,-50598.65,16459.04,8577.96,9947.39,1,0,2,7,2,12,2,2,83
LS37_s08b_sc02,LS37_8b.czi,LS37,8,b,AF488,2,ScanRegion2,-42467.51,5678.95,8506.53,9695.55,0,1,3,2,3,2,4,3,84
LS37_s08b_sc03,LS37_8b.czi,LS37,8,b,AF488,3,ScanRegion3,-41172.45,17027.26,8363.1,9976.91,1,1,4,8,4,11,3,4,85
LS37_s08b_sc04,LS37_8b.czi,LS37,8,b,AF488,4,ScanRegion4,-33427.81,5395.78,8012.89,10292.11,0,2,5,3,5,3,5,5,86
LS37_s08b_sc05,LS37_8b.czi,LS37,8,b,AF488,5,ScanRegion5,-30843.23,16240.55,7695.0,9762.29,1,2,6,9,6,10,6,6,87
LS37_s08b_sc06,LS37_8b.czi,LS37,8,b,AF488,6,ScanRegion6,-24197.22,6453.95,8612.02,9834.69,0,3,7,4,7,4,8,7,88
LS37_s08b_sc07,LS37_8b.czi,LS37,8,b,AF488,7,ScanRegion7,-21789.71,16769.01,7026.68,9800.99,1,3,8,10,8,9,7,8,89
LS37_s08b_sc08,LS37_8b.czi,LS37,8,b,AF488,8,ScanRegion8,-15528.89,6119.58,7377.5,10048.2,0,4,9,5,9,5,9,9,90
LS37_s08b_sc09,LS37_8b.czi,LS37,8,b,AF488,9,ScanRegion9,-13737.78,16904.62,6532.83,9907.15,1,4,10,11,10,8,10,10,91
LS37_s08b_sc10,LS37_8b.czi,LS37,8,b,AF488,10,ScanRegion10,-7057.75,7793.26,7520.68,9555.68,0,5,11,6,11,6,12,11,92
LS37_s08b_sc11,LS37_8b.czi,LS37,8,b,AF488,11,ScanRegion11,-6395.66,17576.44,7380.88,9089.66,1,5,12,12,12,7,11,12,93
LS37_s09a_sc00,LS37_9a.czi,LS37,9,a,AF568,0,ScanRegion0,-51894.66,7132.15,6672.06,9269.99,0,0,1,1,1,1,1,1,94
LS37_s09a_sc01,LS37_9a.czi,LS37,9,a,AF568,1,ScanRegion1,-51356.53,17058.94,8048.55,9092.82,1,0,2,7,2,12,2,2,95
LS37_s09a_sc02,LS37_9a.czi,LS37,9,a,AF568,2,ScanRegion2,-43122.34,7224.22,7485.23,9551.64,0,1,3,2,3,2,4,3,96
LS37_s09a_sc03,LS37_9a.czi,LS37,9,a,AF568,3,ScanRegion3,-41366.66,16974.02,8896.46,8878.5,1,1,4,8,4,11,3,4,97
LS37_s09a_sc04,LS37_9a.czi,LS37,9,a,AF568,4,ScanRegion4,-34330.04,6909.44,8120.34,8320.48,0,2,5,3,5,3,5,5,98
LS37_s09a_sc05,LS37_9a.czi,LS37,9,a,AF568,5,ScanRegion5,-32202.46,16286.52,7872.38,8603.97,1,2,6,9,6,10,6,6,99
LS37_s09a_sc06,LS37_9a.czi,LS37,9,a,AF568,6,ScanRegion6,-24957.56,6381.93,7166.23,8002.63,0,3,7,4,7,4,8,7,100
LS37_s09a_sc07,LS37_9a.czi,LS37,9,a,AF568,7,ScanRegion7,-23359.85,17012.85,7836.43,7894.48,1,3,8,10,8,9,7,8,101
LS37_s09a_sc08,LS37_9a.czi,LS37,9,a,AF568,8,ScanRegion8,-16675.78,4920.76,7130.43,7228.82,0,4,9,5,9,5,9,9,102
LS37_s09a_sc09,LS37_9a.czi,LS37,9,a,AF568,9,ScanRegion9,-14426.49,16061.87,7415.47,8211.66,1,4,10,11,10,8,10,10,103
LS37_s09a_sc10,LS37_9a.czi,LS37,9,a,AF568,10,ScanRegion10,-7972.55,5517.17,6602.83,7542.63,0,5,11,6,11,6,12,11,104
LS37_s09a_sc11,LS37_9a.czi,LS37,9,a,AF568,11,ScanRegion11,-5652.44,15284.45,6177.03,7823.25,1,5,12,12,12,7,11,12,105
LS37_s09b_sc00,LS37_9b.czi,LS37,9,b,AF488,0,ScanRegion0,-51947.85,7453.67,6920.23,9204.49,0,0,1,1,1,1,1,1,94
LS37_s09b_sc01,LS37_9b.czi,LS37,9,b,AF488,1,ScanRegion1,-51798.03,16898.41,7592.99,9768.82,2,0,2,6,3,6,3,2,95
LS37_s09b_sc02,LS37_9b.czi,LS37,9,b,AF488,2,ScanRegion2,-42421.53,12370.49,8747.48,18017.27,1,0,3,5,2,5,2,3,96
LS37_s09b_sc03,LS37_9b.czi,LS37,9,b,AF488,3,ScanRegion3,-35549.11,7663.25,7028.43,8989.73,0,1,4,2,4,2,5,4,97
LS37_s09b_sc04,LS37_9b.czi,LS37,9,b,AF488,4,ScanRegion4,-33280.49,17449.84,6991.8,8180.75,2,1,5,7,5,7,4,5,98
LS37_s09b_sc05,LS37_9b.czi,LS37,9,b,AF488,5,ScanRegion5,-27799.27,6884.92,5651.43,8104.91,0,2,6,3,6,3,6,6,99
LS37_s09b_sc06,LS37_9b.czi,LS37,9,b,AF488,6,ScanRegion6,-25161.33,17570.61,7558.33,8812.19,2,2,7,8,7,8,7,7,100
LS37_s09b_sc07,LS37_9b.czi,LS37,9,b,AF488,7,ScanRegion7,-19306.86,5475.4,7027.68,8209.17,0,3,8,4,8,4,9,8,101
LS37_s09b_sc08,LS37_9b.czi,LS37,9,b,AF488,8,ScanRegion8,-15981.56,16831.53,6779.72,8353.0,2,3,9,9,9,9,8,9,102
LS37_s09b_sc09,LS37_9b.czi,LS37,9,b,AF488,9,ScanRegion9,-6942.74,16234.11,6994.11,8454.84,2,4,10,10,10,10,10,10,103
LS45_s10a_sc00,LS45_10a.czi,LS45,10,a,AF568,0,ScanRegion0,-51223.09,6434.0,8156.64,7721.12,0,0,1,1,1,1,1,1,108
LS45_s10a_sc01,LS45_10a.czi,LS45,10,a,AF568,1,ScanRegion1,-50385.02,15475.72,8578.42,6624.33,1,0,2,6,2,10,2,2,109
LS45_s10a_sc02,LS45_10a.czi,LS45,10,a,AF568,2,ScanRegion2,-41620.73,7226.9,8861.68,7372.21,0,1,3,2,3,2,4,3,110
LS45_s10a_sc03,LS45_10a.czi,LS45,10,a,AF568,3,ScanRegion3,-41540.74,15825.91,6633.91,6738.64,1,1,4,7,4,9,3,4,111
LS45_s10a_sc04,LS45_10a.czi,LS45,10,a,AF568,4,ScanRegion4,-32547.21,7054.16,8506.99,6561.25,0,2,5,3,5,3,5,5,112
LS45_s10a_sc05,LS45_10a.czi,LS45,10,a,AF568,5,ScanRegion5,-33579.49,16215.78,8154.26,6769.34,1,2,6,8,6,8,6,6,113
LS45_s10a_sc06,LS45_10a.czi,LS45,10,a,AF568,6,ScanRegion6,-23721.17,8023.45,7801.98,6347.52,0,3,7,4,7,4,8,7,114
LS45_s10a_sc07,LS45_10a.czi,LS45,10,a,AF568,7,ScanRegion7,-23483.33,16290.11,8577.96,6947.83,1,3,8,9,8,7,7,8,115
LS45_s10a_sc08,LS45_10a.czi,LS45,10,a,AF568,8,ScanRegion8,-14416.97,6421.13,8471.9,7118.76,0,4,9,5,9,5,9,9,116
LS45_s10a_sc09,LS45_10a.czi,LS45,10,a,AF568,9,ScanRegion9,-13244.05,16343.08,8860.33,7508.27,1,4,10,10,10,6,10,10,117
LS45_s10b_sc00,LS45_10b.czi,LS45,10,b,AF488,0,ScanRegion0,-50606.71,7387.95,8048.34,7014.42,0,0,1,1,1,1,1,1,110
LS45_s10b_sc01,LS45_10b.czi,LS45,10,b,AF488,1,ScanRegion1,-49504.3,16711.25,8506.88,6485.33,1,0,2,6,2,10,2,2,111
LS45_s10b_sc02,LS45_10b.czi,LS45,10,b,AF488,2,ScanRegion2,-42432.65,6839.18,8154.72,6808.54,0,1,3,2,3,2,4,3,112
LS45_s10b_sc03,LS45_10b.czi,LS45,10,b,AF488,3,ScanRegion3,-41294.52,15898.45,7836.08,6797.68,1,1,4,7,4,9,3,4,113
LS45_s10b_sc04,LS45_10b.czi,LS45,10,b,AF488,4,ScanRegion4,-32476.6,6717.4,8225.12,7514.36,0,2,5,3,5,3,5,5,114
LS45_s10b_sc05,LS45_10b.czi,LS45,10,b,AF488,5,ScanRegion5,-31709.92,16092.31,8437.77,6660.74,1,2,6,8,6,8,6,6,115
LS45_s10b_sc06,LS45_10b.czi,LS45,10,b,AF488,6,ScanRegion6,-22909.35,7196.81,8015.17,8281.12,0,3,7,4,7,4,8,7,116
LS45_s10b_sc07,LS45_10b.czi,LS45,10,b,AF488,7,ScanRegion7,-21700.45,16502.23,8399.4,7303.93,1,3,8,9,8,7,7,8,117
LS45_s10b_sc08,LS45_10b.czi,LS45,10,b,AF488,8,ScanRegion8,-12385.31,5138.46,8295.34,7229.26,0,4,9,5,9,5,9,9,118
LS45_s10b_sc09,LS45_10b.czi,LS45,10,b,AF488,9,ScanRegion9,-10755.14,15906.25,8896.99,6208.01,1,4,10,10,10,6,10,10,119
LS45_s01a_sc00,LS45_1a.czi,LS45,1,a,AF568,0,ScanRegion0,-52030.31,17868.11,4661.73,8740.46,1,0,1,8,2,15,2,1,1
LS45_s01a_sc01,LS45_1a.czi,LS45,1,a,AF568,1,ScanRegion1,-44640.38,7027.85,4519.06,6413.75,0,0,2,1,1,1,1,2,2
LS45_s01a_sc02,LS45_1a.czi,LS45,1,a,AF568,2,ScanRegion2,-44630.78,15928.33,3850.98,7224.12,1,1,3,9,4,14,3,3,3
LS45_s01a_sc03,LS45_1a.czi,LS45,1,a,AF568,3,ScanRegion3,-38426.31,6563.92,4025.45,6942.32,0,1,4,2,3,2,4,4,4
LS45_s01a_sc04,LS45_1a.czi,LS45,1,a,AF568,4,ScanRegion4,-38734.95,16078.99,4905.39,6940.56,1,2,5,10,6,13,6,5,5
LS45_s01a_sc05,LS45_1a.czi,LS45,1,a,AF568,5,ScanRegion5,-31611.27,6278.44,5155.19,7117.95,0,2,6,3,5,3,5,6,6
LS45_s01a_sc06,LS45_1a.czi,LS45,1,a,AF568,6,ScanRegion6,-31851.5,16200.21,4555.92,7011.78,1,3,7,11,8,12,7,7,7
LS45_s01a_sc07,LS45_1a.czi,LS45,1,a,AF568,7,ScanRegion7,-25063.6,7808.18,4698.57,6837.1,0,3,8,4,7,4,8,8,8
LS45_s01a_sc08,LS45_1a.czi,LS45,1,a,AF568,8,ScanRegion8,-25726.58,17233.93,5225.24,6519.85,1,4,9,12,10,11,10,9,9
LS45_s01a_sc09,LS45_1a.czi,LS45,1,a,AF568,9,ScanRegion9,-19538.3,7272.55,4732.67,7013.91,0,4,10,5,9,5,9,10,10
LS45_s01a_sc10,LS45_1a.czi,LS45,1,a,AF568,10,ScanRegion10,-18611.85,16932.52,4979.52,6591.06,1,5,11,13,12,10,11,11,11
LS45_s01a_sc11,LS45_1a.czi,LS45,1,a,AF568,11,ScanRegion11,-13500.45,7268.95,5156.01,7114.06,0,5,12,6,11,6,12,12,12
LS45_s01a_sc12,LS45_1a.czi,LS45,1,a,AF568,12,ScanRegion12,-12945.68,16626.46,4944.5,7152.39,1,6,13,14,14,9,14,13,13
LS45_s01a_sc13,LS45_1a.czi,LS45,1,a,AF568,13,ScanRegion13,-6142.13,9467.24,6321.74,7752.4,0,6,14,7,13,7,13,14,14
LS45_s01a_sc14,LS45_1a.czi,LS45,1,a,AF568,14,ScanRegion14,-7598.24,18557.6,4203.47,7261.56,1,7,15,15,15,8,15,15,15
LS45_s01b_sc00,LS45_1b.czi,LS45,1,b,AF488,0,ScanRegion0,-44392.22,7187.25,4310.1,6591.14,0,0,1,1,1,1,1,1,1
LS45_s01b_sc01,LS45_1b.czi,LS45,1,b,AF488,1,ScanRegion1,-44295.04,15645.32,5086.36,7010.53,1,0,2,8,2,14,2,2,2
LS45_s01b_sc02,LS45_1b.czi,LS45,1,b,AF488,2,ScanRegion2,-37649.29,6443.24,5438.14,5777.76,0,1,3,2,3,2,4,3,3
LS45_s01b_sc03,LS45_1b.czi,LS45,1,b,AF488,3,ScanRegion3,-36793.41,16207.48,5050.41,5351.83,1,1,4,9,4,13,3,4,4
LS45_s01b_sc04,LS45_1b.czi,LS45,1,b,AF488,4,ScanRegion4,-30004.99,6017.97,4768.22,7084.69,0,2,5,3,5,3,5,5,5
LS45_s01b_sc05,LS45_1b.czi,LS45,1,b,AF488,5,ScanRegion5,-29680.51,16521.77,4661.59,6868.68,1,2,6,10,6,12,6,6,6
LS45_s01b_sc06,LS45_1b.czi,LS45,1,b,AF488,6,ScanRegion6,-23721.63,6877.31,4625.82,7152.09,0,3,7,4,7,4,8,7,7
LS45_s01b_sc07,LS45_1b.czi,LS45,1,b,AF488,7,ScanRegion7,-23891.66,18014.31,4519.59,6658.1,1,3,8,11,8,11,7,8,8
LS45_s01b_sc08,LS45_1b.czi,LS45,1,b,AF488,8,ScanRegion8,-18320.43,8139.46,4413.49,6623.44,0,4,9,5,9,5,9,9,9
LS45_s01b_sc09,LS45_1b.czi,LS45,1,b,AF488,9,ScanRegion9,-16794.05,17288.41,5225.91,7150.26,1,4,10,12,10,10,10,10,10
LS45_s01b_sc10,LS45_1b.czi,LS45,1,b,AF488,10,ScanRegion10,-12794.81,7780.63,4942.08,6378.65,0,5,11,6,11,6,12,11,11
LS45_s01b_sc11,LS45_1b.czi,LS45,1,b,AF488,11,ScanRegion11,-10686.42,17229.22,4521.86,6870.52,1,5,12,13,12,9,11,12,12
LS45_s01b_sc12,LS45_1b.czi,LS45,1,b,AF488,12,ScanRegion12,-6317.2,8532.78,4625.36,6094.8,0,6,13,7,13,7,13,13,13
LS45_s01b_sc13,LS45_1b.czi,LS45,1,b,AF488,13,ScanRegion13,-5160.07,16959.94,4485.17,6167.78,1,6,14,14,14,8,14,14,14
LS45_s02a_sc00,LS45_2a.czi,LS45,2,a,AF568,0,ScanRegion0,-52070.99,7311.3,6179.1,7083.3,0,0,1,1,1,1,1,1,16
LS45_s02a_sc01,LS45_2a.czi,LS45,2,a,AF568,1,ScanRegion1,-50474.81,16990.37,4872.32,6834.9,1,0,2,8,2,14,2,2,17
LS45_s02a_sc02,LS45_2a.czi,LS45,2,a,AF568,2,ScanRegion2,-43562.93,7329.76,4978.92,7226.69,0,1,3,2,3,2,4,3,18
LS45_s02a_sc03,LS45_2a.czi,LS45,2,a,AF568,3,ScanRegion3,-43696.61,16561.5,5650.36,8140.81,1,1,4,9,4,13,3,4,19
LS45_s02a_sc04,LS45_2a.czi,LS45,2,a,AF568,4,ScanRegion4,-37718.42,6230.47,5081.85,7401.73,0,2,5,3,5,3,5,5,20
LS45_s02a_sc05,LS45_2a.czi,LS45,2,a,AF568,5,ScanRegion5,-36208.9,14746.58,5013.33,6940.85,1,2,6,10,6,12,6,6,21
LS45_s02a_sc06,LS45_2a.czi,LS45,2,a,AF568,6,ScanRegion6,-31716.92,6718.69,4801.11,6803.99,0,3,7,4,7,4,8,7,22
LS45_s02a_sc07,LS45_2a.czi,LS45,2,a,AF568,7,ScanRegion7,-30420.2,16114.63,4167.28,6411.99,1,3,8,11,8,11,7,8,23
LS45_s02a_sc08,LS45_2a.czi,LS45,2,a,AF568,8,ScanRegion8,-24056.11,6842.18,5083.87,5533.33,0,4,9,5,9,5,9,9,24
LS45_s02a_sc09,LS45_2a.czi,LS45,2,a,AF568,9,ScanRegion9,-23747.98,15915.47,3956.83,5849.05,1,4,10,12,10,10,10,10,25
LS45_s02a_sc10,LS45_2a.czi,LS45,2,a,AF568,10,ScanRegion10,-16412.56,6963.1,4626.36,5674.89,0,5,11,6,11,6,12,11,26
LS45_s02a_sc11,LS45_2a.czi,LS45,2,a,AF568,11,ScanRegion11,-16315.5,16426.53,4131.65,6271.75,1,5,12,13,12,9,11,12,27
LS45_s02a_sc12,LS45_2a.czi,LS45,2,a,AF568,12,ScanRegion12,-9634.69,7750.9,5614.99,6169.25,0,6,13,7,13,7,13,13,28
LS45_s02a_sc13,LS45_2a.czi,LS45,2,a,AF568,13,ScanRegion13,-7048.58,16356.44,4093.36,5325.39,1,6,14,14,14,8,14,14,29
LS45_s02b_sc00,LS45_2b.czi,LS45,2,b,AF488,0,ScanRegion0,-52088.66,6095.45,5718.59,7753.72,0,0,1,1,1,1,1,1,15
LS45_s02b_sc01,LS45_2b.czi,LS45,2,b,AF488,1,ScanRegion1,-50774.64,15314.11,5190.25,6943.72,1,0,2,8,2,13,2,2,16
LS45_s02b_sc02,LS45_2b.czi,LS45,2,b,AF488,2,ScanRegion2,-45063.3,6991.17,5790.34,7823.11,0,1,3,2,3,2,4,3,17
LS45_s02b_sc03,LS45_2b.czi,LS45,2,b,AF488,3,ScanRegion3,-43907.66,16103.15,5792.94,7295.05,1,1,4,9,4,12,3,4,18
LS45_s02b_sc04,LS45_2b.czi,LS45,2,b,AF488,4,ScanRegion4,-37860.52,6177.86,5154.62,7152.31,0,2,5,3,5,3,5,5,19
LS45_s02b_sc05,LS45_2b.czi,LS45,2,b,AF488,5,ScanRegion5,-36316.96,16261.89,4803.35,6727.78,1,2,6,10,6,11,6,6,20
LS45_s02b_sc06,LS45_2b.czi,LS45,2,b,AF488,6,ScanRegion6,-31910.83,6085.67,4697.64,6800.4,0,3,7,4,7,4,8,7,21
LS45_s02b_sc07,LS45_2b.czi,LS45,2,b,AF488,7,ScanRegion7,-28320.49,16401.39,9074.37,9237.09,1,3,8,11,8,10,7,8,22
LS45_s02b_sc08,LS45_2b.czi,LS45,2,b,AF488,8,ScanRegion8,-25330.06,7860.34,4520.48,6729.4,0,4,9,5,9,5,9,9,23
LS45_s02b_sc09,LS45_2b.czi,LS45,2,b,AF488,9,ScanRegion9,-17559.53,6307.4,5014.44,6837.11,0,5,10,6,11,6,12,10,24
LS45_s02b_sc10,LS45_2b.czi,LS45,2,b,AF488,10,ScanRegion10,-18206.99,16403.84,6003.21,8351.1,1,4,11,12,10,9,10,11,25
LS45_s02b_sc11,LS45_2b.czi,LS45,2,b,AF488,11,ScanRegion11,-10129.4,7785.29,5614.77,7365.68,0,6,12,7,13,7,13,12,26
LS45_s02b_sc12,LS45_2b.czi,LS45,2,b,AF488,12,ScanRegion12,-9150.02,17074.59,5614.42,6694.59,1,5,13,13,12,8,11,13,27
LS45_s03a_sc00,LS45_3a.czi,LS45,3,a,AF568,0,ScanRegion0,-52654.49,7291.92,5509.85,6838.94,0,0,1,1,1,1,1,1,30
LS45_s03a_sc01,LS45_3a.czi,LS45,3,a,AF568,1,ScanRegion1,-53104.75,16084.73,5119.0,7645.72,1,0,2,8,2,14,2,2,31
LS45_s03a_sc02,LS45_3a.czi,LS45,3,a,AF568,2,ScanRegion2,-45063.9,6548.8,5861.73,7930.6,0,1,3,2,3,2,4,3,32
LS45_s03a_sc03,LS45_3a.czi,LS45,3,a,AF568,3,ScanRegion3,-45865.32,14866.71,5756.25,7013.98,1,1,4,9,4,13,3,4,33
LS45_s03a_sc04,LS45_3a.czi,LS45,3,a,AF568,4,ScanRegion4,-38124.28,6247.06,5190.07,8563.58,0,2,5,3,5,3,5,5,34
LS45_s03a_sc05,LS45_3a.czi,LS45,3,a,AF568,5,ScanRegion5,-37834.59,16274.96,6426.02,8174.07,1,2,6,10,6,12,6,6,35
LS45_s03a_sc06,LS45_3a.czi,LS45,3,a,AF568,6,ScanRegion6,-31259.02,6385.02,5650.01,7822.6,0,3,7,4,7,4,8,7,36
LS45_s03a_sc07,LS45_3a.czi,LS45,3,a,AF568,7,ScanRegion7,-31022.17,16449.0,5225.88,8067.24,1,3,8,11,8,11,7,8,37
LS45_s03a_sc08,LS45_3a.czi,LS45,3,a,AF568,8,ScanRegion8,-24038.39,6594.97,5825.93,9195.24,0,4,9,5,9,5,9,9,38
LS45_s03a_sc09,LS45_3a.czi,LS45,3,a,AF568,9,ScanRegion9,-24490.02,16568.72,6216.29,8842.67,1,4,10,12,10,10,10,10,39
LS45_s03a_sc10,LS45_3a.czi,LS45,3,a,AF568,10,ScanRegion10,-17262.74,9004.97,5614.49,9549.95,0,5,11,6,11,6,12,11,40
LS45_s03a_sc11,LS45_3a.czi,LS45,3,a,AF568,11,ScanRegion11,-17660.92,18501.62,4979.7,7402.76,1,5,12,13,12,9,11,12,41
LS45_s03a_sc12,LS45_3a.czi,LS45,3,a,AF568,12,ScanRegion12,-9616.61,8068.3,6707.04,9547.9,0,6,13,7,13,7,13,13,42
LS45_s03a_sc13,LS45_3a.czi,LS45,3,a,AF568,13,ScanRegion13,-9150.44,16988.39,6884.64,8210.2,1,6,14,14,14,8,14,14,43
LS45_s03b_sc00,LS45_3b.czi,LS45,3,b,AF488,0,ScanRegion0,-51966.39,7592.55,6458.62,7435.95,0,0,1,1,1,1,1,1,28
LS45_s03b_sc01,LS45_3b.czi,LS45,3,b,AF488,1,ScanRegion1,-52221.68,16157.71,5825.68,7012.22,1,0,2,8,2,14,2,2,29
LS45_s03b_sc02,LS45_3b.czi,LS45,3,b,AF488,2,ScanRegion2,-44587.6,6745.9,4905.92,7756.22,0,1,3,2,3,2,4,3,30
LS45_s03b_sc03,LS45_3b.czi,LS45,3,b,AF488,3,ScanRegion3,-45230.43,14955.03,5897.54,7754.97,1,1,4,9,4,13,3,4,31
LS45_s03b_sc04,LS45_3b.czi,LS45,3,b,AF488,4,ScanRegion4,-37950.31,6459.84,5331.44,8144.19,0,2,5,3,5,3,5,5,32
LS45_s03b_sc05,LS45_3b.czi,LS45,3,b,AF488,5,ScanRegion5,-37815.67,15165.24,5615.66,7644.25,1,2,6,10,6,12,6,6,33
LS45_s03b_sc06,LS45_3b.czi,LS45,3,b,AF488,6,ScanRegion6,-31523.06,6048.37,5894.94,8282.22,0,3,7,4,7,4,8,7,34
LS45_s03b_sc07,LS45_3b.czi,LS45,3,b,AF488,7,ScanRegion7,-30543.29,14581.55,5755.78,8489.28,1,3,8,11,8,11,7,8,35
LS45_s03b_sc08,LS45_3b.czi,LS45,3,b,AF488,8,ScanRegion8,-24197.37,6434.76,5722.22,8456.6,0,4,9,5,9,5,9,9,36
LS45_s03b_sc09,LS45_3b.czi,LS45,3,b,AF488,9,ScanRegion9,-23306.43,15124.74,5686.49,9194.88,1,4,10,12,10,10,10,10,37
LS45_s03b_sc10,LS45_3b.czi,LS45,3,b,AF488,10,ScanRegion10,-18052.79,6766.44,5229.51,8949.79,0,5,11,6,11,6,12,11,38
LS45_s03b_sc11,LS45_3b.czi,LS45,3,b,AF488,11,ScanRegion11,-16721.69,16723.96,5365.57,9902.24,1,5,12,13,12,9,11,12,39
LS45_s03b_sc12,LS45_3b.czi,LS45,3,b,AF488,12,ScanRegion12,-10252.97,8437.07,6637.07,9023.43,0,6,13,7,13,7,13,13,40
LS45_s03b_sc13,LS45_3b.czi,LS45,3,b,AF488,13,ScanRegion13,-8549.82,17623.36,5968.76,9054.27,1,6,14,14,14,8,14,14,41
LS45_s04a_sc00,LS45_4a.czi,LS45,4,a,AF568,0,ScanRegion0,-51895.83,6499.35,6037.91,9265.95,0,0,1,1,1,1,1,1,44
LS45_s04a_sc01,LS45_4a.czi,LS45,4,a,AF568,1,ScanRegion1,-50791.5,15210.66,7132.81,9408.83,1,0,2,8,2,13,2,2,45
LS45_s04a_sc02,LS45_4a.czi,LS45,4,a,AF568,2,ScanRegion2,-44835.46,8013.11,6107.2,10148.06,0,1,3,2,3,2,4,3,46
LS45_s04a_sc03,LS45_4a.czi,LS45,4,a,AF568,3,ScanRegion3,-44153.75,16932.47,6067.95,7611.06,1,1,4,9,4,12,3,4,47
LS45_s04a_sc04,LS45_4a.czi,LS45,4,a,AF568,4,ScanRegion4,-37877.94,6300.55,6669.96,8951.04,0,2,5,3,5,3,5,5,48
LS45_s04a_sc05,LS45_4a.czi,LS45,4,a,AF568,5,ScanRegion5,-37498.56,15714.08,5262.47,7188.58,1,2,6,10,6,11,6,6,49
LS45_s04a_sc06,LS45_4a.czi,LS45,4,a,AF568,6,ScanRegion6,-30112.52,6034.35,7308.98,9794.75,0,3,7,4,7,4,8,7,50
LS45_s04a_sc07,LS45_4a.czi,LS45,4,a,AF568,7,ScanRegion7,-30088.12,17134.3,7803.08,9869.56,1,3,8,11,8,10,7,8,51
LS45_s04a_sc08,LS45_4a.czi,LS45,4,a,AF568,8,ScanRegion8,-21090.47,6159.23,7130.39,9797.68,0,4,9,5,9,5,9,9,52
LS45_s04a_sc09,LS45_4a.czi,LS45,4,a,AF568,9,ScanRegion9,-21863.77,16766.49,7237.86,8007.89,1,4,10,12,10,9,10,10,53
LS45_s04a_sc10,LS45_4a.czi,LS45,4,a,AF568,10,ScanRegion10,-13359.99,6438.71,6849.58,9554.43,0,5,11,6,11,6,12,11,54
LS45_s04a_sc11,LS45_4a.czi,LS45,4,a,AF568,11,ScanRegion11,-12678.54,17257.63,7451.08,8821.45,1,5,12,13,12,8,11,12,55
LS45_s04a_sc12,LS45_4a.czi,LS45,4,a,AF568,12,ScanRegion12,-5662.6,7591.26,6301.52,9555.16,0,6,13,7,13,7,13,13,56
LS45_s04b_sc00,LS45_4b.czi,LS45,4,b,AF488,0,ScanRegion0,-52617.48,6114.5,6846.91,8920.64,0,0,1,1,1,1,1,1,42
LS45_s04b_sc01,LS45_4b.czi,LS45,4,b,AF488,1,ScanRegion1,-52028.42,15806.2,6566.75,9197.37,1,0,2,8,2,14,2,2,43
LS45_s04b_sc02,LS45_4b.czi,LS45,4,b,AF488,2,ScanRegion2,-45716.42,7271.21,6182.26,9935.5,0,1,3,2,3,2,4,3,44
LS45_s04b_sc03,LS45_4b.czi,LS45,4,b,AF488,3,ScanRegion3,-44720.15,15804.98,6494.28,9864.57,1,1,4,9,4,13,3,4,45
LS45_s04b_sc04,LS45_4b.czi,LS45,4,b,AF488,4,ScanRegion4,-39467.19,6824.76,5690.65,9724.26,0,2,5,3,5,3,5,5,46
LS45_s04b_sc05,LS45_4b.czi,LS45,4,b,AF488,5,ScanRegion5,-37906.9,16486.16,5791.59,9726.02,1,2,6,10,6,12,6,6,47
LS45_s04b_sc06,LS45_4b.czi,LS45,4,b,AF488,6,ScanRegion6,-32441.22,7368.52,6746.19,9164.04,0,3,7,4,7,4,8,7,48
LS45_s04b_sc07,LS45_4b.czi,LS45,4,b,AF488,7,ScanRegion7,-31499.98,16342.06,6814.84,9685.13,1,3,8,11,8,11,7,8,49
LS45_s04b_sc08,LS45_4b.czi,LS45,4,b,AF488,8,ScanRegion8,-24480.36,6453.4,7272.72,9194.95,0,4,9,5,9,5,9,9,50
LS45_s04b_sc09,LS45_4b.czi,LS45,4,b,AF488,9,ScanRegion9,-23746.92,15794.87,7696.31,9900.04,1,4,10,12,10,10,10,10,51
LS45_s04b_sc10,LS45_4b.czi,LS45,4,b,AF488,10,ScanRegion10,-16253.56,6169.88,7203.49,9796.95,0,5,11,6,11,6,12,11,52
LS45_s04b_sc11,LS45_4b.czi,LS45,4,b,AF488,11,ScanRegion11,-15309.33,16516.62,7839.89,9759.21,1,5,12,13,12,9,11,12,53
LS45_s04b_sc12,LS45_4b.czi,LS45,4,b,AF488,12,ScanRegion12,-7888.47,6732.26,8546.39,9687.18,0,6,13,7,13,7,13,13,54
LS45_s04b_sc13,LS45_4b.czi,LS45,4,b,AF488,13,ScanRegion13,-6289.71,15920.01,8863.14,9654.43,1,6,14,14,14,8,14,14,55
LS45_s05a_sc00,LS45_5a.czi,LS45,5,a,AF568,0,ScanRegion0,-52158.51,6200.23,7765.78,10146.44,0,0,1,1,1,1,1,1,57
LS45_s05a_sc01,LS45_5a.czi,LS45,5,a,AF568,1,ScanRegion1,-51536.08,17216.29,9180.68,10957.04,1,0,2,6,2,10,2,2,58
LS45_s05a_sc02,LS45_5a.czi,LS45,5,a,AF568,2,ScanRegion2,-42788.57,6940.36,8367.87,10394.83,0,1,3,2,3,2,4,3,59
LS45_s05a_sc03,LS45_5a.czi,LS45,5,a,AF568,3,ScanRegion3,-42036.42,17410.2,7909.15,8418.94,1,1,4,7,4,9,3,4,60
LS45_s05a_sc04,LS45_5a.czi,LS45,5,a,AF568,4,ScanRegion4,-33376.77,5958.8,8967.57,10359.37,0,2,5,3,5,3,5,5,61
LS45_s05a_sc05,LS45_5a.czi,LS45,5,a,AF568,5,ScanRegion5,-32381.6,16975.01,9073.88,10320.17,1,2,6,8,6,8,6,6,62
LS45_s05a_sc06,LS45_5a.czi,LS45,5,a,AF568,6,ScanRegion6,-22556.51,5769.43,9003.02,9654.07,0,3,7,4,7,4,8,7,63
LS45_s05a_sc07,LS45_5a.czi,LS45,5,a,AF568,7,ScanRegion7,-22511.98,16853.27,9603.35,10534.7,1,3,8,9,8,7,7,8,64
LS45_s05a_sc08,LS45_5a.czi,LS45,5,a,AF568,8,ScanRegion8,-12758.08,7161.05,8331.78,10296.15,0,4,9,5,9,5,9,9,65
LS45_s05a_sc09,LS45_5a.czi,LS45,5,a,AF568,9,ScanRegion9,-12415.77,17790.14,8544.4,8989.14,1,4,10,10,10,6,10,10,66
LS45_s05b_sc00,LS45_5b.czi,LS45,5,b,AF488,0,ScanRegion0,-52246.84,6728.54,7525.69,10848.89,0,0,1,1,1,1,1,1,56
LS45_s05b_sc01,LS45_5b.czi,LS45,5,b,AF488,1,ScanRegion1,-51886.88,17217.03,7907.51,9828.37,1,0,2,6,2,10,2,2,57
LS45_s05b_sc02,LS45_5b.czi,LS45,5,b,AF488,2,ScanRegion2,-43245.79,6044.49,8932.16,10779.79,0,1,3,2,3,2,4,3,58
LS45_s05b_sc03,LS45_5b.czi,LS45,5,b,AF488,3,ScanRegion3,-42691.46,16690.65,8720.75,9723.82,1,1,4,7,4,9,3,4,59
LS45_s05b_sc04,LS45_5b.czi,LS45,5,b,AF488,4,ScanRegion4,-33817.98,6453.08,8857.45,8597.94,0,2,5,3,5,3,5,5,60
LS45_s05b_sc05,LS45_5b.czi,LS45,5,b,AF488,5,ScanRegion5,-33402.27,16269.12,8791.79,9545.55,1,2,6,8,6,8,6,6,61
LS45_s05b_sc06,LS45_5b.czi,LS45,5,b,AF488,6,ScanRegion6,-24916.38,6579.96,9141.69,9386.96,0,3,7,4,7,4,8,7,62
LS45_s05b_sc07,LS45_5b.czi,LS45,5,b,AF488,7,ScanRegion7,-23713.0,16430.06,8898.77,9688.87,1,3,8,9,8,7,7,8,63
LS45_s05b_sc08,LS45_5b.czi,LS45,5,b,AF488,8,ScanRegion8,-14346.13,6562.76,9177.55,10289.62,0,4,9,5,9,5,9,9,64
LS45_s05b_sc09,LS45_5b.czi,LS45,5,b,AF488,9,ScanRegion9,-12362.73,17510.65,10767.76,10184.7,1,4,10,10,10,6,10,10,65
LS45_s06a_sc00,LS45_6a.czi,LS45,6,a,AF568,0,ScanRegion0,-50923.15,6596.12,10028.52,9445.4,0,0,1,1,1,1,1,1,67
LS45_s06a_sc01,LS45_6a.czi,LS45,6,a,AF568,1,ScanRegion1,-50563.08,17380.21,9639.08,10712.76,1,0,2,6,2,10,2,2,68
LS45_s06a_sc02,LS45_6a.czi,LS45,6,a,AF568,2,ScanRegion2,-40471.61,5696.86,9041.59,9868.24,0,1,3,2,3,2,4,3,69
LS45_s06a_sc03,LS45_6a.czi,LS45,6,a,AF568,3,ScanRegion3,-39706.27,16308.7,8687.68,10920.62,1,1,4,7,4,9,3,4,70
LS45_s06a_sc04,LS45_6a.czi,LS45,6,a,AF568,4,ScanRegion4,-30745.91,5911.62,9288.41,9545.77,0,2,5,3,5,3,5,5,71
LS45_s06a_sc05,LS45_6a.czi,LS45,6,a,AF568,5,ScanRegion5,-29994.81,16009.97,9040.85,10286.02,1,2,6,8,6,8,6,6,72
LS45_s06a_sc06,LS45_6a.czi,LS45,6,a,AF568,6,ScanRegion6,-20859.51,6514.82,9001.2,10998.3,0,3,7,4,7,4,8,7,73
LS45_s06a_sc07,LS45_6a.czi,LS45,6,a,AF568,7,ScanRegion7,-20819.75,17686.62,8687.15,9724.99,1,3,8,9,8,7,7,8,74
LS45_s06a_sc08,LS45_6a.czi,LS45,6,a,AF568,8,ScanRegion8,-11222.79,6405.97,8651.88,9410.67,0,4,9,5,9,5,9,9,75
LS45_s06a_sc09,LS45_6a.czi,LS45,6,a,AF568,9,ScanRegion9,-10931.58,17144.16,9603.35,10993.01,1,4,10,10,10,6,10,10,76
LS45_s06b_sc00,LS45_6b.czi,LS45,6,b,AF488,0,ScanRegion0,-48717.13,7338.83,10065.99,10506.29,0,0,1,1,1,1,1,1,66
LS45_s06b_sc01,LS45_6b.czi,LS45,6,b,AF488,1,ScanRegion1,-49893.48,17799.71,9567.33,10366.42,1,0,2,6,2,10,2,2,67
LS45_s06b_sc02,LS45_6b.czi,LS45,6,b,AF488,2,ScanRegion2,-38973.44,6529.89,8368.83,10397.7,0,1,3,2,3,2,4,3,68
LS45_s06b_sc03,LS45_6b.czi,LS45,6,b,AF488,3,ScanRegion3,-39196.88,17317.42,8650.63,10675.6,1,1,4,7,4,9,3,4,69
LS45_s06b_sc04,LS45_6b.czi,LS45,6,b,AF488,4,ScanRegion4,-30232.54,6334.87,7627.73,10471.26,0,2,5,3,5,3,5,5,70
LS45_s06b_sc05,LS45_6b.czi,LS45,6,b,AF488,5,ScanRegion5,-30458.81,17327.18,8122.15,10964.75,1,2,6,8,6,8,6,6,71
LS45_s06b_sc06,LS45_6b.czi,LS45,6,b,AF488,6,ScanRegion6,-21601.37,6827.57,8226.86,10787.06,0,3,7,4,7,4,8,7,72
LS45_s06b_sc07,LS45_6b.czi,LS45,6,b,AF488,7,ScanRegion7,-21100.52,17793.08,8896.7,10639.99,1,3,8,9,8,7,7,8,73
LS45_s06b_sc08,LS45_6b.czi,LS45,6,b,AF488,8,ScanRegion8,-12335.93,7249.64,9461.1,10259.07,0,4,9,5,9,5,9,9,74
LS45_s06b_sc09,LS45_6b.czi,LS45,6,b,AF488,9,ScanRegion9,-11339.22,17885.4,9711.8,9794.08,1,4,10,10,10,6,10,10,75
LS45_s07a_sc00,LS45_7a.czi,LS45,7,a,AF568,0,ScanRegion0,-50129.68,7631.43,9854.16,10322.73,0,0,1,1,1,1,1,1,77
LS45_s07a_sc01,LS45_7a.czi,LS45,7,a,AF568,1,ScanRegion1,-50264.24,17945.16,9180.08,9864.5,1,0,2,5,2,9,2,2,78
LS45_s07a_sc02,LS45_7a.czi,LS45,7,a,AF568,2,ScanRegion2,-39343.03,5995.0,8049.34,9342.31,0,1,3,2,3,2,4,3,79
LS45_s07a_sc03,LS45_7a.czi,LS45,7,a,AF568,3,ScanRegion3,-40811.06,16127.33,6860.11,9351.11,1,1,4,6,4,8,3,4,80
LS45_s07a_sc04,LS45_7a.czi,LS45,7,a,AF568,4,ScanRegion4,-32753.54,17363.27,7201.36,8423.64,1,2,5,7,6,7,6,5,81
LS45_s07a_sc05,LS45_7a.czi,LS45,7,a,AF568,5,ScanRegion5,-24075.58,7882.81,8438.34,9025.78,0,2,6,3,5,3,5,6,82
LS45_s07a_sc06,LS45_7a.czi,LS45,7,a,AF568,6,ScanRegion6,-25037.67,17413.19,6952.26,9200.75,1,3,7,8,8,6,7,7,83
LS45_s07a_sc07,LS45_7a.czi,LS45,7,a,AF568,7,ScanRegion7,-14489.75,7691.43,8120.91,9376.52,0,3,8,4,7,4,8,8,84
LS45_s07a_sc08,LS45_7a.czi,LS45,7,a,AF568,8,ScanRegion8,-16034.99,17539.77,9568.05,9132.17,1,4,9,9,9,5,9,9,85
LS45_s07b_sc00,LS45_7b.czi,LS45,7,b,AF488,0,ScanRegion0,-49885.97,8850.77,9144.52,9304.79,0,0,1,1,1,1,1,1,76
LS45_s07b_sc01,LS45_7b.czi,LS45,7,b,AF488,1,ScanRegion1,-51429.26,18449.18,8758.4,9764.57,1,0,2,7,2,11,2,2,77
LS45_s07b_sc02,LS45_7b.czi,LS45,7,b,AF488,2,ScanRegion2,-40686.32,6364.57,7559.33,10359.59,0,1,3,2,3,2,4,3,78
LS45_s07b_sc03,LS45_7b.czi,LS45,7,b,AF488,3,ScanRegion3,-42514.06,16692.96,8786.34,9792.76,1,1,4,8,4,10,3,4,79
LS45_s07b_sc04,LS45_7b.czi,LS45,7,b,AF488,4,ScanRegion4,-32123.4,7090.28,8230.31,9518.45,0,2,5,3,5,3,5,5,80
LS45_s07b_sc05,LS45_7b.czi,LS45,7,b,AF488,5,ScanRegion5,-33739.34,17357.0,7559.86,10328.46,1,2,6,9,6,9,6,6,81
LS45_s07b_sc06,LS45_7b.czi,LS45,7,b,AF488,6,ScanRegion6,-24500.28,6716.34,6674.83,10430.23,0,3,7,4,7,4,8,7,82
LS45_s07b_sc07,LS45_7b.czi,LS45,7,b,AF488,7,ScanRegion7,-25637.96,17326.08,7379.52,10006.72,1,3,8,10,8,8,7,8,83
LS45_s07b_sc08,LS45_7b.czi,LS45,7,b,AF488,8,ScanRegion8,-17348.07,6680.79,7764.68,9481.74,0,4,9,5,9,5,9,9,84
LS45_s07b_sc09,LS45_7b.czi,LS45,7,b,AF488,9,ScanRegion9,-17110.93,18135.34,7979.58,9409.2,1,4,10,11,10,7,10,10,85
LS45_s07b_sc10,LS45_7b.czi,LS45,7,b,AF488,10,ScanRegion10,-8964.49,8230.27,8582.09,10292.11,0,5,11,6,11,6,11,11,86
LS45_s08a_sc00,LS45_8a.czi,LS45,8,a,AF568,0,ScanRegion0,-49600.64,6610.81,9214.92,9057.28,0,0,1,1,1,1,1,1,86
LS45_s08a_sc01,LS45_8a.czi,LS45,8,a,AF568,1,ScanRegion1,-51091.72,16548.51,7877.9,8352.86,1,0,2,5,2,10,2,2,87
LS45_s08a_sc02,LS45_8a.czi,LS45,8,a,AF568,2,ScanRegion2,-42371.93,16212.04,7380.41,7933.68,1,1,3,6,4,9,3,3,88
LS45_s08a_sc03,LS45_8a.czi,LS45,8,a,AF568,3,ScanRegion3,-35213.82,6764.29,7627.27,8737.67,0,1,4,2,3,2,4,4,89
LS45_s08a_sc04,LS45_8a.czi,LS45,8,a,AF568,4,ScanRegion4,-33527.06,16196.98,7625.31,8210.93,1,2,5,7,6,8,6,5,90
LS45_s08a_sc05,LS45_8a.czi,LS45,8,a,AF568,5,ScanRegion5,-26563.1,6977.43,7063.05,8001.53,0,2,6,3,5,3,5,6,91
LS45_s08a_sc06,LS45_8a.czi,LS45,8,a,AF568,6,ScanRegion6,-25425.68,16918.54,5827.82,7014.94,1,3,7,8,8,7,7,7,92
LS45_s08a_sc07,LS45_8a.czi,LS45,8,a,AF568,7,ScanRegion7,-17965.71,6748.23,7169.11,7433.89,0,3,8,4,7,4,8,8,93
LS45_s08a_sc08,LS45_8a.czi,LS45,8,a,AF568,8,ScanRegion8,-17022.47,17056.13,7942.03,7756.36,1,4,9,9,9,6,9,9,94
LS45_s08a_sc09,LS45_8a.czi,LS45,8,a,AF568,9,ScanRegion9,-8689.57,16512.54,7659.69,7827.22,1,5,10,10,10,5,10,10,95
LS45_s08b_sc00,LS45_8b.czi,LS45,8,b,AF488,0,ScanRegion0,-51470.51,6467.48,8228.46,8772.55,0,0,1,1,1,1,1,1,87
LS45_s08b_sc01,LS45_8b.czi,LS45,8,b,AF488,1,ScanRegion1,-51357.06,15842.1,7488.15,8632.01,1,0,2,7,2,12,2,2,88
LS45_s08b_sc02,LS45_8b.czi,LS45,8,b,AF488,2,ScanRegion2,-43739.97,7064.89,7593.78,8663.95,0,1,3,2,3,2,4,3,89
LS45_s08b_sc03,LS45_8b.czi,LS45,8,b,AF488,3,ScanRegion3,-42637.04,16583.67,7063.44,8178.69,1,1,4,8,4,11,3,4,90
LS45_s08b_sc04,LS45_8b.czi,LS45,8,b,AF488,4,ScanRegion4,-35760.54,6536.31,7735.0,8703.75,0,2,5,3,5,3,5,5,91
LS45_s08b_sc05,LS45_8b.czi,LS45,8,b,AF488,5,ScanRegion5,-34676.49,17180.56,7098.72,8706.83,1,2,6,9,6,10,6,6,92
LS45_s08b_sc06,LS45_8b.czi,LS45,8,b,AF488,6,ScanRegion6,-28400.52,6885.1,7416.25,8177.67,0,3,7,4,7,4,8,7,93
LS45_s08b_sc07,LS45_8b.czi,LS45,8,b,AF488,7,ScanRegion7,-26767.08,17266.68,7095.33,8774.97,1,3,8,10,8,9,7,8,94
LS45_s08b_sc08,LS45_8b.czi,LS45,8,b,AF488,8,ScanRegion8,-20418.84,6531.19,8683.63,7365.46,0,4,9,5,9,5,9,9,95
LS45_s08b_sc09,LS45_8b.czi,LS45,8,b,AF488,9,ScanRegion9,-18328.69,17320.02,7588.08,8632.75,1,4,10,11,10,8,10,10,96
LS45_s08b_sc10,LS45_8b.czi,LS45,8,b,AF488,10,ScanRegion10,-10163.67,7151.87,9356.82,8282.0,0,5,11,6,11,6,12,11,97
LS45_s08b_sc11,LS45_8b.czi,LS45,8,b,AF488,11,ScanRegion11,-10488.84,16083.53,7589.29,7615.47,1,5,12,12,12,7,11,12,98
LS45_s08c_sc00,LS45_8c.czi,LS45,8,c,AF488,0,ScanRegion0,-51047.93,7241.62,7100.99,9198.03,0,0,1,1,1,1,1,1,1
LS45_s08c_sc01,LS45_8c.czi,LS45,8,c,AF488,1,ScanRegion1,-51357.47,16759.75,7415.43,8841.71,1,0,2,7,2,12,2,2,2
LS45_s08c_sc02,LS45_8c.czi,LS45,8,c,AF488,2,ScanRegion2,-43865.09,7697.1,6496.21,8668.87,0,1,3,2,3,2,4,3,3
LS45_s08c_sc03,LS45_8c.czi,LS45,8,c,AF488,3,ScanRegion3,-43553.02,16669.83,6989.31,9336.8,1,1,4,8,4,11,3,4,4
LS45_s08c_sc04,LS45_8c.czi,LS45,8,c,AF488,4,ScanRegion4,-36484.29,7663.72,6355.27,8277.31,0,2,5,3,5,3,5,5,5
LS45_s08c_sc05,LS45_8c.czi,LS45,8,c,AF488,5,ScanRegion5,-35382.48,17674.33,7307.45,8985.84,1,2,6,9,6,10,6,6,6
LS45_s08c_sc06,LS45_8c.czi,LS45,8,c,AF488,6,ScanRegion6,-29526.65,7515.77,6707.26,7965.4,0,3,7,4,7,4,8,7,7
LS45_s08c_sc07,LS45_8c.czi,LS45,8,c,AF488,7,ScanRegion7,-28055.15,17179.23,7762.55,8669.09,1,3,8,10,8,9,7,8,8
LS45_s08c_sc08,LS45_8c.czi,LS45,8,c,AF488,8,ScanRegion8,-22078.99,7481.0,7486.37,7370.01,0,4,9,5,9,5,9,9,9
LS45_s08c_sc09,LS45_8c.czi,LS45,8,c,AF488,9,ScanRegion9,-19265.46,17461.28,7909.32,8776.51,1,4,10,11,10,8,10,10,10
LS45_s08c_sc10,LS45_8c.czi,LS45,8,c,AF488,10,ScanRegion10,-13428.2,6705.39,8048.8,6842.9,0,5,11,6,11,6,12,11,11
LS45_s08c_sc11,LS45_8c.czi,LS45,8,c,AF488,11,ScanRegion11,-10488.25,16013.92,7518.15,9306.41,1,5,12,12,12,7,11,12,12
LS45_s09a_sc00,LS45_9a.czi,LS45,9,a,AF568,0,ScanRegion0,-50517.54,6432.87,8931.73,7441.74,0,0,1,1,1,1,1,1,96
LS45_s09a_sc01,LS45_9a.czi,LS45,9,a,AF568,1,ScanRegion1,-51073.55,15011.98,8121.8,7542.7,1,0,2,7,2,12,2,2,97
LS45_s09a_sc02,LS45_9a.czi,LS45,9,a,AF568,2,ScanRegion2,-41456.25,7738.47,7241.01,6659.63,0,1,3,2,3,2,4,3,98
LS45_s09a_sc03,LS45_9a.czi,LS45,9,a,AF568,3,ScanRegion3,-42301.18,16531.58,8015.7,7789.19,1,1,4,8,4,11,3,4,99
LS45_s09a_sc04,LS45_9a.czi,LS45,9,a,AF568,4,ScanRegion4,-34012.0,6591.45,8894.28,7046.88,0,2,5,3,5,3,5,5,100
LS45_s09a_sc05,LS45_9a.czi,LS45,9,a,AF568,5,ScanRegion5,-33053.3,17043.88,8578.24,8361.08,1,2,6,9,6,10,6,6,101
LS45_s09a_sc06,LS45_9a.czi,LS45,9,a,AF568,6,ScanRegion6,-25273.46,6558.66,8858.77,7934.93,0,3,7,4,7,4,8,7,102
LS45_s09a_sc07,LS45_9a.czi,LS45,9,a,AF568,7,ScanRegion7,-24401.87,16144.37,8226.36,7367.08,1,3,8,10,8,9,7,8,103
LS45_s09a_sc08,LS45_9a.czi,LS45,9,a,AF568,8,ScanRegion8,-17363.09,5639.76,7306.49,7822.74,0,4,9,5,9,5,9,9,104
LS45_s09a_sc09,LS45_9a.czi,LS45,9,a,AF568,9,ScanRegion9,-16324.54,16426.72,7949.79,8287.39,1,4,10,11,10,8,10,10,105
LS45_s09a_sc10,LS45_9a.czi,LS45,9,a,AF568,10,ScanRegion10,-9086.45,7083.7,8120.19,6950.47,0,5,11,6,11,6,12,11,106
LS45_s09a_sc11,LS45_9a.czi,LS45,9,a,AF568,11,ScanRegion11,-8335.03,15457.41,9142.92,7402.47,1,5,12,12,12,7,11,12,107
LS45_s09b_sc00,LS45_9b.czi,LS45,9,b,AF488,0,ScanRegion0,-49874.03,15405.41,8120.62,6629.24,1,0,1,6,2,11,2,1,99
LS45_s09b_sc01,LS45_9b.czi,LS45,9,b,AF488,1,ScanRegion1,-40791.72,7562.81,7766.5,6698.19,0,0,2,1,1,1,1,2,100
LS45_s09b_sc02,LS45_9b.czi,LS45,9,b,AF488,2,ScanRegion2,-40607.41,17378.18,7803.27,6310.66,1,1,3,7,4,10,3,3,101
LS45_s09b_sc03,LS45_9b.czi,LS45,9,b,AF488,3,ScanRegion3,-32334.74,6273.16,8579.76,7636.63,0,1,4,2,3,2,4,4,102
LS45_s09b_sc04,LS45_9b.czi,LS45,9,b,AF488,4,ScanRegion4,-32433.5,17662.22,7623.14,6978.74,1,2,5,8,6,9,6,5,103
LS45_s09b_sc05,LS45_9b.czi,LS45,9,b,AF488,5,ScanRegion5,-24301.72,5504.22,8682.2,7365.75,0,2,6,3,5,3,5,6,104
LS45_s09b_sc06,LS45_9b.czi,LS45,9,b,AF488,6,ScanRegion6,-24382.22,15211.85,7979.22,6909.13,1,3,7,9,8,8,7,7,105
LS45_s09b_sc07,LS45_9b.czi,LS45,9,b,AF488,7,ScanRegion7,-13763.87,6334.16,7377.46,7228.97,0,3,8,4,7,4,8,8,106
LS45_s09b_sc08,LS45_9b.czi,LS45,9,b,AF488,8,ScanRegion8,-15361.87,15493.5,8505.46,8216.07,1,4,9,10,10,7,10,9,107
LS45_s09b_sc09,LS45_9b.czi,LS45,9,b,AF488,9,ScanRegion9,-5912.13,8219.74,5716.95,7935.3,0,4,10,5,9,5,9,10,108
LS45_s09b_sc10,LS45_9b.czi,LS45,9,b,AF488,10,ScanRegion10,-6201.12,17081.2,7905.76,6838.21,1,5,11,11,11,6,11,11,109
LS45_s09c_sc00,LS45_9c.czi,LS45,9,c,AF488,0,ScanRegion0,-50288.66,7299.0,8330.39,7046.22,0,0,1,1,1,1,1,1,13
LS45_s09c_sc01,LS45_9c.czi,LS45,9,c,AF488,1,ScanRegion1,-51111.58,16615.91,8120.19,7437.41,1,0,2,5,2,10,2,2,14
LS45_s09c_sc02,LS45_9c.czi,LS45,9,c,AF488,2,ScanRegion2,-41160.94,7423.19,7660.94,6840.56,0,1,3,2,3,2,4,3,15
LS45_s09c_sc03,LS45_9c.czi,LS45,9,c,AF488,3,ScanRegion3,-41400.9,15722.85,8330.78,6947.24,1,1,4,6,4,9,3,4,16
LS45_s09c_sc04,LS45_9c.czi,LS45,9,c,AF488,4,ScanRegion4,-32758.12,6276.06,8224.05,7046.36,0,2,5,3,5,3,5,5,17
LS45_s09c_sc05,LS45_9c.czi,LS45,9,c,AF488,5,ScanRegion5,-33014.58,16020.65,7589.9,7653.87,1,2,6,7,6,8,6,6,18
LS45_s09c_sc06,LS45_9c.czi,LS45,9,c,AF488,6,ScanRegion6,-24118.39,16428.92,8296.12,7577.58,1,3,7,8,8,7,7,7,19
LS45_s09c_sc07,LS45_9c.czi,LS45,9,c,AF488,7,ScanRegion7,-19958.61,5192.61,16664.24,8619.39,0,3,8,4,7,4,8,8,20
LS45_s09c_sc08,LS45_9c.czi,LS45,9,c,AF488,8,ScanRegion8,-16084.88,16055.7,7269.94,7792.12,1,4,9,9,9,6,9,9,21
LS45_s09c_sc09,LS45_9c.czi,LS45,9,c,AF488,9,ScanRegion9,-7014.9,17572.25,6354.31,7120.3,1,5,10,10,10,5,10,10,22
LS53_s10b_sc00,LS53_10b.czi,LS53,10,b,AF488,0,ScanRegion0,-52000.24,6200.08,7101.03,6904.66,0,0,1,1,1,1,1,1,82
LS53_s10b_sc01,LS53_10b.czi,LS53,10,b,AF488,1,ScanRegion1,-51461.59,16617.71,7416.32,7506.95,1,0,2,7,2,12,2,2,83
LS53_s10b_sc02,LS53_10b.czi,LS53,10,b,AF488,2,ScanRegion2,-43438.53,6306.83,7627.02,6522.27,0,1,3,2,3,2,4,3,84
LS53_s10b_sc03,LS53_10b.czi,LS53,10,b,AF488,3,ScanRegion3,-42001.33,15705.42,7980.04,7192.69,1,1,4,8,4,11,3,4,85
LS53_s10b_sc04,LS53_10b.czi,LS53,10,b,AF488,4,ScanRegion4,-33958.08,5497.52,7449.46,6348.62,0,2,5,3,5,3,5,5,86
LS53_s10b_sc05,LS53_10b.czi,LS53,10,b,AF488,5,ScanRegion5,-32925.53,14979.7,8050.51,5924.23,1,2,6,9,6,10,6,6,87
LS53_s10b_sc06,LS53_10b.czi,LS53,10,b,AF488,6,ScanRegion6,-25716.54,6538.21,7485.65,6420.13,0,3,7,4,7,4,8,7,88
LS53_s10b_sc07,LS53_10b.czi,LS53,10,b,AF488,7,ScanRegion7,-23411.92,15581.87,8437.98,6522.12,1,3,8,10,8,9,7,8,89
LS53_s10b_sc08,LS53_10b.czi,LS53,10,b,AF488,8,ScanRegion8,-15917.14,5853.49,8510.19,6135.77,0,4,9,5,9,5,9,9,90
LS53_s10b_sc09,LS53_10b.czi,LS53,10,b,AF488,9,ScanRegion9,-14531.32,14526.73,7625.91,6626.02,1,4,10,11,10,8,10,10,91
LS53_s10b_sc10,LS53_10b.czi,LS53,10,b,AF488,10,ScanRegion10,-6720.6,6295.42,6850.15,6840.48,0,5,11,6,11,6,12,11,92
LS53_s10b_sc11,LS53_10b.czi,LS53,10,b,AF488,11,ScanRegion11,-5086.56,14157.52,8084.18,6696.72,1,5,12,12,12,7,11,12,93
LS53_s01b_sc00,LS53_1b.czi,LS53,1,b,AF488,0,ScanRegion0,-52582.34,6358.82,3601.25,4898.58,0,0,1,1,1,1,1,1,1
LS53_s01b_sc01,LS53_1b.czi,LS53,1,b,AF488,1,ScanRegion1,-52323.45,11928.86,3919.14,4967.31,1,0,2,8,2,14,2,2,2
LS53_s01b_sc02,LS53_1b.czi,LS53,1,b,AF488,2,ScanRegion2,-51907.04,18837.52,4060.22,5600.88,2,0,3,15,3,15,3,3,3
LS53_s01b_sc03,LS53_1b.czi,LS53,1,b,AF488,3,ScanRegion3,-47285.44,5242.78,4025.81,4830.01,0,1,4,2,4,2,6,4,4
LS53_s01b_sc04,LS53_1b.czi,LS53,1,b,AF488,4,ScanRegion4,-46516.15,12133.41,3955.34,4793.15,1,1,5,9,5,13,5,5,5
LS53_s01b_sc05,LS53_1b.czi,LS53,1,b,AF488,5,ScanRegion5,-46452.14,18637.43,3460.59,4828.17,2,1,6,16,6,16,4,6,6
LS53_s01b_sc06,LS53_1b.czi,LS53,1,b,AF488,6,ScanRegion6,-40382.84,4129.94,4625.75,5250.06,0,2,7,3,7,3,7,7,7
LS53_s01b_sc07,LS53_1b.czi,LS53,1,b,AF488,7,ScanRegion7,-39491.51,13117.5,4803.14,5254.24,1,2,8,10,8,12,8,8,8
LS53_s01b_sc08,LS53_1b.czi,LS53,1,b,AF488,8,ScanRegion8,-39073.98,19655.44,4377.8,5287.8,2,2,9,17,9,17,9,9,9
LS53_s01b_sc09,LS53_1b.czi,LS53,1,b,AF488,9,ScanRegion9,-33569.74,5358.01,4341.53,5639.79,0,3,10,4,10,4,11,10,10
LS53_s01b_sc10,LS53_1b.czi,LS53,1,b,AF488,10,ScanRegion10,-32080.05,15671.23,4166.89,5601.54,1,3,11,11,11,11,10,11,11
LS53_s01b_sc11,LS53_1b.czi,LS53,1,b,AF488,11,ScanRegion11,-26084.07,4863.72,3212.21,5248.74,0,4,12,5,12,5,12,12,12
LS53_s01b_sc12,LS53_1b.czi,LS53,1,b,AF488,12,ScanRegion12,-26422.33,15627.2,4842.93,5712.69,1,4,13,12,13,10,13,13,13
LS53_s01b_sc13,LS53_1b.czi,LS53,1,b,AF488,13,ScanRegion13,-18618.54,5900.38,4873.03,5885.17,0,5,14,6,14,6,15,14,14
LS53_s01b_sc14,LS53_1b.czi,LS53,1,b,AF488,14,ScanRegion14,-17691.98,15049.44,5047.93,5990.9,1,5,15,13,15,9,14,15,15
LS53_s01b_sc15,LS53_1b.czi,LS53,1,b,AF488,15,ScanRegion15,-10498.45,6092.67,4800.93,6801.64,0,6,16,7,16,7,16,16,16
LS53_s01b_sc16,LS53_1b.czi,LS53,1,b,AF488,16,ScanRegion16,-8212.73,15633.18,5297.63,6269.69,1,6,17,14,17,8,17,17,17
LS53_s02b_sc00,LS53_2b-_A568.czi,LS53,2,b,AF568,0,ScanRegion0,-53023.14,5722.68,4697.04,6169.39,0,0,1,1,1,1,1,1,1
LS53_s02b_sc01,LS53_2b-_A568.czi,LS53,2,b,AF568,1,ScanRegion1,-52008.6,15047.44,4768.22,7331.1,1,0,2,7,2,12,2,2,2
LS53_s02b_sc02,LS53_2b-_A568.czi,LS53,2,b,AF568,2,ScanRegion2,-46279.62,5754.58,5754.79,6416.76,0,1,3,2,3,2,4,3,3
LS53_s02b_sc03,LS53_2b-_A568.czi,LS53,2,b,AF568,3,ScanRegion3,-45407.54,15501.16,5544.38,7789.33,1,1,4,8,4,11,3,4,4
LS53_s02b_sc04,LS53_2b-_A568.czi,LS53,2,b,AF568,4,ScanRegion4,-38759.3,6069.27,5471.56,6594.44,0,2,5,3,5,3,5,5,5
LS53_s02b_sc05,LS53_2b-_A568.czi,LS53,2,b,AF568,5,ScanRegion5,-37606.86,16222.83,4768.26,7082.27,1,2,6,9,6,10,6,6,6
LS53_s02b_sc06,LS53_2b-_A568.czi,LS53,2,b,AF568,6,ScanRegion6,-30552.31,6702.94,5367.46,6838.13,0,3,7,4,7,4,8,7,7
LS53_s02b_sc07,LS53_2b-_A568.czi,LS53,2,b,AF568,7,ScanRegion7,-29751.01,17031.1,4802.6,6840.78,1,3,8,10,8,9,7,8,8
LS53_s02b_sc08,LS53_2b-_A568.czi,LS53,2,b,AF568,8,ScanRegion8,-23260.4,7107.5,4906.74,7258.26,0,4,9,5,9,5,9,9,9
LS53_s02b_sc09,LS53_2b-_A568.czi,LS53,2,b,AF568,9,ScanRegion9,-22054.04,16975.48,5720.51,6276.66,1,4,10,11,10,8,10,10,10
LS53_s02b_sc10,LS53_2b-_A568.czi,LS53,2,b,AF568,10,ScanRegion10,-15317.55,6858.55,4411.25,6874.92,0,5,11,6,11,6,12,11,11
LS53_s02b_sc11,LS53_2b-_A568.czi,LS53,2,b,AF568,11,ScanRegion11,-13932.08,15988.41,4589.06,5816.81,1,5,12,12,12,7,11,12,12
LS53_s02c_sc00,LS53_2c.czi,LS53,2,c,AF488,0,ScanRegion0,-52369.56,4966.02,4590.62,6768.02,0,0,1,1,1,1,1,1,1
LS53_s02c_sc01,LS53_2c.czi,LS53,2,c,AF488,1,ScanRegion1,-52466.08,14358.44,3847.22,6096.41,1,0,2,7,2,12,2,2,2
LS53_s02c_sc02,LS53_2c.czi,LS53,2,c,AF488,2,ScanRegion2,-45044.13,5704.06,5262.0,7508.41,0,1,3,2,3,2,4,3,3
LS53_s02c_sc03,LS53_2c.czi,LS53,2,c,AF488,3,ScanRegion3,-44860.22,15061.86,4942.08,7049.52,1,1,4,8,4,11,3,4,4
LS53_s02c_sc04,LS53_2c.czi,LS53,2,c,AF488,4,ScanRegion4,-36764.4,5509.56,4940.87,6805.02,0,2,5,3,5,3,5,5,5
LS53_s02c_sc05,LS53_2c.czi,LS53,2,c,AF488,5,ScanRegion5,-35293.11,16685.76,5296.03,6593.12,1,2,6,9,6,10,6,6,6
LS53_s02c_sc06,LS53_2c.czi,LS53,2,c,AF488,6,ScanRegion6,-28520.89,5527.91,5120.39,7226.91,0,3,7,4,7,4,8,7,7
LS53_s02c_sc07,LS53_2c.czi,LS53,2,c,AF488,7,ScanRegion7,-26538.27,17056.17,4802.39,6591.06,1,3,8,10,8,9,7,8,8
LS53_s02c_sc08,LS53_2c.czi,LS53,2,c,AF488,8,ScanRegion8,-20118.25,6075.05,4625.82,6448.77,0,4,9,5,9,5,9,9,9
LS53_s02c_sc09,LS53_2c.czi,LS53,2,c,AF488,9,ScanRegion9,-20217.38,15924.64,4802.53,5778.12,1,4,10,11,10,8,10,10,10
LS53_s02c_sc10,LS53_2c.czi,LS53,2,c,AF488,10,ScanRegion10,-12368.26,5455.72,4591.23,5394.56,0,5,11,6,11,6,12,11,11
LS53_s02c_sc11,LS53_2c.czi,LS53,2,c,AF488,11,ScanRegion11,-12644.32,16097.51,5119.78,5885.25,1,5,12,12,12,7,11,12,12
LS53_s03b_sc00,LS53_3b.czi,LS53,3,b,AF488,0,ScanRegion0,-51277.63,7453.23,5364.68,6665.07,0,0,1,1,1,1,1,1,18
LS53_s03b_sc01,LS53_3b.czi,LS53,3,b,AF488,1,ScanRegion1,-50987.14,16881.67,5757.24,6693.27,1,0,2,7,2,12,2,2,19
LS53_s03b_sc02,LS53_3b.czi,LS53,3,b,AF488,2,ScanRegion2,-44622.08,6622.04,5401.91,7437.56,0,1,3,2,3,2,4,3,20
LS53_s03b_sc03,LS53_3b.czi,LS53,3,b,AF488,3,ScanRegion3,-42442.31,16616.86,6245.76,7476.77,1,1,4,8,4,11,3,4,21
LS53_s03b_sc04,LS53_3b.czi,LS53,3,b,AF488,4,ScanRegion4,-37753.96,6229.84,5437.35,6981.68,0,2,5,3,5,3,5,5,22
LS53_s03b_sc05,LS53_3b.czi,LS53,3,b,AF488,5,ScanRegion5,-34604.53,16492.14,5826.79,6345.68,1,2,6,9,6,10,6,6,23
LS53_s03b_sc06,LS53_3b.czi,LS53,3,b,AF488,6,ScanRegion6,-28981.28,6848.13,5543.7,6415.44,0,3,7,4,7,4,8,7,24
LS53_s03b_sc07,LS53_3b.czi,LS53,3,b,AF488,7,ScanRegion7,-27913.64,16577.35,5437.57,7047.68,1,3,8,10,8,9,7,8,25
LS53_s03b_sc08,LS53_3b.czi,LS53,3,b,AF488,8,ScanRegion8,-21567.06,6952.1,6180.84,6729.54,0,4,9,5,9,5,9,9,26
LS53_s03b_sc09,LS53_3b.czi,LS53,3,b,AF488,9,ScanRegion9,-20993.55,16028.94,5721.15,7892.35,1,4,10,11,10,8,10,10,27
LS53_s03b_sc10,LS53_3b.czi,LS53,3,b,AF488,10,ScanRegion10,-13905.64,5733.89,5966.41,7506.73,0,5,11,6,11,6,12,11,28
LS53_s03b_sc11,LS53_3b.czi,LS53,3,b,AF488,11,ScanRegion11,-12927.99,17366.34,5824.58,8140.08,1,5,12,12,12,7,11,12,29
LS53_s04b_sc00,LS53_4b.czi,LS53,4,b,AF488,0,ScanRegion0,-51983.94,7345.3,7273.07,9689.09,0,0,1,1,1,1,1,1,30
LS53_s04b_sc01,LS53_4b.czi,LS53,4,b,AF488,1,ScanRegion1,-51108.75,16830.93,6708.29,9760.75,2,0,2,7,3,7,3,2,31
LS53_s04b_sc02,LS53_4b.czi,LS53,4,b,AF488,2,ScanRegion2,-42186.12,6449.34,6884.57,8847.0,0,1,3,2,4,2,5,3,32
LS53_s04b_sc03,LS53_4b.czi,LS53,4,b,AF488,3,ScanRegion3,-42548.74,16193.1,6179.24,8741.78,2,1,4,8,5,8,4,4,33
LS53_s04b_sc04,LS53_4b.czi,LS53,4,b,AF488,4,ScanRegion4,-33675.94,6275.1,7235.52,9657.0,0,2,5,3,6,3,6,5,34
LS53_s04b_sc05,LS53_4b.czi,LS53,4,b,AF488,5,ScanRegion5,-32626.75,16109.86,6813.03,9232.32,2,2,6,9,7,9,7,6,35
LS53_s04b_sc06,LS53_4b.czi,LS53,4,b,AF488,6,ScanRegion6,-24497.04,6292.9,7943.49,10150.77,0,3,7,4,8,4,9,7,36
LS53_s04b_sc07,LS53_4b.czi,LS53,4,b,AF488,7,ScanRegion7,-22917.91,16570.84,7803.87,10397.18,2,3,8,10,9,10,8,8,37
LS53_s04b_sc08,LS53_4b.czi,LS53,4,b,AF488,8,ScanRegion8,-15599.32,6048.95,7946.3,9767.58,0,4,9,5,10,5,10,9,38
LS53_s04b_sc09,LS53_4b.czi,LS53,4,b,AF488,9,ScanRegion9,-14180.45,17221.11,7485.51,10045.56,2,4,10,11,11,11,11,10,39
LS53_s04b_sc10,LS53_4b.czi,LS53,4,b,AF488,10,ScanRegion10,-6691.08,11263.65,7766.93,10081.46,1,0,11,6,2,6,2,11,40
LS53_s05b_sc00,LS53_5b-_A568.czi,LS53,5,b,AF568,0,ScanRegion0,-51153.33,6712.87,7873.19,9902.24,0,0,1,1,1,1,1,1,13
LS53_s05b_sc01,LS53_5b-_A568.czi,LS53,5,b,AF568,1,ScanRegion1,-50280.93,16585.95,7522.84,10463.63,1,0,2,6,2,9,2,2,14
LS53_s05b_sc02,LS53_5b-_A568.czi,LS53,5,b,AF568,2,ScanRegion2,-41900.9,6168.28,7379.56,10540.58,0,1,3,2,3,2,4,3,15
LS53_s05b_sc03,LS53_5b-_A568.czi,LS53,5,b,AF568,3,ScanRegion3,-41861.14,16318.21,7698.45,8710.06,1,1,4,7,4,8,3,4,16
LS53_s05b_sc04,LS53_5b-_A568.czi,LS53,5,b,AF568,4,ScanRegion4,-32652.82,5993.63,8156.6,9872.94,0,2,5,3,5,3,5,5,17
LS53_s05b_sc05,LS53_5b-_A568.czi,LS53,5,b,AF568,5,ScanRegion5,-32610.65,16146.1,8332.49,8878.94,1,2,6,8,6,7,6,6,18
LS53_s05b_sc06,LS53_5b-_A568.czi,LS53,5,b,AF568,6,ScanRegion6,-23844.29,6400.39,7696.46,10787.5,0,3,7,4,7,4,8,7,19
LS53_s05b_sc07,LS53_5b-_A568.czi,LS53,5,b,AF568,7,ScanRegion7,-22794.52,16413.17,8260.92,8455.65,1,3,8,9,8,6,7,8,20
LS53_s05b_sc08,LS53_5b-_A568.czi,LS53,5,b,AF568,8,ScanRegion8,-14221.84,6630.09,9285.03,11421.36,0,4,9,5,9,5,9,9,21
LS53_s05c_sc00,LS53_5c.czi,LS53,5,c,AF488,0,ScanRegion0,-51064.44,5762.73,8477.7,10532.58,0,0,1,1,1,1,1,1,13
LS53_s05c_sc01,LS53_5c.czi,LS53,5,c,AF488,1,ScanRegion1,-50263.74,16075.37,8188.67,10712.54,1,0,2,6,2,10,2,2,14
LS53_s05c_sc02,LS53_5c.czi,LS53,5,c,AF488,2,ScanRegion2,-42999.29,6341.74,8013.42,9829.18,0,1,3,2,3,2,4,3,15
LS53_s05c_sc03,LS53_5c.czi,LS53,5,c,AF488,3,ScanRegion3,-41858.56,15808.65,8122.51,9376.89,1,1,4,7,4,9,3,4,16
LS53_s05c_sc04,LS53_5c.czi,LS53,5,c,AF488,4,ScanRegion4,-33233.82,5447.84,9320.38,10535.88,0,2,5,3,5,3,5,5,17
LS53_s05c_sc05,LS53_5c.czi,LS53,5,c,AF488,5,ScanRegion5,-31532.35,16323.93,8863.04,10851.82,1,2,6,8,6,8,6,6,18
LS53_s05c_sc06,LS53_5c.czi,LS53,5,c,AF488,6,ScanRegion6,-21973.66,6420.29,9108.97,9832.7,0,3,7,4,7,4,8,7,19
LS53_s05c_sc07,LS53_5c.czi,LS53,5,c,AF488,7,ScanRegion7,-20995.65,16593.97,8193.55,10146.66,1,3,8,9,8,7,7,8,20
LS53_s05c_sc08,LS53_5c.czi,LS53,5,c,AF488,8,ScanRegion8,-11593.16,6496.79,8684.87,9307.73,0,4,9,5,9,5,9,9,21
LS53_s05c_sc09,LS53_5c.czi,LS53,5,c,AF488,9,ScanRegion9,-11162.74,16840.96,8792.53,9839.02,1,4,10,10,10,6,10,10,22
LS53_s06b_sc00,LS53_6b.czi,LS53,6,b,AF488,0,ScanRegion0,-50500.37,6872.78,9254.07,10004.74,0,0,1,1,1,1,1,1,41
LS53_s06b_sc01,LS53_6b.czi,LS53,6,b,AF488,1,ScanRegion1,-50140.01,16923.85,9283.68,9864.79,1,0,2,6,2,10,2,2,42
LS53_s06b_sc02,LS53_6b.czi,LS53,6,b,AF488,2,ScanRegion2,-40843.84,6030.43,8577.64,9971.18,0,1,3,2,3,2,4,3,43
LS53_s06b_sc03,LS53_6b.czi,LS53,6,b,AF488,3,ScanRegion3,-40182.34,16413.51,7943.67,10711.43,1,1,4,7,4,9,3,4,44
LS53_s06b_sc04,LS53_6b.czi,LS53,6,b,AF488,4,ScanRegion4,-31663.16,6030.6,8296.4,11137.66,0,2,5,3,5,3,5,5,45
LS53_s06b_sc05,LS53_6b.czi,LS53,6,b,AF488,5,ScanRegion5,-30439.15,17189.7,8365.91,9974.19,1,2,6,8,6,8,6,6,46
LS53_s06b_sc06,LS53_6b.czi,LS53,6,b,AF488,6,ScanRegion6,-20754.94,6847.06,9073.66,10189.76,0,3,7,4,7,4,8,7,47
LS53_s06b_sc07,LS53_6b.czi,LS53,6,b,AF488,7,ScanRegion7,-20412.03,17507.91,9214.39,9590.63,1,3,8,9,8,7,7,8,48
LS53_s06b_sc08,LS53_6b.czi,LS53,6,b,AF488,8,ScanRegion8,-9987.12,6780.9,9146.73,9728.22,0,4,9,5,9,5,9,9,49
LS53_s06b_sc09,LS53_6b.czi,LS53,6,b,AF488,9,ScanRegion9,-9535.98,17142.73,9709.13,9450.31,1,4,10,10,10,6,10,10,50
LS53_s07b_sc00,LS53_7b.czi,LS53,7,b,AF488,0,ScanRegion0,-51313.54,6677.0,8684.2,10393.22,0,0,1,1,1,1,1,1,51
LS53_s07b_sc01,LS53_7b.czi,LS53,7,b,AF488,1,ScanRegion1,-49855.95,16408.85,8999.99,8842.59,1,0,2,6,2,10,2,2,52
LS53_s07b_sc02,LS53_7b.czi,LS53,7,b,AF488,2,ScanRegion2,-42184.75,6202.53,8648.68,10959.9,0,1,3,2,3,2,4,3,53
LS53_s07b_sc03,LS53_7b.czi,LS53,7,b,AF488,3,ScanRegion3,-38893.81,15831.12,8755.73,10187.19,1,1,4,7,4,9,3,4,54
LS53_s07b_sc04,LS53_7b.czi,LS53,7,b,AF488,4,ScanRegion4,-32405.24,6047.42,8297.01,11031.78,0,2,5,3,5,3,5,5,55
LS53_s07b_sc05,LS53_7b.czi,LS53,7,b,AF488,5,ScanRegion5,-29274.87,16697.8,8225.93,10329.93,1,2,6,8,6,8,6,6,56
LS53_s07b_sc06,LS53_7b.czi,LS53,7,b,AF488,6,ScanRegion6,-23826.25,6012.39,7804.22,10927.23,0,3,7,4,7,4,8,7,57
LS53_s07b_sc07,LS53_7b.czi,LS53,7,b,AF488,7,ScanRegion7,-19635.64,16629.58,8579.56,10505.26,1,3,8,9,8,7,7,8,58
LS53_s07b_sc08,LS53_7b.czi,LS53,7,b,AF488,8,ScanRegion8,-11362.14,5951.03,8295.73,9273.66,0,4,9,5,9,5,9,9,59
LS53_s07b_sc09,LS53_7b.czi,LS53,7,b,AF488,9,ScanRegion9,-10084.57,15753.12,8050.55,9760.9,1,4,10,10,10,6,10,10,60
LS53_s08b_sc00,LS53_8b.czi,LS53,8,b,AF488,0,ScanRegion0,-49911.35,6580.05,8876.12,9121.25,0,0,1,1,1,1,1,1,61
LS53_s08b_sc01,LS53_8b.czi,LS53,8,b,AF488,1,ScanRegion1,-49561.74,15867.76,8594.91,8992.02,1,0,2,6,2,10,2,2,62
LS53_s08b_sc02,LS53_8b.czi,LS53,8,b,AF488,2,ScanRegion2,-40615.07,6999.17,7271.4,9515.22,0,1,3,2,3,2,4,3,63
LS53_s08b_sc03,LS53_8b.czi,LS53,8,b,AF488,3,ScanRegion3,-39229.53,16079.95,6813.64,9691.15,1,1,4,7,4,9,3,4,64
LS53_s08b_sc04,LS53_8b.czi,LS53,8,b,AF488,4,ScanRegion4,-31822.41,6385.02,7416.79,9588.42,0,2,5,3,5,3,5,5,65
LS53_s08b_sc05,LS53_8b.czi,LS53,8,b,AF488,5,ScanRegion5,-31391.71,17010.88,6745.52,8987.9,1,2,6,8,6,8,6,6,66
LS53_s08b_sc06,LS53_8b.czi,LS53,8,b,AF488,6,ScanRegion6,-22679.58,7249.5,7130.75,9020.28,0,3,7,4,7,4,8,7,67
LS53_s08b_sc07,LS53_8b.czi,LS53,8,b,AF488,7,ScanRegion7,-22371.51,16468.34,8120.09,8211.52,1,3,8,9,8,7,7,8,68
LS53_s08b_sc08,LS53_8b.czi,LS53,8,b,AF488,8,ScanRegion8,-13941.87,7143.94,7308.16,8845.6,0,4,9,5,9,5,9,9,69
LS53_s08b_sc09,LS53_8b.czi,LS53,8,b,AF488,9,ScanRegion9,-13193.0,17613.63,7626.59,8142.13,1,4,10,10,10,6,10,10,70
LS53_s09b_sc00,LS53_9b.czi,LS53,9,b,AF488,0,ScanRegion0,-51152.15,5711.96,7734.11,7475.59,0,0,1,1,1,1,1,1,71
LS53_s09b_sc01,LS53_9b.czi,LS53,9,b,AF488,1,ScanRegion1,-50245.82,16180.4,7732.37,7404.01,1,0,2,7,2,11,2,2,72
LS53_s09b_sc02,LS53_9b.czi,LS53,9,b,AF488,2,ScanRegion2,-41887.1,7807.93,7555.62,7194.6,0,1,3,2,3,2,4,3,73
LS53_s09b_sc03,LS53_9b.czi,LS53,9,b,AF488,3,ScanRegion3,-41455.02,17484.9,8225.68,8072.31,1,1,4,8,4,10,3,4,74
LS53_s09b_sc04,LS53_9b.czi,LS53,9,b,AF488,4,ScanRegion4,-33783.03,6487.66,7732.08,7262.37,0,2,5,3,5,3,5,5,75
LS53_s09b_sc05,LS53_9b.czi,LS53,9,b,AF488,5,ScanRegion5,-31885.92,16463.21,7517.9,6843.93,1,2,6,9,6,9,6,6,76
LS53_s09b_sc06,LS53_9b.czi,LS53,9,b,AF488,6,ScanRegion6,-24904.74,7052.43,7486.05,6874.11,0,3,7,4,7,4,8,7,77
LS53_s09b_sc07,LS53_9b.czi,LS53,9,b,AF488,7,ScanRegion7,-15652.92,5890.31,7768.28,7894.18,0,4,8,5,9,5,9,8,78
LS53_s09b_sc08,LS53_9b.czi,LS53,9,b,AF488,8,ScanRegion8,-19157.93,15945.13,14689.54,7704.46,1,3,9,10,8,8,7,9,79
LS53_s09b_sc09,LS53_9b.czi,LS53,9,b,AF488,9,ScanRegion9,-7462.88,7105.87,8333.77,7402.02,0,5,10,6,11,6,11,10,80
LS53_s09b_sc10,LS53_9b.czi,LS53,9,b,AF488,10,ScanRegion10,-7312.22,15245.62,7307.35,7047.32,1,4,11,11,10,7,10,11,81
LS61_s01a_sc00,LS61_1a.czi,LS61,1,a,AF568,0,ScanRegion0,-52370.64,6165.75,5576.66,6273.73,0,0,1,1,1,1,1,1,1
LS61_s01a_sc01,LS61_1a.czi,LS61,1,a,AF568,1,ScanRegion1,-51870.54,18502.56,6178.03,6624.1,2,0,2,13,3,13,3,2,2
LS61_s01a_sc02,LS61_1a.czi,LS61,1,a,AF568,2,ScanRegion2,-45856.66,6566.2,5471.84,7188.58,0,1,3,2,4,2,6,3,3
LS61_s01a_sc03,LS61_1a.czi,LS61,1,a,AF568,3,ScanRegion3,-45193.33,13406.65,5260.29,5710.2,1,0,4,8,2,12,2,4,4
LS61_s01a_sc04,LS61_1a.czi,LS61,1,a,AF568,4,ScanRegion4,-39378.82,6086.92,5084.55,6484.97,0,2,5,3,7,3,7,5,5
LS61_s01a_sc05,LS61_1a.czi,LS61,1,a,AF568,5,ScanRegion5,-38769.46,14547.93,5261.4,6694.67,1,1,6,9,5,11,5,6,6
LS61_s01a_sc06,LS61_1a.czi,LS61,1,a,AF568,6,ScanRegion6,-32915.8,5887.98,4377.48,6060.07,0,3,7,4,10,4,11,7,7
LS61_s01a_sc07,LS61_1a.czi,LS61,1,a,AF568,7,ScanRegion7,-32013.49,19582.49,5718.84,5886.42,2,1,8,14,6,14,4,8,8
LS61_s01a_sc08,LS61_1a.czi,LS61,1,a,AF568,8,ScanRegion8,-25316.28,4121.93,5647.99,6443.04,0,4,9,5,12,5,12,9,9
LS61_s01a_sc09,LS61_1a.czi,LS61,1,a,AF568,9,ScanRegion9,-25226.14,12160.31,5508.18,6518.67,1,2,10,10,8,10,8,10,10
LS61_s01a_sc10,LS61_1a.czi,LS61,1,a,AF568,10,ScanRegion10,-23875.47,19791.78,5262.71,6272.11,2,2,11,15,9,15,9,11,11
LS61_s01a_sc11,LS61_1a.czi,LS61,1,a,AF568,11,ScanRegion11,-16374.99,5024.1,5683.36,7650.49,0,5,12,6,14,6,14,12,12
LS61_s01a_sc12,LS61_1a.czi,LS61,1,a,AF568,12,ScanRegion12,-16122.55,15968.81,5647.98,7544.61,1,3,13,11,11,9,10,13,13
LS61_s01a_sc13,LS61_1a.czi,LS61,1,a,AF568,13,ScanRegion13,-9986.96,7505.15,5895.3,7435.07,0,6,14,7,15,7,15,14,14
LS61_s01a_sc14,LS61_1a.czi,LS61,1,a,AF568,14,ScanRegion14,-9714.09,16634.49,5260.79,6733.36,1,4,15,12,13,8,13,15,15
LS61_s01b_sc00,LS61_1b.czi,LS61,1,b,AF488,0,ScanRegion0,-52511.99,5723.49,4658.39,5889.06,0,0,1,1,1,1,1,1,1
LS61_s01b_sc01,LS61_1b.czi,LS61,1,b,AF488,1,ScanRegion1,-51334.69,12105.74,6389.29,5821.95,1,0,2,7,2,9,2,2,2
LS61_s01b_sc02,LS61_1b.czi,LS61,1,b,AF488,2,ScanRegion2,-51639.83,18713.69,5577.37,5214.16,2,0,3,10,3,10,3,3,3
LS61_s01b_sc03,LS61_1b.czi,LS61,1,b,AF488,3,ScanRegion3,-46686.64,6001.39,5929.5,6350.01,0,1,4,2,4,2,6,4,4
LS61_s01b_sc04,LS61_1b.czi,LS61,1,b,AF488,4,ScanRegion4,-44897.71,15074.77,5323.89,6825.02,2,1,5,11,6,11,4,5,5
LS61_s01b_sc05,LS61_1b.czi,LS61,1,b,AF488,5,ScanRegion5,-39960.21,6314.54,5681.15,7791.76,0,2,6,3,7,3,7,6,6
LS61_s01b_sc06,LS61_1b.czi,LS61,1,b,AF488,6,ScanRegion6,-38732.92,15304.82,5754.5,7647.63,2,2,7,12,9,12,9,7,7
LS61_s01b_sc07,LS61_1b.czi,LS61,1,b,AF488,7,ScanRegion7,-33764.42,5675.09,3954.09,5499.63,0,3,8,4,10,4,11,8,8
LS61_s01b_sc08,LS61_1b.czi,LS61,1,b,AF488,8,ScanRegion8,-26684.78,5249.96,5681.79,7087.92,0,4,9,5,12,5,12,9,9
LS61_s01b_sc09,LS61_1b.czi,LS61,1,b,AF488,9,ScanRegion9,-26408.42,11890.81,7377.03,6840.63,1,1,10,8,5,8,5,10,10
LS61_s01b_sc10,LS61_1b.czi,LS61,1,b,AF488,10,ScanRegion10,-25127.13,18346.88,6003.39,6903.7,2,3,11,13,11,13,10,11,11
LS61_s01b_sc11,LS61_1b.czi,LS61,1,b,AF488,11,ScanRegion11,-16699.1,5070.57,6802.42,8155.2,0,5,12,6,14,6,15,12,12
LS61_s01b_sc12,LS61_1b.czi,LS61,1,b,AF488,12,ScanRegion12,-16385.04,15367.47,5967.19,7405.55,2,4,13,14,13,14,13,13,13
LS61_s01b_sc13,LS61_1b.czi,LS61,1,b,AF488,13,ScanRegion13,-9000.97,9815.38,6459.62,7053.04,1,2,14,9,8,7,8,14,14
LS61_s01b_sc14,LS61_1b.czi,LS61,1,b,AF488,14,ScanRegion14,-9679.48,17054.92,6178.21,6877.27,2,5,15,15,15,15,14,15,15
LS61_s02a_sc00,LS61_2a.czi,LS61,2,a,AF568,0,ScanRegion0,-51470.17,6414.44,7098.72,6980.94,0,0,1,1,1,1,1,1,16
LS61_s02a_sc01,LS61_2a.czi,LS61,2,a,AF568,1,ScanRegion1,-51304.25,16423.72,6460.37,7683.31,1,0,2,7,2,11,2,2,17
LS61_s02a_sc02,LS61_2a.czi,LS61,2,a,AF568,2,ScanRegion2,-44604.38,6886.65,5157.29,6274.83,0,1,3,2,4,2,5,3,18
LS61_s02a_sc03,LS61_2a.czi,LS61,2,a,AF568,3,ScanRegion3,-43288.35,15048.83,5683.96,6238.41,1,1,4,8,5,10,4,4,19
LS61_s02a_sc04,LS61_2a.czi,LS61,2,a,AF568,4,ScanRegion4,-32582.35,6822.51,4201.8,5746.99,0,2,5,3,6,3,6,5,20
LS61_s02a_sc05,LS61_2a.czi,LS61,2,a,AF568,5,ScanRegion5,-25309.35,7049.86,4622.76,5958.81,0,3,6,4,8,4,9,6,21
LS61_s02a_sc06,LS61_2a.czi,LS61,2,a,AF568,6,ScanRegion6,-25495.54,15984.6,4977.64,6415.66,1,2,7,9,7,9,7,7,22
LS61_s02a_sc07,LS61_2a.czi,LS61,2,a,AF568,7,ScanRegion7,-19059.52,6446.35,5118.43,6630.27,0,4,8,5,10,5,10,8,23
LS61_s02a_sc08,LS61_2a.czi,LS61,2,a,AF568,8,ScanRegion8,-16967.23,14309.37,3670.33,3316.16,1,3,9,10,9,8,8,9,24
LS61_s02a_sc09,LS61_2a.czi,LS61,2,a,AF568,9,ScanRegion9,-17078.15,19260.04,4024.99,4620.38,2,0,10,12,3,12,3,10,25
LS61_s02a_sc10,LS61_2a.czi,LS61,2,a,AF568,10,ScanRegion10,-10549.58,5443.13,5260.22,5212.84,0,5,11,6,12,6,12,11,26
LS61_s02a_sc11,LS61_2a.czi,LS61,2,a,AF568,11,ScanRegion11,-10416.68,13019.83,5331.55,5216.51,1,4,12,11,11,7,11,12,27
LS61_s02b_sc00,LS61_2b.czi,LS61,2,b,AF488,0,ScanRegion0,-51842.41,6765.47,6142.9,8179.06,0,0,1,1,1,1,1,1,16
LS61_s02b_sc01,LS61_2b.czi,LS61,2,b,AF488,1,ScanRegion1,-51886.61,16208.01,6074.71,7332.64,2,0,2,10,3,10,3,2,17
LS61_s02b_sc02,LS61_2b.czi,LS61,2,b,AF488,2,ScanRegion2,-45009.02,6181.42,6600.24,7541.38,0,1,3,2,4,2,6,3,18
LS61_s02b_sc03,LS61_2b.czi,LS61,2,b,AF488,3,ScanRegion3,-44630.57,15820.36,4695.55,6943.57,2,1,4,11,6,11,4,4,19
LS61_s02b_sc04,LS61_2b.czi,LS61,2,b,AF488,4,ScanRegion4,-37119.79,7571.36,4797.55,7685.51,0,2,5,3,7,3,7,5,20
LS61_s02b_sc05,LS61_2b.czi,LS61,2,b,AF488,5,ScanRegion5,-38629.12,16326.06,4695.65,6733.51,2,2,6,12,8,12,8,6,21
LS61_s02b_sc06,LS61_2b.czi,LS61,2,b,AF488,6,ScanRegion6,-32951.48,6063.86,4231.16,8392.36,0,3,7,4,9,4,10,7,22
LS61_s02b_sc07,LS61_2b.czi,LS61,2,b,AF488,7,ScanRegion7,-30686.91,17559.42,6175.43,7897.56,2,3,8,13,10,13,9,8,23
LS61_s02b_sc08,LS61_2b.czi,LS61,2,b,AF488,8,ScanRegion8,-26650.84,7010.43,4692.91,7088.51,0,4,9,5,11,5,11,9,24
LS61_s02b_sc09,LS61_2b.czi,LS61,2,b,AF488,9,ScanRegion9,-24985.49,17605.34,4589.7,6626.68,2,4,10,14,12,14,12,10,25
LS61_s02b_sc10,LS61_2b.czi,LS61,2,b,AF488,10,ScanRegion10,-19516.81,5105.64,4977.03,6630.12,0,5,11,6,13,6,14,11,26
LS61_s02b_sc11,LS61_2b.czi,LS61,2,b,AF488,11,ScanRegion11,-17865.82,12492.73,5119.21,6446.35,1,0,12,8,2,9,2,12,27
LS61_s02b_sc12,LS61_2b.czi,LS61,2,b,AF488,12,ScanRegion12,-17819.78,18573.13,5083.8,4931.77,2,5,13,15,14,15,13,13,28
LS61_s02b_sc13,LS61_2b.czi,LS61,2,b,AF488,13,ScanRegion13,-11078.54,4135.97,6108.38,6066.01,0,6,14,7,15,7,15,14,29
LS61_s02b_sc14,LS61_2b.czi,LS61,2,b,AF488,14,ScanRegion14,-10274.28,11081.71,6461.47,5919.1,1,1,15,9,5,8,5,15,30
LS61_s02b_sc15,LS61_2b.czi,LS61,2,b,AF488,15,ScanRegion15,-9984.86,18433.42,6051.98,5988.56,2,6,16,16,16,16,16,16,31
LS61_s02c_sc00,LS61_2c.czi,LS61,2,c,AF488,0,ScanRegion0,-51963.76,6483.35,6249.85,6909.21,0,0,1,1,1,1,1,1,1
LS61_s02c_sc01,LS61_2c.czi,LS61,2,c,AF488,1,ScanRegion1,-53040.04,15840.94,6667.0,6615.68,2,0,2,10,3,10,3,2,2
LS61_s02c_sc02,LS61_2c.czi,LS61,2,c,AF488,2,ScanRegion2,-45152.2,7113.17,6108.81,7224.34,0,1,3,2,4,2,6,3,3
LS61_s02c_sc03,LS61_2c.czi,LS61,2,c,AF488,3,ScanRegion3,-45849.5,16206.31,6000.43,7085.94,2,1,4,11,6,11,4,4,4
LS61_s02c_sc04,LS61_2c.czi,LS61,2,c,AF488,4,ScanRegion4,-38161.31,7428.07,5825.4,6769.26,0,2,5,3,7,3,7,5,5
LS61_s02c_sc05,LS61_2c.czi,LS61,2,c,AF488,5,ScanRegion5,-37606.43,16470.15,6037.69,6732.55,2,2,6,12,8,12,8,6,6
LS61_s02c_sc06,LS61_2c.czi,LS61,2,c,AF488,6,ScanRegion6,-30463.68,6845.53,5259.94,6979.99,0,3,7,4,9,4,10,7,7
LS61_s02c_sc07,LS61_2c.czi,LS61,2,c,AF488,7,ScanRegion7,-29962.65,17049.13,5366.67,6311.61,2,3,8,13,10,13,9,8,8
LS61_s02c_sc08,LS61_2c.czi,LS61,2,c,AF488,8,ScanRegion8,-23879.26,6945.75,5153.2,6523.15,0,4,9,5,11,5,11,9,9
LS61_s02c_sc09,LS61_2c.czi,LS61,2,c,AF488,9,ScanRegion9,-23837.37,17643.49,4624.54,6696.65,2,4,10,14,12,14,12,10,10
LS61_s02c_sc10,LS61_2c.czi,LS61,2,c,AF488,10,ScanRegion10,-17486.73,4986.44,4589.31,6593.49,0,5,11,6,13,6,14,11,11
LS61_s02c_sc11,LS61_2c.czi,LS61,2,c,AF488,11,ScanRegion11,-17070.57,12194.74,4590.59,6133.49,1,0,12,8,2,9,2,12,12
LS61_s02c_sc12,LS61_2c.czi,LS61,2,c,AF488,12,ScanRegion12,-16970.75,18714.88,4237.35,5077.81,2,5,13,15,14,15,13,13,13
LS61_s02c_sc13,LS61_2c.czi,LS61,2,c,AF488,13,ScanRegion13,-10267.54,5037.17,5471.95,6377.33,0,6,14,7,15,7,15,14,14
LS61_s02c_sc14,LS61_2c.czi,LS61,2,c,AF488,14,ScanRegion14,-9002.12,11454.15,5472.73,5463.36,1,1,15,9,5,8,5,15,15
LS61_s02c_sc15,LS61_2c.czi,LS61,2,c,AF488,15,ScanRegion15,-8850.1,17515.98,5367.28,4899.76,2,6,16,16,16,16,16,16,16
LS61_s03a_sc00,LS61_3a.czi,LS61,3,a,AF568,0,ScanRegion0,-51611.09,5586.15,5967.97,6451.85,0,0,1,1,1,1,1,1,28
LS61_s03a_sc01,LS61_3a.czi,LS61,3,a,AF568,1,ScanRegion1,-50931.14,14839.28,4658.47,6343.11,1,0,2,8,2,14,2,2,29
LS61_s03a_sc02,LS61_3a.czi,LS61,3,a,AF568,2,ScanRegion2,-44637.71,6974.1,5508.96,7434.92,0,1,3,2,3,2,4,3,30
LS61_s03a_sc03,LS61_3a.czi,LS61,3,a,AF568,3,ScanRegion3,-44488.96,14765.93,5966.83,6729.76,1,1,4,9,4,13,3,4,31
LS61_s03a_sc04,LS61_3a.czi,LS61,3,a,AF568,4,ScanRegion4,-37985.9,7006.7,6107.67,7544.91,0,2,5,3,5,3,5,5,32
LS61_s03a_sc05,LS61_3a.czi,LS61,3,a,AF568,5,ScanRegion5,-36826.77,14743.24,5753.86,6665.59,1,2,6,10,6,12,6,6,33
LS61_s03a_sc06,LS61_3a.czi,LS61,3,a,AF568,6,ScanRegion6,-31328.36,6157.7,6351.81,7931.7,0,3,7,4,7,4,8,7,34
LS61_s03a_sc07,LS61_3a.czi,LS61,3,a,AF568,7,ScanRegion7,-29994.88,14301.96,5575.56,7647.55,1,3,8,11,8,11,7,8,35
LS61_s03a_sc08,LS61_3a.czi,LS61,3,a,AF568,8,ScanRegion8,-24108.75,6030.34,6178.2,8143.53,0,4,9,5,9,5,9,9,36
LS61_s03a_sc09,LS61_3a.czi,LS61,3,a,AF568,9,ScanRegion9,-23411.44,15335.06,6036.17,7651.74,1,4,10,12,10,10,10,10,37
LS61_s03a_sc10,LS61_3a.czi,LS61,3,a,AF568,10,ScanRegion10,-17206.08,6607.04,6351.57,8569.6,0,5,11,6,11,6,12,11,38
LS61_s03a_sc11,LS61_3a.czi,LS61,3,a,AF568,11,ScanRegion11,-16774.46,15861.98,5892.35,7826.56,1,5,12,13,12,9,11,12,39
LS61_s03a_sc12,LS61_3a.czi,LS61,3,a,AF568,12,ScanRegion12,-9421.29,6712.29,6388.08,7758.64,0,6,13,7,13,7,13,13,40
LS61_s03a_sc13,LS61_3a.czi,LS61,3,a,AF568,13,ScanRegion13,-9748.58,16262.38,5544.23,7615.47,1,6,14,14,14,8,14,14,41
LS61_s03b_sc00,LS61_3b.czi,LS61,3,b,AF488,0,ScanRegion0,-51047.55,6907.18,5403.37,5990.02,0,0,1,1,1,1,1,1,32
LS61_s03b_sc01,LS61_3b.czi,LS61,3,b,AF488,1,ScanRegion1,-51321.47,15894.49,5366.67,6413.38,2,0,2,9,3,9,3,2,33
LS61_s03b_sc02,LS61_3b.czi,LS61,3,b,AF488,2,ScanRegion2,-43864.2,7361.85,5932.17,6594.66,0,1,3,2,4,2,5,3,34
LS61_s03b_sc03,LS61_3b.czi,LS61,3,b,AF488,3,ScanRegion3,-45159.85,15925.43,5754.33,6661.77,2,1,4,10,5,10,4,4,35
LS61_s03b_sc04,LS61_3b.czi,LS61,3,b,AF488,4,ScanRegion4,-35919.31,7503.18,5789.2,6487.02,0,2,5,3,6,3,6,5,36
LS61_s03b_sc05,LS61_3b.czi,LS61,3,b,AF488,5,ScanRegion5,-36564.38,15892.24,6494.96,6980.28,2,2,6,11,7,11,7,6,37
LS61_s03b_sc06,LS61_3b.czi,LS61,3,b,AF488,6,ScanRegion6,-28432.37,5703.46,6071.72,6592.83,0,3,7,4,8,4,9,7,38
LS61_s03b_sc07,LS61_3b.czi,LS61,3,b,AF488,7,ScanRegion7,-28246.23,13229.13,6176.85,5924.82,1,0,8,8,2,8,2,8,39
LS61_s03b_sc08,LS61_3b.czi,LS61,3,b,AF488,8,ScanRegion8,-27439.65,19800.74,6459.87,6382.4,2,3,9,12,9,12,8,9,40
LS61_s03b_sc09,LS61_3b.czi,LS61,3,b,AF488,9,ScanRegion9,-20720.06,7146.48,5896.36,7684.7,0,4,10,5,10,5,10,10,41
LS61_s03b_sc10,LS61_3b.czi,LS61,3,b,AF488,10,ScanRegion10,-21275.68,16291.76,6213.3,7719.73,2,4,11,13,11,13,11,11,42
LS61_s03b_sc11,LS61_3b.czi,LS61,3,b,AF488,11,ScanRegion11,-13446.56,7833.02,6461.82,7545.86,0,5,12,6,12,6,13,12,43
LS61_s03b_sc12,LS61_3b.czi,LS61,3,b,AF488,12,ScanRegion12,-13844.19,16940.78,6109.37,8282.96,2,5,13,14,13,14,12,13,44
LS61_s03b_sc13,LS61_3b.czi,LS61,3,b,AF488,13,ScanRegion13,-6369.52,8006.04,6071.33,8355.65,0,6,14,7,14,7,14,14,45
LS61_s03b_sc14,LS61_3b.czi,LS61,3,b,AF488,14,ScanRegion14,-7561.42,17360.47,5403.05,7261.35,2,6,15,15,15,15,15,15,46
LS61_s04a_sc00,LS61_4a.czi,LS61,4,a,AF568,0,ScanRegion0,-51347.49,7050.35,6351.96,8034.13,0,0,1,1,1,1,1,1,42
LS61_s04a_sc01,LS61_4a.czi,LS61,4,a,AF568,1,ScanRegion1,-50456.39,16109.25,5616.41,9513.17,1,0,2,7,2,11,2,2,43
LS61_s04a_sc02,LS61_4a.czi,LS61,4,a,AF568,2,ScanRegion2,-44127.27,7362.29,7376.18,9623.52,0,1,3,2,3,2,4,3,44
LS61_s04a_sc03,LS61_4a.czi,LS61,4,a,AF568,3,ScanRegion3,-35618.62,6833.01,6601.7,9659.72,0,2,4,3,5,3,5,4,45
LS61_s04a_sc04,LS61_4a.czi,LS61,4,a,AF568,4,ScanRegion4,-34675.87,16916.35,5401.09,7403.64,1,1,5,8,4,10,3,5,46
LS61_s04a_sc05,LS61_4a.czi,LS61,4,a,AF568,5,ScanRegion5,-27709.11,5898.81,6673.62,8106.6,0,3,6,4,7,4,8,6,47
LS61_s04a_sc06,LS61_4a.czi,LS61,4,a,AF568,6,ScanRegion6,-26730.28,15892.01,7804.72,9340.99,1,2,7,9,6,9,6,7,48
LS61_s04a_sc07,LS61_4a.czi,LS61,4,a,AF568,7,ScanRegion7,-18493.76,6799.41,8368.01,9660.97,0,4,8,5,9,5,9,8,49
LS61_s04a_sc08,LS61_4a.czi,LS61,4,a,AF568,8,ScanRegion8,-17744.4,16404.06,8046.99,9205.15,1,3,9,10,8,8,7,9,50
LS61_s04a_sc09,LS61_4a.czi,LS61,4,a,AF568,9,ScanRegion9,-9299.38,7030.65,8051.04,10571.78,0,5,10,6,11,6,11,10,51
LS61_s04a_sc10,LS61_4a.czi,LS61,4,a,AF568,10,ScanRegion10,-9148.36,16584.53,6885.89,8596.62,1,4,11,11,10,7,10,11,52
LS61_s04b_sc00,LS61_4b.czi,LS61,4,b,AF488,0,ScanRegion0,-51489.62,7066.44,6706.55,9133.71,0,0,1,1,1,1,1,1,47
LS61_s04b_sc01,LS61_4b.czi,LS61,4,b,AF488,1,ScanRegion1,-51728.68,16774.1,7168.15,9236.21,1,0,2,6,2,11,2,2,48
LS61_s04b_sc02,LS61_4b.czi,LS61,4,b,AF488,2,ScanRegion2,-43508.51,6361.49,6993.76,8599.19,0,1,3,2,3,2,4,3,49
LS61_s04b_sc03,LS61_4b.czi,LS61,4,b,AF488,3,ScanRegion3,-44241.14,15625.72,7167.37,9590.19,1,1,4,7,4,10,3,4,50
LS61_s04b_sc04,LS61_4b.czi,LS61,4,b,AF488,4,ScanRegion4,-32301.23,6995.57,14583.23,9707.0,0,2,5,3,5,3,5,5,51
LS61_s04b_sc05,LS61_4b.czi,LS61,4,b,AF488,5,ScanRegion5,-35134.96,16968.4,8011.75,10965.55,1,2,6,8,6,9,6,6,52
LS61_s04b_sc06,LS61_4b.czi,LS61,4,b,AF488,6,ScanRegion6,-27030.73,16598.01,6846.42,9905.39,1,3,7,9,8,8,7,7,53
LS61_s04b_sc07,LS61_4b.czi,LS61,4,b,AF488,7,ScanRegion7,-19342.48,6445.84,7799.49,9589.67,0,3,8,4,7,4,8,8,54
LS61_s04b_sc08,LS61_4b.czi,LS61,4,b,AF488,8,ScanRegion8,-18839.22,16578.62,7765.43,9907.59,1,4,9,10,10,7,10,9,55
LS61_s04b_sc09,LS61_4b.czi,LS61,4,b,AF488,9,ScanRegion9,-10446.13,7907.58,8436.06,9377.7,0,4,10,5,9,5,9,10,56
LS61_s04b_sc10,LS61_4b.czi,LS61,4,b,AF488,10,ScanRegion10,-9784.61,17057.52,7872.95,8772.84,1,5,11,11,11,6,11,11,57
LS61_s04c_sc00,LS61_4c.czi,LS61,4,c,AF488,0,ScanRegion0,-52355.36,7187.66,6461.4,8177.74,0,0,1,1,1,1,1,1,17
LS61_s04c_sc01,LS61_4c.czi,LS61,4,c,AF488,1,ScanRegion1,-52079.17,16248.1,6600.42,9302.15,1,0,2,7,2,12,2,2,18
LS61_s04c_sc02,LS61_4c.czi,LS61,4,c,AF488,2,ScanRegion2,-45238.76,6147.1,6774.41,8532.96,0,1,3,2,3,2,4,3,19
LS61_s04c_sc03,LS61_4c.czi,LS61,4,c,AF488,3,ScanRegion3,-44963.68,15465.88,7411.06,9415.58,1,1,4,8,4,11,3,4,20
LS61_s04c_sc04,LS61_4c.czi,LS61,4,c,AF488,4,ScanRegion4,-37630.57,6654.3,7092.88,8957.64,0,2,5,3,5,3,5,5,21
LS61_s04c_sc05,LS61_4c.czi,LS61,4,c,AF488,5,ScanRegion5,-36739.31,16100.5,7483.38,9028.86,1,2,6,9,6,10,6,6,22
LS61_s04c_sc06,LS61_4c.czi,LS61,4,c,AF488,6,ScanRegion6,-29950.25,6141.8,8262.06,8388.91,0,3,7,4,7,4,8,7,23
LS61_s04c_sc07,LS61_4c.czi,LS61,4,c,AF488,7,ScanRegion7,-29040.02,15956.44,6918.95,9768.53,1,3,8,10,8,9,7,8,24
LS61_s04c_sc08,LS61_4c.czi,LS61,4,c,AF488,8,ScanRegion8,-19943.03,7626.3,7097.72,9481.23,0,4,9,5,9,5,9,9,25
LS61_s04c_sc09,LS61_4c.czi,LS61,4,c,AF488,9,ScanRegion9,-19917.27,17178.9,8366.73,9336.44,1,4,10,11,10,8,10,10,26
LS61_s04c_sc10,LS61_4c.czi,LS61,4,c,AF488,10,ScanRegion10,-11346.23,6918.13,8543.58,10220.01,0,5,11,6,11,6,12,11,27
LS61_s04c_sc11,LS61_4c.czi,LS61,4,c,AF488,11,ScanRegion11,-9731.46,17163.25,8544.79,9410.01,1,5,12,12,12,7,11,12,28
LS61_s05a_sc00,LS61_5a.czi,LS61,5,a,AF568,0,ScanRegion0,-51277.13,7398.71,7697.34,9801.65,0,0,1,1,1,1,1,1,53
LS61_s05a_sc01,LS61_5a.czi,LS61,5,a,AF568,1,ScanRegion1,-50562.44,16550.89,7660.9,9617.87,1,0,2,7,2,12,2,2,54
LS61_s05a_sc02,LS61_5a.czi,LS61,5,a,AF568,2,ScanRegion2,-42150.46,6626.55,8862.47,9622.57,0,1,3,2,3,2,4,3,55
LS61_s05a_sc03,LS61_5a.czi,LS61,5,a,AF568,3,ScanRegion3,-41082.97,16164.02,7910.96,8596.11,1,1,4,8,4,11,3,4,56
LS61_s05a_sc04,LS61_5a.czi,LS61,5,a,AF568,4,ScanRegion4,-32970.56,6434.51,7800.95,9974.78,0,2,5,3,5,3,5,5,57
LS61_s05a_sc05,LS61_5a.czi,LS61,5,a,AF568,5,ScanRegion5,-31624.2,15352.79,7643.94,8418.81,1,2,6,9,6,10,6,6,58
LS61_s05a_sc06,LS61_5a.czi,LS61,5,a,AF568,6,ScanRegion6,-24248.62,6239.85,8439.12,10048.49,0,3,7,4,7,4,8,7,59
LS61_s05a_sc07,LS61_5a.czi,LS61,5,a,AF568,7,ScanRegion7,-22440.69,15938.67,6992.94,9829.62,1,3,8,10,8,9,7,8,60
LS61_s05a_sc08,LS61_5a.czi,LS61,5,a,AF568,8,ScanRegion8,-14822.65,6737.47,8434.21,10571.78,0,4,9,5,9,5,9,9,61
LS61_s05a_sc09,LS61_5a.czi,LS61,5,a,AF568,9,ScanRegion9,-13987.32,16872.53,7591.11,8702.42,1,4,10,11,10,8,10,10,62
LS61_s05a_sc10,LS61_5a.czi,LS61,5,a,AF568,10,ScanRegion10,-6265.94,6068.03,7971.33,9567.98,0,5,11,6,11,6,12,11,63
LS61_s05a_sc11,LS61_5a.czi,LS61,5,a,AF568,11,ScanRegion11,-5828.9,16166.64,7309.59,7538.37,1,5,12,12,12,7,11,12,64
LS61_s05b_sc00,LS61_5b.czi,LS61,5,b,AF488,0,ScanRegion0,-51490.37,6962.61,8260.28,9695.84,0,0,1,1,1,1,1,1,58
LS61_s05b_sc01,LS61_5b.czi,LS61,5,b,AF488,1,ScanRegion1,-51498.37,16952.78,8262.2,9019.69,1,0,2,7,2,12,2,2,59
LS61_s05b_sc02,LS61_5b.czi,LS61,5,b,AF488,2,ScanRegion2,-42696.89,6517.44,7834.37,10329.05,0,1,3,2,3,2,4,3,60
LS61_s05b_sc03,LS61_5b.czi,LS61,5,b,AF488,3,ScanRegion3,-42107.85,16904.05,8616.61,10288.08,1,1,4,8,4,11,3,4,61
LS61_s05b_sc04,LS61_5b.czi,LS61,5,b,AF488,4,ScanRegion4,-33991.63,5620.53,8296.83,10329.71,0,2,5,3,5,3,5,5,62
LS61_s05b_sc05,LS61_5b.czi,LS61,5,b,AF488,5,ScanRegion5,-32485.23,15953.51,8226.86,10324.2,1,2,6,9,6,10,6,6,63
LS61_s05b_sc06,LS61_5b.czi,LS61,5,b,AF488,6,ScanRegion6,-25239.08,5675.52,8014.7,10470.09,0,3,7,4,7,4,8,7,64
LS61_s05b_sc07,LS61_5b.czi,LS61,5,b,AF488,7,ScanRegion7,-23445.04,15813.52,8369.11,10359.96,1,3,8,10,8,9,7,8,65
LS61_s05b_sc08,LS61_5b.czi,LS61,5,b,AF488,8,ScanRegion8,-15986.7,5906.54,9070.35,9760.31,0,4,9,5,9,5,9,9,66
LS61_s05b_sc09,LS61_5b.czi,LS61,5,b,AF488,9,ScanRegion9,-14303.86,15606.09,8509.27,10538.08,1,4,10,11,10,8,10,10,67
LS61_s05b_sc10,LS61_5b.czi,LS61,5,b,AF488,10,ScanRegion10,-6648.78,5852.57,8609.95,9199.5,0,5,11,6,11,6,12,11,68
LS61_s05b_sc11,LS61_5b.czi,LS61,5,b,AF488,11,ScanRegion11,-6233.85,15162.13,7272.79,9195.24,1,5,12,12,12,7,11,12,69
LS61_s06a_sc00,LS61_6a.czi,LS61,6,a,AF568,0,ScanRegion0,-51612.62,6588.41,7803.8,9376.82,0,0,1,1,1,1,1,1,65
LS61_s06a_sc01,LS61_6a.czi,LS61,6,a,AF568,1,ScanRegion1,-51144.82,16848.44,8615.47,9936.45,1,0,2,7,2,11,2,2,66
LS61_s06a_sc02,LS61_6a.czi,LS61,6,a,AF568,2,ScanRegion2,-42345.53,6714.55,7838.75,10151.14,0,1,3,2,3,2,4,3,67
LS61_s06a_sc03,LS61_6a.czi,LS61,6,a,AF568,3,ScanRegion3,-33729.06,6220.51,7060.1,10046.95,0,2,4,3,5,3,5,4,68
LS61_s06a_sc04,LS61_6a.czi,LS61,6,a,AF568,4,ScanRegion4,-32399.35,15883.61,6567.42,8775.11,1,1,5,8,4,10,3,5,69
LS61_s06a_sc05,LS61_6a.czi,LS61,6,a,AF568,5,ScanRegion5,-25979.18,5918.26,6881.44,9696.65,0,3,6,4,7,4,8,6,70
LS61_s06a_sc06,LS61_6a.czi,LS61,6,a,AF568,6,ScanRegion6,-24754.18,16179.13,6320.35,8774.38,1,2,7,9,6,9,6,7,71
LS61_s06a_sc07,LS61_6a.czi,LS61,6,a,AF568,7,ScanRegion7,-18618.52,6605.2,6496.35,9626.9,0,4,8,5,9,5,9,8,72
LS61_s06a_sc08,LS61_6a.czi,LS61,6,a,AF568,8,ScanRegion8,-17216.83,16230.93,6705.26,8282.37,1,3,9,10,8,8,7,9,73
LS61_s06a_sc09,LS61_6a.czi,LS61,6,a,AF568,9,ScanRegion9,-8962.66,6045.16,8649.03,10152.09,0,5,10,6,11,6,11,10,74
LS61_s06a_sc10,LS61_6a.czi,LS61,6,a,AF568,10,ScanRegion10,-7720.42,16777.56,7982.03,10047.76,1,4,11,11,10,7,10,11,75
LS61_s06b_sc00,LS61_6b.czi,LS61,6,b,AF488,0,ScanRegion0,-51329.54,6517.45,7870.07,10080.14,0,0,1,1,1,1,1,1,70
LS61_s06b_sc01,LS61_6b.czi,LS61,6,b,AF488,1,ScanRegion1,-50951.94,17078.95,8367.94,10182.93,1,0,2,7,2,12,2,2,71
LS61_s06b_sc02,LS61_6b.czi,LS61,6,b,AF488,2,ScanRegion2,-42821.16,6817.93,7940.04,9867.14,0,1,3,2,3,2,4,3,72
LS61_s06b_sc03,LS61_6b.czi,LS61,6,b,AF488,3,ScanRegion3,-42090.11,17097.16,8015.66,9903.49,1,1,4,8,4,11,3,4,73
LS61_s06b_sc04,LS61_6b.czi,LS61,6,b,AF488,4,ScanRegion4,-32919.91,7812.26,7693.04,9337.39,0,2,5,3,5,3,5,5,74
LS61_s06b_sc05,LS61_6b.czi,LS61,6,b,AF488,5,ScanRegion5,-33512.67,17817.1,7519.28,9481.52,1,2,6,9,6,10,6,6,75
LS61_s06b_sc06,LS61_6b.czi,LS61,6,b,AF488,6,ScanRegion6,-24975.37,7015.53,7201.07,9977.93,0,3,7,4,7,4,8,7,76
LS61_s06b_sc07,LS61_6b.czi,LS61,6,b,AF488,7,ScanRegion7,-25180.41,18098.53,7660.47,9371.09,1,3,8,10,8,9,7,8,77
LS61_s06b_sc08,LS61_6b.czi,LS61,6,b,AF488,8,ScanRegion8,-17580.21,6160.15,7493.24,9565.92,0,4,9,5,9,5,9,9,78
LS61_s06b_sc09,LS61_6b.czi,LS61,6,b,AF488,9,ScanRegion9,-17093.29,17251.03,7447.82,9265.0,1,4,10,11,10,8,10,10,79
LS61_s06b_sc10,LS61_6b.czi,LS61,6,b,AF488,10,ScanRegion10,-9405.4,7311.79,7979.36,8607.56,0,5,11,6,11,6,12,11,80
LS61_s06b_sc11,LS61_6b.czi,LS61,6,b,AF488,11,ScanRegion11,-8691.84,17374.12,7734.64,8634.95,1,5,12,12,12,7,11,12,81
LS61_s07a_sc00,LS61_7a.czi,LS61,7,a,AF568,0,ScanRegion0,-51807.23,6183.78,7485.83,8773.87,0,0,1,1,1,1,1,1,76
LS61_s07a_sc01,LS61_7a.czi,LS61,7,a,AF568,1,ScanRegion1,-51428.3,16264.36,6427.73,9621.32,1,0,2,7,2,11,2,2,77
LS61_s07a_sc02,LS61_7a.czi,LS61,7,a,AF568,2,ScanRegion2,-42714.58,6732.76,8580.77,9899.74,0,1,3,2,3,2,4,3,78
LS61_s07a_sc03,LS61_7a.czi,LS61,7,a,AF568,3,ScanRegion3,-42582.17,16144.64,6817.09,8138.53,1,1,4,8,4,10,3,4,79
LS61_s07a_sc04,LS61_7a.czi,LS61,7,a,AF568,4,ScanRegion4,-33537.19,7401.89,7521.06,9728.88,0,2,5,3,5,3,5,5,80
LS61_s07a_sc05,LS61_7a.czi,LS61,7,a,AF568,5,ScanRegion5,-33864.57,17623.08,6743.52,7967.9,1,2,6,9,6,9,6,6,81
LS61_s07a_sc06,LS61_7a.czi,LS61,7,a,AF568,6,ScanRegion6,-25149.23,6733.63,7274.32,9342.46,0,3,7,4,7,4,8,7,82
LS61_s07a_sc07,LS61_7a.czi,LS61,7,a,AF568,7,ScanRegion7,-25442.64,16654.22,6144.04,6763.69,1,3,8,10,8,8,7,8,83
LS61_s07a_sc08,LS61_7a.czi,LS61,7,a,AF568,8,ScanRegion8,-17330.13,6395.62,7168.76,8920.2,0,4,9,5,9,5,9,9,84
LS61_s07a_sc09,LS61_7a.czi,LS61,7,a,AF568,9,ScanRegion9,-15380.58,17399.49,7272.36,7432.35,1,4,10,11,10,7,10,10,85
LS61_s07a_sc10,LS61_7a.czi,LS61,7,a,AF568,10,ScanRegion10,-8451.13,6714.31,8827.87,9372.56,0,5,11,6,11,6,11,11,86
LS61_s07b_sc00,LS61_7b.czi,LS61,7,b,AF488,0,ScanRegion0,-51348.52,7207.63,7343.51,9907.74,0,0,1,1,1,1,1,1,82
LS61_s07b_sc01,LS61_7b.czi,LS61,7,b,AF488,1,ScanRegion1,-51551.23,17319.56,7520.71,8918.73,1,0,2,7,2,12,2,2,83
LS61_s07b_sc02,LS61_7b.czi,LS61,7,b,AF488,2,ScanRegion2,-42854.45,5499.36,7377.96,9203.17,0,1,3,2,3,2,4,3,84
LS61_s07b_sc03,LS61_7b.czi,LS61,7,b,AF488,3,ScanRegion3,-42388.62,15297.22,7694.96,9415.0,1,1,4,8,4,11,3,4,85
LS61_s07b_sc04,LS61_7b.czi,LS61,7,b,AF488,4,ScanRegion4,-35318.54,6007.95,6214.08,8773.5,0,2,5,3,5,3,5,5,86
LS61_s07b_sc05,LS61_7b.czi,LS61,7,b,AF488,5,ScanRegion5,-34161.91,16953.57,7203.74,9166.53,1,2,6,9,6,10,6,6,87
LS61_s07b_sc06,LS61_7b.czi,LS61,7,b,AF488,6,ScanRegion6,-27198.49,6886.35,6569.77,8107.33,0,3,7,4,7,4,8,7,88
LS61_s07b_sc07,LS61_7b.czi,LS61,7,b,AF488,7,ScanRegion7,-26765.94,16210.26,6887.27,8426.35,1,3,8,10,8,9,7,8,89
LS61_s07b_sc08,LS61_7b.czi,LS61,7,b,AF488,8,ScanRegion8,-19059.08,5883.56,7381.16,8318.27,0,4,9,5,9,5,9,9,90
LS61_s07b_sc09,LS61_7b.czi,LS61,7,b,AF488,9,ScanRegion9,-18732.53,16105.12,7626.38,8596.55,1,4,10,11,10,8,10,10,91
LS61_s07b_sc10,LS61_7b.czi,LS61,7,b,AF488,10,ScanRegion10,-9069.21,6944.08,8369.15,8420.48,0,5,11,6,11,6,12,11,92
LS61_s07b_sc11,LS61_7b.czi,LS61,7,b,AF488,11,ScanRegion11,-8284.94,17114.57,8404.95,9089.88,1,5,12,12,12,7,11,12,93
LS61_s08a_sc00,LS61_8a.czi,LS61,8,a,AF568,0,ScanRegion0,-51967.31,7629.85,7029.07,8276.94,0,0,1,1,1,1,1,1,87
LS61_s08a_sc01,LS61_8a.czi,LS61,8,a,AF568,1,ScanRegion1,-43243.06,5850.58,8438.91,8627.9,0,1,2,2,3,2,3,2,88
LS61_s08a_sc02,LS61_8a.czi,LS61,8,a,AF568,2,ScanRegion2,-33694.11,6223.41,7204.31,8628.05,0,2,3,3,4,3,4,3,89
LS61_s08a_sc03,LS61_8a.czi,LS61,8,a,AF568,3,ScanRegion3,-24708.57,5871.05,6532.3,8457.71,0,3,4,4,5,4,5,4,90
LS61_s08a_sc04,LS61_8a.czi,LS61,8,a,AF568,4,ScanRegion4,-14700.13,6666.36,7345.39,8530.69,0,4,5,5,6,5,6,5,91
LS61_s08a_sc05,LS61_8a.czi,LS61,8,a,AF568,5,ScanRegion5,-6793.1,8161.95,7840.7,8456.17,0,5,6,6,7,6,7,6,92
LS61_s08a_sc06,LS61_8a.czi,LS61,8,a,AF568,6,ScanRegion6,-6677.86,16852.19,7170.96,7425.6,1,0,7,7,2,7,2,7,93
LS61_s08b_sc00,LS61_8b.czi,LS61,8,b,AF488,0,ScanRegion0,-50881.93,7347.9,8701.36,7514.01,0,0,1,1,1,1,1,1,94
LS61_s08b_sc01,LS61_8b.czi,LS61,8,b,AF488,1,ScanRegion1,-51055.93,15087.49,7382.66,7045.85,1,0,2,7,2,12,2,2,95
LS61_s08b_sc02,LS61_8b.czi,LS61,8,b,AF488,2,ScanRegion2,-41266.96,6063.65,7664.35,7288.96,0,1,3,2,4,2,5,3,96
LS61_s08b_sc03,LS61_8b.czi,LS61,8,b,AF488,3,ScanRegion3,-43487.16,19121.66,8120.91,6268.15,2,0,4,13,3,13,3,4,97
LS61_s08b_sc04,LS61_8b.czi,LS61,8,b,AF488,4,ScanRegion4,-42686.32,12917.75,8371.14,7181.1,1,1,5,8,5,11,4,5,98
LS61_s08b_sc05,LS61_8b.czi,LS61,8,b,AF488,5,ScanRegion5,-33763.87,6556.72,6995.61,8877.47,0,2,6,3,6,3,6,6,99
LS61_s08b_sc06,LS61_8b.czi,LS61,8,b,AF488,6,ScanRegion6,-34621.82,16262.99,8899.73,8065.4,1,2,7,9,7,10,7,7,100
LS61_s08b_sc07,LS61_8b.czi,LS61,8,b,AF488,7,ScanRegion7,-27240.58,6115.0,8113.16,7706.67,0,3,8,4,8,4,9,8,101
LS61_s08b_sc08,LS61_8b.czi,LS61,8,b,AF488,8,ScanRegion8,-23835.13,15035.56,8935.39,8098.45,1,3,9,10,9,9,8,9,102
LS61_s08b_sc09,LS61_8b.czi,LS61,8,b,AF488,9,ScanRegion9,-16182.45,6718.46,7982.28,8770.42,0,4,10,5,10,5,10,10,103
LS61_s08b_sc10,LS61_8b.czi,LS61,8,b,AF488,10,ScanRegion10,-15733.26,16799.44,8617.35,7783.83,1,4,11,11,11,8,11,11,104
LS61_s08b_sc11,LS61_8b.czi,LS61,8,b,AF488,11,ScanRegion11,-8205.06,8053.62,8545.29,7815.99,0,5,12,6,12,6,13,12,105
LS61_s08b_sc12,LS61_8b.czi,LS61,8,b,AF488,12,ScanRegion12,-7084.15,15755.1,7982.14,7219.57,1,5,13,12,13,7,12,13,106
LS61_s09a_sc00,LS61_9a.czi,LS61,9,a,AF568,0,ScanRegion0,-50511.47,17483.48,9603.5,8520.27,1,0,1,4,2,7,2,1,94
LS61_s09a_sc01,LS61_9a.czi,LS61,9,a,AF568,1,ScanRegion1,-39729.92,6670.23,9182.0,8133.84,0,0,2,1,1,1,1,2,95
LS61_s09a_sc02,LS61_9a.czi,LS61,9,a,AF568,2,ScanRegion2,-41064.34,15812.65,8579.88,7462.38,1,1,3,5,4,6,3,3,96
LS61_s09a_sc03,LS61_9a.czi,LS61,9,a,AF568,3,ScanRegion3,-31136.17,7213.53,8795.45,8063.43,0,1,4,2,3,2,4,4,97
LS61_s09a_sc04,LS61_9a.czi,LS61,9,a,AF568,4,ScanRegion4,-31091.61,15760.77,9040.88,8591.41,1,2,5,6,6,5,6,5,98
LS61_s09a_sc05,LS61_9a.czi,LS61,9,a,AF568,5,ScanRegion5,-21461.04,6654.11,8654.87,8943.18,0,2,6,3,5,3,5,6,99
LS61_s09a_sc06,LS61_9a.czi,LS61,9,a,AF568,6,ScanRegion6,-21700.97,16431.78,9536.19,9044.58,1,3,7,7,7,4,7,7,100
LS61_s09b_sc00,LS61_9b.czi,LS61,9,b,AF488,0,ScanRegion0,-50447.11,7298.89,8087.03,7751.6,0,0,1,1,1,1,1,1,107
LS61_s09b_sc01,LS61_9b.czi,LS61,9,b,AF488,1,ScanRegion1,-49097.23,17222.17,7487.75,7922.45,1,0,2,5,2,8,2,2,108
LS61_s09b_sc02,LS61_9b.czi,LS61,9,b,AF488,2,ScanRegion2,-41550.24,6484.15,9288.66,6797.46,0,1,3,2,3,2,4,3,109
LS61_s09b_sc03,LS61_9b.czi,LS61,9,b,AF488,3,ScanRegion3,-41331.89,17310.34,8052.68,7998.08,1,1,4,6,4,7,3,4,110
LS61_s09b_sc04,LS61_9b.czi,LS61,9,b,AF488,4,ScanRegion4,-33182.32,7124.46,8934.43,6969.71,0,2,5,3,5,3,5,5,111
LS61_s09b_sc05,LS61_9b.czi,LS61,9,b,AF488,5,ScanRegion5,-32027.71,16940.43,9711.9,7776.93,1,2,6,7,6,6,6,6,112
LS61_s09b_sc06,LS61_9b.czi,LS61,9,b,AF488,6,ScanRegion6,-21708.28,6334.09,8299.89,7959.53,0,3,7,4,7,4,8,7,113
LS61_s09b_sc07,LS61_9b.czi,LS61,9,b,AF488,7,ScanRegion7,-20554.33,17245.86,8582.19,8348.75,1,3,8,8,8,5,7,8,114
LS69_s01a_sc00,LS69_1a.czi,LS69,1,a,AF568,0,ScanRegion0,-52536.72,13812.09,4201.48,5570.26,1,0,1,8,2,15,2,1,1
LS69_s01a_sc01,LS69_1a.czi,LS69,1,a,AF568,1,ScanRegion1,-47690.79,4588.43,4555.0,5640.6,0,0,2,1,1,1,1,2,2
LS69_s01a_sc02,LS69_1a.czi,LS69,1,a,AF568,2,ScanRegion2,-47381.49,13188.4,4414.09,5850.96,1,1,3,9,5,14,4,3,3
LS69_s01a_sc03,LS69_1a.czi,LS69,1,a,AF568,3,ScanRegion3,-46029.75,19976.27,4376.55,4757.32,2,0,4,16,3,16,3,4,4
LS69_s01a_sc04,LS69_1a.czi,LS69,1,a,AF568,4,ScanRegion4,-41549.48,6258.52,5190.11,6277.03,0,1,5,2,4,2,5,5,5
LS69_s01a_sc05,LS69_1a.czi,LS69,1,a,AF568,5,ScanRegion5,-40447.08,15264.55,4942.72,5747.36,1,2,6,10,7,13,7,6,6
LS69_s01a_sc06,LS69_1a.czi,LS69,1,a,AF568,6,ScanRegion6,-35637.11,7750.66,5082.59,6487.24,0,2,7,3,6,3,6,7,7
LS69_s01a_sc07,LS69_1a.czi,LS69,1,a,AF568,7,ScanRegion7,-34338.65,15701.52,4589.91,5816.6,1,3,8,11,9,12,8,8,8
LS69_s01a_sc08,LS69_1a.czi,LS69,1,a,AF568,8,ScanRegion8,-30037.06,3692.14,5472.84,6663.39,0,3,9,4,8,4,9,9,9
LS69_s01a_sc09,LS69_1a.czi,LS69,1,a,AF568,9,ScanRegion9,-29093.28,12981.73,4767.12,6837.55,1,4,10,12,11,11,11,10,10
LS69_s01a_sc10,LS69_1a.czi,LS69,1,a,AF568,10,ScanRegion10,-21000.48,4909.42,5754.5,6098.76,0,4,11,5,10,5,10,11,11
LS69_s01a_sc11,LS69_1a.czi,LS69,1,a,AF568,11,ScanRegion11,-22033.65,14298.36,6390.47,6205.52,1,5,12,13,13,10,12,12,12
LS69_s01a_sc12,LS69_1a.czi,LS69,1,a,AF568,12,ScanRegion12,-14576.5,6490.33,4413.92,5853.45,0,5,13,6,12,6,13,13,13
LS69_s01a_sc13,LS69_1a.czi,LS69,1,a,AF568,13,ScanRegion13,-14992.5,16728.15,5154.59,7013.91,1,6,14,14,15,9,15,14,14
LS69_s01a_sc14,LS69_1a.czi,LS69,1,a,AF568,14,ScanRegion14,-8240.84,7720.31,5225.17,6309.71,0,6,15,7,14,7,14,15,15
LS69_s01a_sc15,LS69_1a.czi,LS69,1,a,AF568,15,ScanRegion15,-8001.69,16761.7,5296.1,6837.55,1,7,16,15,16,8,16,16,16
LS69_s01b_sc00,LS69_1b.czi,LS69,1,b,AF488,0,ScanRegion0,-50621.91,4951.55,8301.67,7639.26,0,0,1,1,1,1,1,1,1
LS69_s01b_sc01,LS69_1b.czi,LS69,1,b,AF488,1,ScanRegion1,-52782.71,12578.8,4413.21,5144.7,1,0,2,8,2,9,2,2,2
LS69_s01b_sc02,LS69_1b.czi,LS69,1,b,AF488,2,ScanRegion2,-52558.86,18554.06,4592.62,6093.77,2,0,3,10,3,10,3,3,3
LS69_s01b_sc03,LS69_1b.czi,LS69,1,b,AF488,3,ScanRegion3,-48148.09,19196.37,4873.68,6660.15,2,1,4,11,6,11,4,4,4
LS69_s01b_sc04,LS69_1b.czi,LS69,1,b,AF488,4,ScanRegion4,-47926.86,12006.21,4447.94,5677.97,1,1,5,9,5,8,5,5,5
LS69_s01b_sc05,LS69_1b.czi,LS69,1,b,AF488,5,ScanRegion5,-41833.31,6716.09,5400.94,6203.02,0,1,6,2,4,2,6,6,6
LS69_s01b_sc06,LS69_1b.czi,LS69,1,b,AF488,6,ScanRegion6,-41717.43,15598.18,5014.72,6272.04,2,2,7,12,8,12,8,7,7
LS69_s01b_sc07,LS69_1b.czi,LS69,1,b,AF488,7,ScanRegion7,-36165.86,7380.05,4658.32,5532.52,0,2,8,3,7,3,7,8,8
LS69_s01b_sc08,LS69_1b.czi,LS69,1,b,AF488,8,ScanRegion8,-36087.58,15733.61,4341.74,5674.74,2,3,9,13,10,13,9,9,9
LS69_s01b_sc09,LS69_1b.czi,LS69,1,b,AF488,9,ScanRegion9,-30304.59,5983.32,5083.27,5673.35,0,3,10,4,9,4,10,10,10
LS69_s01b_sc10,LS69_1b.czi,LS69,1,b,AF488,10,ScanRegion10,-31690.08,14965.85,5083.27,5888.77,2,4,11,14,12,14,12,11,11
LS69_s01b_sc11,LS69_1b.czi,LS69,1,b,AF488,11,ScanRegion11,-24337.68,6751.61,5014.93,6697.6,0,4,12,5,11,5,11,12,12
LS69_s01b_sc12,LS69_1b.czi,LS69,1,b,AF488,12,ScanRegion12,-25422.49,14856.26,5614.95,6558.61,2,5,13,15,14,15,13,13,13
LS69_s01b_sc13,LS69_1b.czi,LS69,1,b,AF488,13,ScanRegion13,-17825.58,7294.02,4695.94,6205.44,0,5,14,6,13,6,14,14,14
LS69_s01b_sc14,LS69_1b.czi,LS69,1,b,AF488,14,ScanRegion14,-17199.57,17110.69,5401.16,7297.03,2,6,15,16,16,16,16,15,15
LS69_s01b_sc15,LS69_1b.czi,LS69,1,b,AF488,15,ScanRegion15,-8928.74,8069.99,5967.23,7017.14,0,6,16,7,15,7,15,16,16
LS69_s01b_sc16,LS69_1b.czi,LS69,1,b,AF488,16,ScanRegion16,-8724.82,16777.7,5400.38,6871.32,2,7,17,17,17,17,17,17,17
LS69_s02a_sc00,LS69_2a.czi,LS69,2,a,AF568,0,ScanRegion0,-52018.94,7418.72,6145.75,7155.1,0,0,1,1,1,1,1,1,17
LS69_s02a_sc01,LS69_2a.czi,LS69,2,a,AF568,1,ScanRegion1,-52927.99,16013.73,5404.11,6873.45,1,0,2,7,2,13,2,2,18
LS69_s02a_sc02,LS69_2a.czi,LS69,2,a,AF568,2,ScanRegion2,-45917.69,14338.17,5155.94,5886.42,1,1,3,8,5,12,5,3,19
LS69_s02a_sc03,LS69_2a.czi,LS69,2,a,AF568,3,ScanRegion3,-39962.11,7372.46,5824.9,6448.33,0,1,4,2,4,2,6,4,20
LS69_s02a_sc04,LS69_2a.czi,LS69,2,a,AF568,4,ScanRegion4,-39335.59,16041.77,5260.75,6239.66,1,2,5,9,8,11,8,5,21
LS69_s02a_sc05,LS69_2a.czi,LS69,2,a,AF568,5,ScanRegion5,-31628.69,6525.37,5260.79,5920.42,0,2,6,3,7,3,7,6,22
LS69_s02a_sc06,LS69_2a.czi,LS69,2,a,AF568,6,ScanRegion6,-31565.38,14087.34,5190.26,5743.98,1,3,7,10,10,10,9,7,23
LS69_s02a_sc07,LS69_2a.czi,LS69,2,a,AF568,7,ScanRegion7,-25572.26,5006.19,4730.96,5324.59,0,3,8,4,9,4,10,8,24
LS69_s02a_sc08,LS69_2a.czi,LS69,2,a,AF568,8,ScanRegion8,-24925.97,11949.07,4837.52,5535.23,1,4,9,11,12,9,12,9,25
LS69_s02a_sc09,LS69_2a.czi,LS69,2,a,AF568,9,ScanRegion9,-24579.89,18383.3,4555.71,5287.36,2,0,10,14,3,14,3,10,26
LS69_s02a_sc10,LS69_2a.czi,LS69,2,a,AF568,10,ScanRegion10,-18158.62,5921.56,5579.04,5637.96,0,4,11,5,11,5,11,11,27
LS69_s02a_sc11,LS69_2a.czi,LS69,2,a,AF568,11,ScanRegion11,-17679.31,19734.87,5226.52,4725.08,2,1,12,15,6,15,4,12,28
LS69_s02a_sc12,LS69_2a.czi,LS69,2,a,AF568,12,ScanRegion12,-17336.22,13270.46,6037.05,6730.86,1,5,13,12,14,8,13,13,29
LS69_s02a_sc13,LS69_2a.czi,LS69,2,a,AF568,13,ScanRegion13,-9337.88,6875.89,7128.73,7673.36,0,5,14,6,13,6,14,14,30
LS69_s02a_sc14,LS69_2a.czi,LS69,2,a,AF568,14,ScanRegion14,-8495.97,15862.3,6848.41,7788.16,1,6,15,13,15,7,15,15,31
LS69_s02b_sc00,LS69_2b.czi,LS69,2,b,AF488,0,ScanRegion0,-51824.08,7083.65,5541.92,6839.16,0,0,1,1,1,1,1,1,18
LS69_s02b_sc01,LS69_2b.czi,LS69,2,b,AF488,1,ScanRegion1,-52803.1,14833.56,5648.19,6695.99,1,0,2,8,2,14,2,2,19
LS69_s02b_sc02,LS69_2b.czi,LS69,2,b,AF488,2,ScanRegion2,-45715.78,6213.69,4625.9,6063.89,0,1,3,2,4,2,6,3,20
LS69_s02b_sc03,LS69_2b.czi,LS69,2,b,AF488,3,ScanRegion3,-45987.45,14195.91,4376.8,5888.26,1,1,4,9,5,13,5,4,21
LS69_s02b_sc04,LS69_2b.czi,LS69,2,b,AF488,4,ScanRegion4,-39660.66,6262.81,5363.93,7051.87,0,2,5,3,7,3,7,5,22
LS69_s02b_sc05,LS69_2b.czi,LS69,2,b,AF488,5,ScanRegion5,-38946.82,15444.28,4693.12,6804.8,1,2,6,10,8,12,8,6,23
LS69_s02b_sc06,LS69_2b.czi,LS69,2,b,AF488,6,ScanRegion6,-30623.0,6175.39,4305.23,5291.4,0,3,7,4,9,4,10,7,24
LS69_s02b_sc07,LS69_2b.czi,LS69,2,b,AF488,7,ScanRegion7,-30946.46,12428.93,4094.99,4827.36,1,3,8,11,10,11,9,8,25
LS69_s02b_sc08,LS69_2b.czi,LS69,2,b,AF488,8,ScanRegion8,-29486.22,17896.84,5470.7,4970.98,2,0,9,15,3,15,3,9,26
LS69_s02b_sc09,LS69_2b.czi,LS69,2,b,AF488,9,ScanRegion9,-25008.45,6047.3,5506.65,6135.25,0,4,10,5,11,5,11,10,27
LS69_s02b_sc10,LS69_2b.czi,LS69,2,b,AF488,10,ScanRegion10,-23779.64,12654.41,5365.96,4973.03,1,4,11,12,12,10,12,11,28
LS69_s02b_sc11,LS69_2b.czi,LS69,2,b,AF488,11,ScanRegion11,-22038.15,18968.85,6459.55,5889.43,2,1,12,16,6,16,4,12,29
LS69_s02b_sc12,LS69_2b.czi,LS69,2,b,AF488,12,ScanRegion12,-16112.96,6241.21,6990.98,6552.0,0,5,13,6,13,6,14,13,30
LS69_s02b_sc13,LS69_2b.czi,LS69,2,b,AF488,13,ScanRegion13,-15257.36,15792.3,6110.41,9442.9,1,5,14,13,14,9,13,14,31
LS69_s02b_sc14,LS69_2b.czi,LS69,2,b,AF488,14,ScanRegion14,-7904.59,7051.76,7238.66,7788.09,0,6,15,7,15,7,15,15,32
LS69_s02b_sc15,LS69_2b.czi,LS69,2,b,AF488,15,ScanRegion15,-7172.47,16040.06,7310.51,8282.88,1,6,16,14,16,8,16,16,33
LS69_s03a_sc00,LS69_3a.czi,LS69,3,a,AF568,0,ScanRegion0,-50695.46,7171.73,7944.16,7289.62,0,0,1,1,1,1,1,1,32
LS69_s03a_sc01,LS69_3a.czi,LS69,3,a,AF568,1,ScanRegion1,-50633.28,15369.69,8014.71,8035.52,1,0,2,7,2,12,2,2,33
LS69_s03a_sc02,LS69_3a.czi,LS69,3,a,AF568,2,ScanRegion2,-42556.26,7172.23,6987.5,7826.05,0,1,3,2,3,2,4,3,34
LS69_s03a_sc03,LS69_3a.czi,LS69,3,a,AF568,3,ScanRegion3,-42053.45,16407.75,6744.81,8111.0,1,1,4,8,4,11,3,4,35
LS69_s03a_sc04,LS69_3a.czi,LS69,3,a,AF568,4,ScanRegion4,-34665.89,6095.91,6391.39,8951.48,0,2,5,3,5,3,5,5,36
LS69_s03a_sc05,LS69_3a.czi,LS69,3,a,AF568,5,ScanRegion5,-33493.68,16707.53,6424.99,9587.25,1,2,6,9,6,10,6,6,37
LS69_s03a_sc06,LS69_3a.czi,LS69,3,a,AF568,6,ScanRegion6,-27286.45,6410.45,6744.06,9548.7,0,3,7,4,7,4,8,7,38
LS69_s03a_sc07,LS69_3a.czi,LS69,3,a,AF568,7,ScanRegion7,-25865.36,15561.13,6497.7,9868.39,1,3,8,10,8,9,7,8,39
LS69_s03a_sc08,LS69_3a.czi,LS69,3,a,AF568,8,ScanRegion8,-18530.95,6606.45,6744.88,10325.01,0,4,9,5,9,5,9,9,40
LS69_s03a_sc09,LS69_3a.czi,LS69,3,a,AF568,9,ScanRegion9,-17182.2,16741.73,7484.84,10218.55,1,4,10,11,10,8,10,10,41
LS69_s03a_sc10,LS69_3a.czi,LS69,3,a,AF568,10,ScanRegion10,-9103.73,7116.44,7376.96,9696.94,0,5,11,6,11,6,12,11,42
LS69_s03a_sc11,LS69_3a.czi,LS69,3,a,AF568,11,ScanRegion11,-7772.42,17043.57,7098.11,9866.26,1,5,12,12,12,7,11,12,43
LS69_s03b_sc00,LS69_3b.czi,LS69,3,b,AF488,0,ScanRegion0,-51559.96,6714.81,6353.24,8492.29,0,0,1,1,1,1,1,1,34
LS69_s03b_sc01,LS69_3b.czi,LS69,3,b,AF488,1,ScanRegion1,-51373.95,16073.05,7237.12,8738.55,1,0,2,6,2,11,2,2,35
LS69_s03b_sc02,LS69_3b.czi,LS69,3,b,AF488,2,ScanRegion2,-44180.76,6129.18,6355.23,8141.62,0,1,3,2,3,2,4,3,36
LS69_s03b_sc03,LS69_3b.czi,LS69,3,b,AF488,3,ScanRegion3,-43164.85,15120.34,6851.82,9056.11,1,1,4,7,4,10,3,4,37
LS69_s03b_sc04,LS69_3b.czi,LS69,3,b,AF488,4,ScanRegion4,-36572.07,6321.44,7235.17,9126.15,0,2,5,3,5,3,5,5,38
LS69_s03b_sc05,LS69_3b.czi,LS69,3,b,AF488,5,ScanRegion5,-34868.62,15523.98,6638.85,9056.62,1,2,6,8,6,9,6,6,39
LS69_s03b_sc06,LS69_3b.czi,LS69,3,b,AF488,6,ScanRegion6,-29158.35,6671.81,6246.54,10288.89,0,3,7,4,7,4,8,7,40
LS69_s03b_sc07,LS69_3b.czi,LS69,3,b,AF488,7,ScanRegion7,-26978.72,16122.01,6529.41,10076.03,1,3,8,9,8,8,7,8,41
LS69_s03b_sc08,LS69_3b.czi,LS69,3,b,AF488,8,ScanRegion8,-21020.92,7286.69,7200.01,9654.58,0,4,9,5,9,5,9,9,42
LS69_s03b_sc09,LS69_3b.czi,LS69,3,b,AF488,9,ScanRegion9,-19529.93,17106.54,6812.71,9901.58,1,4,10,10,10,7,10,10,43
LS69_s03b_sc10,LS69_3b.czi,LS69,3,b,AF488,10,ScanRegion10,-10717.51,12647.57,8960.95,18014.78,1,5,11,11,11,6,11,11,44
LS69_s04a_sc00,LS69_4a.czi,LS69,4,a,AF568,0,ScanRegion0,-51155.94,7717.63,7310.41,9582.63,0,0,1,1,1,1,1,1,44
LS69_s04a_sc01,LS69_4a.czi,LS69,4,a,AF568,1,ScanRegion1,-50634.11,17236.85,7803.05,8879.3,1,0,2,7,2,12,2,2,45
LS69_s04a_sc02,LS69_4a.czi,LS69,4,a,AF568,2,ScanRegion2,-42590.99,6502.02,8333.52,9937.55,0,1,3,2,3,2,4,3,46
LS69_s04a_sc03,LS69_4a.czi,LS69,4,a,AF568,3,ScanRegion3,-41013.55,16481.5,8543.86,10360.91,1,1,4,8,4,11,3,4,47
LS69_s04a_sc04,LS69_4a.czi,LS69,4,a,AF568,4,ScanRegion4,-34066.85,6697.03,7730.62,10077.35,0,2,5,3,5,3,5,5,48
LS69_s04a_sc05,LS69_4a.czi,LS69,4,a,AF568,5,ScanRegion5,-31956.12,16482.96,7945.09,9409.2,1,2,6,9,6,10,6,6,49
LS69_s04a_sc06,LS69_4a.czi,LS69,4,a,AF568,6,ScanRegion6,-25873.42,5956.29,7308.77,9760.24,0,3,7,4,7,4,8,7,50
LS69_s04a_sc07,LS69_4a.czi,LS69,4,a,AF568,7,ScanRegion7,-23712.39,15581.35,7489.6,10534.56,1,3,8,10,8,9,7,8,51
LS69_s04a_sc08,LS69_4a.czi,LS69,4,a,AF568,8,ScanRegion8,-16852.92,6062.35,7834.48,10853.88,0,4,9,5,9,5,9,9,52
LS69_s04a_sc09,LS69_4a.czi,LS69,4,a,AF568,9,ScanRegion9,-15806.47,17096.55,8052.04,10573.25,1,4,10,11,10,8,10,10,53
LS69_s04a_sc10,LS69_4a.czi,LS69,4,a,AF568,10,ScanRegion10,-7443.64,6522.52,8438.66,9755.83,0,5,11,6,11,6,12,11,54
LS69_s04a_sc11,LS69_4a.czi,LS69,4,a,AF568,11,ScanRegion11,-6978.38,16284.74,7768.81,9127.33,1,5,12,12,12,7,11,12,55
LS69_s04b_sc00,LS69_4b.czi,LS69,4,b,AF488,0,ScanRegion0,-51947.33,6906.7,7134.73,10497.41,0,0,1,1,1,1,1,1,45
LS69_s04b_sc01,LS69_4b.czi,LS69,4,b,AF488,1,ScanRegion1,-50741.1,17237.69,7304.65,9655.46,1,0,2,7,2,11,2,2,46
LS69_s04b_sc02,LS69_4b.czi,LS69,4,b,AF488,2,ScanRegion2,-43916.75,6605.88,7381.37,10784.05,0,1,3,2,3,2,4,3,47
LS69_s04b_sc03,LS69_4b.czi,LS69,4,b,AF488,3,ScanRegion3,-41880.2,17342.35,7943.56,10535.88,1,1,4,8,4,10,3,4,48
LS69_s04b_sc04,LS69_4b.czi,LS69,4,b,AF488,4,ScanRegion4,-35143.81,5884.12,8474.25,9730.72,0,2,5,3,5,3,5,5,49
LS69_s04b_sc05,LS69_4b.czi,LS69,4,b,AF488,5,ScanRegion5,-32576.09,16290.12,8117.95,10149.53,1,2,6,9,6,9,6,6,50
LS69_s04b_sc06,LS69_4b.czi,LS69,4,b,AF488,6,ScanRegion6,-26614.99,5672.81,8223.73,10040.71,0,3,7,4,7,4,8,7,51
LS69_s04b_sc07,LS69_4b.czi,LS69,4,b,AF488,7,ScanRegion7,-17982.79,6411.95,7905.05,10785.67,0,4,8,5,9,5,9,8,52
LS69_s04b_sc08,LS69_4b.czi,LS69,4,b,AF488,8,ScanRegion8,-20499.51,16150.5,14753.53,11603.38,1,3,9,10,8,8,7,9,53
LS69_s04b_sc09,LS69_4b.czi,LS69,4,b,AF488,9,ScanRegion9,-9068.16,7151.43,8858.48,11174.15,0,5,10,6,11,6,11,10,54
LS69_s04b_sc10,LS69_4b.czi,LS69,4,b,AF488,10,ScanRegion10,-6855.68,17045.33,8933.08,10076.4,1,4,11,11,10,7,10,11,55
LS69_s05a_sc00,LS69_5a.czi,LS69,5,a,AF568,0,ScanRegion0,-50414.1,6965.7,9708.2,10885.6,0,0,1,1,1,1,1,1,56
LS69_s05a_sc01,LS69_5a.czi,LS69,5,a,AF568,1,ScanRegion1,-41049.38,17467.32,9179.12,8743.62,1,0,2,5,2,8,2,2,57
LS69_s05a_sc02,LS69_5a.czi,LS69,5,a,AF568,2,ScanRegion2,-31064.8,7302.29,6886.35,8530.69,0,1,3,2,3,2,4,3,58
LS69_s05a_sc03,LS69_5a.czi,LS69,5,a,AF568,3,ScanRegion3,-31569.34,17575.28,8225.93,8495.52,1,1,4,6,4,7,3,4,59
LS69_s05a_sc04,LS69_5a.czi,LS69,5,a,AF568,4,ScanRegion4,-22044.97,7092.81,9041.52,9486.07,0,2,5,3,5,3,5,5,60
LS69_s05a_sc05,LS69_5a.czi,LS69,5,a,AF568,5,ScanRegion5,-21207.79,17245.13,9179.79,8352.12,1,2,6,7,6,6,6,6,61
LS69_s05a_sc06,LS69_5a.czi,LS69,5,a,AF568,6,ScanRegion6,-12103.26,5802.83,9285.67,10116.49,0,3,7,4,7,4,8,7,62
LS69_s05a_sc07,LS69_5a.czi,LS69,5,a,AF568,7,ScanRegion7,-10491.13,15892.55,10131.19,10465.61,1,3,8,8,8,5,7,8,63
LS69_s05b_sc00,LS69_5b.czi,LS69,5,b,AF488,0,ScanRegion0,-51437.29,6730.34,8365.94,10780.97,0,0,1,1,1,1,1,1,56
LS69_s05b_sc01,LS69_5b.czi,LS69,5,b,AF488,1,ScanRegion1,-50387.26,17044.88,8723.35,10323.03,1,0,2,6,2,10,2,2,57
LS69_s05b_sc02,LS69_5b.czi,LS69,5,b,AF488,2,ScanRegion2,-43033.4,6640.28,8435.42,10363.55,0,1,3,2,3,2,4,3,58
LS69_s05b_sc03,LS69_5b.czi,LS69,5,b,AF488,3,ScanRegion3,-41614.92,17379.14,7767.85,10255.84,1,1,4,7,4,9,3,4,59
LS69_s05b_sc04,LS69_5b.czi,LS69,5,b,AF488,4,ScanRegion4,-33785.7,6818.99,8580.13,10958.87,0,2,5,3,5,3,5,5,60
LS69_s05b_sc05,LS69_5b.czi,LS69,5,b,AF488,5,ScanRegion5,-33050.77,17062.6,7731.26,10709.01,1,2,6,8,6,8,6,6,61
LS69_s05b_sc06,LS69_5b.czi,LS69,5,b,AF488,6,ScanRegion6,-24693.14,7017.0,8471.44,10110.98,0,3,7,4,7,4,8,7,62
LS69_s05b_sc07,LS69_5b.czi,LS69,5,b,AF488,7,ScanRegion7,-23873.19,17240.58,9217.66,10534.71,1,3,8,9,8,7,7,8,63
LS69_s05b_sc08,LS69_5b.czi,LS69,5,b,AF488,8,ScanRegion8,-15370.7,6928.63,9036.33,11523.28,0,4,9,5,9,5,9,9,64
LS69_s05b_sc09,LS69_5b.czi,LS69,5,b,AF488,9,ScanRegion9,-13370.5,16979.95,9813.23,10678.69,1,4,10,10,10,6,10,10,65
LS69_s06a_sc00,LS69_6a.czi,LS69,6,a,AF568,0,ScanRegion0,-51490.1,7962.6,8474.28,9937.63,0,0,1,1,1,1,1,1,64
LS69_s06a_sc01,LS69_6a.czi,LS69,6,a,AF568,1,ScanRegion1,-50952.13,17412.26,9285.78,9230.41,1,0,2,7,2,12,2,2,65
LS69_s06a_sc02,LS69_6a.czi,LS69,6,a,AF568,2,ScanRegion2,-42115.84,6397.76,8720.57,10576.19,0,1,3,2,3,2,4,3,66
LS69_s06a_sc03,LS69_6a.czi,LS69,6,a,AF568,3,ScanRegion3,-40908.29,17170.47,8548.38,10112.82,1,1,4,8,4,11,3,4,67
LS69_s06a_sc04,LS69_6a.czi,LS69,6,a,AF568,4,ScanRegion4,-32867.72,7100.9,8509.09,9693.86,0,2,5,3,5,3,5,5,68
LS69_s06a_sc05,LS69_6a.czi,LS69,6,a,AF568,5,ScanRegion5,-31676.45,17418.34,8720.75,9586.96,1,2,6,9,6,10,6,6,69
LS69_s06a_sc06,LS69_6a.czi,LS69,6,a,AF568,6,ScanRegion6,-23862.73,7208.49,8226.11,9236.8,0,3,7,4,7,4,8,7,70
LS69_s06a_sc07,LS69_6a.czi,LS69,6,a,AF568,7,ScanRegion7,-22423.4,16170.43,8229.85,9939.83,1,3,8,10,8,9,7,8,71
LS69_s06a_sc08,LS69_6a.czi,LS69,6,a,AF568,8,ScanRegion8,-15687.76,5944.5,7834.9,9898.35,0,4,9,5,9,5,9,9,72
LS69_s06a_sc09,LS69_6a.czi,LS69,6,a,AF568,9,ScanRegion9,-14040.95,16430.16,7275.49,10714.37,1,4,10,11,10,8,10,10,73
LS69_s06a_sc10,LS69_6a.czi,LS69,6,a,AF568,10,ScanRegion10,-7178.65,6999.96,7624.1,9795.7,0,5,11,6,11,6,12,11,74
LS69_s06a_sc11,LS69_6a.czi,LS69,6,a,AF568,11,ScanRegion11,-6094.65,16238.41,7481.77,8736.86,1,5,12,12,12,7,11,12,75
LS69_s06b_sc00,LS69_6b.czi,LS69,6,b,AF488,0,ScanRegion0,-51666.5,7805.77,8268.32,11377.17,0,0,1,1,1,1,1,1,66
LS69_s06b_sc01,LS69_6b.czi,LS69,6,b,AF488,1,ScanRegion1,-50406.19,18310.56,9108.15,9615.37,2,0,2,7,3,7,3,2,67
LS69_s06b_sc02,LS69_6b.czi,LS69,6,b,AF488,2,ScanRegion2,-42433.59,7276.38,8935.11,11274.96,0,1,3,2,4,2,5,3,68
LS69_s06b_sc03,LS69_6b.czi,LS69,6,b,AF488,3,ScanRegion3,-40801.77,17063.97,8263.23,10184.69,2,1,4,8,5,8,4,4,69
LS69_s06b_sc04,LS69_6b.czi,LS69,6,b,AF488,4,ScanRegion4,-33380.02,8052.06,9534.2,9904.36,0,2,5,3,6,3,6,5,70
LS69_s06b_sc05,LS69_6b.czi,LS69,6,b,AF488,5,ScanRegion5,-31852.93,18387.12,8934.82,10255.33,2,2,6,9,7,9,7,6,71
LS69_s06b_sc06,LS69_6b.czi,LS69,6,b,AF488,6,ScanRegion6,-23316.58,7355.85,8191.41,10428.46,0,3,7,4,8,4,9,7,72
LS69_s06b_sc07,LS69_6b.czi,LS69,6,b,AF488,7,ScanRegion7,-22107.53,18000.62,8226.79,11063.14,2,3,8,10,9,10,8,8,73
LS69_s06b_sc08,LS69_6b.czi,LS69,6,b,AF488,8,ScanRegion8,-14276.0,6756.09,8052.65,9477.7,0,4,9,5,10,5,10,9,74
LS69_s06b_sc09,LS69_6b.czi,LS69,6,b,AF488,9,ScanRegion9,-13298.88,17330.73,7629.23,10041.45,2,4,10,11,11,11,11,10,75
LS69_s06b_sc10,LS69_6b.czi,LS69,6,b,AF488,10,ScanRegion10,-5601.46,12693.86,7134.88,17657.72,1,0,11,6,2,6,2,11,76
LS69_s07a_sc00,LS69_7a.czi,LS69,7,a,AF568,0,ScanRegion0,-51030.01,6625.93,8262.7,10081.24,0,0,1,1,1,1,1,1,76
LS69_s07a_sc01,LS69_7a.czi,LS69,7,a,AF568,1,ScanRegion1,-50139.05,17077.67,8652.09,9267.27,1,0,2,7,2,12,2,2,77
LS69_s07a_sc02,LS69_7a.czi,LS69,7,a,AF568,2,ScanRegion2,-41940.21,7070.06,8652.38,9654.36,0,1,3,2,3,2,4,3,78
LS69_s07a_sc03,LS69_7a.czi,LS69,7,a,AF568,3,ScanRegion3,-41241.53,16746.23,7451.2,9686.08,1,1,4,8,4,11,3,4,79
LS69_s07a_sc04,LS69_7a.czi,LS69,7,a,AF568,4,ScanRegion4,-33165.57,7281.0,7558.97,9476.38,0,2,5,3,5,3,5,5,80
LS69_s07a_sc05,LS69_7a.czi,LS69,7,a,AF568,5,ScanRegion5,-33439.87,17006.73,6463.14,7792.05,1,2,6,9,6,10,6,6,81
LS69_s07a_sc06,LS69_7a.czi,LS69,7,a,AF568,6,ScanRegion6,-24975.37,6927.94,7416.4,10009.66,0,3,7,4,7,4,8,7,82
LS69_s07a_sc07,LS69_7a.czi,LS69,7,a,AF568,7,ScanRegion7,-24650.25,17552.99,8016.16,8633.33,1,3,8,10,8,9,7,8,83
LS69_s07a_sc08,LS69_7a.czi,LS69,7,a,AF568,8,ScanRegion8,-15775.99,6241.65,7803.8,10783.98,0,4,9,5,9,5,9,9,84
LS69_s07a_sc09,LS69_7a.czi,LS69,7,a,AF568,9,ScanRegion9,-15097.35,16113.7,7062.02,7684.05,1,4,10,11,10,8,10,10,85
LS69_s07a_sc10,LS69_7a.czi,LS69,7,a,AF568,10,ScanRegion10,-7003.28,7367.7,7765.93,9200.16,0,5,11,6,11,6,12,11,86
LS69_s07a_sc11,LS69_7a.czi,LS69,7,a,AF568,11,ScanRegion11,-6872.55,16533.61,7627.69,7574.79,1,5,12,12,12,7,11,12,87
LS69_s07b_sc00,LS69_7b.czi,LS69,7,b,AF488,0,ScanRegion0,-52054.28,6799.06,7487.0,9515.3,0,0,1,1,1,1,1,1,77
LS69_s07b_sc01,LS69_7b.czi,LS69,7,b,AF488,1,ScanRegion1,-51093.28,16637.06,7592.68,9230.12,1,0,2,7,2,12,2,2,78
LS69_s07b_sc02,LS69_7b.czi,LS69,7,b,AF488,2,ScanRegion2,-42857.78,6662.49,7802.23,10043.36,0,1,3,2,3,2,4,3,79
LS69_s07b_sc03,LS69_7b.czi,LS69,7,b,AF488,3,ScanRegion3,-41931.45,16903.72,7769.31,9654.95,1,1,4,8,4,11,3,4,80
LS69_s07b_sc04,LS69_7b.czi,LS69,7,b,AF488,4,ScanRegion4,-33800.76,7295.58,7484.59,9442.97,0,2,5,3,5,3,5,5,81
LS69_s07b_sc05,LS69_7b.czi,LS69,7,b,AF488,5,ScanRegion5,-33211.57,16849.71,8261.84,9017.41,1,2,6,9,6,10,6,6,82
LS69_s07b_sc06,LS69_7b.czi,LS69,7,b,AF488,6,ScanRegion6,-25257.0,7437.46,7838.14,9051.26,0,3,7,4,7,4,8,7,83
LS69_s07b_sc07,LS69_7b.czi,LS69,7,b,AF488,7,ScanRegion7,-23871.69,16024.02,7377.85,9796.51,1,3,8,10,8,9,7,8,84
LS69_s07b_sc08,LS69_7b.czi,LS69,7,b,AF488,8,ScanRegion8,-15795.92,7226.77,7556.37,8882.31,0,4,9,5,9,5,9,9,85
LS69_s07b_sc09,LS69_7b.czi,LS69,7,b,AF488,9,ScanRegion9,-15080.0,16165.69,7591.71,8983.49,1,4,10,11,10,8,10,10,86
LS69_s07b_sc10,LS69_7b.czi,LS69,7,b,AF488,10,ScanRegion10,-7532.44,7018.09,7626.91,7647.63,0,5,11,6,11,6,12,11,87
LS69_s07b_sc11,LS69_7b.czi,LS69,7,b,AF488,11,ScanRegion11,-6676.17,15512.36,7590.25,8278.77,1,5,12,12,12,7,11,12,88
LS69_s08a_sc00,LS69_8a.czi,LS69,8,a,AF568,0,ScanRegion0,-51009.72,6698.22,8014.28,9091.42,0,0,1,1,1,1,1,1,88
LS69_s08a_sc01,LS69_8a.czi,LS69,8,a,AF568,1,ScanRegion1,-50845.75,16852.18,8154.5,6838.57,2,0,2,9,3,9,3,2,89
LS69_s08a_sc02,LS69_8a.czi,LS69,8,a,AF568,2,ScanRegion2,-42504.85,7245.03,7872.31,7751.37,0,1,3,2,5,2,8,3,90
LS69_s08a_sc03,LS69_8a.czi,LS69,8,a,AF568,3,ScanRegion3,-42018.75,16672.73,7941.43,7161.05,2,1,4,10,7,10,6,4,91
LS69_s08a_sc04,LS69_8a.czi,LS69,8,a,AF568,4,ScanRegion4,-34646.95,6330.06,8046.06,6731.3,0,2,5,3,9,3,9,5,92
LS69_s08a_sc05,LS69_8a.czi,LS69,8,a,AF568,5,ScanRegion5,-34228.76,12253.74,9184.24,6656.63,1,0,6,7,2,8,2,6,93
LS69_s08a_sc06,LS69_8a.czi,LS69,8,a,AF568,6,ScanRegion6,-26313.43,5727.87,8189.7,6907.59,0,3,7,4,11,4,11,7,94
LS69_s08a_sc07,LS69_8a.czi,LS69,8,a,AF568,7,ScanRegion7,-26532.26,12525.08,7484.34,5783.41,1,1,8,8,6,7,7,8,95
LS69_s08a_sc08,LS69_8a.czi,LS69,8,a,AF568,8,ScanRegion8,-24546.17,20056.18,8014.85,4556.65,3,0,9,12,4,13,4,9,96
LS69_s08a_sc09,LS69_8a.czi,LS69,8,a,AF568,9,ScanRegion9,-18122.82,5690.97,7200.54,7227.06,0,4,10,5,12,5,12,10,97
LS69_s08a_sc10,LS69_8a.czi,LS69,8,a,AF568,10,ScanRegion10,-14765.93,19301.89,7661.86,7013.98,3,1,11,13,8,12,5,11,98
LS69_s08a_sc11,LS69_8a.czi,LS69,8,a,AF568,11,ScanRegion11,-9669.98,8246.83,8721.64,8067.76,0,5,12,6,13,6,13,12,99
LS69_s08a_sc12,LS69_8a.czi,LS69,8,a,AF568,12,ScanRegion12,-7577.31,16024.34,7980.04,6344.21,2,2,13,11,10,11,10,13,100
LS69_s08b_sc00,LS69_8b.czi,LS69,8,b,AF488,0,ScanRegion0,-51717.88,7666.3,8016.23,7575.97,0,0,1,1,1,1,1,1,89
LS69_s08b_sc01,LS69_8b.czi,LS69,8,b,AF488,1,ScanRegion1,-50705.61,17711.75,8436.99,7996.17,2,0,2,9,3,9,3,2,90
LS69_s08b_sc02,LS69_8b.czi,LS69,8,b,AF488,2,ScanRegion2,-42927.29,7542.87,8225.83,7013.84,0,1,3,2,4,2,6,3,91
LS69_s08b_sc03,LS69_8b.czi,LS69,8,b,AF488,3,ScanRegion3,-42476.19,16282.82,7943.06,7856.88,2,1,4,10,6,10,4,4,92
LS69_s08b_sc04,LS69_8b.czi,LS69,8,b,AF488,4,ScanRegion4,-35086.83,5411.31,8155.15,6873.89,0,2,5,3,7,3,7,5,93
LS69_s08b_sc05,LS69_8b.czi,LS69,8,b,AF488,5,ScanRegion5,-34494.44,11751.02,8365.16,5752.35,1,0,6,6,2,8,2,6,94
LS69_s08b_sc06,LS69_8b.czi,LS69,8,b,AF488,6,ScanRegion6,-34077.24,18730.93,8153.79,6597.01,2,2,7,11,9,11,9,7,95
LS69_s08b_sc07,LS69_8b.czi,LS69,8,b,AF488,7,ScanRegion7,-22499.85,5301.5,16238.68,7009.36,0,3,8,4,10,4,11,8,96
LS69_s08b_sc08,LS69_8b.czi,LS69,8,b,AF488,8,ScanRegion8,-25667.94,13007.72,7942.39,6519.48,1,1,9,7,5,7,5,9,97
LS69_s08b_sc09,LS69_8b.czi,LS69,8,b,AF488,9,ScanRegion9,-25091.96,19526.17,8329.86,6738.13,2,3,10,12,11,12,10,10,98
LS69_s08b_sc10,LS69_8b.czi,LS69,8,b,AF488,10,ScanRegion10,-16966.22,13148.06,7837.57,6768.9,1,2,11,8,8,6,8,11,99
LS69_s08b_sc11,LS69_8b.czi,LS69,8,b,AF488,11,ScanRegion11,-15331.94,20151.4,9073.06,7155.1,2,4,12,13,13,13,13,12,100
LS69_s08b_sc12,LS69_8b.czi,LS69,8,b,AF488,12,ScanRegion12,-9335.69,7806.04,8827.31,8320.4,0,4,13,5,12,5,12,13,101
LS69_s08b_sc13,LS69_8b.czi,LS69,8,b,AF488,13,ScanRegion13,-6872.32,16868.71,7909.25,7967.02,2,5,14,14,14,14,14,14,102
LS69_s09a_sc00,LS69_9a.czi,LS69,9,a,AF568,0,ScanRegion0,-42220.94,7138.9,9072.06,9091.13,0,0,1,1,1,1,1,1,101
LS69_s09a_sc01,LS69_9a.czi,LS69,9,a,AF568,1,ScanRegion1,-40465.89,17679.73,7518.43,7618.33,1,0,2,5,2,8,2,2,102
LS69_s09a_sc02,LS69_9a.czi,LS69,9,a,AF568,2,ScanRegion2,-32917.44,6061.19,8331.28,7609.74,0,1,3,2,3,2,4,3,103
LS69_s09a_sc03,LS69_9a.czi,LS69,9,a,AF568,3,ScanRegion3,-31682.74,15272.37,8606.32,6805.73,1,1,4,6,4,7,3,4,104
LS69_s09a_sc04,LS69_9a.czi,LS69,9,a,AF568,4,ScanRegion4,-24903.69,6944.61,6072.43,7509.44,0,2,5,3,5,3,5,5,105
LS69_s09a_sc05,LS69_9a.czi,LS69,9,a,AF568,5,ScanRegion5,-22566.83,16291.94,8225.65,7858.57,1,2,6,7,6,6,6,6,106
LS69_s09a_sc06,LS69_9a.czi,LS69,9,a,AF568,6,ScanRegion6,-17065.39,7084.44,8119.48,8040.07,0,3,7,4,7,4,8,7,107
LS69_s09a_sc07,LS69_9a.czi,LS69,9,a,AF568,7,ScanRegion7,-13226.99,16944.01,8966.14,7855.64,1,3,8,8,8,5,7,8,108
LS69_s09b_sc00,LS69_9b.czi,LS69,9,b,AF488,0,ScanRegion0,-51826.13,7191.33,8368.54,7045.85,0,0,1,1,1,1,1,1,103
LS69_s09b_sc01,LS69_9b.czi,LS69,9,b,AF488,1,ScanRegion1,-49981.1,15865.89,8686.05,7050.91,1,0,2,6,2,10,2,2,104
LS69_s09b_sc02,LS69_9b.czi,LS69,9,b,AF488,2,ScanRegion2,-41903.78,6733.42,8721.46,7226.1,0,1,3,2,3,2,4,3,105
LS69_s09b_sc03,LS69_9b.czi,LS69,9,b,AF488,3,ScanRegion3,-41822.29,14434.5,7483.23,6621.83,1,1,4,7,4,9,3,4,106
LS69_s09b_sc04,LS69_9b.czi,LS69,9,b,AF488,4,ScanRegion4,-32934.08,6786.09,8084.89,6733.8,0,2,5,3,5,3,5,5,107
LS69_s09b_sc05,LS69_9b.czi,LS69,9,b,AF488,5,ScanRegion5,-32944.41,15845.87,9073.7,7503.28,1,2,6,8,6,8,6,6,108
LS69_s09b_sc06,LS69_9b.czi,LS69,9,b,AF488,6,ScanRegion6,-23754.87,6911.02,8438.34,6236.5,0,3,7,4,7,4,8,7,109
LS69_s09b_sc07,LS69_9b.czi,LS69,9,b,AF488,7,ScanRegion7,-23431.89,17364.66,8826.2,7051.5,1,3,8,9,8,7,7,8,110
LS69_s09b_sc08,LS69_9b.czi,LS69,9,b,AF488,8,ScanRegion8,-14206.7,7408.41,8685.01,7403.42,0,4,9,5,9,5,9,9,111
LS69_s09b_sc09,LS69_9b.czi,LS69,9,b,AF488,9,ScanRegion9,-14020.53,16220.09,8154.08,7327.35,1,4,10,10,10,6,10,10,112
LS85_s10a_sc00,LS85_10a.czi,LS85,10,a,AF568,0,ScanRegion0,-51047.73,7346.14,8510.06,7510.98,0,0,1,1,1,1,1,1,91
LS85_s10a_sc01,LS85_10a.czi,LS85,10,a,AF568,1,ScanRegion1,-51606.02,17835.47,8122.93,7749.17,1,0,2,6,2,10,2,2,92
LS85_s10a_sc02,LS85_10a.czi,LS85,10,a,AF568,2,ScanRegion2,-42028.42,7971.15,8475.39,7926.49,0,1,3,2,3,2,4,3,93
LS85_s10a_sc03,LS85_10a.czi,LS85,10,a,AF568,3,ScanRegion3,-42071.78,17009.16,7978.44,7256.5,1,1,4,7,4,9,3,4,94
LS85_s10a_sc04,LS85_10a.czi,LS85,10,a,AF568,4,ScanRegion4,-33059.0,7597.31,7628.83,8422.76,0,2,5,3,5,3,5,5,95
LS85_s10a_sc05,LS85_10a.czi,LS85,10,a,AF568,5,ScanRegion5,-32556.8,16392.4,7661.33,6625.5,1,2,6,8,6,8,6,6,96
LS85_s10a_sc06,LS85_10a.czi,LS85,10,a,AF568,6,ScanRegion6,-22767.06,6545.44,7945.84,9164.33,0,3,7,4,7,4,8,7,97
LS85_s10a_sc07,LS85_10a.czi,LS85,10,a,AF568,7,ScanRegion7,-21875.54,15200.14,7911.42,7502.32,1,3,8,9,8,7,7,8,98
LS85_s10a_sc08,LS85_10a.czi,LS85,10,a,AF568,8,ScanRegion8,-13905.48,6899.19,7943.27,8208.95,0,4,9,5,9,5,9,9,99
LS85_s10a_sc09,LS85_10a.czi,LS85,10,a,AF568,9,ScanRegion9,-11761.69,15976.88,8368.72,7753.58,1,4,10,10,10,6,10,10,100
LS85_s10b_sc00,LS85_10b.czi,LS85,10,b,AF488,0,ScanRegion0,-50800.77,7527.61,7875.98,7574.5,0,0,1,1,1,1,1,1,84
LS85_s10b_sc01,LS85_10b.czi,LS85,10,b,AF488,1,ScanRegion1,-50652.11,17060.6,7838.6,7676.85,1,0,2,6,2,10,2,2,85
LS85_s10b_sc02,LS85_10b.czi,LS85,10,b,AF488,2,ScanRegion2,-42221.19,7122.19,7664.46,7926.86,0,1,3,2,3,2,4,3,86
LS85_s10b_sc03,LS85_10b.czi,LS85,10,b,AF488,3,ScanRegion3,-40942.53,16835.11,8121.51,8246.47,1,1,4,7,4,9,3,4,87
LS85_s10b_sc04,LS85_10b.czi,LS85,10,b,AF488,4,ScanRegion4,-32211.08,7091.9,8971.34,8520.49,0,2,5,3,5,3,5,5,88
LS85_s10b_sc05,LS85_10b.czi,LS85,10,b,AF488,5,ScanRegion5,-30827.43,16765.27,8156.11,8493.02,1,2,6,8,6,8,6,6,89
LS85_s10b_sc06,LS85_10b.czi,LS85,10,b,AF488,6,ScanRegion6,-22237.99,6314.89,7242.25,7927.88,0,3,7,4,7,4,8,7,90
LS85_s10b_sc07,LS85_10b.czi,LS85,10,b,AF488,7,ScanRegion7,-22455.39,14643.61,7783.64,8451.75,1,3,8,9,8,7,7,8,91
LS85_s10b_sc08,LS85_10b.czi,LS85,10,b,AF488,8,ScanRegion8,-13693.33,7127.13,7522.6,7466.86,0,4,9,5,9,5,9,9,92
LS85_s10b_sc09,LS85_10b.czi,LS85,10,b,AF488,9,ScanRegion9,-12097.35,15870.82,8053.25,9369.55,1,4,10,10,10,6,10,10,93
LS85_s01a_sc00,LS85_1a.czi,LS85,1,a,AF568,0,ScanRegion0,-35054.43,6393.28,4768.05,6591.06,0,0,1,1,1,1,1,1,1
LS85_s01a_sc01,LS85_1a.czi,LS85,1,a,AF568,1,ScanRegion1,-26154.71,5673.51,5048.67,6236.87,0,1,2,2,3,2,4,2,2
LS85_s01a_sc02,LS85_1a.czi,LS85,1,a,AF568,2,ScanRegion2,-26784.32,16175.43,5579.72,7505.11,1,0,3,5,2,7,2,3,3
LS85_s01a_sc03,LS85_1a.czi,LS85,1,a,AF568,3,ScanRegion3,-17841.49,6078.46,5437.78,7010.83,0,2,4,3,5,3,5,4,4
LS85_s01a_sc04,LS85_1a.czi,LS85,1,a,AF568,4,ScanRegion4,-17426.94,15965.32,5508.32,7331.17,1,1,5,6,4,6,3,5,5
LS85_s01a_sc05,LS85_1a.czi,LS85,1,a,AF568,5,ScanRegion5,-8555.84,5955.69,6284.51,7578.39,0,3,6,4,7,4,7,6,6
LS85_s01a_sc06,LS85_1a.czi,LS85,1,a,AF568,6,ScanRegion6,-8124.36,16090.35,5543.49,6905.46,1,2,7,7,6,5,6,7,7
LS85_s01b_sc00,LS85_1b.czi,LS85,1,b,AF488,0,ScanRegion0,-35971.45,6198.78,5189.72,6341.87,0,0,1,1,1,1,1,1,1
LS85_s01b_sc01,LS85_1b.czi,LS85,1,b,AF488,1,ScanRegion1,-28451.27,5280.95,5262.53,6874.11,0,1,2,2,3,2,4,2,2
LS85_s01b_sc02,LS85_1b.czi,LS85,1,b,AF488,2,ScanRegion2,-27015.09,16949.67,5897.54,7296.44,1,0,3,5,2,7,2,3,3
LS85_s01b_sc03,LS85_1b.czi,LS85,1,b,AF488,3,ScanRegion3,-19553.96,6250.68,5544.98,7366.56,0,2,4,3,5,3,5,4,4
LS85_s01b_sc04,LS85_1b.czi,LS85,1,b,AF488,4,ScanRegion4,-18382.38,16931.9,4874.71,8000.72,1,1,5,6,4,6,3,5,5
LS85_s01b_sc05,LS85_1b.czi,LS85,1,b,AF488,5,ScanRegion5,-10921.58,6216.49,5297.84,7328.45,0,3,6,4,7,4,7,6,6
LS85_s01b_sc06,LS85_1b.czi,LS85,1,b,AF488,6,ScanRegion6,-9184.58,16635.63,4980.41,7152.39,1,2,7,7,6,5,6,7,7
LS85_s02a_sc00,LS85_2a.czi,LS85,2,a,AF568,0,ScanRegion0,-51487.98,5743.09,6000.86,7474.71,0,0,1,1,1,1,1,1,8
LS85_s02a_sc01,LS85_2a.czi,LS85,2,a,AF568,1,ScanRegion1,-50561.64,15966.48,5897.72,7328.6,1,0,2,6,2,10,2,2,9
LS85_s02a_sc02,LS85_2a.czi,LS85,2,a,AF568,2,ScanRegion2,-42414.59,6133.37,6144.4,7437.34,0,1,3,2,3,2,4,3,10
LS85_s02a_sc03,LS85_2a.czi,LS85,2,a,AF568,3,ScanRegion3,-40975.97,15159.33,5508.15,6730.5,1,1,4,7,4,9,3,4,11
LS85_s02a_sc04,LS85_2a.czi,LS85,2,a,AF568,4,ScanRegion4,-33305.43,6204.98,5435.76,7188.51,0,2,5,3,5,3,5,5,12
LS85_s02a_sc05,LS85_2a.czi,LS85,2,a,AF568,5,ScanRegion5,-30296.47,15903.03,5120.28,6907.3,1,2,6,8,6,8,6,6,13
LS85_s02a_sc06,LS85_2a.czi,LS85,2,a,AF568,6,ScanRegion6,-21070.7,4608.24,5402.58,6908.47,0,3,7,4,7,4,8,7,14
LS85_s02a_sc07,LS85_2a.czi,LS85,2,a,AF568,7,ScanRegion7,-18909.35,14358.16,4942.86,6942.32,1,3,8,9,8,7,7,8,15
LS85_s02a_sc08,LS85_2a.czi,LS85,2,a,AF568,8,ScanRegion8,-11628.05,5650.77,5437.14,7404.81,0,4,9,5,9,5,9,9,16
LS85_s02a_sc09,LS85_2a.czi,LS85,2,a,AF568,9,ScanRegion9,-10295.58,15857.16,4589.81,7434.4,1,4,10,10,10,6,10,10,17
LS85_s02b_sc00,LS85_2b.czi,LS85,2,b,AF488,0,ScanRegion0,-51223.58,6801.41,6603.26,8318.5,0,0,1,1,1,1,1,1,8
LS85_s02b_sc01,LS85_2b.czi,LS85,2,b,AF488,1,ScanRegion1,-50439.13,16371.34,6285.94,7436.68,1,0,2,6,2,10,2,2,9
LS85_s02b_sc02,LS85_2b.czi,LS85,2,b,AF488,2,ScanRegion2,-42132.89,6345.27,5580.0,7509.88,0,1,3,2,3,2,4,3,10
LS85_s02b_sc03,LS85_2b.czi,LS85,2,b,AF488,3,ScanRegion3,-39935.71,16676.22,5048.21,7503.86,1,1,4,7,4,9,3,4,11
LS85_s02b_sc04,LS85_2b.czi,LS85,2,b,AF488,4,ScanRegion4,-32741.12,5818.96,5083.02,6765.81,0,2,5,3,5,3,5,5,12
LS85_s02b_sc05,LS85_2b.czi,LS85,2,b,AF488,5,ScanRegion5,-30209.31,16855.4,4871.86,6909.94,1,2,6,8,6,8,6,6,13
LS85_s02b_sc06,LS85_2b.czi,LS85,2,b,AF488,6,ScanRegion6,-26083.32,4723.37,4908.59,6871.32,0,3,7,4,7,4,8,7,14
LS85_s02b_sc07,LS85_2b.czi,LS85,2,b,AF488,7,ScanRegion7,-22528.82,14737.21,5259.69,7649.9,1,3,8,9,8,7,7,8,15
LS85_s02b_sc08,LS85_2b.czi,LS85,2,b,AF488,8,ScanRegion8,-15604.0,5501.17,5723.92,7483.52,0,4,9,5,9,5,9,9,16
LS85_s02b_sc09,LS85_2b.czi,LS85,2,b,AF488,9,ScanRegion9,-13845.85,16802.12,5260.79,7575.38,1,4,10,10,10,6,10,10,17
LS85_s03a_sc00,LS85_3a.czi,LS85,3,a,AF568,0,ScanRegion0,-52283.43,6887.76,5331.47,8354.18,0,0,1,1,1,1,1,1,18
LS85_s03a_sc01,LS85_3a.czi,LS85,3,a,AF568,1,ScanRegion1,-51606.02,17779.01,6073.35,8141.55,1,0,2,7,2,12,2,2,19
LS85_s03a_sc02,LS85_3a.czi,LS85,3,a,AF568,2,ScanRegion2,-43174.67,7560.05,5965.98,7331.9,0,1,3,2,3,2,4,3,20
LS85_s03a_sc03,LS85_3a.czi,LS85,3,a,AF568,3,ScanRegion3,-42582.93,16107.81,5332.72,7368.54,1,1,4,8,4,11,3,4,21
LS85_s03a_sc04,LS85_3a.czi,LS85,3,a,AF568,4,ScanRegion4,-34965.56,6818.99,4942.72,7578.31,0,2,5,3,5,3,5,5,22
LS85_s03a_sc05,LS85_3a.czi,LS85,3,a,AF568,5,ScanRegion5,-34692.47,16335.27,4518.2,7578.09,1,2,6,9,6,10,6,6,23
LS85_s03a_sc06,LS85_3a.czi,LS85,3,a,AF568,6,ScanRegion6,-26474.58,6834.62,4979.09,7933.83,0,3,7,4,7,4,8,7,24
LS85_s03a_sc07,LS85_3a.czi,LS85,3,a,AF568,7,ScanRegion7,-26378.22,16509.21,4908.66,8249.62,1,3,8,10,8,9,7,8,25
LS85_s03a_sc08,LS85_3a.czi,LS85,3,a,AF568,8,ScanRegion8,-18210.32,6112.75,5258.55,6878.07,0,4,9,5,9,5,9,9,26
LS85_s03a_sc09,LS85_3a.czi,LS85,3,a,AF568,9,ScanRegion9,-17462.08,16422.89,5222.64,8883.05,1,4,10,11,10,8,10,10,27
LS85_s03a_sc10,LS85_3a.czi,LS85,3,a,AF568,10,ScanRegion10,-9437.88,6291.42,6000.08,8106.67,0,5,11,6,11,6,12,11,28
LS85_s03a_sc11,LS85_3a.czi,LS85,3,a,AF568,11,ScanRegion11,-8617.19,16054.59,5753.22,8176.71,1,5,12,12,12,7,11,12,29
LS85_s03b_sc00,LS85_3b.czi,LS85,3,b,AF488,0,ScanRegion0,-53269.92,5071.12,4837.48,7823.62,0,0,1,1,1,1,1,1,18
LS85_s03b_sc01,LS85_3b.czi,LS85,3,b,AF488,1,ScanRegion1,-51127.66,16088.33,5119.64,7718.11,1,0,2,7,2,12,2,2,19
LS85_s03b_sc02,LS85_3b.czi,LS85,3,b,AF488,2,ScanRegion2,-42925.42,6466.41,4835.17,7262.3,0,1,3,2,3,2,4,3,20
LS85_s03b_sc03,LS85_3b.czi,LS85,3,b,AF488,3,ScanRegion3,-42265.36,16283.08,4480.9,6800.98,1,1,4,8,4,11,3,4,21
LS85_s03b_sc04,LS85_3b.czi,LS85,3,b,AF488,4,ScanRegion4,-34434.44,5585.95,4872.04,6944.45,0,2,5,3,5,3,5,5,22
LS85_s03b_sc05,LS85_3b.czi,LS85,3,b,AF488,5,ScanRegion5,-32555.09,15227.94,4834.24,5995.45,1,2,6,9,6,10,6,6,23
LS85_s03b_sc06,LS85_3b.czi,LS85,3,b,AF488,6,ScanRegion6,-26120.08,6482.56,4692.06,7017.95,0,3,7,4,7,4,8,7,24
LS85_s03b_sc07,LS85_3b.czi,LS85,3,b,AF488,7,ScanRegion7,-23201.65,17434.23,4765.48,5640.38,1,3,8,10,8,9,7,8,25
LS85_s03b_sc08,LS85_3b.czi,LS85,3,b,AF488,8,ScanRegion8,-15051.62,6031.36,5791.16,6692.83,0,4,9,5,9,5,9,9,26
LS85_s03b_sc09,LS85_3b.czi,LS85,3,b,AF488,9,ScanRegion9,-14673.43,16923.67,5296.88,7191.3,1,4,10,11,10,8,10,10,27
LS85_s03b_sc10,LS85_3b.czi,LS85,3,b,AF488,10,ScanRegion10,-6544.95,7935.11,5081.7,7578.83,0,5,11,6,11,6,12,11,28
LS85_s03b_sc11,LS85_3b.czi,LS85,3,b,AF488,11,ScanRegion11,-6395.06,16709.49,5402.83,7789.55,1,5,12,12,12,7,11,12,29
LS85_s04a_sc00,LS85_4a.czi,LS85,4,a,AF568,0,ScanRegion0,-50287.32,7139.75,6635.4,8635.54,0,0,1,1,1,1,1,1,30
LS85_s04a_sc01,LS85_4a.czi,LS85,4,a,AF568,1,ScanRegion1,-50597.12,16758.35,5752.58,8075.32,1,0,2,7,2,11,2,2,31
LS85_s04a_sc02,LS85_4a.czi,LS85,4,a,AF568,2,ScanRegion2,-41549.53,7772.87,5754.18,9165.21,0,1,3,2,3,2,4,3,32
LS85_s04a_sc03,LS85_4a.czi,LS85,4,a,AF568,3,ScanRegion3,-42107.9,17429.8,6850.43,8036.11,1,1,4,8,4,10,3,4,33
LS85_s04a_sc04,LS85_4a.czi,LS85,4,a,AF568,4,ScanRegion4,-34153.07,6536.56,6144.75,8566.37,0,2,5,3,5,3,5,5,34
LS85_s04a_sc05,LS85_4a.czi,LS85,4,a,AF568,5,ScanRegion5,-32415.33,17290.18,6108.45,6802.08,1,2,6,9,6,9,6,6,35
LS85_s04a_sc06,LS85_4a.czi,LS85,4,a,AF568,6,ScanRegion6,-23914.53,6736.09,6496.74,8777.17,0,3,7,4,7,4,8,7,36
LS85_s04a_sc07,LS85_4a.czi,LS85,4,a,AF568,7,ScanRegion7,-21720.35,18035.46,6814.49,7684.12,1,3,8,10,8,8,7,8,37
LS85_s04a_sc08,LS85_4a.czi,LS85,4,a,AF568,8,ScanRegion8,-15989.12,7351.22,6742.31,8428.7,0,4,9,5,9,5,9,9,38
LS85_s04a_sc09,LS85_4a.czi,LS85,4,a,AF568,9,ScanRegion9,-9961.19,16999.0,13947.26,9235.41,1,4,10,11,10,7,10,10,39
LS85_s04a_sc10,LS85_4a.czi,LS85,4,a,AF568,10,ScanRegion10,-6827.02,7968.26,8189.49,8920.78,0,5,11,6,11,6,11,11,40
LS85_s04b_sc00,LS85_4b.czi,LS85,4,b,AF488,0,ScanRegion0,-50889.12,6767.46,5933.34,9306.41,0,0,1,1,1,1,1,1,30
LS85_s04b_sc01,LS85_4b.czi,LS85,4,b,AF488,1,ScanRegion1,-49805.11,17607.89,5790.13,8494.93,1,0,2,7,2,12,2,2,31
LS85_s04b_sc02,LS85_4b.czi,LS85,4,b,AF488,2,ScanRegion2,-42733.66,7488.43,6921.55,9588.57,0,1,3,2,3,2,4,3,32
LS85_s04b_sc03,LS85_4b.czi,LS85,4,b,AF488,3,ScanRegion3,-42301.75,16989.52,6461.47,8352.93,1,1,4,8,4,11,3,4,33
LS85_s04b_sc04,LS85_4b.czi,LS85,4,b,AF488,4,ScanRegion4,-33640.6,5924.32,6038.98,8879.96,0,2,5,3,5,3,5,5,34
LS85_s04b_sc05,LS85_4b.czi,LS85,4,b,AF488,5,ScanRegion5,-33897.83,16283.47,6672.17,8251.75,1,2,6,9,6,10,6,6,35
LS85_s04b_sc06,LS85_4b.czi,LS85,4,b,AF488,6,ScanRegion6,-24676.02,7968.6,5613.95,8847.14,0,3,7,4,7,4,8,7,36
LS85_s04b_sc07,LS85_4b.czi,LS85,4,b,AF488,7,ScanRegion7,-24101.84,17451.96,6778.19,8070.47,1,3,8,10,8,9,7,8,37
LS85_s04b_sc08,LS85_4b.czi,LS85,4,b,AF488,8,ScanRegion8,-15830.08,6840.12,5934.52,8384.06,0,4,9,5,9,5,9,9,38
LS85_s04b_sc09,LS85_4b.czi,LS85,4,b,AF488,9,ScanRegion9,-15470.41,17467.34,6107.63,7715.77,1,4,10,11,10,8,10,10,39
LS85_s04b_sc10,LS85_4b.czi,LS85,4,b,AF488,10,ScanRegion10,-7551.99,7245.7,6389.68,8526.94,0,5,11,6,11,6,12,11,40
LS85_s04b_sc11,LS85_4b.czi,LS85,4,b,AF488,11,ScanRegion11,-7931.4,17428.6,5999.15,8105.13,1,5,12,12,12,7,11,12,41
LS85_s05a_sc00,LS85_5a.czi,LS85,5,a,AF568,0,ScanRegion0,-51098.5,6608.02,8121.16,8921.3,0,0,1,1,1,1,1,1,41
LS85_s05a_sc01,LS85_5a.czi,LS85,5,a,AF568,1,ScanRegion1,-49573.7,16374.57,7377.6,8565.78,1,0,2,6,2,10,2,2,42
LS85_s05a_sc02,LS85_5a.czi,LS85,5,a,AF568,2,ScanRegion2,-42079.84,6537.49,8511.19,10223.17,0,1,3,2,3,2,4,3,43
LS85_s05a_sc03,LS85_5a.czi,LS85,5,a,AF568,3,ScanRegion3,-40571.2,16836.13,8933.29,9515.81,1,1,4,7,4,9,3,4,44
LS85_s05a_sc04,LS85_5a.czi,LS85,5,a,AF568,4,ScanRegion4,-32193.44,6683.85,8790.93,9975.07,0,2,5,3,5,3,5,5,45
LS85_s05a_sc05,LS85_5a.czi,LS85,5,a,AF568,5,ScanRegion5,-30351.24,17542.72,8752.21,8783.26,1,2,6,8,6,8,6,6,46
LS85_s05a_sc06,LS85_5a.czi,LS85,5,a,AF568,6,ScanRegion6,-21532.63,6704.69,9355.11,10400.63,0,3,7,4,7,4,8,7,47
LS85_s05a_sc07,LS85_5a.czi,LS85,5,a,AF568,7,ScanRegion7,-20888.74,17526.08,8823.64,9267.93,1,3,8,9,8,7,7,8,48
LS85_s05a_sc08,LS85_5a.czi,LS85,5,a,AF568,8,ScanRegion8,-11980.56,6673.74,8966.53,10431.84,0,4,9,5,9,5,9,9,49
LS85_s05a_sc09,LS85_5a.czi,LS85,5,a,AF568,9,ScanRegion9,-10544.32,16861.48,9038.11,9375.2,1,4,10,10,10,6,10,10,50
LS85_s05b_sc00,LS85_5b.czi,LS85,5,b,AF488,0,ScanRegion0,-50996.05,7508.48,7343.47,9938.8,0,0,1,1,1,1,1,1,42
LS85_s05b_sc01,LS85_5b.czi,LS85,5,b,AF488,1,ScanRegion1,-49312.13,17855.73,7130.93,9763.76,1,0,2,6,2,10,2,2,43
LS85_s05b_sc02,LS85_5b.czi,LS85,5,b,AF488,2,ScanRegion2,-42925.19,6554.85,8297.36,9411.33,0,1,3,2,3,2,4,3,44
LS85_s05b_sc03,LS85_5b.czi,LS85,5,b,AF488,3,ScanRegion3,-40747.8,16480.88,8369.47,9869.34,1,1,4,7,4,9,3,4,45
LS85_s05b_sc04,LS85_5b.czi,LS85,5,b,AF488,4,ScanRegion4,-32845.79,7122.41,6851.15,9803.11,0,2,5,3,5,3,5,5,46
LS85_s05b_sc05,LS85_5b.czi,LS85,5,b,AF488,5,ScanRegion5,-30810.81,17031.47,8403.67,10078.31,1,2,6,8,6,8,6,6,47
LS85_s05b_sc06,LS85_5b.czi,LS85,5,b,AF488,6,ScanRegion6,-22784.41,6754.29,8966.53,10014.06,0,3,7,4,7,4,8,7,48
LS85_s05b_sc07,LS85_5b.czi,LS85,5,b,AF488,7,ScanRegion7,-20854.47,16945.67,9110.07,9657.52,1,3,8,9,8,7,7,8,49
LS85_s05b_sc08,LS85_5b.czi,LS85,5,b,AF488,8,ScanRegion8,-11668.11,6508.56,9337.87,9361.84,0,4,9,5,9,5,9,9,50
LS85_s05b_sc09,LS85_5b.czi,LS85,5,b,AF488,9,ScanRegion9,-9625.02,16158.45,8615.58,9934.1,1,4,10,10,10,6,10,10,51
LS85_s06a_sc00,LS85_6a.czi,LS85,6,a,AF568,0,ScanRegion0,-50308.16,7773.8,8368.19,10255.92,0,0,1,1,1,1,1,1,51
LS85_s06a_sc01,LS85_6a.czi,LS85,6,a,AF568,1,ScanRegion1,-48199.77,17684.36,8509.45,9901.35,1,0,2,6,2,8,2,2,52
LS85_s06a_sc02,LS85_6a.czi,LS85,6,a,AF568,2,ScanRegion2,-40295.95,6350.04,9529.07,10187.78,0,1,3,2,3,2,4,3,53
LS85_s06a_sc03,LS85_6a.czi,LS85,6,a,AF568,3,ScanRegion3,-30499.03,6334.61,9070.35,9552.52,0,2,4,3,5,3,5,4,54
LS85_s06a_sc04,LS85_6a.czi,LS85,6,a,AF568,4,ScanRegion4,-20789.48,5631.58,8718.79,11068.71,0,3,5,4,7,4,7,5,55
LS85_s06a_sc05,LS85_6a.czi,LS85,6,a,AF568,5,ScanRegion5,-18981.9,16775.62,9246.84,10218.32,1,1,6,7,4,7,3,6,56
LS85_s06a_sc06,LS85_6a.czi,LS85,6,a,AF568,6,ScanRegion6,-10286.44,6553.1,9813.05,11031.71,0,4,7,5,8,5,8,7,57
LS85_s06a_sc07,LS85_6a.czi,LS85,6,a,AF568,7,ScanRegion7,-10154.91,17335.69,7693.11,9628.0,1,2,8,8,6,6,6,8,58
LS85_s06b_sc00,LS85_6b.czi,LS85,6,b,AF488,0,ScanRegion0,-51294.07,6924.47,8366.44,9337.76,0,0,1,1,1,1,1,1,52
LS85_s06b_sc01,LS85_6b.czi,LS85,6,b,AF488,1,ScanRegion1,-49574.0,16498.8,8577.1,9515.59,1,0,2,6,2,10,2,2,53
LS85_s06b_sc02,LS85_6b.czi,LS85,6,b,AF488,2,ScanRegion2,-41832.71,7192.06,9351.62,9414.92,0,1,3,2,3,2,4,3,54
LS85_s06b_sc03,LS85_6b.czi,LS85,6,b,AF488,3,ScanRegion3,-40641.94,17100.94,8364.45,9762.59,1,1,4,7,4,9,3,4,55
LS85_s06b_sc04,LS85_6b.czi,LS85,6,b,AF488,4,ScanRegion4,-32845.85,5306.24,8822.61,9980.87,0,2,5,3,5,3,5,5,56
LS85_s06b_sc05,LS85_6b.czi,LS85,6,b,AF488,5,ScanRegion5,-31126.56,16096.13,9389.67,10328.97,1,2,6,8,6,8,6,6,57
LS85_s06b_sc06,LS85_6b.czi,LS85,6,b,AF488,6,ScanRegion6,-22765.96,5398.2,7517.4,10403.57,0,3,7,4,7,4,8,7,58
LS85_s06b_sc07,LS85_6b.czi,LS85,6,b,AF488,7,ScanRegion7,-20852.69,16347.31,8189.35,10147.18,1,3,8,9,8,7,7,8,59
LS85_s06b_sc08,LS85_6b.czi,LS85,6,b,AF488,8,ScanRegion8,-12987.46,5859.26,7873.23,10224.19,0,4,9,5,9,5,9,9,60
LS85_s06b_sc09,LS85_6b.czi,LS85,6,b,AF488,9,ScanRegion9,-11568.24,16313.89,8543.93,10039.69,1,4,10,10,10,6,10,10,61
LS85_s07a_sc00,LS85_7a.czi,LS85,7,a,AF568,0,ScanRegion0,-50871.9,7596.95,9003.16,9829.25,0,0,1,1,1,1,1,1,59
LS85_s07a_sc01,LS85_7a.czi,LS85,7,a,AF568,1,ScanRegion1,-49169.66,17716.67,10307.08,8915.72,1,0,2,6,2,10,2,2,60
LS85_s07a_sc02,LS85_7a.czi,LS85,7,a,AF568,2,ScanRegion2,-41478.69,6805.81,9000.27,11102.85,0,1,3,2,3,2,4,3,61
LS85_s07a_sc03,LS85_7a.czi,LS85,7,a,AF568,3,ScanRegion3,-39018.66,16663.15,7024.26,8598.61,1,1,4,7,4,9,3,4,62
LS85_s07a_sc04,LS85_7a.czi,LS85,7,a,AF568,4,ScanRegion4,-31663.59,5839.63,9212.71,10398.28,0,2,5,3,5,3,5,5,63
LS85_s07a_sc05,LS85_7a.czi,LS85,7,a,AF568,5,ScanRegion5,-30455.19,16045.87,8825.27,9369.84,1,2,6,8,6,8,6,6,64
LS85_s07a_sc06,LS85_7a.czi,LS85,7,a,AF568,6,ScanRegion6,-20911.15,5911.8,8045.89,11988.49,0,3,7,4,7,4,8,7,65
LS85_s07a_sc07,LS85_7a.czi,LS85,7,a,AF568,7,ScanRegion7,-19953.23,16845.19,8998.85,9796.22,1,3,8,9,8,7,7,8,66
LS85_s07a_sc08,LS85_7a.czi,LS85,7,a,AF568,8,ScanRegion8,-10216.74,6006.91,8189.6,10925.68,0,4,9,5,9,5,9,9,67
LS85_s07a_sc09,LS85_7a.czi,LS85,7,a,AF568,9,ScanRegion9,-9573.03,16918.2,9002.02,9270.57,1,4,10,10,10,6,10,10,68
LS85_s07b_sc00,LS85_7b-.czi,LS85,7,b,AF568,0,ScanRegion0,-51083.77,7293.98,8575.22,9731.09,0,0,1,1,1,1,1,1,1
LS85_s07b_sc01,LS85_7b-.czi,LS85,7,b,AF568,1,ScanRegion1,-49433.79,17293.38,9777.89,10253.79,1,0,2,6,2,10,2,2,2
LS85_s07b_sc02,LS85_7b-.czi,LS85,7,b,AF568,2,ScanRegion2,-42362.24,6680.37,8860.86,10078.97,0,1,3,2,3,2,4,3,3
LS85_s07b_sc03,LS85_7b-.czi,LS85,7,b,AF568,3,ScanRegion3,-39793.75,16201.5,8226.29,9443.19,1,1,4,7,4,9,3,4,4
LS85_s07b_sc04,LS85_7b-.czi,LS85,7,b,AF568,4,ScanRegion4,-31682.4,6543.39,8330.11,11035.16,0,2,5,3,5,3,5,5,5
LS85_s07b_sc05,LS85_7b-.czi,LS85,7,b,AF568,5,ScanRegion5,-29628.31,16892.26,7731.3,9233.35,1,2,6,8,6,8,6,6,6
LS85_s07b_sc06,LS85_7b-.czi,LS85,7,b,AF568,6,ScanRegion6,-21650.61,5954.36,7876.19,10176.25,0,3,7,4,7,4,8,7,7
LS85_s07b_sc07,LS85_7b-.czi,LS85,7,b,AF568,7,ScanRegion7,-19669.38,15803.68,8721.42,10183.74,1,3,8,9,8,7,7,8,8
LS85_s07b_sc08,LS85_7b-.czi,LS85,7,b,AF568,8,ScanRegion8,-11008.25,6445.14,9354.51,11103.59,0,4,9,5,9,5,9,9,9
LS85_s07b_sc09,LS85_7b-.czi,LS85,7,b,AF568,9,ScanRegion9,-9625.99,16636.66,8685.76,9551.72,1,4,10,10,10,6,10,10,10
LS85_s07c_sc00,LS85_7c.czi,LS85,7,c,AF488,0,ScanRegion0,-51384.06,8196.02,8755.91,9768.75,0,0,1,1,1,1,1,1,1
LS85_s07c_sc01,LS85_7c.czi,LS85,7,c,AF488,1,ScanRegion1,-49540.46,18437.14,9003.37,9232.84,1,0,2,6,2,10,2,2,2
LS85_s07c_sc02,LS85_7c.czi,LS85,7,c,AF488,2,ScanRegion2,-41550.38,6805.37,8718.65,10120.3,0,1,3,2,3,2,4,3,3
LS85_s07c_sc03,LS85_7c.czi,LS85,7,c,AF488,3,ScanRegion3,-40113.63,17261.36,8716.44,10009.58,1,1,4,7,4,9,3,4,4
LS85_s07c_sc04,LS85_7c.czi,LS85,7,c,AF488,4,ScanRegion4,-31980.84,6453.34,8223.94,10365.46,0,2,5,3,5,3,5,5,5
LS85_s07c_sc05,LS85_7c.czi,LS85,7,c,AF488,5,ScanRegion5,-30138.72,16875.67,8259.46,9482.69,1,2,6,8,6,8,6,6,6
LS85_s07c_sc06,LS85_7c.czi,LS85,7,c,AF488,6,ScanRegion6,-20578.7,6145.57,8152.94,10398.43,0,3,7,4,7,4,8,7,7
LS85_s07c_sc07,LS85_7c.czi,LS85,7,c,AF488,7,ScanRegion7,-19228.86,16753.45,8469.05,9838.58,1,3,8,9,8,7,7,8,8
LS85_s07c_sc08,LS85_7c.czi,LS85,7,c,AF488,8,ScanRegion8,-11115.37,7114.65,8083.86,9832.85,0,4,9,5,9,5,9,9,9
LS85_s07c_sc09,LS85_7c.czi,LS85,7,c,AF488,9,ScanRegion9,-8231.32,16494.91,8720.89,10469.87,1,4,10,10,10,6,10,10,10
LS85_s08a_sc00,LS85_8a.czi,LS85,8,a,AF568,0,ScanRegion0,-50747.06,7050.21,8398.02,10440.79,0,0,1,1,1,1,1,1,69
LS85_s08a_sc01,LS85_8a.czi,LS85,8,a,AF568,1,ScanRegion1,-50280.47,17076.2,8081.76,9134.23,1,0,2,6,2,10,2,2,70
LS85_s08a_sc02,LS85_8a.czi,LS85,8,a,AF568,2,ScanRegion2,-40826.0,5889.82,7341.98,9133.27,0,1,3,2,3,2,4,3,71
LS85_s08a_sc03,LS85_8a.czi,LS85,8,a,AF568,3,ScanRegion3,-37904.36,15340.72,6920.27,7789.92,1,1,4,7,4,9,3,4,72
LS85_s08a_sc04,LS85_8a.czi,LS85,8,a,AF568,4,ScanRegion4,-32406.38,6717.11,7941.18,9979.04,0,2,5,3,5,3,5,5,73
LS85_s08a_sc05,LS85_8a.czi,LS85,8,a,AF568,5,ScanRegion5,-30069.42,16838.33,6636.75,7507.53,1,2,6,8,6,8,6,6,74
LS85_s08a_sc06,LS85_8a.czi,LS85,8,a,AF568,6,ScanRegion6,-21883.33,5136.19,7660.01,8887.6,0,3,7,4,7,4,8,7,75
LS85_s08a_sc07,LS85_8a.czi,LS85,8,a,AF568,7,ScanRegion7,-18453.82,16421.28,6849.65,7967.02,1,3,8,9,8,7,7,8,76
LS85_s08a_sc08,LS85_8a.czi,LS85,8,a,AF568,8,ScanRegion8,-11646.29,6091.57,8508.06,8989.22,0,4,9,5,9,5,9,9,77
LS85_s08a_sc09,LS85_8a.czi,LS85,8,a,AF568,9,ScanRegion9,-9042.32,14873.91,8225.68,8355.65,1,4,10,10,10,6,10,10,78
LS85_s08b_sc00,LS85_8b.czi,LS85,8,b,AF488,0,ScanRegion0,-49865.72,6470.24,8752.53,9765.3,0,0,1,1,1,1,1,1,62
LS85_s08b_sc01,LS85_8b.czi,LS85,8,b,AF488,1,ScanRegion1,-49998.03,16531.47,7941.03,9380.05,1,0,2,6,2,10,2,2,63
LS85_s08b_sc02,LS85_8b.czi,LS85,8,b,AF488,2,ScanRegion2,-39854.25,5259.85,8153.26,9204.64,0,1,3,2,3,2,4,3,64
LS85_s08b_sc03,LS85_8b.czi,LS85,8,b,AF488,3,ScanRegion3,-38187.14,14691.73,8400.43,8319.3,1,1,4,7,4,9,3,4,65
LS85_s08b_sc04,LS85_8b.czi,LS85,8,b,AF488,4,ScanRegion4,-31345.85,5398.35,8083.68,8957.57,0,2,5,3,5,3,5,5,66
LS85_s08b_sc05,LS85_8b.czi,LS85,8,b,AF488,5,ScanRegion5,-29413.56,16116.98,7446.15,9165.07,1,2,6,8,6,8,6,6,67
LS85_s08b_sc06,LS85_8b.czi,LS85,8,b,AF488,6,ScanRegion6,-23612.07,5150.84,8012.15,9972.58,0,3,7,4,7,4,8,7,68
LS85_s08b_sc07,LS85_8b.czi,LS85,8,b,AF488,7,ScanRegion7,-20729.56,15448.71,7730.77,9551.64,1,3,8,9,8,7,7,8,69
LS85_s08b_sc08,LS85_8b.czi,LS85,8,b,AF488,8,ScanRegion8,-13887.24,5240.3,9390.49,9271.02,0,4,9,5,9,5,9,9,70
LS85_s08b_sc09,LS85_8b.czi,LS85,8,b,AF488,9,ScanRegion9,-11125.3,14887.68,8015.1,9234.16,1,4,10,10,10,6,10,10,71
LS85_s09a_sc00,LS85_9a.czi,LS85,9,a,AF568,0,ScanRegion0,-50253.35,7175.47,7910.71,8776.14,0,0,1,1,1,1,1,1,79
LS85_s09a_sc01,LS85_9a.czi,LS85,9,a,AF568,1,ScanRegion1,-49115.17,16484.37,8158.21,8487.3,1,0,2,7,2,12,2,2,80
LS85_s09a_sc02,LS85_9a.czi,LS85,9,a,AF568,2,ScanRegion2,-41107.91,6348.16,6283.66,7928.77,0,1,3,2,3,2,4,3,81
LS85_s09a_sc03,LS85_9a.czi,LS85,9,a,AF568,3,ScanRegion3,-39582.31,16061.59,7311.12,8673.2,1,1,4,8,4,11,3,4,82
LS85_s09a_sc04,LS85_9a.czi,LS85,9,a,AF568,4,ScanRegion4,-33817.5,6679.04,6741.35,8707.56,0,2,5,3,5,3,5,5,83
LS85_s09a_sc05,LS85_9a.czi,LS85,9,a,AF568,5,ScanRegion5,-30986.5,16711.01,6921.73,8459.54,1,2,6,9,6,10,6,6,84
LS85_s09a_sc06,LS85_9a.czi,LS85,9,a,AF568,6,ScanRegion6,-24850.04,6012.98,7451.1,8453.74,0,3,7,4,7,4,8,7,85
LS85_s09a_sc07,LS85_9a.czi,LS85,9,a,AF568,7,ScanRegion7,-22106.22,16429.8,7240.44,9199.94,1,3,8,10,8,9,7,8,86
LS85_s09a_sc08,LS85_9a.czi,LS85,9,a,AF568,8,ScanRegion8,-16889.99,6082.32,6709.5,8280.54,0,4,9,5,9,5,9,9,87
LS85_s09a_sc09,LS85_9a.czi,LS85,9,a,AF568,9,ScanRegion9,-14004.95,17187.96,7982.14,9126.96,1,4,10,11,10,8,10,10,88
LS85_s09a_sc10,LS85_9a.czi,LS85,9,a,AF568,10,ScanRegion10,-9737.9,5742.77,6954.97,7572.07,0,5,11,6,11,6,12,11,89
LS85_s09a_sc11,LS85_9a.czi,LS85,9,a,AF568,11,ScanRegion11,-5862.59,14438.58,7941.99,8104.54,1,5,12,12,12,7,11,12,90
LS85_s09b_sc00,LS85_9b.czi,LS85,9,b,AF488,0,ScanRegion0,-51681.26,5443.82,7805.26,8637.3,0,0,1,1,1,1,1,1,72
LS85_s09b_sc01,LS85_9b.czi,LS85,9,b,AF488,1,ScanRegion1,-51074.83,15931.05,7907.26,9305.52,1,0,2,7,2,12,2,2,73
LS85_s09b_sc02,LS85_9b.czi,LS85,9,b,AF488,2,ScanRegion2,-43313.89,5286.17,7100.21,8284.43,0,1,3,2,3,2,4,3,74
LS85_s09b_sc03,LS85_9b.czi,LS85,9,b,AF488,3,ScanRegion3,-42706.34,15173.83,6918.52,8462.33,1,1,4,8,4,11,3,4,75
LS85_s09b_sc04,LS85_9b.czi,LS85,9,b,AF488,4,ScanRegion4,-35708.93,6764.73,7485.58,8388.76,0,2,5,3,5,3,5,5,76
LS85_s09b_sc05,LS85_9b.czi,LS85,9,b,AF488,5,ScanRegion5,-34532.9,17005.52,7657.31,8567.62,1,2,6,9,6,10,6,6,77
LS85_s09b_sc06,LS85_9b.czi,LS85,9,b,AF488,6,ScanRegion6,-28768.72,6110.89,8080.9,8393.46,0,3,7,4,7,4,8,7,78
LS85_s09b_sc07,LS85_9b.czi,LS85,9,b,AF488,7,ScanRegion7,-25619.54,16829.66,8049.16,8810.5,1,3,8,10,8,9,7,8,79
LS85_s09b_sc08,LS85_9b.czi,LS85,9,b,AF488,8,ScanRegion8,-20206.24,5970.24,7975.84,8779.44,0,4,9,5,9,5,9,9,80
LS85_s09b_sc09,LS85_9b.czi,LS85,9,b,AF488,9,ScanRegion9,-16759.44,16267.97,8262.38,8778.93,1,4,10,11,10,8,10,10,81
LS85_s09b_sc10,LS85_9b.czi,LS85,9,b,AF488,10,ScanRegion10,-10057.36,6182.43,8508.06,8530.1,0,5,11,6,11,6,12,11,82
LS85_s09b_sc11,LS85_9b.czi,LS85,9,b,AF488,11,ScanRegion11,-7489.39,15774.41,7311.76,8522.83,1,5,12,12,12,7,11,12,83
LS87_s01a_sc00,LS87_1a.czi,LS87,1,a,AF568,0,ScanRegion0,-51520.23,3663.82,5085.9,6341.94,0,0,1,1,1,1,1,1,1
LS87_s01a_sc01,LS87_1a.czi,LS87,1,a,AF568,1,ScanRegion1,-53047.8,12578.03,4660.53,4297.76,1,0,2,7,2,13,2,2,2
LS87_s01a_sc02,LS87_1a.czi,LS87,1,a,AF568,2,ScanRegion2,-51940.73,18184.31,5047.61,5780.98,2,0,3,14,3,14,3,3,3
LS87_s01a_sc03,LS87_1a.czi,LS87,1,a,AF568,3,ScanRegion3,-44760.34,4434.02,5684.53,5601.54,0,1,4,2,4,2,6,4,4
LS87_s01a_sc04,LS87_1a.czi,LS87,1,a,AF568,4,ScanRegion4,-45368.25,11450.61,5260.79,5390.89,1,1,5,8,5,12,5,5,5
LS87_s01a_sc05,LS87_1a.czi,LS87,1,a,AF568,5,ScanRegion5,-44739.17,18833.69,4482.61,4795.72,2,1,6,15,6,15,4,6,6
LS87_s01a_sc06,LS87_1a.czi,LS87,1,a,AF568,6,ScanRegion6,-37381.18,4032.1,6462.36,6803.77,0,2,7,3,7,3,7,7,7
LS87_s01a_sc07,LS87_1a.czi,LS87,1,a,AF568,7,ScanRegion7,-37229.75,11393.37,5930.28,4759.08,1,2,8,9,8,11,8,8,8
LS87_s01a_sc08,LS87_1a.czi,LS87,1,a,AF568,8,ScanRegion8,-35347.6,18060.32,5611.22,5538.47,2,2,9,16,9,16,9,9,9
LS87_s01a_sc09,LS87_1a.czi,LS87,1,a,AF568,9,ScanRegion9,-29402.46,4981.05,5825.72,6058.89,0,3,10,4,10,4,12,10,10
LS87_s01a_sc10,LS87_1a.czi,LS87,1,a,AF568,10,ScanRegion10,-29462.23,11729.68,5151.67,4548.13,1,3,11,10,11,10,11,11,11
LS87_s01a_sc11,LS87_1a.czi,LS87,1,a,AF568,11,ScanRegion11,-28780.21,18178.38,5400.88,5537.15,2,3,12,17,12,17,10,12,12
LS87_s01a_sc12,LS87_1a.czi,LS87,1,a,AF568,12,ScanRegion12,-20576.78,4610.92,6177.39,7544.98,0,4,13,5,13,5,13,13,13
LS87_s01a_sc13,LS87_1a.czi,LS87,1,a,AF568,13,ScanRegion13,-20989.37,12240.0,4730.57,4618.84,1,4,14,11,14,9,14,14,14
LS87_s01a_sc14,LS87_1a.czi,LS87,1,a,AF568,14,ScanRegion14,-13072.93,3870.36,6494.36,6375.79,0,5,15,6,16,6,17,15,15
LS87_s01a_sc15,LS87_1a.czi,LS87,1,a,AF568,15,ScanRegion15,-12515.2,11043.64,6070.97,6061.32,1,5,16,12,17,8,16,16,16
LS87_s01a_sc16,LS87_1a.czi,LS87,1,a,AF568,16,ScanRegion16,-11851.13,17368.58,6777.12,5754.04,2,4,17,18,15,18,15,17,17
LS87_s01a_sc17,LS87_1a.czi,LS87,1,a,AF568,17,ScanRegion17,-6545.69,8851.69,5859.49,6454.2,1,6,18,13,18,7,18,18,18
LS87_s01b_sc00,LS87_1b.czi,LS87,1,b,AF488,0,ScanRegion0,-51925.58,5161.49,3267.8,3032.56,0,0,1,1,1,1,1,1,1
LS87_s01b_sc01,LS87_1b.czi,LS87,1,b,AF488,1,ScanRegion1,-53204.95,11431.75,3919.71,4056.78,2,0,2,8,3,8,3,2,2
LS87_s01b_sc02,LS87_1b.czi,LS87,1,b,AF488,2,ScanRegion2,-52576.41,17285.2,4483.64,4122.57,3,0,3,14,4,20,4,3,3
LS87_s01b_sc03,LS87_1b.czi,LS87,1,b,AF488,3,ScanRegion3,-45308.91,5404.71,4165.43,5289.12,0,1,4,2,5,2,7,4,4
LS87_s01b_sc04,LS87_1b.czi,LS87,1,b,AF488,4,ScanRegion4,-46143.73,11130.16,4202.48,4899.9,2,1,5,9,6,9,6,5,5
LS87_s01b_sc05,LS87_1b.czi,LS87,1,b,AF488,5,ScanRegion5,-45250.64,17529.99,4587.82,4654.3,3,1,6,15,7,19,5,6,6
LS87_s01b_sc06,LS87_1b.czi,LS87,1,b,AF488,6,ScanRegion6,-39393.55,4413.53,5120.14,5182.88,0,2,7,3,8,3,8,7,7
LS87_s01b_sc07,LS87_1b.czi,LS87,1,b,AF488,7,ScanRegion7,-39719.01,11374.83,5190.5,4724.5,2,2,8,10,9,10,9,8,8
LS87_s01b_sc08,LS87_1b.czi,LS87,1,b,AF488,8,ScanRegion8,-38472.38,17930.8,5438.07,5075.46,3,2,9,16,10,18,10,9,9
LS87_s01b_sc09,LS87_1b.czi,LS87,1,b,AF488,9,ScanRegion9,-31662.59,4888.69,5332.65,5108.8,0,3,10,4,11,4,13,10,10
LS87_s01b_sc10,LS87_1b.czi,LS87,1,b,AF488,10,ScanRegion10,-30981.2,11516.09,4166.39,4474.12,2,3,11,11,12,11,12,11,11
LS87_s01b_sc11,LS87_1b.czi,LS87,1,b,AF488,11,ScanRegion11,-29980.3,18088.95,5189.08,5354.32,3,3,12,17,13,17,11,12,12
LS87_s01b_sc12,LS87_1b.czi,LS87,1,b,AF488,12,ScanRegion12,-24916.05,5206.18,4833.75,4047.9,0,4,13,5,14,5,14,13,13
LS87_s01b_sc13,LS87_1b.czi,LS87,1,b,AF488,13,ScanRegion13,-24590.91,12107.77,5295.53,4863.19,2,4,14,12,15,12,15,14,14
LS87_s01b_sc14,LS87_1b.czi,LS87,1,b,AF488,14,ScanRegion14,-22372.9,18651.77,5719.73,5324.73,3,4,15,18,16,16,16,15,15
LS87_s01b_sc15,LS87_1b.czi,LS87,1,b,AF488,15,ScanRegion15,-15881.39,4796.9,5683.78,5639.94,0,5,16,6,17,6,19,16,16
LS87_s01b_sc16,LS87_1b.czi,LS87,1,b,AF488,16,ScanRegion16,-15135.49,13097.77,4575.68,3698.97,2,5,17,13,18,13,18,17,17
LS87_s01b_sc17,LS87_1b.czi,LS87,1,b,AF488,17,ScanRegion17,-14977.03,19020.68,5754.18,5251.68,3,5,18,19,19,15,17,18,18
LS87_s01b_sc18,LS87_1b.czi,LS87,1,b,AF488,18,ScanRegion18,-7669.59,8422.99,4551.21,4735.8,1,0,19,7,2,7,2,19,19
LS87_s01b_sc19,LS87_1b.czi,LS87,1,b,AF488,19,ScanRegion19,-7578.38,15950.11,5719.55,6628.66,3,6,20,20,20,14,20,20,20
LS87_s02a_sc00,LS87_2a.czi,LS87,2,a,AF568,0,ScanRegion0,-50836.07,6697.85,5543.09,5498.97,0,0,1,1,1,1,1,1,19
LS87_s02a_sc01,LS87_2a.czi,LS87,2,a,AF568,1,ScanRegion1,-43086.29,6925.16,6425.7,5712.19,0,1,2,2,4,2,5,2,20
LS87_s02a_sc02,LS87_2a.czi,LS87,2,a,AF568,2,ScanRegion2,-43462.65,13496.26,6389.33,5607.05,1,0,3,7,2,10,2,3,21
LS87_s02a_sc03,LS87_2a.czi,LS87,2,a,AF568,3,ScanRegion3,-42075.25,20056.37,6707.33,5676.14,2,0,4,11,3,11,3,4,22
LS87_s02a_sc04,LS87_2a.czi,LS87,2,a,AF568,4,ScanRegion4,-35690.21,6940.61,4837.87,6204.05,0,2,5,3,6,3,6,5,23
LS87_s02a_sc05,LS87_2a.czi,LS87,2,a,AF568,5,ScanRegion5,-27676.42,8259.36,5967.12,7757.98,0,3,6,4,8,4,9,6,24
LS87_s02a_sc06,LS87_2a.czi,LS87,2,a,AF568,6,ScanRegion6,-26642.14,16511.04,5296.7,6555.02,1,1,7,8,5,9,4,7,25
LS87_s02a_sc07,LS87_2a.czi,LS87,2,a,AF568,7,ScanRegion7,-19519.74,6692.73,5896.22,8108.06,0,4,8,5,10,5,10,8,26
LS87_s02a_sc08,LS87_2a.czi,LS87,2,a,AF568,8,ScanRegion8,-17392.47,16178.02,6707.9,7400.04,1,2,9,9,7,8,7,9,27
LS87_s02a_sc09,LS87_2a.czi,LS87,2,a,AF568,9,ScanRegion9,-8468.14,7210.06,6388.44,8317.61,0,5,10,6,11,6,11,10,28
LS87_s02a_sc10,LS87_2a.czi,LS87,2,a,AF568,10,ScanRegion10,-7171.9,16551.23,5047.46,5851.98,1,3,11,10,9,7,8,11,29
LS87_s02b_sc00,LS87_2b.czi,LS87,2,b,AF488,0,ScanRegion0,-51859.48,6429.82,5754.43,6309.05,0,0,1,1,1,1,1,1,21
LS87_s02b_sc01,LS87_2b.czi,LS87,2,b,AF488,1,ScanRegion1,-51142.61,15068.22,4520.09,7011.85,2,0,2,8,3,8,3,2,22
LS87_s02b_sc02,LS87_2b.czi,LS87,2,b,AF488,2,ScanRegion2,-44531.33,5194.72,5650.76,6627.63,0,1,3,2,4,2,5,3,23
LS87_s02b_sc03,LS87_2b.czi,LS87,2,b,AF488,3,ScanRegion3,-44115.9,12580.34,5860.21,6590.7,1,0,4,7,2,7,2,4,24
LS87_s02b_sc04,LS87_2b.czi,LS87,2,b,AF488,4,ScanRegion4,-43716.84,19558.93,6109.09,5465.85,2,1,5,9,5,9,4,5,25
LS87_s02b_sc05,LS87_2b.czi,LS87,2,b,AF488,5,ScanRegion5,-36643.18,6339.06,6109.3,8318.2,0,2,6,3,6,3,6,6,26
LS87_s02b_sc06,LS87_2b.czi,LS87,2,b,AF488,6,ScanRegion6,-34905.83,17479.98,5221.4,7402.83,2,2,7,10,7,10,7,7,27
LS87_s02b_sc07,LS87_2b.czi,LS87,2,b,AF488,7,ScanRegion7,-28557.53,6636.97,6318.54,8315.63,0,3,8,4,8,4,9,8,28
LS87_s02b_sc08,LS87_2b.czi,LS87,2,b,AF488,8,ScanRegion8,-28160.05,15802.18,6497.63,7893.15,2,3,9,11,9,11,8,9,29
LS87_s02b_sc09,LS87_2b.czi,LS87,2,b,AF488,9,ScanRegion9,-19995.53,6777.9,7695.5,7862.98,0,4,10,5,10,5,10,10,30
LS87_s02b_sc10,LS87_2b.czi,LS87,2,b,AF488,10,ScanRegion10,-19882.08,16629.43,7026.5,7895.8,2,4,11,12,11,12,11,11,31
LS87_s02b_sc11,LS87_2b.czi,LS87,2,b,AF488,11,ScanRegion11,-10250.81,7097.36,7554.13,8109.09,0,5,12,6,12,6,13,12,32
LS87_s02b_sc12,LS87_2b.czi,LS87,2,b,AF488,12,ScanRegion12,-6940.82,14928.9,6919.73,8318.93,2,5,13,13,13,13,12,13,33
LS87_s03a_sc00,LS87_3a.czi,LS87,3,a,AF568,0,ScanRegion0,-43049.7,6817.56,6497.31,9023.65,0,0,1,1,1,1,1,1,30
LS87_s03a_sc01,LS87_3a.czi,LS87,3,a,AF568,1,ScanRegion1,-42371.43,16319.79,6532.01,8282.96,1,0,2,6,2,9,2,2,31
LS87_s03a_sc02,LS87_3a.czi,LS87,3,a,AF568,2,ScanRegion2,-34083.41,7275.46,7628.23,9626.09,0,1,3,2,3,2,4,3,32
LS87_s03a_sc03,LS87_3a.czi,LS87,3,a,AF568,3,ScanRegion3,-34428.69,17674.15,6322.45,7927.59,1,1,4,7,4,8,3,4,33
LS87_s03a_sc04,LS87_3a.czi,LS87,3,a,AF568,4,ScanRegion4,-24991.76,7192.93,6741.85,8280.24,0,2,5,3,5,3,5,5,34
LS87_s03a_sc05,LS87_3a.czi,LS87,3,a,AF568,5,ScanRegion5,-24295.68,17555.56,7802.16,9055.81,1,2,6,8,6,7,6,6,35
LS87_s03a_sc06,LS87_3a.czi,LS87,3,a,AF568,6,ScanRegion6,-16870.07,7648.77,6813.81,9027.32,0,3,7,4,7,4,8,7,36
LS87_s03a_sc07,LS87_3a.czi,LS87,3,a,AF568,7,ScanRegion7,-14659.44,18438.25,7167.58,8457.56,1,3,8,9,8,6,7,8,37
LS87_s03a_sc08,LS87_3a.czi,LS87,3,a,AF568,8,ScanRegion8,-7797.57,7771.71,5681.22,7405.91,0,4,9,5,9,5,9,9,38
LS87_s03b_sc00,LS87_3b.czi,LS87,3,b,AF488,0,ScanRegion0,-52351.78,5919.42,6387.55,8668.5,0,0,1,1,1,1,1,1,34
LS87_s03b_sc01,LS87_3b.czi,LS87,3,b,AF488,1,ScanRegion1,-51919.53,16600.45,6637.1,8736.5,1,0,2,7,2,11,2,2,35
LS87_s03b_sc02,LS87_3b.czi,LS87,3,b,AF488,2,ScanRegion2,-43030.36,6117.54,6885.0,8811.02,0,1,3,2,3,2,4,3,36
LS87_s03b_sc03,LS87_3b.czi,LS87,3,b,AF488,3,ScanRegion3,-43852.54,16722.37,6954.0,9235.99,1,1,4,8,4,10,3,4,37
LS87_s03b_sc04,LS87_3b.czi,LS87,3,b,AF488,4,ScanRegion4,-34062.75,6699.23,6460.61,9304.94,0,2,5,3,5,3,5,5,38
LS87_s03b_sc05,LS87_3b.czi,LS87,3,b,AF488,5,ScanRegion5,-33509.57,17009.19,7588.26,9624.62,1,2,6,9,6,9,6,6,39
LS87_s03b_sc06,LS87_3b.czi,LS87,3,b,AF488,6,ScanRegion6,-26014.84,7523.33,7731.55,9020.35,0,3,7,4,7,4,8,7,40
LS87_s03b_sc07,LS87_3b.czi,LS87,3,b,AF488,7,ScanRegion7,-24753.15,17219.83,8154.25,9022.99,1,3,8,10,8,8,7,8,41
LS87_s03b_sc08,LS87_3b.czi,LS87,3,b,AF488,8,ScanRegion8,-16784.83,8037.1,8121.33,9235.11,0,4,9,5,9,5,9,9,42
LS87_s03b_sc09,LS87_3b.czi,LS87,3,b,AF488,9,ScanRegion9,-14782.0,17682.54,7269.76,9338.27,1,4,10,11,10,7,10,10,43
LS87_s03b_sc10,LS87_3b.czi,LS87,3,b,AF488,10,ScanRegion10,-9296.88,6940.23,7484.87,8565.78,0,5,11,6,11,6,11,11,44
LS87_s04a_sc00,LS87_4a.czi,LS87,4,a,AF568,0,ScanRegion0,-50767.11,7334.06,5900.05,8912.23,0,0,1,1,1,1,1,1,39
LS87_s04a_sc01,LS87_4a.czi,LS87,4,a,AF568,1,ScanRegion1,-51785.48,18790.87,5997.82,6758.14,1,0,2,6,2,10,2,2,40
LS87_s04a_sc02,LS87_4a.czi,LS87,4,a,AF568,2,ScanRegion2,-40985.83,7317.28,7379.42,10150.85,0,1,3,2,3,2,4,3,41
LS87_s04a_sc03,LS87_4a.czi,LS87,4,a,AF568,3,ScanRegion3,-41365.44,17182.36,7835.76,7902.04,1,1,4,7,4,9,3,4,42
LS87_s04a_sc04,LS87_4a.czi,LS87,4,a,AF568,4,ScanRegion4,-30781.36,6441.48,7309.8,10047.91,0,2,5,3,5,3,5,5,43
LS87_s04a_sc05,LS87_4a.czi,LS87,4,a,AF568,5,ScanRegion5,-29344.82,17282.28,7095.05,8175.32,1,2,6,8,6,8,6,6,44
LS87_s04a_sc06,LS87_4a.czi,LS87,4,a,AF568,6,ScanRegion6,-22447.01,6687.33,7871.7,9944.89,0,3,7,4,7,4,8,7,45
LS87_s04a_sc07,LS87_4a.czi,LS87,4,a,AF568,7,ScanRegion7,-20763.5,17352.07,7238.8,8418.43,1,3,8,9,8,7,7,8,46
LS87_s04a_sc08,LS87_4a.czi,LS87,4,a,AF568,8,ScanRegion8,-13306.32,7215.46,7378.31,11108.65,0,4,9,5,9,5,9,9,47
LS87_s04a_sc09,LS87_4a.czi,LS87,4,a,AF568,9,ScanRegion9,-12168.12,17952.85,7698.73,9299.14,1,4,10,10,10,6,10,10,48
LS87_s04b_sc00,LS87_4b.czi,LS87,4,b,AF488,0,ScanRegion0,-51067.38,7137.73,9250.19,10126.25,0,0,1,1,1,1,1,1,45
LS87_s04b_sc01,LS87_4b.czi,LS87,4,b,AF488,1,ScanRegion1,-50686.08,16899.91,7765.54,9626.75,1,0,2,6,2,10,2,2,46
LS87_s04b_sc02,LS87_4b.czi,LS87,4,b,AF488,2,ScanRegion2,-42132.18,5993.68,8683.27,11036.04,0,1,3,2,3,2,4,3,47
LS87_s04b_sc03,LS87_4b.czi,LS87,4,b,AF488,3,ScanRegion3,-42001.15,16864.29,8329.32,10717.38,1,1,4,7,4,9,3,4,48
LS87_s04b_sc04,LS87_4b.czi,LS87,4,b,AF488,4,ScanRegion4,-32527.87,6559.14,9672.54,9877.78,0,2,5,3,5,3,5,5,49
LS87_s04b_sc05,LS87_4b.czi,LS87,4,b,AF488,5,ScanRegion5,-32272.98,16127.41,8223.12,10262.16,1,2,6,8,6,8,6,6,50
LS87_s04b_sc06,LS87_4b.czi,LS87,4,b,AF488,6,ScanRegion6,-23316.93,7338.93,9037.82,9273.73,0,3,7,4,7,4,8,7,51
LS87_s04b_sc07,LS87_4b.czi,LS87,4,b,AF488,7,ScanRegion7,-22971.95,17274.68,8541.98,10122.72,1,3,8,9,8,7,7,8,52
LS87_s04b_sc08,LS87_4b.czi,LS87,4,b,AF488,8,ScanRegion8,-14240.26,7090.9,8614.69,9725.87,0,4,9,5,9,5,9,9,53
LS87_s04b_sc09,LS87_4b.czi,LS87,4,b,AF488,9,ScanRegion9,-13456.12,17397.84,9424.41,10053.63,1,4,10,10,10,6,10,10,54
LS87_s05a_sc00,LS87_5a.czi,LS87,5,a,AF568,0,ScanRegion0,-51466.11,6589.43,8226.14,9188.58,0,0,1,1,1,1,1,1,49
LS87_s05a_sc01,LS87_5a.czi,LS87,5,a,AF568,1,ScanRegion1,-51429.15,17850.67,8050.79,10109.44,2,0,2,7,3,7,3,2,50
LS87_s05a_sc02,LS87_5a.czi,LS87,5,a,AF568,2,ScanRegion2,-41604.12,6751.81,7414.12,10366.78,0,1,3,2,4,2,5,3,51
LS87_s05a_sc03,LS87_5a.czi,LS87,5,a,AF568,3,ScanRegion3,-42071.0,17290.0,8404.95,8882.39,2,1,4,8,5,8,4,4,52
LS87_s05a_sc04,LS87_5a.czi,LS87,5,a,AF568,4,ScanRegion4,-31221.59,6562.37,8473.72,11138.61,0,2,5,3,6,3,6,5,53
LS87_s05a_sc05,LS87_5a.czi,LS87,5,a,AF568,5,ScanRegion5,-33211.04,17537.14,7771.34,9057.87,2,2,6,9,7,9,7,6,54
LS87_s05a_sc06,LS87_5a.czi,LS87,5,a,AF568,6,ScanRegion6,-21462.05,6298.19,8436.24,10010.98,0,3,7,4,8,4,9,7,55
LS87_s05a_sc07,LS87_5a.czi,LS87,5,a,AF568,7,ScanRegion7,-22424.36,16677.2,8012.11,9980.36,2,3,8,10,9,10,8,8,56
LS87_s05a_sc08,LS87_5a.czi,LS87,5,a,AF568,8,ScanRegion8,-13287.56,6843.46,7978.08,8251.97,0,4,9,5,10,5,10,9,57
LS87_s05a_sc09,LS87_5a.czi,LS87,5,a,AF568,9,ScanRegion9,-13739.09,16746.39,7376.75,9661.63,2,4,10,11,11,11,11,10,58
LS87_s05a_sc10,LS87_5a.czi,LS87,5,a,AF568,10,ScanRegion10,-5279.9,12817.54,8401.89,10999.18,1,0,11,6,2,6,2,11,59
LS87_s05b_sc00,LS87_5b.czi,LS87,5,b,AF488,0,ScanRegion0,-50448.74,7651.88,9285.57,10576.55,0,0,1,1,1,1,1,1,55
LS87_s05b_sc01,LS87_5b.czi,LS87,5,b,AF488,1,ScanRegion1,-51392.72,16984.68,8682.56,10718.34,2,0,2,7,3,7,3,2,56
LS87_s05b_sc02,LS87_5b.czi,LS87,5,b,AF488,2,ScanRegion2,-40438.41,6983.57,8543.65,10893.89,0,1,3,2,4,2,5,3,57
LS87_s05b_sc03,LS87_5b.czi,LS87,5,b,AF488,3,ScanRegion3,-40977.66,17499.88,9108.15,10084.1,2,1,4,8,5,8,4,4,58
LS87_s05b_sc04,LS87_5b.czi,LS87,5,b,AF488,4,ScanRegion4,-30693.79,6422.24,8686.05,10433.09,0,2,5,3,6,3,6,5,59
LS87_s05b_sc05,LS87_5b.czi,LS87,5,b,AF488,5,ScanRegion5,-30740.02,17380.64,9110.64,10862.98,2,2,6,9,7,9,7,6,60
LS87_s05b_sc06,LS87_5b.czi,LS87,5,b,AF488,6,ScanRegion6,-21922.57,6526.46,7732.51,10116.56,0,3,7,4,8,4,9,7,61
LS87_s05b_sc07,LS87_5b.czi,LS87,5,b,AF488,7,ScanRegion7,-21523.8,17350.67,9174.31,11027.01,2,3,8,10,9,10,8,8,62
LS87_s05b_sc08,LS87_5b.czi,LS87,5,b,AF488,8,ScanRegion8,-12466.05,6670.56,7625.12,8841.48,0,4,9,5,10,5,10,9,63
LS87_s05b_sc09,LS87_5b.czi,LS87,5,b,AF488,9,ScanRegion9,-12784.72,16308.24,7306.67,10190.49,2,4,10,11,11,11,11,10,64
LS87_s05b_sc10,LS87_5b.czi,LS87,5,b,AF488,10,ScanRegion10,-4609.38,12892.1,6424.92,9725.8,1,0,11,6,2,6,2,11,65
LS87_s06a_sc00,LS87_6a.czi,LS87,6,a,AF568,0,ScanRegion0,-51807.8,6852.85,8051.15,10254.45,0,0,1,1,1,1,1,1,60
LS87_s06a_sc01,LS87_6a.czi,LS87,6,a,AF568,1,ScanRegion1,-51851.13,17005.6,7552.92,9547.97,1,0,2,7,2,12,2,2,61
LS87_s06a_sc02,LS87_6a.czi,LS87,6,a,AF568,2,ScanRegion2,-42891.94,6433.19,6885.63,8177.96,0,1,3,2,3,2,4,3,62
LS87_s06a_sc03,LS87_6a.czi,LS87,6,a,AF568,3,ScanRegion3,-42970.63,16087.22,7516.23,9519.04,1,1,4,8,4,11,3,4,63
LS87_s06a_sc04,LS87_6a.czi,LS87,6,a,AF568,4,ScanRegion4,-35337.85,6483.88,6814.88,9794.67,0,2,5,3,5,3,5,5,64
LS87_s06a_sc05,LS87_6a.czi,LS87,6,a,AF568,5,ScanRegion5,-34746.41,17074.02,7445.19,9700.83,1,2,6,9,6,10,6,6,65
LS87_s06a_sc06,LS87_6a.czi,LS87,6,a,AF568,6,ScanRegion6,-26685.26,5602.98,7237.34,8850.23,0,3,7,4,7,4,8,7,66
LS87_s06a_sc07,LS87_6a.czi,LS87,6,a,AF568,7,ScanRegion7,-26273.53,16705.1,8649.03,11245.0,1,3,8,10,8,9,7,8,67
LS87_s06a_sc08,LS87_6a.czi,LS87,6,a,AF568,8,ScanRegion8,-17487.55,6132.21,8188.06,10295.64,0,4,9,5,9,5,9,9,68
LS87_s06a_sc09,LS87_6a.czi,LS87,6,a,AF568,9,ScanRegion9,-17375.04,16528.81,8084.5,9802.52,1,4,10,11,10,8,10,10,69
LS87_s06a_sc10,LS87_6a.czi,LS87,6,a,AF568,10,ScanRegion10,-8132.76,6575.06,6425.27,9097.0,0,5,11,6,11,6,12,11,70
LS87_s06a_sc11,LS87_6a.czi,LS87,6,a,AF568,11,ScanRegion11,-7948.98,16777.48,8084.25,10611.94,1,5,12,12,12,7,11,12,71
LS87_s06b_sc00,LS87_6b.czi,LS87,6,b,AF488,0,ScanRegion0,-51911.05,5973.64,7488.32,9625.58,0,0,1,1,1,1,1,1,66
LS87_s06b_sc01,LS87_6b.czi,LS87,6,b,AF488,1,ScanRegion1,-51727.7,16845.5,6955.85,10148.79,1,0,2,7,2,12,2,2,67
LS87_s06b_sc02,LS87_6b.czi,LS87,6,b,AF488,2,ScanRegion2,-43686.14,6888.89,8193.44,9799.52,0,1,3,2,3,2,4,3,68
LS87_s06b_sc03,LS87_6b.czi,LS87,6,b,AF488,3,ScanRegion3,-43042.95,17889.17,7169.01,9515.37,1,1,4,8,4,11,3,4,69
LS87_s06b_sc04,LS87_6b.czi,LS87,6,b,AF488,4,ScanRegion4,-34650.49,7488.76,7977.55,9909.06,0,2,5,3,5,3,5,5,70
LS87_s06b_sc05,LS87_6b.czi,LS87,6,b,AF488,5,ScanRegion5,-34869.55,17867.44,7489.03,9239.15,1,2,6,9,6,10,6,6,71
LS87_s06b_sc06,LS87_6b.czi,LS87,6,b,AF488,6,ScanRegion6,-24670.92,5164.72,8297.29,8744.06,0,3,7,4,7,4,8,7,72
LS87_s06b_sc07,LS87_6b.czi,LS87,6,b,AF488,7,ScanRegion7,-26660.42,16156.96,7238.12,10004.81,1,3,8,10,8,9,7,8,73
LS87_s06b_sc08,LS87_6b.czi,LS87,6,b,AF488,8,ScanRegion8,-18323.05,9850.15,7589.97,8501.17,0,4,9,5,9,5,9,9,74
LS87_s06b_sc09,LS87_6b.czi,LS87,6,b,AF488,9,ScanRegion9,-18649.36,18341.1,7590.29,8567.58,1,4,10,11,10,8,10,10,75
LS87_s06b_sc10,LS87_6b.czi,LS87,6,b,AF488,10,ScanRegion10,-9015.59,7491.12,8048.87,9308.83,0,5,11,6,11,6,12,11,76
LS87_s06b_sc11,LS87_6b.czi,LS87,6,b,AF488,11,ScanRegion11,-9801.57,16896.91,8118.42,9025.49,1,5,12,12,12,7,11,12,77
LS87_s07a_sc00,LS87_7a.czi,LS87,7,a,AF568,0,ScanRegion0,-50341.49,7157.55,8081.72,9871.62,0,0,1,1,1,1,1,1,72
LS87_s07a_sc01,LS87_7a.czi,LS87,7,a,AF568,1,ScanRegion1,-50690.56,17130.23,6841.44,7845.98,2,0,2,8,3,8,3,2,73
LS87_s07a_sc02,LS87_7a.czi,LS87,7,a,AF568,2,ScanRegion2,-42290.43,5974.0,8013.35,10219.28,0,1,3,2,4,2,5,3,74
LS87_s07a_sc03,LS87_7a.czi,LS87,7,a,AF568,3,ScanRegion3,-41761.83,16254.85,6761.08,7971.35,2,1,4,9,5,9,4,4,75
LS87_s07a_sc04,LS87_7a.czi,LS87,7,a,AF568,4,ScanRegion4,-32687.99,6523.86,7940.43,10225.44,0,2,5,3,6,3,6,5,76
LS87_s07a_sc05,LS87_7a.czi,LS87,7,a,AF568,5,ScanRegion5,-31763.61,16586.93,7626.49,8075.1,2,2,6,10,7,10,7,6,77
LS87_s07a_sc06,LS87_7a.czi,LS87,7,a,AF568,6,ScanRegion6,-28262.82,12455.43,4448.73,3596.35,1,0,7,7,2,7,2,7,78
LS87_s07a_sc07,LS87_7a.czi,LS87,7,a,AF568,7,ScanRegion7,-24590.0,6401.36,6647.69,9048.29,0,3,8,4,8,4,9,8,79
LS87_s07a_sc08,LS87_7a.czi,LS87,7,a,AF568,8,ScanRegion8,-22918.35,15901.33,6881.97,7362.23,2,3,9,11,9,11,8,9,80
LS87_s07a_sc09,LS87_7a.czi,LS87,7,a,AF568,9,ScanRegion9,-16699.79,6578.35,5456.3,7602.45,0,4,10,5,10,5,10,10,81
LS87_s07a_sc10,LS87_7a.czi,LS87,7,a,AF568,10,ScanRegion10,-13032.08,16805.02,7522.35,7220.82,2,4,11,12,11,12,11,11,82
LS87_s07a_sc11,LS87_7a.czi,LS87,7,a,AF568,11,ScanRegion11,-8963.31,7064.57,7094.55,8954.56,0,5,12,6,12,6,13,12,83
LS87_s07a_sc12,LS87_7a.czi,LS87,7,a,AF568,12,ScanRegion12,-5300.38,16890.48,6462.82,8708.37,2,5,13,13,13,13,12,13,84
LS87_s07b_sc00,LS87_7b.czi,LS87,7,b,AF488,0,ScanRegion0,-51346.76,6909.53,7559.65,10082.34,0,0,1,1,1,1,1,1,78
LS87_s07b_sc01,LS87_7b.czi,LS87,7,b,AF488,1,ScanRegion1,-51357.51,16616.64,8119.27,8780.47,1,0,2,7,2,11,2,2,79
LS87_s07b_sc02,LS87_7b.czi,LS87,7,b,AF488,2,ScanRegion2,-43757.88,6041.81,6709.0,9654.58,0,1,3,2,3,2,4,3,80
LS87_s07b_sc03,LS87_7b.czi,LS87,7,b,AF488,3,ScanRegion3,-41416.92,15440.87,7238.87,9623.01,1,1,4,8,4,10,3,4,81
LS87_s07b_sc04,LS87_7b.czi,LS87,7,b,AF488,4,ScanRegion4,-35249.36,7452.15,6847.88,8850.52,0,2,5,3,5,3,5,5,82
LS87_s07b_sc05,LS87_7b.czi,LS87,7,b,AF488,5,ScanRegion5,-33916.53,17323.55,6922.76,8702.06,1,2,6,9,6,9,6,6,83
LS87_s07b_sc06,LS87_7b.czi,LS87,7,b,AF488,6,ScanRegion6,-27886.54,6727.17,6601.48,9622.2,0,3,7,4,7,4,8,7,84
LS87_s07b_sc07,LS87_7b.czi,LS87,7,b,AF488,7,ScanRegion7,-26291.22,17162.16,5859.74,7505.99,1,3,8,10,8,8,7,8,85
LS87_s07b_sc08,LS87_7b.czi,LS87,7,b,AF488,8,ScanRegion8,-20225.09,6794.97,5967.94,7963.64,0,4,9,5,9,5,9,9,86
LS87_s07b_sc09,LS87_7b.czi,LS87,7,b,AF488,9,ScanRegion9,-16651.46,16109.15,12353.71,9595.98,1,4,10,11,10,7,10,10,87
LS87_s07b_sc10,LS87_7b.czi,LS87,7,b,AF488,10,ScanRegion10,-12986.88,6406.44,6951.98,8218.93,0,5,11,6,11,6,11,11,88
LS87_s08a_sc00,LS87_8a.czi,LS87,8,a,AF568,0,ScanRegion0,-51664.33,5622.27,6777.37,7646.74,0,0,1,1,1,1,1,1,85
LS87_s08a_sc01,LS87_8a.czi,LS87,8,a,AF568,1,ScanRegion1,-50277.68,14188.61,6744.16,7857.54,1,0,2,7,2,12,2,2,86
LS87_s08a_sc02,LS87_8a.czi,LS87,8,a,AF568,2,ScanRegion2,-43809.88,6798.95,6039.76,8072.6,0,1,3,2,3,2,4,3,87
LS87_s08a_sc03,LS87_8a.czi,LS87,8,a,AF568,3,ScanRegion3,-43289.68,16244.79,7521.81,7295.64,1,1,4,8,4,11,3,4,88
LS87_s08a_sc04,LS87_8a.czi,LS87,8,a,AF568,4,ScanRegion4,-35477.08,6008.65,8439.44,7789.99,0,2,5,3,5,3,5,5,89
LS87_s08a_sc05,LS87_8a.czi,LS87,8,a,AF568,5,ScanRegion5,-34143.28,14787.25,7733.79,8213.72,1,2,6,9,6,10,6,6,90
LS87_s08a_sc06,LS87_8a.czi,LS87,8,a,AF568,6,ScanRegion6,-25942.16,5869.76,8278.02,7987.23,0,3,7,4,7,4,8,7,91
LS87_s08a_sc07,LS87_8a.czi,LS87,8,a,AF568,7,ScanRegion7,-26006.07,15295.59,6710.35,6807.0,1,3,8,10,8,9,7,8,92
LS87_s08a_sc08,LS87_8a.czi,LS87,8,a,AF568,8,ScanRegion8,-16604.35,5959.19,7905.94,9584.83,0,4,9,5,9,5,9,9,93
LS87_s08a_sc09,LS87_8a.czi,LS87,8,a,AF568,9,ScanRegion9,-16845.33,15897.33,7943.31,8388.76,1,4,10,11,10,8,10,10,94
LS87_s08a_sc10,LS87_8a.czi,LS87,8,a,AF568,10,ScanRegion10,-8541.66,8035.41,7872.31,9547.6,0,5,11,6,11,6,12,11,95
LS87_s08a_sc11,LS87_8a.czi,LS87,8,a,AF568,11,ScanRegion11,-8213.74,17056.38,6990.2,6523.07,1,5,12,12,12,7,11,12,96
LS87_s08b_sc00,LS87_8b.czi,LS87,8,b,AF488,0,ScanRegion0,-51417.53,6766.32,6850.29,7541.09,0,0,1,1,1,1,1,1,89
LS87_s08b_sc01,LS87_8b.czi,LS87,8,b,AF488,1,ScanRegion1,-51375.59,16474.64,7169.29,8280.76,1,0,2,7,2,12,2,2,90
LS87_s08b_sc02,LS87_8b.czi,LS87,8,b,AF488,2,ScanRegion2,-43669.88,7081.92,7449.18,7931.77,0,1,3,2,3,2,4,3,91
LS87_s08b_sc03,LS87_8b.czi,LS87,8,b,AF488,3,ScanRegion3,-42777.81,16372.87,7697.31,7256.94,1,1,4,8,4,11,3,4,92
LS87_s08b_sc04,LS87_8b.czi,LS87,8,b,AF488,4,ScanRegion4,-34840.76,6343.06,8296.51,7052.02,0,2,5,3,5,3,5,5,93
LS87_s08b_sc05,LS87_8b.czi,LS87,8,b,AF488,5,ScanRegion5,-33103.41,16075.76,7275.64,7400.04,1,2,6,9,6,10,6,6,94
LS87_s08b_sc06,LS87_8b.czi,LS87,8,b,AF488,6,ScanRegion6,-25592.81,7563.6,7802.23,6980.28,0,3,7,4,7,4,8,7,95
LS87_s08b_sc07,LS87_8b.czi,LS87,8,b,AF488,7,ScanRegion7,-24736.42,16057.17,7557.19,7190.64,1,3,8,10,8,9,7,8,96
LS87_s08b_sc08,LS87_8b.czi,LS87,8,b,AF488,8,ScanRegion8,-15953.67,7636.69,8226.72,7362.89,0,4,9,5,9,5,9,9,97
LS87_s08b_sc09,LS87_8b.czi,LS87,8,b,AF488,9,ScanRegion9,-15822.11,16655.9,7522.2,8278.85,1,4,10,11,10,8,10,10,98
LS87_s08b_sc10,LS87_8b.czi,LS87,8,b,AF488,10,ScanRegion10,-7483.04,9218.77,6884.35,6984.54,0,5,11,6,11,6,12,11,99
LS87_s08b_sc11,LS87_8b.czi,LS87,8,b,AF488,11,ScanRegion11,-7914.62,17235.61,7098.29,7508.86,1,5,12,12,12,7,11,12,100
LS87_s09a_sc00,LS87_9a.czi,LS87,9,a,AF568,0,ScanRegion0,-51453.85,7032.22,8337.51,8488.33,0,0,1,1,1,1,1,1,97
LS87_s09a_sc01,LS87_9a.czi,LS87,9,a,AF568,1,ScanRegion1,-50139.6,16884.09,8157.64,8601.98,1,0,2,6,2,10,2,2,98
LS87_s09a_sc02,LS87_9a.czi,LS87,9,a,AF568,2,ScanRegion2,-42080.77,7776.36,8368.26,7681.7,0,1,3,2,3,2,4,3,99
LS87_s09a_sc03,LS87_9a.czi,LS87,9,a,AF568,3,ScanRegion3,-41134.7,16090.63,7874.77,7197.02,1,1,4,7,4,9,3,4,100
LS87_s09a_sc04,LS87_9a.czi,LS87,9,a,AF568,4,ScanRegion4,-32705.71,6894.21,8473.79,8212.03,0,2,5,3,5,3,5,5,101
LS87_s09a_sc05,LS87_9a.czi,LS87,9,a,AF568,5,ScanRegion5,-32168.37,16060.63,8298.75,7576.41,1,2,6,8,6,8,6,6,102
LS87_s09a_sc06,LS87_9a.czi,LS87,9,a,AF568,6,ScanRegion6,-22133.85,7689.78,8720.6,7721.64,0,3,7,4,7,4,8,7,103
LS87_s09a_sc07,LS87_9a.czi,LS87,9,a,AF568,7,ScanRegion7,-22513.01,16991.38,8474.85,6588.94,1,3,8,9,8,7,7,8,104
LS87_s09a_sc08,LS87_9a.czi,LS87,9,a,AF568,8,ScanRegion8,-10870.8,7360.65,8650.95,8142.72,0,4,9,5,9,5,9,9,105
LS87_s09a_sc09,LS87_9a.czi,LS87,9,a,AF568,9,ScanRegion9,-11073.68,16244.36,7343.9,6240.76,1,4,10,10,10,6,10,10,106
LS87_s09b_sc00,LS87_9b.czi,LS87,9,b,AF488,0,ScanRegion0,-50589.29,7701.8,8724.73,8491.77,0,0,1,1,1,1,1,1,101
LS87_s09b_sc01,LS87_9b.czi,LS87,9,b,AF488,1,ScanRegion1,-51409.93,17166.07,8365.56,8174.73,1,0,2,6,2,10,2,2,102
LS87_s09b_sc02,LS87_9b.czi,LS87,9,b,AF488,2,ScanRegion2,-41375.03,7738.8,8508.88,8099.55,0,1,3,2,3,2,4,3,103
LS87_s09b_sc03,LS87_9b.czi,LS87,9,b,AF488,3,ScanRegion3,-40923.33,16163.65,8298.86,7821.35,1,1,4,7,4,9,3,4,104
LS87_s09b_sc04,LS87_9b.czi,LS87,9,b,AF488,4,ScanRegion4,-30729.78,7970.63,9677.34,8033.69,0,2,5,3,5,3,5,5,105
LS87_s09b_sc05,LS87_9b.czi,LS87,9,b,AF488,5,ScanRegion5,-30192.46,16928.79,7732.15,7044.09,1,2,6,8,6,8,6,6,106
LS87_s09b_sc06,LS87_9b.czi,LS87,9,b,AF488,6,ScanRegion6,-20209.11,8117.47,7909.25,6947.31,0,3,7,4,7,4,8,7,107
LS87_s09b_sc07,LS87_9b.czi,LS87,9,b,AF488,7,ScanRegion7,-21275.98,16079.24,8050.79,7858.28,1,3,8,9,8,7,7,8,108
LS87_s09b_sc08,LS87_9b.czi,LS87,9,b,AF488,8,ScanRegion8,-10693.68,7113.11,8580.31,6795.77,0,4,9,5,9,5,9,9,109
LS87_s09b_sc09,LS87_9b.czi,LS87,9,b,AF488,9,ScanRegion9,-10030.15,14888.45,8438.55,7961.51,1,4,10,10,10,6,10,10,110
